<?xml version="1.0" encoding="UTF-8"?>
<article id="about" title="About SaxonC">
   <h1>About SaxonC</h1>

   <p>SaxonC is a version of Saxon developed by cross-compiling the Java source code to executables
      that run on the C/C++ platform (C++14 now required as minimum), with extensions for PHP and Python. All features of Saxon have
      been ported, other than those (such as collations) that are necessarily platform dependent. In
      particular, SaxonC provides processing in XSLT, XQuery and XPath, and Schema validation. It
      therefore makes these processing capabilities available to a plethora of other languages that
      are strongly coupled to C/C++ such as PHP, Perl, Python, and Ruby. (For instance, <a
         href="https://github.com/rimmartin/saxon-node" target="_blank">saxon-node</a> uses SaxonC
      to create an interface with Node.js.) </p>

   <p>SaxonC 11 is built from the SaxonJ 11 Java product using Excelsior JET Enterprise 15.3
      edition (MP1). The APIs support the current W3C Recommendations: XSLT 3.0, XQuery 3.1, XPath
      3.1 and Schema Validation 1.0/1.1. See the main Saxon 11 documentation <a
         href="https://www.saxonica.com/documentation11/index.html#!conformance">Standards conformance</a>
      section for full details.</p>

   <p>SaxonC is released in three separate editions, as on the Java and .NET platforms: the commercial
      products Enterprise Edition (SaxonC-EE) and Professional Edition (SaxonC-PE), and the
      opensource product Home Edition (SaxonC-HE). See the <a target="_blank"
         href="https://www.saxonica.com/products/feature-matrix-11.xml">feature matrix</a> to compare
      the features of the HE, PE and EE products.</p>

   <p>Versions are available for the following platforms: Linux 64-bit, Mac OS and Windows 64-bit.
      (Note that from SaxonC 1.2 versions are no longer available for 32-bit systems.)</p>





</article>
