<?xml version="1.0" encoding="UTF-8"?>
<catalog xmlns="http://www.saxonica.com/ns/doc/catalog">
   <section ref="about">About SaxonC</section>
   <section ref="starting">Getting started</section>
   <section ref="changes">Change history</section>
   <section ref="configuration">Configuration</section>
   <section ref="api">SaxonC API</section>
   <section ref="samples">SaxonC samples</section>
   <section ref="extensibility">Extension functions in C++/PHP</section>
   <section ref="technical">Technical information</section>
</catalog>
