<?xml version="1.0" encoding="UTF-8"?>
<article id="changes" title="Change history">
   <h1>Change history</h1>

   <p>In this section we highlight headline changes between the major releases. For full details of
      changes between maintenance releases, see the SaxonC <a
         href="https://www.saxonica.com/saxon-c/release-notes.xml">Release notes</a>, and for
      details of bug fixes see the <a href="https://saxonica.plan.io/projects/saxon-c">SaxonC
         project</a> at the Saxonica community site.</p>
   
   <h2 class="subtitle">Changes between releases 1.2 and 11</h2>
   
   <h3 class="subtitle">Main new features</h3>
   
   <ul>
      <li>Compiling the C++ API now requires at least C++14. This also affects the building of the Python and
         PHP APIs.</li>
      <li>ICU localization support added in SaxonC-PE and SaxonC-EE, to provide support for formatting numbers
         and dates, as well as sorting and comparison of strings, in a wide variety of languages.</li>
      <li>Improved memory management for the handling of XDM objects.</li>
      <li>Multi threading feature added to the <code>Xslt30Processor</code> and <code>XQueryProcessor</code>
         (see: bug issue <a href="https://saxonica.plan.io/issues/4428" target="_blank">#4428</a>).</li>
      <li>Better encoding of strings: redesigned the handling of string between the C++ JNI API and the
         internal Java API.</li>
   </ul>
   
   <h3 class="subtitle">API changes</h3>
   <ul>
      <li>Replaced the <code>getXslMessages()</code> method from the <code>XsltProcessor</code> and
         <code>Xslt30Processor</code> with the new <code>XsltExecutable</code> method
         <code>setSaveXslMessage()</code>. This new method gives users the option to direct <code>xsl:message</code>
         output to the standard error listener (by default). Alternatively the <code>xsl:message</code> output
         can be sent to the given file name.</li>
      <li>For XSLT transformations, the compilation and execution of a stylesheet is now separated as follows:
         <ul>
            <li>The <code>Xslt30Processor</code> is used to compile an XSLT stylesheet, returning an
               <code>XsltExecutable</code> representing the compiled form of the stylesheet. Methods on the
               <code>XsltExecutable</code> can then be used to invoke the transform. The new
               <code>XsltExecutable</code> class is added in the C++, Python, and PHP APIs.</li>
            <li>The one shot methods <code>transformFileToString()</code>, <code>transformFiletoValue()</code> and
               <code>transformFileToFile()</code> are retained on <code>Xslt30Processor</code> for backwards
               compatibility, but the use of the corresponding methods on the <code>XsltExecutable</code>
               class is recommended.</li>
            <li>It is possible to clone the <code>XsltExecutable</code> object to run different executables.</li>
            <li>The <code>XsltProcessor</code> has now been dropped from the product given that the <code>Xslt30Processor</code> and <code>XsltExecutable</code> covers the same features.</li>
         </ul>
      </li>
      <li><code>XdmArray</code> and <code>XdmMap</code> have been implemented as new XDM data types, making it
         easier to pass maps and arrays as parameters to queries or stylesheets. (These classes have
         been available in SaxonJ since version 9.8, and are belatedly added to the SaxonC API.) The
         superclass <code>XdmFunctionItem</code> is also implemented, and provides the methods
         <code>call()</code> and <code>getSystemFunction()</code> for working with XDM functions.</li>
      <li>The <code>SchemaValidator</code> now supports exporting to schema component model (SCM) files.
         Users can now create a precompiled schema and export to a SCM file.</li>
      <li>A new option enables the <code>xsl:result-document</code> output from an XSLT transform to be
         captured and saved in a map, where it is subsequently accessible using the URI as a key. This
         mechanism is available on the <code>XsltExecutable</code> class via the new
         <code>setCaptureResultDocuments()</code> and <code>getResultDocument()</code> methods.</li>
   </ul>
   
   
   <h3 class="subtitle">Naming and numbering</h3>
   
   <ul>
      <li>SaxonC 11 introduces a change to the version numbering policy, to align with the numbering
         used for the corresponding SaxonJ (Java) product (where the change was introduced with
         Saxon 10), so the major version number jumps from 1.2 to 11. Three-part version numbers are
         now used: major releases will be numbered 11, 12, etc; maintenance releases will use the
         second component 11.1, 11.2 and so on; while the third digit will be used only to
         distinguish internal or limited-release builds. Download files will carry the two-part
         version number in their names, for example <code>libsaxon-EEC-setup64-v11.1.zip</code>. 
         <!-- TODO check this: edition name and download file numbers -->
      </li>
      <li>The first release of SaxonC in the version 11 series is 11.1, built from SaxonJ 11.1
         (which is released at the same time). This means that for the first time, the latest
         SaxonC release is also built from the latest SaxonJ release. In the future, the intention
         is that maintenance releases (11.2, 11.3, etc.) will be released on all platforms (Java,
         .NET, and C/C++, PHP, and Python) at the same time.
      </li>
      <li>From Saxon 11, the versions of the products for the different platforms are now referred
         to as the following: <b>SaxonJ</b> is the Java product, <b>SaxonCS</b> is the C# product
         for .NET, and <b>SaxonC</b> is the product for C/C++, PHP, and Python. Note that SaxonC
         was previously known as Saxon/C. The different editions of the SaxonC product are now
         called SaxonC-HE, SaxonC-PE, and SaxonC-EE (rather than Saxon-HE/C, Saxon-PE/C, and
         Saxon-EE/C, as previously).</li>
   </ul>



   <h2 class="subtitle">Changes between releases 1.1 and 1.2</h2>

   <ul>
      <li>Updated the core XSLT processor to the Java Saxon 9.9.1.5 version.</li>
      <li>Updated APIs: Support for XSLT 3.0, XQuery 3.1, XPath 3.1 and Schema Validation
         1.0/1.1.</li>
      <li>Added a feature rich XSLT 3.0 processor API to the languages: C++, PHP 7.2 and Python.
         Therefore two XSLT Processor classes are now available for each language supported: <ul>
            <li>C++ APIs: <a
                  href="https://www.saxonica.com/saxon-c/doc/html/classXsltProcessor.html"
                  target="_blank">XsltProcessor</a> and <a
                  href="https://www.saxonica.com/saxon-c/doc/html/classXslt30Processor.html"
                  target="_blank">Xslt30Processor</a>
            </li>
            <li>Python APIs: <a
                  href="https://www.saxonica.com/saxon-c/doc/html/saxonc.html#PyXsltProcessor"
                  target="_blank">PyXsltProcessor </a> and <a
                  href="https://www.saxonica.com/saxon-c/doc/html/saxonc.html#PyXslt30Processor"
                  target="_blank">PyXslt30Processor </a>
            </li>
            <li>PHP APIs: <a href="/api/saxon_c_php_api/saxon_c_php_xsltprocessor"
                  >Saxon\XsltProcessor</a> and <a
                  href="/api/saxon_c_php_api/saxon_c_php_xslt30processor">Saxon\Xslt30Processor</a>
            </li>
         </ul>
      </li>
      <li>Added Python3 API to the suite of programming languages supported by SaxonC. The Python
         extension was implemented using Cython.</li>
      <li>Updated to Excelsior JET Enterprise 15.3 (MP1) cross compiler tool.</li>
      <li>Additional methods in the APIs for XSLT and XQuery in C++ and PHP. (Also supported in the
         new Python API.)</li>
      <li>XML Catalog file support in SaxonC.</li>
      <li>SaxonC (all editions) can load stylesheets generated in the form of SEF files either by
         SaxonC itself, or by SaxonJ-EE 9.9. SaxonC-EE can also generate SEF files for use
         by SaxonJ, SaxonC, or SaxonJS.</li>
      <li>The following bugs have been fixed:
         <ul>
            <li>Bug <a href="https://saxonica.plan.io/issues/2055" target="_blank">#2055</a>: Apache
               allocates a lot of memory without releasing it </li>
            <li>Bug <a href="https://saxonica.plan.io/issues/3837" target="_blank">#3837</a>: Cannot
               locate the built PHP extension in Saxon/HE for Mac OS X </li>
            <li>Bug <a href="https://saxonica.plan.io/issues/4274" target="_blank">#4274</a>: Using a
               catalog file with Saxon in PHP </li>
            <li>Bug <a href="https://saxonica.plan.io/issues/4302" target="_blank">#4302</a>: High memory
               usage with SaxonC + PHP </li>

         </ul>
      </li>
      

   </ul>


   <h2 class="subtitle">Changes between releases 1.0 and 1.1</h2>

   <ul>
      <li>Updated the core XSLT processor to the Java Saxon 9.8.0.4 version.</li>
      <li>Updated APIs: Support for XSLT 3.0, XQuery 3.1, XPath 2.0/3.0 and Schema Validation
         1.0/1.1.</li>
      <li>Added XDM Data Model API in support of the specs XPath, XQuery, XSLT and Schema
         Validation.</li>
      <li>Support for user defined functions. Users can now write their functions in C++/PHP and
         invoke them in XSLT, XQuery and XPath.</li>
      <li>Support for PHP7 distribution.</li>
      <li>Windows SaxonC builds.</li>
      <li>Updated to Excelsior JET 11.3 (MP1) cross compiler tool.</li>
      <li>Revised API for XSLT and XQuery in C, C++ and PHP.</li>
   </ul>


</article>
