<?xml version="1.0" encoding="utf-8"?>
<article id="samples" title="SaxonC samples">
   <h1>SaxonC samples</h1>

   <p>This section of the documentation describes some example code in C/C++, PHP and Python to help
      get started using SaxonC. A number of samples and unit test code for C/C++ and PHP can be
      found in the <code>samples</code> directory of the SaxonC installation. Samples and unit
      tests for Python can be found in the <code>Saxon.C.API/python-saxon</code> directory.</p>

   <nav>
      <ul/>
   </nav>

   <section id="samples_c" title="C/C++ samples">
      <h1>C/C++ samples</h1>

      <h2 class="subtitle">C programming</h2>

      <p>The <code>samples/cTests</code> directory in the SaxonC download contains the test
         harnesses for XSLT, XQuery and XPath in C code, along with the build and run scripts. These
         tests provide various examples of the use of the SaxonC API.</p>

      <p>To build SaxonC on C, the following files are required: <code>SaxonCGlue.c</code>,
            <code>SaxonXProcessor.c</code> and <code>SaxonCXPath.c</code>. To compile the sample
         test code in C execute the <code>build.sh</code> file in the <code>samples/cTests</code>
         directory. This script builds the test harness executables, using a command similar to the
         following:</p>

      <kbd>gcc -m32 -I$jdkdir/include -I$jdkdir/include/linux -I
         /System/Library/Frameworks/JavaVM.framework/Headers ../SaxonCGlue.c ../SaxonCProcessor.c
         ../SaxonCXPath.c testXSLT.c -o testXSLT -ldl -lc $1</kbd>

      <p>To run the executables from the command line, use a command such as:</p>

      <kbd>./testXSLT</kbd>


      <h2 class="subtitle">C++ programming</h2>

      <p>The <code>samples/cppTests</code> directory in the SaxonC download contains the test
         harnesses for XSLT, XQuery, XPath and Schema Validation in C++ code, along with the build
         and run scripts. These tests provide various examples of the use of the SaxonC API.</p>

      <p>To build SaxonC on C++, the following files are required: <code>SaxonCGlue.c</code>,
            <code>SaxonCXPath.c</code>, <code>XdmValue.cpp</code>, <code>XdmItem.cpp</code>,
        <code>XdmNode.cpp</code>, <code>XdmAtomicValue.cpp</code>, <code>XdmFunctionItem.cpp</code>,
        <code>XdmArray.cpp</code>, <code>XdmMap.cpp</code>,
            <code>SaxonProcessor.cpp</code>, <code>Xslt30Processor.cpp</code>,
            <code>XsltExecutable.cpp</code>, <code>XQueryProcessor.cpp</code>,
            <code>XPathProcessor.cpp</code> and <code>SchemaValidator.cpp</code>. To compile the
         sample test code in C++ execute the <code>build64-[PLATFORM].sh</code> file in the
            <code>samples/cTests</code> directory for Linux and Mac OS, or the
            <code>buildCPPSaxon[EDITION].bat</code> file for Windows. These build files build the
         test harness executables, using a command similar to the following:</p>

      <kbd>g++ -m32 bin/SaxonCGlue.o bin/SaxonCXPath.o bin/SaxonProcessor.o
         bin/XQueryProcessor.o bin/XsltProcessor.o, bin/Xslt30Processor.o
         bin/XPathProcessor.o bin/XdmValue.o bin/XdmItem.o bin/XdmNode.o bin/XdmNode.o bin/XdmFunctionItem.o bin/XdmArray.o bin/XdmMap.o
         bin/XdmAtomicValue.o bin/SchemaValidator.o testXSLT.cpp -o testXSLT -ldl -lc</kbd>

      <p>The executables created for Linux and Mac OS can be run from the command line using the
         following commands:</p>

      <kbd>./testXSLT30</kbd>
      <kbd>./testXQuery</kbd>
      <kbd>./testXPath</kbd>
      <kbd>./testValidator</kbd>

      <p>Similarly on Windows the <code>.exe</code> files created can be run from the command line
         using the following commands:</p>

      <kbd>testXSLT30.exe</kbd>
      <kbd>testXQuery.exe</kbd>
      <kbd>testXPath.exe</kbd>
      <kbd>testValidator.exe</kbd>

      <h3 class="subtitle">Example code</h3>

      <p>C++ Example 1: basic XSLT transformation</p>

      <samp><![CDATA[SaxonProcessor *processor = new SaxonProcessor(true);
Xslt30Processor * xslt = processor->newXslt30Transformer();
const char * result = xslt->transformFileToString("cat.xml","test.xsl")<<endl;
if(result != nullptr) {
  cout<<"Test output: "<<result<<endl;
  delete result;
  
} else {
   if(trans->exceptionOccurred()) {
      cerr<<"Expected failure = "<<trans->getErrorMessage()<<endl;
   }
      trans->exceptionClear();  
}
  ]]></samp>

     <p>C++ Example 2: XSLT 3.0 transformation supplying the value for a stylesheet parameter - Here we use the new feature rich <code>XsltExecutable</code> API</p>

      <samp><![CDATA[SaxonProcessor * processor = new Saxon\SaxonProcessor(false);
Xslt30Processor * xslt = processor->newXslt30Transformer();

XdmAtomicValue * value =processor->makeStringValue("Hello to you");
if(xdmvaluex !=NULL){
  cerr<<"xdmvaluex ok"<<endl;
}
XsltExecutable * executable = xslt->compileFromFile("foo.xsl");
if(executable == nullptr) {
  if(proc->exceptionOccurred()) {
      cout << "Error : " << proc->getErrorMessage() <<endl;

  }
  return;
}
executable->setInitialMatchSelectionAsFile("foo.xml");
executable->setParameter("a-param", (XdmValue *) value);

const char *result = executable->applyTemplatesReturningString();
if(result != NULL) {
  cerr<<result<<endl;
} else {
  cerr<<"Result is NULL"<<endl;
}
executable->clearParameters();
executable->clearProperties();
delete executable;
delete result;
delete value;
  ]]></samp>

      <p>C++ Example 3: using the <code>Xslt30Processor</code></p>

      <samp><![CDATA[SaxonProcessor * processor = new SaxonProcessor(false);
Xslt30Processor * xslt = processor->newXslt30Transformer();
xslt->setInitialMatchSelectionAsFile("cat.xml");
XsltExecutable * executable = xslt->compileFromFile("test.xsl");
const char * output = executable->applyTemplatesReturningString();
if(output !=NULL){
  cerr<< output<<endl;
}
XdmValue * values = new XdmValue(processor);
values->addXdmItem((XdmItem*)processor->makeIntegerValue(10));
values->addXdmItem((XdmItem*)processor->makeIntegerValue(5));
values->addXdmItem((XdmItem*)processor->makeIntegerValue(6));
values->addXdmItem((XdmItem*)processor->makeIntegerValue(7));
xslt->setParameter("values",(XdmValue *)values);
XdmNode * input = processor->parseXmlFromFile("cat.xml");

XsltExecutable * executable2 = xslt->compileFromFile("test2.xsl");
executable2->setInitialMatchSelection((XdmValue*)input);
const char * rootValue = executable2->callTemplateReturningString("main");
if(rootValue != NULL) {
  cerr<<rootValue<<endl;
} else {
  cerr<<"Result is NULL"<<endl;
}
xslt->clearParameters(true);
xslt->clearProperties();
delete executable;
delete executable2;
  ]]></samp>


      <p>C++ Example 4: basic XQuery processing</p>

      <samp><![CDATA[SaxonProcessor *processor = new SaxonProcessor(true);
XsltProcessor * xslt = processor->newXQueryProcessor();
queryProc->setProperty("s", "cat.xml");
queryProc->setProperty("q", "family.xq");
queryProc->runQueryToString();
  ]]></samp>

   </section>

   <section id="samples_php" title="PHP samples">
      <h1>PHP samples</h1>

      <p>The <code>samples/php</code> directory in the SaxonC download contains various samples for
         XSLT, XQuery, XPath and Schema Validation (namely: <code>xsltExamples.php</code>,
            <code>xslt30Examples.php</code>, <code>xqueryExamples.php</code>,
            <code>xpathExamples.php</code>, and <code>validatorExamples.php</code>) and associated
         files, as well as PHP unit tests for XSLT (<code>xslt30_PHPUnit.php</code>). These files
         contain many useful examples which will help get you started. The unit tests run under
         PHPUnit for PHP 7.2 which can be downloaded and installed separately in the same directory
         as the unit tests.</p>

      <p>To run the PHP unit tests for XSLT, use a command such as:</p>
      <kbd>cd samples/php</kbd>
      <kbd>./phpunit xslt30_PHPUnit.php</kbd>

      <p>And to run a single unit test:</p>
      <kbd>./phpunit --filter testPipeline xslt30_PHPUnit.php</kbd>

      <h3 class="subtitle">Example code</h3>

      <p>Example using the new XSLT 3.0 API:</p>
      <samp><![CDATA[<?php
  $saxonProc = new Saxon\SaxonProcessor();
  $transformer = $saxonProc->newXslt30Processor();
  $executable = $transformer->compileFromString("<xsl:stylesheet version='2.0'" .
      "xmlns:xsl='http://www.w3.org/1999/XSL/Transform'>" .
      "<xsl:template name='go'><a/></xsl:template>" .
      "</xsl:stylesheet>");
  $root = $executable->callTemplateReturningValue("go");
  $node = $root->getHead()->getNodeValue();
?>]]></samp>

  

      <p>The following example shows how to debug if something unexpected is happening. It is also
         very useful to examine the apache <code>error.log</code> file:</p>

      <samp><![CDATA[<?php
  $xmlfile = "xml/foo.xml";
  $xslFile = "xsl/foo.xsl";
  $proc = new Saxon\SaxonProcessor();
  $xsltProc = $proc->newXslt30Processor();
  $executable = $xsltProc->compileFromFile($xslFile);
  
  $result = $executable->transformFileToString($xmlFile);
  if($result == NULL) {
    if($executable->exceptionOccurred()){
        $errCode = $executable->getErrorCode();
        $errMessage = $executable->getErrorMessage();
        echo 'Expected error: Code='.$errCode.' Message='.$errMessage;
      $xsltProc->exceptionClear();
    }
  }
  echo $result;
  $xsltProc->clearParameters();
  $xsltProc->clearProperties();
?>]]></samp>
   </section>

   <section id="samples_python" title="Python samples">
      <h1>Python samples</h1>

      <p>The <code>Saxon.C.API/python-saxon</code> directory in the SaxonC download includes the
         unit test files <code>test_saxonc.py</code> and <code>test_saxon_Schema.py</code>, which
         contain a collection of Python unit test cases to be run with the pytest framework. The
         pyunit tests can be run with the following command:</p>

      <kbd>cd Saxon.C.API/python-saxon</kbd>
      <kbd>pytest test_saxonc.py</kbd>

      <p>To help get started with SaxonC and Python, the <code>Saxon.C.API/python-saxon</code>
         directory also includes some python example scripts: <code>saxon_example.py</code>,
            <code>saxon_example2.py</code> and <code>saxon_example3.py</code>.</p>

      <p>Example 1: Python script using the SaxonC API:</p>

      <samp><![CDATA[with saxonc.PySaxonProcessor(license=False) as proc:

  print(proc.version)
  #print(dir(proc))
  xdmAtomicval = proc.make_boolean_value(False)
  xsltproc = proc.new_xslt_processor()
  document = proc.parse_xml(xml_text="<out><person>text1</person><person>text2</person><person>text3</person></out>")
  xsltproc.set_source(xdm_node=document)
  xsltproc.set_just_in_time_compilation(True)
  executable = xsltproc.compile_stylesheet(stylesheet_file="test2.xsl")

  output2 = executable.transform_to_string()
  print(output2)
  print('test 0 \n')
  xml = """\
    <out>
      <person>text1</person>
      <person>text2</person>
      <person>text3</person>
    </out>"""
  xp = proc.new_xpath_processor()
  node = proc.parse_xml(xml_text=xml)
  print('test 1\n node='+node.string_value)
  xp.set_context(xdm_item=node)
  item = xp.evaluate_single('//person[1]')
  if isinstance(item,saxonc.PyXdmNode):
    print(item.string_value)
    ]]></samp>
     
     <p>Example 2: Python script using PyXsltExecutable:</p>
     
     <samp><![CDATA[with saxonc.PySaxonProcessor(license=False) as proc:

  print(proc.version)
  #print(dir(proc))
  xdmAtomicval = proc.make_boolean_value(False)
  xsltproc = proc.new_xslt_processor()
  document = proc.parse_xml(xml_text="<out><person>text1</person><person>text2</person><person>text3</person></out>")
  xsltproc.set_source(xdm_node=document)
  xsltproc.set_just_in_time_compilation(True)
  executable = xsltproc.compile_stylesheet(stylesheet_file="test2.xsl")
  executable.set_result_as_raw_value(True)
  executable.set_initial_match_selection(file_name=FILE)
  executable.set_parameter(param,proc.make_string("text"))
  executable.set_parameter(param2,xdmAtomicvale)
  result = executable.apply_templates_returning_string()
    ]]></samp>
     
   </section>
</article>
