<?xml version="1.0" encoding="UTF-8"?>
<packages id="dotnetdoc" title=".NET API">
   <j id="Saxon.Api" in="p">
      <j id="CollectionFinder" in="c"/>
      <j id="DocumentBuilder" in="c"/>
      <j id="DomDestination" in="c"/>
      <j id="DynamicContext" in="c"/>
      <j id="Error" in="c"/>
      <j id="ErrorReporter" in="c"/>
      <j id="ExtensionFunctionCall" in="c"/>
      <j id="ExtensionFunctionDefinition" in="c"/>
      <j id="Feature" in="c"/>
      <j id="FeatureKeys" in="c"/>
      <j id="HostLanguage" in="c"/>
      <j id="IDestination" in="c"/>
      <j id="IInvalidityHandler" in="c"/>
      <j id="IResource" in="c"/>
      <j id="JsonBuilder" in="c"/>
      <j id="Location" in="c"/>
      <j id="Message" in="c"/>
      <j id="NamespaceConstant" in="c"/>
      <j id="NodeResource" in="c"/>
      <j id="NullDestination" in="c"/>
      <j id="ParameterDetails" in="c"/>
      <j id="Predicates" in="c"/>
      <j id="Processor" in="c"/>
      <j id="QName" in="c"/>
      <j id="RawDestination" in="c"/>
      <j id="ResourceRequest" in="c"/>
      <j id="ResourceResolver" in="c"/>
      <j id="ResultDocumentHandler" in="c"/>
      <j id="SaxonApiException" in="c"/>
      <j id="SchemaManager" in="c"/>
      <j id="SchemaResolver" in="c"/>
      <j id="SchemaValidationMode" in="c"/>
      <j id="SchemaValidator" in="c"/>
      <j id="Serializer" in="c"/>
      <j id="StaticContext" in="c"/>
      <j id="Step" in="c"/>
      <j id="Steps" in="c"/>
      <j id="TextResource" in="c"/>
      <j id="TreeModel" in="c"/>
      <j id="UnprefixedElementMatchingPolicy" in="c"/>
      <j id="ValidationFailure" in="c"/>
      <j id="WhitespacePolicy" in="c"/>
      <j id="XdmAnyArrayType" in="c"/>
      <j id="XdmAnyFunctionType" in="c"/>
      <j id="XdmAnyItemType" in="c"/>
      <j id="XdmAnyMapType" in="c"/>
      <j id="XdmAnyNodeType" in="c"/>
      <j id="XdmArray" in="c"/>
      <j id="XdmAtomicType" in="c"/>
      <j id="XdmAtomicValue" in="c"/>
      <j id="XdmAxis" in="c"/>
      <j id="XdmDestination" in="c"/>
      <j id="XdmEmptySequence" in="c"/>
      <j id="XdmExternalObject" in="c"/>
      <j id="XdmFunctionItem" in="c"/>
      <j id="XdmItem" in="c"/>
      <j id="XdmItemType" in="c"/>
      <j id="XdmMap" in="c"/>
      <j id="XdmNode" in="c"/>
      <j id="XdmNodeKind" in="c"/>
      <j id="XdmSequenceType" in="c"/>
      <j id="XdmValue" in="c"/>
      <j id="XmlReaderResource" in="c"/>
      <j id="XmlWriterDestination" in="c"/>
      <j id="XPathCompiler" in="c"/>
      <j id="XPathExecutable" in="c"/>
      <j id="XPathSelector" in="c"/>
      <j id="XQueryCompiler" in="c"/>
      <j id="XQueryEvaluator" in="c"/>
      <j id="XQueryExecutable" in="c"/>
      <j id="XQueryResolver" in="c"/>
      <j id="Xslt30Transformer" in="c"/>
      <j id="XsltCompiler" in="c"/>
      <j id="XsltExecutable" in="c"/>
      <j id="XsltPackage" in="c"/>
      <j id="XsltTransformer" in="c"/>
   </j>
</packages>
