<?xml version="1.0" encoding="UTF-8"?><package id="com.saxonica.expr"><class id="JavaExtensionFunctionCall" fulltype="com.saxonica.expr.JavaExtensionFunctionCall" superclass="FunctionCall" superclassfulltype="net.sf.saxon.expr.FunctionCall" visibility="public"><implements><interface fulltype="net.sf.saxon.expr.Callable" type="Callable"/></implements><extends><interface fulltype="net.sf.saxon.expr.FunctionCall" type="FunctionCall"><extends><inherits><interface fulltype="net.sf.saxon.om.IdentityComparable" type="IdentityComparable"/><interface fulltype="net.sf.saxon.expr.ExportAgent" type="ExportAgent"/><interface fulltype="net.sf.saxon.expr.Locatable" type="Locatable"/><interface fulltype="net.sf.saxon.trace.Traceable" type="Traceable"/></inherits><interface fulltype="net.sf.saxon.expr.Expression" type="Expression"/></extends></interface></extends><comment><body><div>This class acts as a container for an extension function defined to call a method
 in a user-defined class.
 <p>Note that the binding of an XPath function call to a Java method is done in
 class <tag kind="see">com.saxonica.config.JavaExtensionLibrary</tag></p></div></body><sentence>This class acts as a container for an extension function defined to call a method
 in a user-defined class.</sentence></comment><fields/><methods><constructor id="JavaExtensionFunctionCall" visibility="public"><comment><sentence>Default constructor</sentence></comment></constructor><method fulltype="net.sf.saxon.expr.parser.PathMap.PathMapNodeSet" id="addToPathMap" type="PathMap.PathMapNodeSet" visibility="public"><comment><body><div>Add a representation of this expression to a PathMap. The PathMap captures a map of the nodes visited
 by an expression in a source tree.
 <p>The default implementation of this method assumes that an expression does no navigation other than
 the navigation done by evaluating its subexpressions, and that the subexpressions are evaluated in the
 same context as the containing expression. The method must be overridden for any expression
 where these assumptions do not hold. For example, implementations exist for AxisExpression, ParentExpression,
 and RootExpression (because they perform navigation), and for the doc(), document(), and collection()
 functions because they create a new navigation root. Implementations also exist for PathExpression and
 FilterExpression because they have subexpressions that are evaluated in a different context from the
 calling expression.</p></div></body><sentence>Add a representation of this expression to a PathMap.</sentence><return><body><div>the pathMapNode representing the focus established by this expression, in the case where this
         expression is the first operand of a path expression or filter expression. For an expression that does
         navigation, it represents the end of the arc in the path map that describes the navigation route. For other
         expressions, it is the same as the input pathMapNode.</div></body></return></comment><override-of fulltype="net.sf.saxon.expr.Expression" method="addToPathMap(net.sf.saxon.expr.parser.PathMap, net.sf.saxon.expr.parser.PathMap.PathMapNodeSet)" type="Expression"/><params><param fulltype="net.sf.saxon.expr.parser.PathMap" name="pathMap" type="PathMap"><body><div>the PathMap to which the expression should be added</div></body></param><param fulltype="net.sf.saxon.expr.parser.PathMap.PathMapNodeSet" name="pathMapNodeSet" type="PathMap.PathMapNodeSet"><body><div>the PathMapNodeSet to which the paths embodied in this expression should be added</div></body></param></params></method><method fulltype="boolean" id="adjustRequiredType" type="boolean" visibility="public"><comment><sentence>When a call to a Java extension function appears in a context where there the required type
 is a Java external object (typically an xsl:variable with a declared type, or as an argument
 to another Java extension function), notify this required type so that the process of converting
 the result to an XDM value can be short-circuited.</sentence><return><body><div>Ok if the type has been successfully adjusted</div></body></return></comment><override-of fulltype="net.sf.saxon.expr.FunctionCall" method="adjustRequiredType(net.sf.saxon.type.JavaExternalObjectType)" type="FunctionCall"/><params><param fulltype="net.sf.saxon.type.JavaExternalObjectType" name="requiredType" type="JavaExternalObjectType"><body><div>the required type of the result of the function, determined by the context
                     in which the function call appears</div></body></param></params><exceptions><exception fulltype="net.sf.saxon.trans.XPathException" id="XPathException"><sentence>XPathException if the required return type is incompatible with the type actually returned
 by the Java method</sentence></exception></exceptions></method><method fulltype="net.sf.saxon.om.Sequence" id="applyFunctionConversionRules" static="true" type="Sequence" visibility="public"><comment><sentence>Utility method available for use in called extension functions to check that
 a supplied argument conforms to a required type, and perform conversion
 using the function conversion rules if not</sentence><return><body><div>the result of applying the function conversion rules (with XPath 1.0 compatibility mode
 set to false)</div></body></return></comment><params><param fulltype="net.sf.saxon.om.Sequence" name="suppliedValue" type="Sequence"><body><div>the value supplied by the caller</div></body></param><param fulltype="net.sf.saxon.value.SequenceType" name="requiredType" type="SequenceType"><body><div>the type required for the argument</div></body></param><param fulltype="net.sf.saxon.om.StructuredQName" name="functionName" type="StructuredQName"><body><div>the name of the function (for diagnostics)</div></body></param><param fulltype="int" name="argPosition" type="int"><body><div>the ordinal position of the argument being checked in the XPath function call,
 starting at 0 for the first argument</div></body></param><param fulltype="net.sf.saxon.expr.XPathContext" name="context" type="XPathContext"><body><div>the XPath dynamic context</div></body></param></params><exceptions><exception fulltype="net.sf.saxon.trans.XPathException" id="XPathException"><sentence>XPathException if type checking fails</sentence></exception></exceptions></method><method fulltype="net.sf.saxon.om.Sequence" id="call" type="Sequence" visibility="public"><comment><body><div>Call an extension function previously identified using the bind() method. A subclass
 can override this method.</div></body><sentence>Call an extension function previously identified using the bind() method.</sentence><return><body><div>The value returned by the extension function</div></body></return></comment><params><param fulltype="net.sf.saxon.expr.XPathContext" name="context" type="XPathContext"><body><div>The XPath dynamic evaluation context</div></body></param><param fulltype="net.sf.saxon.om.Sequence[]" name="argValues" type="Sequence[]"><body><div>The values of the arguments</div></body></param></params><exceptions><exception fulltype="net.sf.saxon.trans.XPathException" id="XPathException"/></exceptions></method><method fulltype="int" id="computeCardinality" type="int" visibility="protected"><override-of fulltype="net.sf.saxon.expr.Expression" method="computeCardinality()" type="Expression"/></method><method fulltype="net.sf.saxon.expr.Expression" id="copy" type="Expression" visibility="public"><comment><body><div>Copy an expression. This makes a deep copy.</div></body><sentence>Copy an expression.</sentence><return><body><div>the copy of the original expression</div></body></return></comment><override-of fulltype="net.sf.saxon.expr.Expression" method="copy(net.sf.saxon.expr.parser.RebindingMap)" type="Expression"/><params><param fulltype="net.sf.saxon.expr.parser.RebindingMap" name="rebindings" type="RebindingMap"><body><div>variables to be re-bound</div></body></param></params></method><method fulltype="void" id="export" type="void" visibility="public"><comment><body><div>Diagnostic print of expression structure. The abstract expression tree
 is written to the supplied output destination.</div></body><sentence>Diagnostic print of expression structure.</sentence></comment><override-of fulltype="net.sf.saxon.expr.FunctionCall" method="export(net.sf.saxon.trace.ExpressionPresenter)" type="FunctionCall"/><params><param fulltype="net.sf.saxon.trace.ExpressionPresenter" name="out" type="ExpressionPresenter"><body><div>the destination of the output</div></body></param></params><exceptions><exception fulltype="net.sf.saxon.trans.XPathException" id="XPathException"/></exceptions></method><method fulltype="net.sf.saxon.expr.PJConverter[]" id="getArgumentConverters" type="PJConverter[]" visibility="public"><comment><sentence>Get the converters used to convert the arguments from XPath values to Java values</sentence><return><body><div>an array of converters, one per argument</div></body></return></comment></method><method fulltype="java.lang.String" id="getExpressionName" type="String" visibility="public"><comment><sentence>Get a name identifying the kind of expression, in terms meaningful to a user.</sentence><return><body><div>a name identifying the kind of expression, in terms meaningful to a user.
 The name will always be in the form of a lexical XML QName, and should match the name used
 in explain() output displaying the expression.</div></body></return></comment><override-of fulltype="net.sf.saxon.expr.FunctionCall" method="getExpressionName()" type="FunctionCall"/></method><method fulltype="java.lang.Object" id="getField" type="Object" visibility="protected"><comment><body><div>Access a field. This method is provided separately so that it can be refined in a subclass.
 For example, a subclass might perform tracing of calls, or might trap exceptions.</div></body><sentence>Access a field.</sentence><return><body><div>The value of the field</div></body></return></comment><params><param fulltype="java.lang.reflect.Field" name="field" type="Field"><body><div>The field to be retrieved</div></body></param><param fulltype="java.lang.Object" name="instance" type="Object"><body><div>The object whose field is to be retrieved. This is set to null if the
                 field is static.</div></body></param></params><exceptions><exception fulltype="java.lang.IllegalAccessException" id="IllegalAccessException"><sentence>IllegalAccessException if the invocation throws an IllegalAccessException</sentence></exception></exceptions></method><method fulltype="net.sf.saxon.om.StructuredQName" id="getFunctionName" type="StructuredQName" visibility="public"><comment><sentence>Get the qualified of the function being called</sentence><return><body><div>the qualified name</div></body></return></comment><override-of fulltype="net.sf.saxon.expr.FunctionCall" method="getFunctionName()" type="FunctionCall"/></method><method fulltype="int" id="getIntrinsicDependencies" type="int" visibility="public"><comment><body><div>Determine which aspects of the context the expression depends on. The result is
 a bitwise-or'ed value composed from constants such as XPathContext.VARIABLES and
 XPathContext.CURRENT_NODE</div></body><sentence>Determine which aspects of the context the expression depends on.</sentence></comment><override-of fulltype="net.sf.saxon.expr.Expression" method="getIntrinsicDependencies()" type="Expression"/></method><method fulltype="net.sf.saxon.type.ItemType" id="getItemType" type="ItemType" visibility="public"><comment><body><div>Determine the data type of the expression, if possible. All expressions return
 sequences, in general; this method determines the type of the items within the
 sequence, assuming that (a) this is known in advance, and (b) it is the same for
 all items in the sequence.
 <p>This method will always return a result, though it may be the best approximation
 that is available at the time.</p></div></body><sentence>Determine the data type of the expression, if possible.</sentence><return><body><div>the item type</div></body></return></comment><override-of fulltype="net.sf.saxon.expr.Expression" method="getItemType()" type="Expression"/></method><method fulltype="java.lang.Class[]" id="getParameterTypes" type="Class[]" visibility="public"><comment><sentence>Get the types of the arguments</sentence><return><body><div>an array of classes representing the declared types of the arguments to the method
         or constructor</div></body></return></comment></method><method fulltype="net.sf.saxon.expr.JPConverter" id="getResultConverter" type="JPConverter" visibility="public"><comment><sentence>Get the converter used to convert the result from a Java object to an XPath value</sentence><return><body><div>the converter that is used</div></body></return></comment></method><method fulltype="java.lang.Class" id="getReturnClass" type="Class" visibility="public"><comment><sentence>Get the Java class of the value returned by the method</sentence><return><body><div>the Java class of the value returned by the method</div></body></return></comment></method><method fulltype="java.lang.Class" id="getTargetClass" type="Class" visibility="public"><comment><sentence>Get the class containing the method being called</sentence><return><body><div>the class containing the target method</div></body></return></comment></method><method fulltype="net.sf.saxon.om.Function" id="getTargetFunction" type="Function" visibility="public"><comment><sentence>Get the target function to be called</sentence><return><body><div>the target function</div></body></return></comment><override-of fulltype="net.sf.saxon.expr.FunctionCall" method="getTargetFunction(net.sf.saxon.expr.XPathContext)" type="FunctionCall"/><params><param fulltype="net.sf.saxon.expr.XPathContext" name="context" type="XPathContext"><body><div>the dynamic evaluation context</div></body></param></params><exceptions><exception fulltype="net.sf.saxon.trans.XPathException" id="XPathException"><sentence>net.sf.saxon.trans.XPathException if the target function cannot be determined</sentence></exception></exceptions></method><method fulltype="java.lang.reflect.AccessibleObject" id="getTargetMethod" type="AccessibleObject" visibility="public"><comment><sentence>Get the target method (or field, or constructor) being called</sentence><return><body><div>the target method, field, or constructor</div></body></return></comment></method><method fulltype="void" id="init" type="void" visibility="public"><comment><sentence>Initialization: creates an ExtensionFunctionCall</sentence></comment><params><param fulltype="net.sf.saxon.om.StructuredQName" name="functionName" type="StructuredQName"><body><div>the name of the function, for display purposes</div></body></param><param fulltype="java.lang.Class" name="theClass" type="Class"><body><div>the Java class containing the method to be called</div></body></param><param fulltype="java.lang.reflect.AccessibleObject" name="object" type="AccessibleObject"><body><div>the method, field, or constructor of the Java class to be called</div></body></param><param fulltype="net.sf.saxon.Configuration" name="config" type="Configuration"><body><div>the Configuration</div></body></param></params></method><method fulltype="java.lang.Object" id="invokeConstructor" type="Object" visibility="protected"><comment><body><div>Invoke a constructor. This method is provided separately so that it can be refined in a subclass.
 For example, a subclass might perform tracing of calls, or might trap exceptions.</div></body><sentence>Invoke a constructor.</sentence><return><body><div>The object returned by the constructor</div></body></return></comment><params><param fulltype="java.lang.reflect.Constructor" name="constructor" type="Constructor"><body><div>The constructor to be invoked</div></body></param><param fulltype="java.lang.Object[]" name="params" type="Object[]"><body><div>The parameters to be passed to the constructor</div></body></param></params><exceptions><exception fulltype="java.lang.InstantiationException" id="InstantiationException"><sentence>InstantiationException    if the invocation throws an InstantiationException</sentence></exception><exception fulltype="java.lang.IllegalAccessException" id="IllegalAccessException"><sentence>IllegalAccessException    if the invocation throws an IllegalAccessException</sentence></exception><exception fulltype="java.lang.reflect.InvocationTargetException" id="InvocationTargetException"><sentence>InvocationTargetException if the invocation throws an InvocationTargetException (which happens
                                   when the constructor itself throws an exception)</sentence></exception></exceptions></method><method fulltype="java.lang.Object" id="invokeMethod" type="Object" visibility="protected"><comment><body><div>Invoke a method. This method is provided separately so that it can be refined in a subclass.
 For example, a subclass might perform tracing of calls, or might trap exceptions.</div></body><sentence>Invoke a method.</sentence><return><body><div>The object returned by the method</div></body></return></comment><params><param fulltype="java.lang.reflect.Method" name="method" type="Method"><body><div>The method to be invoked</div></body></param><param fulltype="java.lang.Object" name="instance" type="Object"><body><div>The object on which the method is to be invoked. This is set to null if the
                 method is static.</div></body></param><param fulltype="java.lang.Object[]" name="params" type="Object[]"><body><div>The parameters to be passed to the method</div></body></param></params><exceptions><exception fulltype="java.lang.IllegalAccessException" id="IllegalAccessException"><sentence>IllegalAccessException    if the invocation throws an IllegalAccessException</sentence></exception><exception fulltype="java.lang.reflect.InvocationTargetException" id="InvocationTargetException"><sentence>InvocationTargetException if the invocation throws an InvocationTargetException (which happens
                                   when the method itself throws an exception)</sentence></exception></exceptions></method><method fulltype="boolean" id="isNodeCheckRequired" type="boolean" visibility="public"><comment><sentence>Ask whether the result needs to be checked to ensure it contains no nodes from the wrong Configuration</sentence><return><body><div>true if the result needs to be checked</div></body></return></comment></method><method fulltype="boolean" id="isReturnVoidAsThis" type="boolean" visibility="public"/><method fulltype="boolean" id="isSubtreeExpression" type="boolean" visibility="public"><comment><sentence>Determine whether the expression can be evaluated without reference to the part of the context
 document outside the subtree rooted at the context node.</sentence><return><body><div>true if the expression has no dependencies on the context node, or if the only dependencies
         on the context node are downward selections using the self, child, descendant, attribute, and namespace
         axes.</div></body></return></comment><override-of fulltype="net.sf.saxon.expr.Expression" method="isSubtreeExpression()" type="Expression"/></method><method fulltype="net.sf.saxon.om.SequenceIterator" id="iterate" type="SequenceIterator" visibility="public"><comment><sentence>Evaluate the function.</sentence><return><body><div>a Value representing the result of the function.</div></body></return></comment><override-of fulltype="net.sf.saxon.expr.FunctionCall" method="iterate(net.sf.saxon.expr.XPathContext)" type="FunctionCall"/><params><param fulltype="net.sf.saxon.expr.XPathContext" name="context" type="XPathContext"><body><div>The context in which the function is to be evaluated</div></body></param></params><exceptions><exception fulltype="net.sf.saxon.trans.XPathException" id="XPathException"><sentence>net.sf.saxon.trans.XPathException
          if the function cannot be evaluated.</sentence></exception></exceptions></method><method fulltype="net.sf.saxon.expr.Expression" id="preEvaluate" type="Expression" visibility="public"><comment><sentence>preEvaluate: this method suppresses compile-time evaluation by doing nothing
 (because the external function might have side-effects and might use the context)</sentence></comment><override-of fulltype="net.sf.saxon.expr.FunctionCall" method="preEvaluate(net.sf.saxon.expr.parser.ExpressionVisitor)" type="FunctionCall"/><params><param fulltype="net.sf.saxon.expr.parser.ExpressionVisitor" name="visitor" type="ExpressionVisitor"><body><div>an expression visitor</div></body></param></params></method><method fulltype="void" id="prepareForDynamicCall" type="void" visibility="public"><params><param fulltype="net.sf.saxon.Configuration" name="config" type="Configuration"/></params><exceptions><exception fulltype="net.sf.saxon.trans.XPathException" id="XPathException"/></exceptions></method><method fulltype="java.lang.String" id="toCamelCase" static="true" type="String" visibility="public"><comment><sentence>Convert a name to camelCase (by removing hyphens and changing the following
 letter to capitals)</sentence><return><body><div>the camelCased name</div></body></return></comment><params><param fulltype="java.lang.String" name="name" type="String"><body><div>the name to be converted to camelCase</div></body></param><param fulltype="boolean" name="debug" type="boolean"><body><div>true if tracing is required</div></body></param><param fulltype="net.sf.saxon.lib.Logger" name="diag" type="Logger"><body><div>the output stream for diagnostic trace output</div></body></param></params></method><method fulltype="net.sf.saxon.expr.Expression" id="typeCheck" type="Expression" visibility="public"><override-of fulltype="net.sf.saxon.expr.FunctionCall" method="typeCheck(net.sf.saxon.expr.parser.ExpressionVisitor, net.sf.saxon.expr.parser.ContextItemStaticInfo)" type="FunctionCall"/><params><param fulltype="net.sf.saxon.expr.parser.ExpressionVisitor" name="visitor" type="ExpressionVisitor"/><param fulltype="net.sf.saxon.expr.parser.ContextItemStaticInfo" name="contextInfo" type="ContextItemStaticInfo"/></params><exceptions><exception fulltype="net.sf.saxon.trans.XPathException" id="XPathException"/></exceptions></method></methods></class><class id="ObjectLookupExpression" fulltype="com.saxonica.expr.ObjectLookupExpression" superclass="LookupExpression" superclassfulltype="net.sf.saxon.expr.LookupExpression" visibility="public"><extends><interface fulltype="net.sf.saxon.expr.LookupExpression" type="LookupExpression"><extends><interface fulltype="net.sf.saxon.expr.BinaryExpression" type="BinaryExpression"><extends><inherits><interface fulltype="net.sf.saxon.om.IdentityComparable" type="IdentityComparable"/><interface fulltype="net.sf.saxon.expr.ExportAgent" type="ExportAgent"/><interface fulltype="net.sf.saxon.expr.Locatable" type="Locatable"/><interface fulltype="net.sf.saxon.trace.Traceable" type="Traceable"/></inherits><interface fulltype="net.sf.saxon.expr.Expression" type="Expression"/></extends></interface></extends></interface></extends><comment><sentence>Saxon extension: a lookup expression of the form X?Y where X is a Java external object and Y
 is a method defined on that object</sentence></comment><fields/><methods><constructor id="ObjectLookupExpression" visibility="public"><params><param fulltype="net.sf.saxon.expr.Expression" name="start" type="Expression"/><param fulltype="net.sf.saxon.expr.Expression" name="step" type="Expression"/></params></constructor><method fulltype="int" id="computeCardinality" type="int" visibility="protected"><comment><sentence>Determine the static cardinality of the expression</sentence></comment><override-of fulltype="net.sf.saxon.expr.LookupExpression" method="computeCardinality()" type="LookupExpression"/></method><method fulltype="net.sf.saxon.expr.LookupExpression" id="copy" type="LookupExpression" visibility="public"><comment><body><div>Copy an expression. This makes a deep copy.</div></body><sentence>Copy an expression.</sentence><return><body><div>the copy of the original expression</div></body></return></comment><override-of fulltype="net.sf.saxon.expr.LookupExpression" method="copy(net.sf.saxon.expr.parser.RebindingMap)" type="LookupExpression"/><params><param fulltype="net.sf.saxon.expr.parser.RebindingMap" name="rebindings" type="RebindingMap"><body><div>a mutable list of (old binding, new binding) pairs
                   that is used to update the bindings held in any
                   local variable references that are copied.</div></body></param></params></method><method final="true" fulltype="net.sf.saxon.type.ItemType" id="getItemType" type="ItemType" visibility="public"><override-of fulltype="net.sf.saxon.expr.LookupExpression" method="getItemType()" type="LookupExpression"/></method><method fulltype="net.sf.saxon.om.SequenceIterator" id="iterate" type="SequenceIterator" visibility="public"><comment><sentence>Iterate the lookup-expression in a given context</sentence></comment><override-of fulltype="net.sf.saxon.expr.LookupExpression" method="iterate(net.sf.saxon.expr.XPathContext)" type="LookupExpression"/><params><param fulltype="net.sf.saxon.expr.XPathContext" name="context" type="XPathContext"><body><div>the evaluation context</div></body></param></params><exceptions><exception fulltype="net.sf.saxon.trans.XPathException" id="XPathException"/></exceptions></method><method fulltype="net.sf.saxon.expr.Expression" id="typeCheck" type="Expression" visibility="public"><override-of fulltype="net.sf.saxon.expr.LookupExpression" method="typeCheck(net.sf.saxon.expr.parser.ExpressionVisitor, net.sf.saxon.expr.parser.ContextItemStaticInfo)" type="LookupExpression"/><params><param fulltype="net.sf.saxon.expr.parser.ExpressionVisitor" name="visitor" type="ExpressionVisitor"/><param fulltype="net.sf.saxon.expr.parser.ContextItemStaticInfo" name="contextInfo" type="ContextItemStaticInfo"/></params><exceptions><exception fulltype="net.sf.saxon.trans.XPathException" id="XPathException"/></exceptions></method></methods></class><class id="QueryLibraryImpl" fulltype="com.saxonica.expr.QueryLibraryImpl" superclass="QueryLibrary" superclassfulltype="net.sf.saxon.query.QueryLibrary" visibility="public"><extends><interface fulltype="net.sf.saxon.query.QueryLibrary" type="QueryLibrary"><extends><inherits><interface fulltype="net.sf.saxon.expr.StaticContext" type="StaticContext"/></inherits><interface fulltype="net.sf.saxon.query.QueryModule" type="QueryModule"/></extends></interface></extends><comment><sentence>Concrete implementation of a separately-compiled XQuery library</sentence></comment><fields/><methods><constructor id="QueryLibraryImpl" visibility="public"><params><param fulltype="net.sf.saxon.query.StaticQueryContext" name="sqc" type="StaticQueryContext"/></params><exceptions><exception fulltype="net.sf.saxon.trans.XPathException" id="XPathException"/></exceptions></constructor><method fulltype="void" id="link" type="void" visibility="public"><comment><sentence>Link this library module to a module that imports it</sentence></comment><override-of fulltype="net.sf.saxon.query.QueryLibrary" method="link(net.sf.saxon.query.QueryModule)" type="QueryLibrary"/><params><param fulltype="net.sf.saxon.query.QueryModule" name="importer" type="QueryModule"><body><div>the importing module (a user of the library)</div></body></param></params><exceptions><exception fulltype="net.sf.saxon.trans.XPathException" id="XPathException"/></exceptions></method></methods></class><class id="SaxonSyntaxExtension" fulltype="com.saxonica.expr.SaxonSyntaxExtension" superclass="ParserExtension" superclassfulltype="net.sf.saxon.expr.parser.ParserExtension" visibility="public"><extends><interface fulltype="net.sf.saxon.expr.parser.ParserExtension" type="ParserExtension"/></extends><comment><body><div>Parser extension for syntax in XPath that is accepted only in Saxon-PE and -EE. This means
 Saxon-defined syntax extensions.</div></body><sentence>Parser extension for syntax in XPath that is accepted only in Saxon-PE and -EE.</sentence></comment><fields/><methods><constructor id="SaxonSyntaxExtension" visibility="public"/><method fulltype="net.sf.saxon.expr.Expression" id="bindNumericParameterReference" type="Expression" visibility="public"><override-of fulltype="net.sf.saxon.expr.parser.ParserExtension" method="bindNumericParameterReference(net.sf.saxon.expr.parser.XPathParser)" type="ParserExtension"/><params><param fulltype="net.sf.saxon.expr.parser.XPathParser" name="p" type="XPathParser"/></params><exceptions><exception fulltype="net.sf.saxon.trans.XPathException" id="XPathException"/></exceptions></method><method fulltype="void" id="handleExternalFunctionDeclaration" type="void" visibility="public"><override-of fulltype="net.sf.saxon.expr.parser.ParserExtension" method="handleExternalFunctionDeclaration(net.sf.saxon.query.XQueryParser, net.sf.saxon.query.XQueryFunction)" type="ParserExtension"/><params><param fulltype="net.sf.saxon.query.XQueryParser" name="p" type="XQueryParser"/><param fulltype="net.sf.saxon.query.XQueryFunction" name="func" type="XQueryFunction"/></params><exceptions><exception fulltype="net.sf.saxon.trans.XPathException" id="XPathException"/></exceptions></method><method fulltype="net.sf.saxon.expr.Expression" id="parseDotFunction" type="Expression" visibility="public"><override-of fulltype="net.sf.saxon.expr.parser.ParserExtension" method="parseDotFunction(net.sf.saxon.expr.parser.XPathParser)" type="ParserExtension"/><params><param fulltype="net.sf.saxon.expr.parser.XPathParser" name="p" type="XPathParser"/></params><exceptions><exception fulltype="net.sf.saxon.trans.XPathException" id="XPathException"/></exceptions></method><method fulltype="net.sf.saxon.expr.Expression" id="parseForMemberExpression" type="Expression" visibility="protected"><comment><sentence>Parse a for-member expression (Saxon extension):
 for member $x in expr return expr</sentence><return><body><div>the resulting subexpression</div></body></return></comment><override-of fulltype="net.sf.saxon.expr.parser.ParserExtension" method="parseForMemberExpression(net.sf.saxon.expr.parser.XPathParser)" type="ParserExtension"/><params><param fulltype="net.sf.saxon.expr.parser.XPathParser" name="p" type="XPathParser"/></params><exceptions><exception fulltype="net.sf.saxon.trans.XPathException" id="XPathException"><sentence>XPathException if any error is encountered</sentence></exception></exceptions></method><method fulltype="net.sf.saxon.expr.Expression" id="parseTypePattern" type="Expression" visibility="public"><comment><sentence>Parse an extended XSLT pattern in the form item-type (predicate)*  (but excluding the
 predicates)</sentence><return><body><div>the equivalent expression in the form .[. instance of type] (predicate)*</div></body></return></comment><override-of fulltype="net.sf.saxon.expr.parser.ParserExtension" method="parseTypePattern(net.sf.saxon.expr.parser.XPathParser)" type="ParserExtension"/><params><param fulltype="net.sf.saxon.expr.parser.XPathParser" name="p" type="XPathParser"/></params><exceptions><exception fulltype="net.sf.saxon.trans.XPathException" id="XPathException"/></exceptions></method><method fulltype="net.sf.saxon.expr.Expression" id="parseUnderscoreFunction" type="Expression" visibility="public"><comment><sentence>Saxon extension: inline functions of the form _{$1 + $2}</sentence><return><body><div>the compiled expression</div></body></return></comment><override-of fulltype="net.sf.saxon.expr.parser.ParserExtension" method="parseUnderscoreFunction(net.sf.saxon.expr.parser.XPathParser)" type="ParserExtension"/><params><param fulltype="net.sf.saxon.expr.parser.XPathParser" name="p" type="XPathParser"><body><div>the XPath parser</div></body></param></params><exceptions><exception fulltype="net.sf.saxon.trans.XPathException" id="XPathException"><sentence>XPathException if syntax is incorrect</sentence></exception></exceptions></method></methods><class id="SaxonSyntaxExtension.UnderscoreFunctionDetails" fulltype="com.saxonica.expr.SaxonSyntaxExtension.UnderscoreFunctionDetails" static="true" superclass="XPathParser.InlineFunctionDetails" superclassfulltype="net.sf.saxon.expr.parser.XPathParser.InlineFunctionDetails" visibility="public"><extends><interface fulltype="net.sf.saxon.expr.parser.XPathParser.InlineFunctionDetails" type="XPathParser.InlineFunctionDetails"/></extends><fields/><methods><constructor id="UnderscoreFunctionDetails" visibility="public"/></methods></class><subclasses><class fulltype="com.saxonica.expr.XQueryParserExtensionPE" type="XQueryParserExtensionPE"/></subclasses></class><class id="StaticQueryContextPE" fulltype="com.saxonica.expr.StaticQueryContextPE" superclass="StaticQueryContext" superclassfulltype="net.sf.saxon.query.StaticQueryContext" visibility="public"><extends><interface fulltype="net.sf.saxon.query.StaticQueryContext" type="StaticQueryContext"/></extends><comment><sentence>A version of StaticQueryContext for Saxon-PE</sentence></comment><fields/><methods><constructor id="StaticQueryContextPE" visibility="public"><comment><body><div>Create a StaticQueryContext using a given Configuration. This creates a StaticQueryContext for a main module
 (that is, a module that is not a library module). The static context is initialized from defaults held
 in the Configuration.</div></body><sentence>Create a StaticQueryContext using a given Configuration.</sentence><attribute name="@since"><body><div>9.2</div></body></attribute></comment><params><param fulltype="net.sf.saxon.Configuration" name="config" type="Configuration"><body><div>the Saxon Configuration</div></body></param></params></constructor><constructor id="StaticQueryContextPE" visibility="public"><params><param fulltype="com.saxonica.config.ProfessionalConfiguration" name="config" type="ProfessionalConfiguration"/><param fulltype="boolean" name="initialize" type="boolean"/></params></constructor><method fulltype="net.sf.saxon.functions.FunctionLibrary" id="getExtensionFunctionLibrary" type="FunctionLibrary" visibility="public"><comment><sentence>Get any function library that was previously set using <tag kind="see">#setExtensionFunctionLibrary(net.sf.saxon.functions.FunctionLibrary)</tag>.</sentence><return><body><div>the extension function library, or null if none has been set.</div></body></return><attribute name="@since"><body><div>9.4</div></body></attribute></comment><override-of fulltype="net.sf.saxon.query.StaticQueryContext" method="getExtensionFunctionLibrary()" type="StaticQueryContext"/></method><method fulltype="void" id="setExtensionFunctionLibrary" type="void" visibility="public"><comment><body><div>Set a library of extension functions. The functions in this library will be available
 in all modules of the query. The function library will be searched after language-defined
 libraries (such as built-in functions, user-defined XQuery functions, and constructor
 functions) but before extension functions defined at the Configuration level.</div></body><sentence>Set a library of extension functions.</sentence><attribute name="@since"><body><div>9.4</div></body></attribute></comment><params><param fulltype="net.sf.saxon.functions.FunctionLibrary" name="library" type="FunctionLibrary"><body><div>the function library to be added (replacing any that has previously been set).
                May be null to clear a previously-set library</div></body></param></params></method></methods><subclasses><class fulltype="com.saxonica.ee.optim.StaticQueryContextEE" type="StaticQueryContextEE"/></subclasses></class><class id="XQueryParserExtensionPE" fulltype="com.saxonica.expr.XQueryParserExtensionPE" superclass="SaxonSyntaxExtension" superclassfulltype="com.saxonica.expr.SaxonSyntaxExtension" visibility="public"><extends><interface fulltype="com.saxonica.expr.SaxonSyntaxExtension" type="SaxonSyntaxExtension"><extends><interface fulltype="net.sf.saxon.expr.parser.ParserExtension" type="ParserExtension"/></extends></interface></extends><comment><sentence>Parser extension for syntax in XQuery Update and/or XQuery 3.0 that is supported
 only in Saxon-PE or -EE.</sentence></comment><fields/><methods><constructor id="XQueryParserExtensionPE" visibility="public"/><method fulltype="boolean" id="isReservedInQuery" type="boolean" visibility="protected"><comment><sentence>Get the permitted set of standard functions in this environment</sentence></comment><params><param fulltype="java.lang.String" name="uri" type="String"/></params></method><method fulltype="void" id="parseTypeAliasDeclaration" type="void" visibility="public"><comment><body><div>Parse a type alias declaration. Allowed only in Saxon-PE and higher,
 and only when Saxon syntax extensions are enabled
 Syntax: declare type QName = ItemType;</div></body><sentence>Parse a type alias declaration.</sentence></comment><override-of fulltype="net.sf.saxon.expr.parser.ParserExtension" method="parseTypeAliasDeclaration(net.sf.saxon.query.XQueryParser)" type="ParserExtension"/><params><param fulltype="net.sf.saxon.query.XQueryParser" name="p" type="XQueryParser"/></params><exceptions><exception fulltype="net.sf.saxon.trans.XPathException" id="XPathException"><sentence>XPathException if parsing fails</sentence></exception></exceptions></method></methods><subclasses><class fulltype="com.saxonica.ee.update.XQueryParserExtensionEE" type="XQueryParserExtensionEE"/></subclasses></class></package>