<?xml version="1.0" encoding="UTF-8"?><package id="com.saxonica.ee.domino"><class id="DominoAttr" fulltype="com.saxonica.ee.domino.DominoAttr" superclass="Object" superclassfulltype="java.lang.Object" visibility="public"><implements><interface fulltype="net.sf.saxon.om.NodeInfo" type="NodeInfo"/></implements><comment><sentence>An attribute node in the Domino tree</sentence></comment><fields/><methods><constructor id="DominoAttr" visibility="public"><params><param fulltype="com.saxonica.ee.domino.DominoTree" name="tree" type="DominoTree"/><param fulltype="com.saxonica.ee.domino.DominoNode" name="parent" type="DominoNode"/><param fulltype="org.w3c.dom.Attr" name="domAttr" type="Attr"/></params></constructor><method fulltype="net.sf.saxon.om.AtomicSequence" id="atomize" type="AtomicSequence" visibility="public"><comment><sentence>Atomize the item.</sentence><return><body><div>the result of atomization</div></body></return></comment><exceptions><exception fulltype="net.sf.saxon.trans.XPathException" id="XPathException"><sentence>XPathException if atomization is not allowed
                        for this kind of item</sentence></exception></exceptions></method><method fulltype="int" id="compareOrder" type="int" visibility="public"><comment><body><div>Determine the relative position of this node and another node, in document order.
 <p>The other node must always be in the same tree; the effect of calling this method
 when the two nodes are in different trees is undefined. To obtain a global ordering
 of nodes, the application should first compare the result of getDocumentNumber(),
 and only if the document number is the same should compareOrder() be called.</p></div></body><sentence>Determine the relative position of this node and another node, in document order.</sentence><return><body><div>-1 if this node precedes the other node, +1 if it follows the
 other node, or 0 if they are the same node. (In this case,
 isSameNode() will always return true, and the two nodes will
 produce the same result for generateId())</div></body></return><attribute name="@since"><body><div>8.4</div></body></attribute></comment><params><param fulltype="net.sf.saxon.om.NodeInfo" name="other" type="NodeInfo"><body><div>The other node, whose position is to be compared with this
              node</div></body></param></params></method><method fulltype="boolean" id="effectiveBooleanValue" type="boolean" visibility="public"><comment><sentence>Get the effective boolean value of this sequence</sentence><return><body><div>the effective boolean value</div></body></return></comment><exceptions><exception fulltype="net.sf.saxon.trans.XPathException" id="XPathException"><sentence>XPathException if the sequence has no effective boolean value (for example a sequence of two integers)</sentence></exception></exceptions></method><method fulltype="boolean" id="equals" type="boolean" visibility="public"><comment><body><div>Determine whether this is the same node as another node.
 <p>Note that two different NodeInfo instances can represent the same conceptual node.
 Therefore the "==" operator should not be used to test node identity. The equals()
 method should give the same result as isSameNodeInfo(), but since this rule was introduced
 late it might not apply to all implementations.</p>
 <p>Note: a.isSameNodeInfo(b) if and only if generateId(a)==generateId(b).</p>
 <p>This method has the same semantics as isSameNode() in DOM Level 3, but
 works on Saxon NodeInfo objects rather than DOM Node objects.</p></div></body><sentence>Determine whether this is the same node as another node.</sentence><return><body><div>true if this NodeInfo object and the supplied NodeInfo object represent
 the same node in the tree.</div></body></return></comment><override-of fulltype="java.lang.Object" method="equals(java.lang.Object)" type="Object"/><params><param fulltype="java.lang.Object" name="other" type="Object"><body><div>the node to be compared with this node</div></body></param></params></method><method fulltype="void" id="generateId" type="void" visibility="public"><comment><body><div>Construct a character string that uniquely identifies this node.
 Note: a.isSameNode(b) if and only if generateId(a)==generateId(b)</div></body><sentence>Construct a character string that uniquely identifies this node.</sentence></comment><params><param fulltype="java.lang.StringBuilder" name="buffer" type="StringBuilder"><body><div>a buffer which will be updated to hold a string
               that uniquely identifies this node, across all documents.</div></body></param></params></method><method fulltype="net.sf.saxon.om.NamespaceMap" id="getAllNamespaces" type="NamespaceMap" visibility="public"><comment><body><div>Get all the namespace bindings that are in-scope for this element.
 <p>For an element return all the prefix-to-uri bindings that are in scope. This may include
 a binding to the default namespace (represented by a prefix of ""). It will never include
 "undeclarations" - that is, the namespace URI will never be empty; the effect of an undeclaration
 is to remove a binding from the in-scope namespaces, not to add anything.</p>
 <p>For a node other than an element, returns null.</p></div></body><sentence>Get all the namespace bindings that are in-scope for this element.</sentence><return><body><div>the in-scope namespaces for an element, or null for any other kind of node.</div></body></return></comment></method><method fulltype="java.lang.String" id="getAttributeValue" type="String" visibility="public"><comment><sentence>Get the string value of a given attribute of this node</sentence><return><body><div>the attribute value if it exists, or null if it does not exist. Always returns null
 if this node is not an element.</div></body></return><attribute name="@since"><body><div>9.4</div></body></attribute></comment><params><param fulltype="java.lang.String" name="uri" type="String"><body><div>the namespace URI of the attribute name. Supply the empty string for an attribute
              that is in no namespace</div></body></param><param fulltype="java.lang.String" name="local" type="String"><body><div>the local part of the attribute name.</div></body></param></params></method><method fulltype="java.lang.String" id="getBaseURI" type="String" visibility="public"><comment><body><div>Get the Base URI for the node, that is, the URI used for resolving a relative URI contained
 in the node. This will be the same as the System ID unless xml:base has been used. Where the
 node does not have a base URI of its own, the base URI of its parent node is returned.</div></body><sentence>Get the Base URI for the node, that is, the URI used for resolving a relative URI contained
 in the node.</sentence><return><body><div>the base URI of the node. This may be null if the base URI is unknown, including the case
 where the node has no parent.</div></body></return><attribute name="@since"><body><div>8.4</div></body></attribute></comment></method><method fulltype="net.sf.saxon.om.NamespaceBinding[]" id="getDeclaredNamespaces" type="NamespaceBinding[]" visibility="public"><comment><body><div>Get all namespace declarations and undeclarations defined on this element.
 <p>This method is intended primarily for internal use. User applications needing
 information about the namespace context of a node should use <code>iterateAxis(Axis.NAMESPACE)</code>.
 (However, not all implementations support the namespace axis, whereas all implementations are
 required to support this method.)</p></div></body><sentence>Get all namespace declarations and undeclarations defined on this element.</sentence><return><body><div>An array of integers representing the namespace declarations and undeclarations present on
 this element. For a node other than an element, return null. Otherwise, the returned array is a
 sequence of namespace codes, whose meaning may be interpreted by reference to the name pool. The
 top half word of each namespace code represents the prefix, the bottom half represents the URI.
 If the bottom half is zero, then this is a namespace undeclaration rather than a declaration.
 The XML namespace is never included in the list. If the supplied array is larger than required,
 then the first unused entry will be set to -1.
 <p>For a node other than an element, the method returns null.</p></div></body></return></comment><params><param fulltype="net.sf.saxon.om.NamespaceBinding[]" name="buffer" type="NamespaceBinding[]"><body><div>If this is non-null, and the result array fits in this buffer, then the result
               may overwrite the contents of this array, to avoid the cost of allocating a new array on the heap.</div></body></param></params></method><method fulltype="java.lang.String" id="getDisplayName" type="String" visibility="public"><comment><body><div>Get the display name of this node, in the form of a lexical QName.
 For elements and attributes this is [prefix:]localname.
 For unnamed nodes, it is an empty string.</div></body><sentence>Get the display name of this node, in the form of a lexical QName.</sentence><return><body><div>The display name of this node. For a node with no name, returns
 an empty string.</div></body></return><attribute name="@since"><body><div>8.4</div></body></attribute></comment></method><method fulltype="int" id="getFingerprint" type="int" visibility="public"><comment><body><div>Get fingerprint. The fingerprint is a coded form of the expanded name
 of the node: two nodes
 with the same name code have the same namespace URI and the same local name.
 The fingerprint contains no information about the namespace prefix. For a name
 in the null namespace, the fingerprint is the same as the name code.</div></body><sentence>Get fingerprint.</sentence><return><body><div>an integer fingerprint; two nodes with the same fingerprint have
 the same expanded QName. For unnamed nodes (text nodes, comments, document nodes,
 and namespace nodes for the default namespace), returns -1.</div></body></return><attribute name="@since"><body><div>8.4 (moved into FingerprintedNode at 9.7; then back into NodeInfo at 9.8).</div></body></attribute></comment></method><method fulltype="java.lang.String" id="getLocalPart" type="String" visibility="public"><comment><body><div>Get the local part of the name of this node. This is the name after the ":" if any.</div></body><sentence>Get the local part of the name of this node.</sentence><return><body><div>the local part of the name. For an unnamed node, returns "". Unlike the DOM
 interface, this returns the full name in the case of a non-namespaced name.</div></body></return><attribute name="@since"><body><div>8.4</div></body></attribute></comment></method><method fulltype="int" id="getNodeKind" type="int" visibility="public"><comment><body><div>Get the kind of node. This will be a value such as <tag kind="see">net.sf.saxon.type.Type#ELEMENT</tag>
 or <tag kind="see">net.sf.saxon.type.Type#ATTRIBUTE</tag>. There are seven kinds of node: documents, elements, attributes,
 text, comments, processing-instructions, and namespaces.</div></body><sentence>Get the kind of node.</sentence><return><body><div>an integer identifying the kind of node. These integer values are the
 same as those used in the DOM</div></body></return><attribute name="@see" see="java">net.sf.saxon.type.Type</attribute><attribute name="@since"><body><div>8.4</div></body></attribute></comment></method><method fulltype="net.sf.saxon.om.NodeInfo" id="getParent" type="NodeInfo" visibility="public"><comment><sentence>Get the NodeInfo object representing the parent of this node</sentence><return><body><div>the parent of this node; null if this node has no parent</div></body></return><attribute name="@since"><body><div>8.4</div></body></attribute></comment></method><method fulltype="java.lang.String" id="getPrefix" type="String" visibility="public"><comment><body><div>Get the prefix of the name of the node. This is defined only for elements and attributes.
 If the node has no prefix, or for other kinds of node, returns a zero-length string.</div></body><sentence>Get the prefix of the name of the node.</sentence><return><body><div>The prefix of the name of the node.</div></body></return><attribute name="@since"><body><div>8.4</div></body></attribute></comment></method><method fulltype="net.sf.saxon.om.NodeInfo" id="getRoot" type="NodeInfo" visibility="public"><comment><sentence>Get the root node of the tree containing this node</sentence><return><body><div>the NodeInfo representing the top-level ancestor of this node.
 This will not necessarily be a document node. If this node has no parent,
 then the method returns this node.</div></body></return><attribute name="@since"><body><div>8.4</div></body></attribute></comment></method><method fulltype="net.sf.saxon.type.SchemaType" id="getSchemaType" type="SchemaType" visibility="public"><comment><body><div>Get the type annotation of this node, if any. The type annotation is represented as
 SchemaType object.
 <p>Types derived from a DTD are not reflected in the result of this method.</p></div></body><sentence>Get the type annotation of this node, if any.</sentence><return><body><div>For element and attribute nodes: the type annotation derived from schema
 validation (defaulting to xs:untyped and xs:untypedAtomic in the absence of schema
 validation). For comments, text nodes, processing instructions, and namespaces: null.
 For document nodes, either xs:untyped if the document has not been validated, or
 xs:anyType if it has.</div></body></return><attribute name="@since"><body><div>9.4</div></body></attribute></comment></method><method fulltype="java.lang.String" id="getSystemId" type="String" visibility="public"><comment><body><div>Get the System ID for the node. Note this is not the
 same as the base URI: the base URI can be modified by xml:base, but
 the system ID cannot. The base URI is used primarily for resolving
 relative URIs within the content of the document. The system ID is
 used primarily in conjunction with a line number, for identifying the
 location of elements within the source XML, in particular when errors
 are found. For a document node, the System ID represents the value of
 the document-uri property as defined in the XDM data model.</div></body><sentence>Get the System ID for the node.</sentence><return><body><div>the System Identifier of the entity in the source document
 containing the node, or null if not known or not applicable.</div></body></return><attribute name="@since"><body><div>8.4</div></body></attribute></comment></method><method fulltype="net.sf.saxon.om.TreeInfo" id="getTreeInfo" type="TreeInfo" visibility="public"><comment><sentence>Get information about the tree to which this NodeInfo belongs</sentence><return><body><div>the TreeInfo</div></body></return><attribute name="@since"><body><div>9.7</div></body></attribute></comment></method><method fulltype="net.sf.saxon.str.UnicodeString" id="getUnicodeStringValue" type="UnicodeString" visibility="public"><comment><body><div>Get the value of the item as a string. For nodes, this is the string value of the
 node as defined in the XPath 2.0 data model, except that all nodes are treated as being
 untyped: it is not an error to get the string value of a node with a complex type.
 For atomic values, the method returns the result of casting the atomic value to a string.</div></body><sentence>Get the value of the item as a string.</sentence><return><body><div>the string value of the item</div></body></return><attribute name="@since"><body><div>8.4</div></body></attribute></comment></method><method fulltype="java.lang.String" id="getURI" type="String" visibility="public"><comment><body><div>Get the URI part of the name of this node. This is the URI corresponding to the
 prefix, or the URI of the default namespace if appropriate.</div></body><sentence>Get the URI part of the name of this node.</sentence><return><body><div>The URI of the namespace of this node. For an unnamed node,
 or for an element or attribute that is not in a namespace, or for a processing
 instruction, returns an empty string.</div></body></return><attribute name="@since"><body><div>8.4</div></body></attribute></comment></method><method fulltype="boolean" id="hasChildNodes" type="boolean" visibility="public"><comment><body><div>Determine whether the node has any children.
 <p>Note: the result is equivalent to
 <code>iterateAxis(Axis.CHILD).next() != null</code></p></div></body><sentence>Determine whether the node has any children.</sentence><return><body><div>True if the node has one or more children</div></body></return><attribute name="@since"><body><div>8.4</div></body></attribute></comment></method><method fulltype="boolean" id="hasFingerprint" type="boolean" visibility="public"><comment><body><div>Ask whether this NodeInfo implementation holds a fingerprint identifying the name of the
 node in the NamePool. If the answer is true, then the <tag kind="see">#getFingerprint</tag> method must
 return the fingerprint of the node. If the answer is false, then the <tag kind="see">#getFingerprint</tag>
 method should throw an <tag kind="code">UnsupportedOperationException</tag>. In the case of unnamed nodes
 such as text nodes, the result can be either true (in which case getFingerprint() should
 return -1) or false (in which case getFingerprint may throw an exception).</div></body><sentence>Ask whether this NodeInfo implementation holds a fingerprint identifying the name of the
 node in the NamePool.</sentence><return><body><div>true if the implementation of this node provides fingerprints.</div></body></return><attribute name="@since"><body><div>9.8; previously Saxon relied on using <code>FingerprintedNode</code> as a marker interface.</div></body></attribute></comment></method><method fulltype="net.sf.saxon.tree.iter.AxisIterator" id="iterateAxis" type="AxisIterator" visibility="public"><comment><sentence>Return an iteration over all the nodes reached by the given axis from this node
 that match a given NodeTest</sentence><return><body><div>an AxisIterator that delivers the nodes reached by the axis in
 turn.  The nodes are returned in axis order (document order for a forwards
 axis, reverse document order for a reverse axis).</div></body></return><attribute name="@see" see="java">net.sf.saxon.om.AxisInfo</attribute><attribute name="@since"><body><div>8.4</div></body></attribute></comment><params><param fulltype="int" name="axisNumber" type="int"><body><div>an integer identifying the axis; one of the constants
                   defined in class <tag kind="see">net.sf.saxon.om.AxisInfo</tag></div></body></param><param fulltype="net.sf.saxon.pattern.NodePredicate" name="nodeTest" type="NodePredicate"><body><div>A condition to be satisfied by the returned nodes; nodes
                   that do not satisfy this condition are not included in the result</div></body></param></params></method><method fulltype="net.sf.saxon.s9api.Location" id="saveLocation" type="Location" visibility="public"><comment><body><div>Get an immutable copy of this Location object. By default Location objects may be mutable, so they
 should not be saved for later use. The result of this operation holds the same location information,
 but in an immutable form.</div></body><sentence>Get an immutable copy of this Location object.</sentence></comment></method><method fulltype="void" id="setSystemId" type="void" visibility="public"><comment><body><div>Set the system identifier for this Source.
 <p>The system identifier is optional if the source does not
 get its data from a URL, but it may still be useful to provide one.
 The application can use a system identifier, for example, to resolve
 relative URIs and to include in error messages and warnings.</p></div></body><sentence>Set the system identifier for this Source.</sentence></comment><params><param fulltype="java.lang.String" name="systemId" type="String"><body><div>The system identifier as a URL string.</div></body></param></params></method></methods></class><class id="DominoNode" fulltype="com.saxonica.ee.domino.DominoNode" superclass="Object" superclassfulltype="java.lang.Object" visibility="public"><implements><interface fulltype="net.sf.saxon.om.NodeInfo" type="NodeInfo"/><interface fulltype="net.sf.saxon.tree.wrapper.VirtualNode" type="VirtualNode"/></implements><comment><sentence>A node in the Domino tree (other than an attribute or namespace node)</sentence></comment><fields/><methods><constructor id="DominoNode" visibility="public"><params><param fulltype="com.saxonica.ee.domino.DominoTree" name="tree" type="DominoTree"/><param fulltype="int" name="nodeNr" type="int"/></params></constructor><constructor id="DominoNode" visibility="public"><params><param fulltype="com.saxonica.ee.domino.DominoTree" name="tree" type="DominoTree"/><param fulltype="int" name="nodeNr" type="int"/><param fulltype="com.saxonica.ee.domino.DominoNode" name="parent" type="DominoNode"/></params></constructor><method fulltype="net.sf.saxon.om.AtomicSequence" id="atomize" type="AtomicSequence" visibility="public"><comment><sentence>Atomize the item.</sentence><return><body><div>the result of atomization</div></body></return></comment><exceptions><exception fulltype="net.sf.saxon.trans.XPathException" id="XPathException"><sentence>XPathException if atomization is not allowed
                        for this kind of item</sentence></exception></exceptions></method><method fulltype="int" id="compareOrder" type="int" visibility="public"><comment><body><div>Determine the relative position of this node and another node, in document order.
 <p>The other node must always be in the same tree; the effect of calling this method
 when the two nodes are in different trees is undefined. To obtain a global ordering
 of nodes, the application should first compare the result of getDocumentNumber(),
 and only if the document number is the same should compareOrder() be called.</p></div></body><sentence>Determine the relative position of this node and another node, in document order.</sentence><return><body><div>-1 if this node precedes the other node, +1 if it follows the
 other node, or 0 if they are the same node. (In this case,
 isSameNode() will always return true, and the two nodes will
 produce the same result for generateId())</div></body></return><attribute name="@since"><body><div>8.4</div></body></attribute></comment><params><param fulltype="net.sf.saxon.om.NodeInfo" name="other" type="NodeInfo"><body><div>The other node, whose position is to be compared with this
              node</div></body></param></params></method><method fulltype="boolean" id="effectiveBooleanValue" type="boolean" visibility="public"><comment><sentence>Get the effective boolean value of this sequence</sentence><return><body><div>the effective boolean value</div></body></return></comment><exceptions><exception fulltype="net.sf.saxon.trans.XPathException" id="XPathException"><sentence>XPathException if the sequence has no effective boolean value (for example a sequence of two integers)</sentence></exception></exceptions></method><method fulltype="boolean" id="equals" type="boolean" visibility="public"><comment><body><div>Determine whether this is the same node as another node.
 <p>Note that two different NodeInfo instances can represent the same conceptual node.
 Therefore the "==" operator should not be used to test node identity. The equals()
 method should give the same result as isSameNodeInfo(), but since this rule was introduced
 late it might not apply to all implementations.</p>
 <p> Note: a.equals(b) if and only if generateId(a)==generateId(b).</p>
 <p>This method has the same semantics as isSameNode() in DOM Level 3, but
 works on Saxon NodeInfo objects rather than DOM Node objects.</p></div></body><sentence>Determine whether this is the same node as another node.</sentence><return><body><div>true if this NodeInfo object and the supplied NodeInfo object represent
 the same node in the tree.</div></body></return></comment><override-of fulltype="java.lang.Object" method="equals(java.lang.Object)" type="Object"/><params><param fulltype="java.lang.Object" name="other" type="Object"><body><div>the node to be compared with this node</div></body></param></params></method><method fulltype="void" id="generateId" type="void" visibility="public"><comment><body><div>Construct a character string that uniquely identifies this node.
 Note: a.isSameNode(b) if and only if generateId(a)==generateId(b)</div></body><sentence>Construct a character string that uniquely identifies this node.</sentence></comment><params><param fulltype="java.lang.StringBuilder" name="buffer" type="StringBuilder"><body><div>a buffer which will be updated to hold a string
               that uniquely identifies this node, across all documents.</div></body></param></params></method><method fulltype="net.sf.saxon.om.NamespaceMap" id="getAllNamespaces" type="NamespaceMap" visibility="public"><comment><body><div>Get all the namespace bindings that are in-scope for this element.
 <p>For an element return all the prefix-to-uri bindings that are in scope. This may include
 a binding to the default namespace (represented by a prefix of ""). It will never include
 "undeclarations" - that is, the namespace URI will never be empty; the effect of an undeclaration
 is to remove a binding from the in-scope namespaces, not to add anything.</p>
 <p>For a node other than an element, returns null.</p></div></body><sentence>Get all the namespace bindings that are in-scope for this element.</sentence><return><body><div>the in-scope namespaces for an element, or null for any other kind of node.</div></body></return></comment></method><method fulltype="java.lang.String" id="getAttributeValue" type="String" visibility="public"><comment><sentence>Get the string value of a given attribute of this node</sentence><return><body><div>the attribute value if it exists, or null if it does not exist. Always returns null
 if this node is not an element.</div></body></return></comment><params><param fulltype="java.lang.String" name="uri" type="String"><body><div>the namespace URI of the attribute name. Supply the empty string for an attribute
              that is in no namespace</div></body></param><param fulltype="java.lang.String" name="local" type="String"><body><div>the local part of the attribute name.</div></body></param></params></method><method fulltype="java.lang.String" id="getBaseURI" type="String" visibility="public"><comment><body><div>Get the Base URI for the node, that is, the URI used for resolving a relative URI contained
 in the node. This will be the same as the System ID unless xml:base has been used. Where the
 node does not have a base URI of its own, the base URI of its parent node is returned.</div></body><sentence>Get the Base URI for the node, that is, the URI used for resolving a relative URI contained
 in the node.</sentence><return><body><div>the base URI of the node. This may be null if the base URI is unknown, including the case
 where the node has no parent.</div></body></return><attribute name="@since"><body><div>8.4</div></body></attribute></comment></method><method fulltype="net.sf.saxon.om.NamespaceBinding[]" id="getDeclaredNamespaces" type="NamespaceBinding[]" visibility="public"><comment><body><div>Get all namespace declarations and undeclarations defined on this element.
 <p>This method is intended primarily for internal use. User applications needing
 information about the namespace context of a node should use <code>iterateAxis(Axis.NAMESPACE)</code>.
 (However, not all implementations support the namespace axis, whereas all implementations are
 required to support this method.)</p></div></body><sentence>Get all namespace declarations and undeclarations defined on this element.</sentence><return><body><div>An array of integers representing the namespace declarations and undeclarations present on
 this element. For a node other than an element, return null. Otherwise, the returned array is a
 sequence of namespace codes, whose meaning may be interpreted by reference to the name pool. The
 top half word of each namespace code represents the prefix, the bottom half represents the URI.
 If the bottom half is zero, then this is a namespace undeclaration rather than a declaration.
 The XML namespace is never included in the list. If the supplied array is larger than required,
 then the first unused entry will be set to -1.
 <p>For a node other than an element, the method returns null.</p></div></body></return></comment><params><param fulltype="net.sf.saxon.om.NamespaceBinding[]" name="buffer" type="NamespaceBinding[]"><body><div>If this is non-null, and the result array fits in this buffer, then the result
               may overwrite the contents of this array, to avoid the cost of allocating a new array on the heap.</div></body></param></params></method><method fulltype="java.lang.String" id="getDisplayName" type="String" visibility="public"><comment><body><div>Get the display name of this node, in the form of a lexical QName.
 For elements and attributes this is [prefix:]localname.
 For unnamed nodes, it is an empty string.</div></body><sentence>Get the display name of this node, in the form of a lexical QName.</sentence><return><body><div>The display name of this node. For a node with no name, returns
 an empty string.</div></body></return></comment></method><method fulltype="org.w3c.dom.Node" id="getDomNode" type="Node" visibility="public"/><method fulltype="int" id="getFingerprint" type="int" visibility="public"><comment><body><div>Get fingerprint. The fingerprint is a coded form of the expanded name
 of the node: two nodes
 with the same name code have the same namespace URI and the same local name.
 The fingerprint contains no information about the namespace prefix. For a name
 in the null namespace, the fingerprint is the same as the name code.</div></body><sentence>Get fingerprint.</sentence><return><body><div>an integer fingerprint; two nodes with the same fingerprint have
 the same expanded QName. For unnamed nodes (text nodes, comments, document nodes,
 and namespace nodes for the default namespace), returns -1.</div></body></return><attribute name="@since"><body><div>8.4 (moved into FingerprintedNode at 9.7; then back into NodeInfo at 9.8).</div></body></attribute></comment></method><method fulltype="int" id="getLineNumber" type="int" visibility="public"><comment><body><div>Get line number. Line numbers are not maintained by default, except for
 stylesheets and schema documents. Line numbering can be requested using the
 -l option on the command line, or by setting options on the TransformerFactory
 or the Configuration before the source document is built.
 <p>The granularity of line numbering is normally the element level: for other nodes
 such as text nodes and attributes, the line number of the parent element will normally be returned.</p>
 <p>In the case of a tree constructed by taking input from a SAX parser, the line number will reflect the
 SAX rules: that is, the line number of an element is the line number where the start tag ends. This
 may be a little confusing where elements have many attributes spread over multiple lines, or where
 single attributes (as can easily happen with XSLT 2.0 stylesheets) occupy several lines.</p>
 <p>In the case of a tree constructed by a stylesheet or query, the line number may reflect the line in
 the stylesheet or query that caused the node to be constructed.</p>
 <p>The line number can be read from within an XPath expression using the Saxon extension function
 saxon:line-number()</p></div></body><sentence>Get line number.</sentence><return><body><div>the line number of the node in its original source document; or
 -1 if not available</div></body></return><attribute name="@since"><body><div>8.4</div></body></attribute></comment></method><method fulltype="java.lang.String" id="getLocalPart" type="String" visibility="public"><comment><body><div>Get the local part of the name of this node. This is the name after the ":" if any.</div></body><sentence>Get the local part of the name of this node.</sentence><return><body><div>the local part of the name. For an unnamed node, returns "". Unlike the DOM
 interface, this returns the full name in the case of a non-namespaced name.</div></body></return><attribute name="@since"><body><div>8.4</div></body></attribute></comment></method><method fulltype="int" id="getNodeKind" type="int" visibility="public"><comment><body><div>Get the kind of node. This will be a value such as <tag kind="see">net.sf.saxon.type.Type#ELEMENT</tag>
 or <tag kind="see">net.sf.saxon.type.Type#ATTRIBUTE</tag>. There are seven kinds of node: documents, elements, attributes,
 text, comments, processing-instructions, and namespaces.</div></body><sentence>Get the kind of node.</sentence><return><body><div>an integer identifying the kind of node. These integer values are the
 same as those used in the DOM</div></body></return><attribute name="@see" see="java">net.sf.saxon.type.Type</attribute><attribute name="@since"><body><div>8.4</div></body></attribute></comment></method><method final="true" fulltype="int" id="getNodeNr" type="int" visibility="public"/><method fulltype="com.saxonica.ee.domino.DominoNode" id="getParent" type="DominoNode" visibility="public"><comment><sentence>Get the NodeInfo object representing the parent of this node</sentence><return><body><div>the parent of this node; null if this node has no parent</div></body></return><attribute name="@since"><body><div>8.4</div></body></attribute></comment></method><method fulltype="java.lang.String" id="getPrefix" type="String" visibility="public"><comment><body><div>Get the prefix of the name of the node. This is defined only for elements and attributes.
 If the node has no prefix, or for other kinds of node, returns a zero-length string.</div></body><sentence>Get the prefix of the name of the node.</sentence><return><body><div>The prefix of the name of the node.</div></body></return><attribute name="@since"><body><div>8.4</div></body></attribute></comment></method><method fulltype="org.w3c.dom.Node" id="getRealNode" type="Node" visibility="public"><comment><body><div>Get the node underlying this virtual node. If this is a VirtualNode the method
 will automatically drill down through several layers of wrapping.
 <p>In some cases a single VirtualNode may represent an XPath text node that maps to a sequence
 of adjacent nodes (for example text nodes and CDATA nodes) in the underlying tree. In this case
 the first node in this sequence is returned.</p></div></body><sentence>Get the node underlying this virtual node.</sentence><return><body><div>The underlying DOM node.</div></body></return></comment></method><method fulltype="com.saxonica.ee.domino.DominoNode" id="getRoot" type="DominoNode" visibility="public"><comment><sentence>Get the root node of the tree containing this node</sentence><return><body><div>the NodeInfo representing the top-level ancestor of this node.
 This will not necessarily be a document node. If this node has no parent,
 then the method returns this node.</div></body></return><attribute name="@since"><body><div>8.4</div></body></attribute></comment></method><method fulltype="java.lang.String" id="getSystemId" type="String" visibility="public"><comment><body><div>Get the System ID for the node. Note this is not the
 same as the base URI: the base URI can be modified by xml:base, but
 the system ID cannot. The base URI is used primarily for resolving
 relative URIs within the content of the document. The system ID is
 used primarily in conjunction with a line number, for identifying the
 location of elements within the source XML, in particular when errors
 are found. For a document node, the System ID represents the value of
 the document-uri property as defined in the XDM data model.</div></body><sentence>Get the System ID for the node.</sentence><return><body><div>the System Identifier of the entity in the source document
 containing the node, or null if not known or not applicable.</div></body></return></comment></method><method fulltype="net.sf.saxon.om.TreeInfo" id="getTreeInfo" type="TreeInfo" visibility="public"><comment><sentence>Get information about the tree to which this NodeInfo belongs</sentence><return><body><div>the TreeInfo</div></body></return></comment></method><method fulltype="org.w3c.dom.Node" id="getUnderlyingNode" type="Node" visibility="public"><comment><body><div>Get the node underlying this virtual node. Note that this may itself be
 a VirtualNode; you may have to drill down through several layers of
 wrapping.
 <p>In some cases a single VirtualNode may represent an XPath text node that maps to a sequence
 of adjacent nodes (for example text nodes and CDATA nodes) in the underlying tree. In this case
 the first node in this sequence is returned.</p></div></body><sentence>Get the node underlying this virtual node.</sentence><return><body><div>The underlying DOM node.</div></body></return></comment></method><method fulltype="net.sf.saxon.str.UnicodeString" id="getUnicodeStringValue" type="UnicodeString" visibility="public"><comment><body><div>Get the string value of the item as a <tag kind="see">net.sf.saxon.str.UnicodeString</tag>. This is in some cases more efficient than
 the version of the method that returns a String. The method satisfies the rule that
 <code>X.getStringValueCS().toString()</code> returns a string that is equal to
 <code>X.getStringValue()</code>.
 <p>If the calling code can handle a UnicodeString, this method should
 be used. If the caller requires a string, the <tag kind="see">#getStringValue()</tag> method is preferred.</p></div></body><sentence>Get the string value of the item as a <tag kind="see">net.sf.saxon.str.UnicodeString</tag>.</sentence><return><body><div>the string value of the item</div></body></return><attribute name="@since"><body><div>8.4</div></body></attribute></comment></method><method fulltype="java.lang.String" id="getURI" type="String" visibility="public"><comment><body><div>Get the URI part of the name of this node. This is the URI corresponding to the
 prefix, or the URI of the default namespace if appropriate.</div></body><sentence>Get the URI part of the name of this node.</sentence><return><body><div>The URI of the namespace of this node. For an unnamed node,
 or for an element or attribute that is not in a namespace, or for a processing
 instruction, returns an empty string.</div></body></return></comment></method><method fulltype="boolean" id="hasAttributes" type="boolean" visibility="public"><comment><sentence>Ask whether the node has any attributes</sentence><return><body><div>true if this is an element node and it has one or more attributes (not counting namespace declarations)</div></body></return></comment></method><method fulltype="boolean" id="hasChildNodes" type="boolean" visibility="public"><comment><body><div>Determine whether the node has any children.
 <p>Note: the result is equivalent to
 <code>iterateAxis(Axis.CHILD).next() != null</code></p></div></body><sentence>Determine whether the node has any children.</sentence><return><body><div>True if the node has one or more children</div></body></return></comment></method><method fulltype="boolean" id="hasFingerprint" type="boolean" visibility="public"><comment><body><div>Ask whether this NodeInfo implementation holds a fingerprint identifying the name of the
 node in the NamePool. If the answer is true, then the <tag kind="see">#getFingerprint</tag> method must
 return the fingerprint of the node. If the answer is false, then the <tag kind="see">#getFingerprint</tag>
 method should throw an <tag kind="code">UnsupportedOperationException</tag>. In the case of unnamed nodes
 such as text nodes, the result can be either true (in which case getFingerprint() should
 return -1) or false (in which case getFingerprint may throw an exception).</div></body><sentence>Ask whether this NodeInfo implementation holds a fingerprint identifying the name of the
 node in the NamePool.</sentence><return><body><div>true if the implementation of this node provides fingerprints.</div></body></return></comment></method><method fulltype="boolean" id="hasNamespaces" type="boolean" visibility="public"><comment><sentence>Ask whether the node has any locally-declared namespaces</sentence><return><body><div>true if this is an element node and it has one or more locally-declared namespaces</div></body></return></comment></method><method fulltype="boolean" id="isAncestorOrSelf" type="boolean" visibility="public"><comment><sentence>Test if this node is an ancestor-or-self of another</sentence><return><body><div>true if this node is an ancestor-or-self of d</div></body></return></comment><params><param fulltype="net.sf.saxon.om.NodeInfo" name="d" type="NodeInfo"><body><div>the putative descendant-or-self node</div></body></param></params></method><method fulltype="net.sf.saxon.tree.iter.AxisIterator" id="iterateAxis" type="AxisIterator" visibility="public"><comment><sentence>Return an iteration over all the nodes reached by the given axis from this node
 that match a given NodeTest</sentence><return><body><div>an AxisIterator that delivers the nodes reached by the axis in
 turn.  The nodes are returned in axis order (document order for a forwards
 axis, reverse document order for a reverse axis).</div></body></return><attribute name="@see" see="java">net.sf.saxon.om.AxisInfo</attribute></comment><params><param fulltype="int" name="axisNumber" type="int"><body><div>an integer identifying the axis; one of the constants
                   defined in class <tag kind="see">net.sf.saxon.om.AxisInfo</tag></div></body></param><param fulltype="net.sf.saxon.pattern.NodePredicate" name="predicate" type="NodePredicate"><body><div>A condition to be satisfied by the returned nodes; nodes
                   that do not satisfy this condition are not included in the result</div></body></param></params></method><method fulltype="net.sf.saxon.s9api.Location" id="saveLocation" type="Location" visibility="public"><comment><body><div>Get an immutable copy of this Location object. By default Location objects may be mutable, so they
 should not be saved for later use. The result of this operation holds the same location information,
 but in an immutable form.</div></body><sentence>Get an immutable copy of this Location object.</sentence></comment></method><method fulltype="void" id="setParentNode" type="void" visibility="protected"><comment><body><div>Set the parent of this node. Providing this information is useful,
 if it is known, because otherwise getParent() has to search backwards
 through the document.</div></body><sentence>Set the parent of this node.</sentence></comment><params><param fulltype="com.saxonica.ee.domino.DominoNode" name="parent" type="DominoNode"><body><div>the parent of this node</div></body></param></params></method><method fulltype="void" id="setSystemId" type="void" visibility="public"><comment><body><div>Set the system identifier for this Source.
 <p>The system identifier is optional if the source does not
 get its data from a URL, but it may still be useful to provide one.
 The application can use a system identifier, for example, to resolve
 relative URIs and to include in error messages and warnings.</p></div></body><sentence>Set the system identifier for this Source.</sentence></comment><params><param fulltype="java.lang.String" name="systemId" type="String"><body><div>The system identifier as a URL string.</div></body></param></params></method></methods></class><class id="DominoTree" final="true" fulltype="com.saxonica.ee.domino.DominoTree" superclass="GenericTreeInfo" superclassfulltype="net.sf.saxon.om.GenericTreeInfo" visibility="public"><implements><interface fulltype="net.sf.saxon.tree.tiny.NodeVectorTree" type="NodeVectorTree"/></implements><extends><inherits><interface fulltype="net.sf.saxon.om.TreeInfo" type="TreeInfo"/><interface fulltype="javax.xml.transform.Source" type="Source"/></inherits><interface fulltype="net.sf.saxon.om.GenericTreeInfo" type="GenericTreeInfo"/></extends><comment><body><div>An adaptation of the TinyTree structure, used to index a DOM.
 The data structure for a DOMINO tree consists of a set of arrays,
 each containing one entry for every node other than attributes and
 namespaces. These arrays contain for each node: the node kind, the
 depth of the node in the tree, an integer fingerprint of the node
 name, various bit-significant flags, and a reference to the node
 in the DOM tree being indexed. All navigation is done using the
 DOMINO index structures, but the DOM nodes are referenced to get
 the actual data values, and a few other things like prefixes.
 Attributes are accessed entirely from the DOM structure.</div></body><sentence>An adaptation of the TinyTree structure, used to index a DOM.</sentence><attribute name="@since"><body><div>9.8</div></body></attribute></comment><fields><field fulltype="short[]" id="depth" type="short" visibility="protected"/><field fulltype="org.w3c.dom.Node[]" id="domNodes" type="Node" visibility="protected"/><field const="33554432" constexpr="33554432" final="true" fulltype="int" id="HAS_ATTRIBUTES" static="true" type="int" visibility="public"/><field const="134217728" constexpr="134217728" final="true" fulltype="int" id="HAS_CONTINUATION" static="true" type="int" visibility="public"/><field const="67108864" constexpr="67108864" final="true" fulltype="int" id="HAS_NAMESPACES" static="true" type="int" visibility="public"/><field const="16777216" constexpr="16777216" final="true" fulltype="int" id="HAS_PARENT_POINTER" static="true" type="int" visibility="public"/><field fulltype="int[]" id="nameCode" type="int" visibility="protected"/><field fulltype="int[]" id="next" type="int" visibility="protected"/><field fulltype="byte[]" id="nodeKind" type="byte" visibility="public"/><field fulltype="int" id="numberOfNodes" type="int" visibility="protected"/><field fulltype="int[]" id="prior" type="int" visibility="protected"/></fields><methods><method fulltype="net.sf.saxon.tree.iter.AxisIterator" id="getAllElements" synchronized="true" type="AxisIterator" visibility="public"><comment><body><div>Get a list of all elements with a given name. This is implemented
 as a memo function: the first time it is called for a particular
 element type, it remembers the result for next time.</div></body><sentence>Get a list of all elements with a given name.</sentence><return><body><div>an iterator over all elements with this name</div></body></return></comment><params><param fulltype="int" name="fingerprint" type="int"><body><div>the fingerprint identifying the required element name</div></body></param></params></method><method fulltype="org.w3c.dom.Node" id="getDomNode" type="Node" visibility="public"><params><param fulltype="int" name="nodeNr" type="int"/></params></method><method fulltype="int" id="getFingerprint" type="int" visibility="public"><comment><sentence>Get the fingerprint for a given node, which must be a document, element,
 text, comment, or processing instruction node</sentence><return><body><div>the fingerprint, identifying the node name in the name pool</div></body></return></comment><params><param fulltype="int" name="nodeNr" type="int"><body><div>the node number</div></body></param></params></method><method fulltype="int[]" id="getNameCodeArray" type="int[]" visibility="public"/><method fulltype="net.sf.saxon.om.NamePool" id="getNamePool" type="NamePool" visibility="public"><comment><sentence>Get the NamePool used to map element and attribute names to fingerprints</sentence><return><body><div>the name pool</div></body></return></comment></method><method final="true" fulltype="com.saxonica.ee.domino.DominoNode" id="getNode" type="DominoNode" visibility="public"><comment><sentence>Get the node at a given position in the tree</sentence><return><body><div>the node at the given position</div></body></return></comment><params><param fulltype="int" name="nr" type="int"><body><div>the node number</div></body></param></params></method><method fulltype="int" id="getNodeKind" type="int" visibility="public"><comment><sentence>Get the node kind of a given node, which must be a document, element,
 text, comment, or processing instruction node</sentence><return><body><div>the node kind</div></body></return></comment><params><param fulltype="int" name="nodeNr" type="int"><body><div>the node number</div></body></param></params></method><method fulltype="byte[]" id="getNodeKindArray" type="byte[]" visibility="public"/><method fulltype="int" id="getNumberOfNodes" type="int" visibility="public"><comment><sentence>Get the number of nodes in the tree, excluding attributes and namespace nodes</sentence><return><body><div>the number of nodes.</div></body></return></comment></method><method fulltype="com.saxonica.ee.domino.DominoNode" id="getRootNode" type="DominoNode" visibility="public"><comment><sentence>Get the root node of the tree</sentence><return><body><div>the root node</div></body></return></comment><override-of fulltype="net.sf.saxon.om.GenericTreeInfo" method="getRootNode()" type="GenericTreeInfo"/></method><method fulltype="net.sf.saxon.type.SchemaType" id="getSchemaType" type="SchemaType" visibility="public"><comment><body><div>Get the type annotation of a node. Applies only to document, element, text,
 processing instruction, and comment nodes.</div></body><sentence>Get the type annotation of a node.</sentence><return><body><div>the fingerprint of the type annotation for elements and attributes, otherwise undefined.</div></body></return></comment><params><param fulltype="int" name="nodeNr" type="int"><body><div>the node whose type annotation is required</div></body></param></params></method><method fulltype="java.lang.String[]" id="getUnparsedEntity" type="String[]" visibility="public"><comment><sentence>Get the unparsed entity with a given name</sentence><return><body><div>if the entity exists, return an array of two Strings, the first
 holding the system ID of the entity (as an absolute URI if possible),
 the second holding the public ID if there is one, or null if not.
 If the entity does not exist, the method returns null.
 Applications should be written on the assumption that this array may
 be extended in the future to provide additional information.</div></body></return></comment><override-of fulltype="net.sf.saxon.om.GenericTreeInfo" method="getUnparsedEntity(java.lang.String)" type="GenericTreeInfo"/><params><param fulltype="java.lang.String" name="name" type="String"><body><div>the name of the entity</div></body></param></params></method><method fulltype="java.util.Iterator" id="getUnparsedEntityNames" type="Iterator" visibility="public"><type fulltype="java.lang.String" type="String"/><comment><sentence>Get the list of unparsed entities defined in this document</sentence><return><body><div>an Iterator, whose items are of type String, containing the names of all
 unparsed entities defined in this document. If there are no unparsed entities or if the
 information is not available then an empty iterator is returned</div></body></return></comment><override-of fulltype="net.sf.saxon.om.GenericTreeInfo" method="getUnparsedEntityNames()" type="GenericTreeInfo"/></method><method fulltype="boolean" id="isTyped" type="boolean" visibility="public"/><method fulltype="com.saxonica.ee.domino.DominoTree" id="makeTree" static="true" type="DominoTree" visibility="public"><comment><sentence>Factory method to construct a Domino tree referencing a supplied DOM document</sentence><return><body><div>the Domino tree object</div></body></return></comment><params><param fulltype="org.w3c.dom.Document" name="doc" type="Document"><body><div>the DOM document</div></body></param><param fulltype="net.sf.saxon.Configuration" name="config" type="Configuration"><body><div>the Saxon configuration</div></body></param><param fulltype="java.lang.String" name="systemId" type="String"><body><div>the system id (base URI) of the document</div></body></param></params><exceptions><exception fulltype="net.sf.saxon.trans.XPathException" id="XPathException"><sentence>XPathException in the event of failure (for example, if there is no Saxon-EE license)</sentence></exception></exceptions></method><method fulltype="com.saxonica.ee.domino.DominoNode" id="selectID" type="DominoNode" visibility="public"><comment><sentence>Get the element with a given ID.</sentence><return><body><div>The NodeInfo (always an Element) for the given ID if one has been registered,
 otherwise null.</div></body></return></comment><override-of fulltype="net.sf.saxon.om.GenericTreeInfo" method="selectID(java.lang.String, boolean)" type="GenericTreeInfo"/><params><param fulltype="java.lang.String" name="id" type="String"><body><div>The unique ID of the required element, previously registered using registerID()</div></body></param><param fulltype="boolean" name="getParent" type="boolean"><body><div>true if the required element is the parent of the element of type ID</div></body></param></params></method><method fulltype="void" id="setCurrentNode" type="void" visibility="public"><params><param fulltype="org.w3c.dom.Node" name="node" type="Node"/></params></method></methods></class><class id="DominoTreeModel" fulltype="com.saxonica.ee.domino.DominoTreeModel" superclass="TreeModel" superclassfulltype="net.sf.saxon.om.TreeModel" visibility="public"><implements><interface fulltype="net.sf.saxon.lib.ExternalObjectModel" type="ExternalObjectModel"/></implements><extends><interface fulltype="net.sf.saxon.om.TreeModel" type="TreeModel"/></extends><comment><sentence>Tree model implementation for the DOMINO tree</sentence></comment><fields/><methods><constructor id="DominoTreeModel" visibility="public"/><method fulltype="net.sf.saxon.lib.ActiveSource" id="getActiveSource" type="ActiveSource" visibility="public"><comment><body><div>Give this ExternalObjectModel the opportunity of recognising a Source object and returning
 an ActiveSource, which will be used to send an instance of this external model to a supplied
 Receiver. The default implementation returns null.</div></body><sentence>Give this ExternalObjectModel the opportunity of recognising a Source object and returning
 an ActiveSource, which will be used to send an instance of this external model to a supplied
 Receiver.</sentence><return><body><div>an ActiveSource object if the source is recognised, or null if not</div></body></return></comment><params><param fulltype="javax.xml.transform.Source" name="supplied" type="Source"><body><div>a supplied Source</div></body></param></params></method><method fulltype="net.sf.saxon.event.Receiver" id="getDocumentBuilder" type="Receiver" visibility="public"><comment><body><div>Test whether this object model recognizes a particular kind of JAXP Result object,
 and if it does, return a Receiver that builds an instance of this data model from
 a sequence of events. If the Result is not recognised, return null.

 <p>This implementation always returns null (the Domino model is never used
 for transformation or query results)</p></div></body><sentence>Test whether this object model recognizes a particular kind of JAXP Result object,
 and if it does, return a Receiver that builds an instance of this data model from
 a sequence of events.</sentence><return><body><div>a Receiver that writes to that result, if available; or null otherwise</div></body></return></comment><params><param fulltype="javax.xml.transform.Result" name="result" type="Result"><body><div>a JAXP result object</div></body></param></params><exceptions><exception fulltype="net.sf.saxon.trans.XPathException" id="XPathException"><sentence>XPathException if any failure occurs</sentence></exception></exceptions></method><method fulltype="java.lang.String" id="getDocumentClassName" type="String" visibility="public"><comment><sentence>Get the name of a characteristic class, which, if it can be loaded, indicates that the supporting libraries
 for this object model implementation are available on the classpath</sentence><return><body><div>by convention (but not necessarily) the class that implements a document node in the relevant
 external model</div></body></return></comment></method><method fulltype="java.lang.String" id="getIdentifyingURI" type="String" visibility="public"><comment><sentence>Get the URI of the external object model as used in the JAXP factory interfaces for obtaining
 an XPath implementation</sentence></comment></method><method fulltype="com.saxonica.ee.domino.DominoTreeModel" id="getInstance" static="true" type="DominoTreeModel" visibility="public"/><method fulltype="net.sf.saxon.expr.JPConverter" id="getJPConverter" type="JPConverter" visibility="public"><comment><sentence>Get a converter from values in the external object model to XPath values.</sentence><return><body><div>a converter, if the sourceClass is recognized as belonging to this object model;
 otherwise null</div></body></return></comment><params><param fulltype="java.lang.Class" name="sourceClass" type="Class"><body><div>the class (static or dynamic) of values to be converted</div></body></param><param fulltype="net.sf.saxon.Configuration" name="config" type="Configuration"><body><div>the Saxon Configuration</div></body></param></params></method><method fulltype="java.lang.String" id="getName" type="String" visibility="public"><override-of fulltype="net.sf.saxon.om.TreeModel" method="getName()" type="TreeModel"/></method><method fulltype="net.sf.saxon.expr.PJConverter" id="getNodeListCreator" type="PJConverter" visibility="public"><comment><body><div>Get a converter that converts a sequence of XPath nodes to this model's representation
 of a node list.
 <p><i>This method is primarily for the benefit of DOM, which uses its own NodeList
 class to represent collections of nodes. Most other object models use standard
 Java collection objects such as java.util.List</i></p></div></body><sentence>Get a converter that converts a sequence of XPath nodes to this model's representation
 of a node list.</sentence><return><body><div>if the model does not recognize this node as one of its own, return null. Otherwise
 return a PJConverter that takes a list of XPath nodes (represented as NodeInfo objects) and
 returns a collection of nodes in this object model</div></body></return></comment><params><param fulltype="java.lang.Object" name="node" type="Object"><body><div>an example of the kind of node used in this model</div></body></param></params></method><method fulltype="net.sf.saxon.expr.PJConverter" id="getPJConverter" type="PJConverter" visibility="public"><comment><sentence>Get a converter from XPath values to values in the external object model</sentence><return><body><div>a converter, if the targetClass is recognized as belonging to this object model;
 otherwise null</div></body></return></comment><params><param fulltype="java.lang.Class" name="targetClass" type="Class"><type fulltype="?" type="?"/><body><div>the required class of the result of the conversion. If this class represents
                    a node or list of nodes in the external object model, the method should return a converter that takes
                    a native node or sequence of nodes as input and returns a node or sequence of nodes in the
                    external object model representation. Otherwise, it should return null.</div></body></param></params></method><method fulltype="int" id="getSymbolicValue" type="int" visibility="public"><override-of fulltype="net.sf.saxon.om.TreeModel" method="getSymbolicValue()" type="TreeModel"/></method><method fulltype="net.sf.saxon.event.Builder" id="makeBuilder" type="Builder" visibility="public"><override-of fulltype="net.sf.saxon.om.TreeModel" method="makeBuilder(net.sf.saxon.event.PipelineConfiguration)" type="TreeModel"/><params><param fulltype="net.sf.saxon.event.PipelineConfiguration" name="pipe" type="PipelineConfiguration"/></params></method><method fulltype="net.sf.saxon.om.NodeInfo" id="unravel" type="NodeInfo" visibility="public"><comment><body><div>Wrap or unwrap a node using this object model to return the corresponding Saxon node. If the supplied
 source does not belong to this object model, return null</div></body><sentence>Wrap or unwrap a node using this object model to return the corresponding Saxon node.</sentence><return><body><div>a NodeInfo corresponding to the Source, if this can be constructed; otherwise null</div></body></return></comment><params><param fulltype="javax.xml.transform.Source" name="source" type="Source"><body><div>a JAXP Source object</div></body></param><param fulltype="net.sf.saxon.Configuration" name="config" type="Configuration"><body><div>the Saxon configuration</div></body></param></params></method></methods><class id="DominoTreeModel.DominoBuilder" fulltype="com.saxonica.ee.domino.DominoTreeModel.DominoBuilder" static="true" superclass="DOMWriter" superclassfulltype="net.sf.saxon.dom.DOMWriter" visibility="public"><extends><interface fulltype="net.sf.saxon.dom.DOMWriter" type="DOMWriter"><extends><inherits><interface fulltype="net.sf.saxon.event.Receiver" type="Receiver"/></inherits><interface fulltype="net.sf.saxon.event.Builder" type="Builder"/></extends></interface></extends><comment><sentence>A Builder class for the Domino tree model</sentence></comment><fields/><methods><constructor id="DominoBuilder" visibility="public"><params><param fulltype="net.sf.saxon.event.PipelineConfiguration" name="pipe" type="PipelineConfiguration"/></params></constructor><method fulltype="net.sf.saxon.om.NodeInfo" id="getCurrentRoot" type="NodeInfo" visibility="public"><comment><body><div>Get the current root node. This will normally be a document node, but if the root of the tree
 is an element node, it can be an element.</div></body><sentence>Get the current root node.</sentence><return><body><div>the root of the tree that is currently being built, or that has been most recently built
 using this builder</div></body></return></comment><override-of fulltype="net.sf.saxon.dom.DOMWriter" method="getCurrentRoot()" type="DOMWriter"/></method></methods></class></class><class id="Erector" fulltype="com.saxonica.ee.domino.Erector" superclass="Object" superclassfulltype="java.lang.Object" visibility="public"><implements><interface fulltype="net.sf.saxon.event.Receiver" type="Receiver"/></implements><comment><sentence>This class is instantiated to build a DOMINO tree, taking a DOM Document as input; its task
 is to add the indexing information.</sentence></comment><fields><field const="10" constexpr="10" final="true" fulltype="int" id="PARENT_POINTER_INTERVAL" static="true" type="int" visibility="public"/></fields><methods><constructor id="Erector" visibility="public"><params><param fulltype="org.w3c.dom.Document" name="doc" type="Document"/><param fulltype="java.lang.String" name="systemId" type="String"/><param fulltype="net.sf.saxon.Configuration" name="config" type="Configuration"/></params></constructor><method fulltype="void" id="characters" type="void" visibility="public"><comment><sentence>Notify a text node</sentence></comment><params><param fulltype="net.sf.saxon.str.UnicodeString" name="chars" type="UnicodeString"/><param fulltype="net.sf.saxon.s9api.Location" name="locationId" type="Location"/><param fulltype="int" name="properties" type="int"/></params><exceptions><exception fulltype="net.sf.saxon.trans.XPathException" id="XPathException"/></exceptions></method><method fulltype="void" id="close" type="void" visibility="public"><exceptions><exception fulltype="net.sf.saxon.trans.XPathException" id="XPathException"/></exceptions></method><method fulltype="void" id="comment" type="void" visibility="public"><comment><sentence>Callback interface for SAX: not for application use</sentence></comment><params><param fulltype="net.sf.saxon.str.UnicodeString" name="chars" type="UnicodeString"/><param fulltype="net.sf.saxon.s9api.Location" name="locationId" type="Location"/><param fulltype="int" name="properties" type="int"/></params><exceptions><exception fulltype="net.sf.saxon.trans.XPathException" id="XPathException"/></exceptions></method><method fulltype="void" id="endDocument" type="void" visibility="public"><comment><sentence>Callback interface for SAX: not for application use</sentence></comment><exceptions><exception fulltype="net.sf.saxon.trans.XPathException" id="XPathException"/></exceptions></method><method fulltype="void" id="endElement" type="void" visibility="public"><comment><sentence>Notify the end of an element node</sentence></comment><exceptions><exception fulltype="net.sf.saxon.trans.XPathException" id="XPathException"/></exceptions></method><method fulltype="com.saxonica.ee.domino.DominoTree" id="erect" type="DominoTree" visibility="public"><exceptions><exception fulltype="net.sf.saxon.trans.XPathException" id="XPathException"/></exceptions></method><method fulltype="int" id="getCurrentDepth" type="int" visibility="public"><comment><sentence>Get the current depth in the tree</sentence><return><body><div>the current depth</div></body></return></comment></method><method fulltype="com.saxonica.ee.domino.DominoNode" id="getLastCompletedElement" type="DominoNode" visibility="public"><comment><body><div>Get the last completed element node. This is used during checking of schema assertions,
 which happens while the tree is still under construction. It is also used when copying
 accumulator values to the new tree from a streamed input. This method is called immediately after
 a call on endElement(), and it returns the element that has just ended.</div></body><sentence>Get the last completed element node.</sentence><return><body><div>the last completed element node, that is, the element whose endElement event is the most recent
 endElement event to be reported, or null if there is no such element</div></body></return></comment></method><method fulltype="net.sf.saxon.event.PipelineConfiguration" id="getPipelineConfiguration" type="PipelineConfiguration" visibility="public"><comment><sentence>Get the pipeline configuration</sentence><return><body><div>the pipeline configuration</div></body></return></comment></method><method fulltype="java.lang.String" id="getSystemId" type="String" visibility="public"><comment><sentence>Get the system identifier that was set with setSystemId.</sentence><return><body><div>The system identifier that was set with setSystemId,
 or null if setSystemId was not called.</div></body></return></comment></method><method fulltype="com.saxonica.ee.domino.DominoTree" id="getTree" type="DominoTree" visibility="public"><comment><sentence>Get the tree being built by this builder</sentence><return><body><div>the TinyTree</div></body></return></comment></method><method fulltype="int" id="makeTextNode" type="int" visibility="protected"><comment><body><div>Create a text node. Separate method so it can be overridden. If the current node
 on the tree is already a text node, the new text will be appended to it.</div></body><sentence>Create a text node.</sentence><return><body><div>the node number of the created text node, or the text node to which
 this text has been appended.</div></body></return></comment><params><param fulltype="net.sf.saxon.str.UnicodeString" name="chars" type="UnicodeString"><body><div>the contents of the text node</div></body></param></params></method><method fulltype="void" id="open" type="void" visibility="public"><comment><sentence>Open the event stream</sentence></comment></method><method fulltype="void" id="processingInstruction" type="void" visibility="public"><comment><sentence>Callback interface for SAX: not for application use</sentence></comment><params><param fulltype="java.lang.String" name="piname" type="String"/><param fulltype="net.sf.saxon.str.UnicodeString" name="remainder" type="UnicodeString"/><param fulltype="net.sf.saxon.s9api.Location" name="locationId" type="Location"/><param fulltype="int" name="properties" type="int"/></params><exceptions><exception fulltype="net.sf.saxon.trans.XPathException" id="XPathException"/></exceptions></method><method fulltype="void" id="reset" type="void" visibility="public"/><method fulltype="void" id="setPipelineConfiguration" type="void" visibility="public"><comment><sentence>Set the pipeline configuration</sentence></comment><params><param fulltype="net.sf.saxon.event.PipelineConfiguration" name="pipe" type="PipelineConfiguration"><body><div>the pipeline configuration</div></body></param></params></method><method fulltype="void" id="setSystemId" type="void" visibility="public"><comment><sentence>Set the System ID of the tree represented by this event stream</sentence></comment><params><param fulltype="java.lang.String" name="systemId" type="String"><body><div>the system ID (which is used as the base URI of the nodes
                 if there is no xml:base attribute)</div></body></param></params></method><method fulltype="void" id="setUnparsedEntity" type="void" visibility="public"><comment><sentence>Set an unparsed entity in the document</sentence></comment><params><param fulltype="java.lang.String" name="name" type="String"/><param fulltype="java.lang.String" name="uri" type="String"/><param fulltype="java.lang.String" name="publicId" type="String"/></params></method><method fulltype="void" id="startDocument" type="void" visibility="public"><comment><sentence>Write a document node to the tree</sentence></comment><params><param fulltype="int" name="properties" type="int"><body><div>any special properties of the node (none currently defined)</div></body></param></params><exceptions><exception fulltype="net.sf.saxon.trans.XPathException" id="XPathException"/></exceptions></method><method fulltype="void" id="startElement" type="void" visibility="public"><comment><sentence>Notify the start tag of an element</sentence></comment><params><param fulltype="net.sf.saxon.om.NodeName" name="elemName" type="NodeName"/><param fulltype="net.sf.saxon.type.SchemaType" name="type" type="SchemaType"/><param fulltype="net.sf.saxon.om.AttributeMap" name="attributes" type="AttributeMap"/><param fulltype="net.sf.saxon.om.NamespaceMap" name="namespaces" type="NamespaceMap"/><param fulltype="net.sf.saxon.s9api.Location" name="location" type="Location"/><param fulltype="int" name="properties" type="int"/></params><exceptions><exception fulltype="net.sf.saxon.trans.XPathException" id="XPathException"/></exceptions></method><method fulltype="boolean" id="usesTypeAnnotations" type="boolean" visibility="public"><comment><sentence>Ask whether this Receiver (or the downstream pipeline) makes any use of the type annotations
 supplied on element and attribute events</sentence><return><body><div>true if the Receiver makes any use of this information. If false, the caller
 may supply untyped nodes instead of supplying the type annotation (or conversely, it may
 avoid stripping unwanted type annotations)</div></body></return></comment></method></methods></class></package>