<?xml version="1.0" encoding="UTF-8"?><package id="com.saxonica.xsltextn.instruct"><class id="Assign" fulltype="com.saxonica.xsltextn.instruct.Assign" superclass="Instruction" superclassfulltype="net.sf.saxon.expr.instruct.Instruction" visibility="public"><implements><interface fulltype="net.sf.saxon.expr.BindingReference" type="BindingReference"/></implements><extends><inherits><interface fulltype="net.sf.saxon.expr.instruct.TailCallReturner" type="TailCallReturner"/></inherits><interface fulltype="net.sf.saxon.expr.instruct.Instruction" type="Instruction"><extends><inherits><interface fulltype="net.sf.saxon.om.IdentityComparable" type="IdentityComparable"/><interface fulltype="net.sf.saxon.expr.ExportAgent" type="ExportAgent"/><interface fulltype="net.sf.saxon.expr.Locatable" type="Locatable"/><interface fulltype="net.sf.saxon.trace.Traceable" type="Traceable"/></inherits><interface fulltype="net.sf.saxon.expr.Expression" type="Expression"/></extends></interface></extends><comment><body><div>Compiled instruction deriving from saxon:assign element in stylesheet.
 <p>The saxon:assign element has mandatory attribute name and optional attribute expr.
 It also allows xsl:extension-element-prefixes etc.</p></div></body><sentence>Compiled instruction deriving from saxon:assign element in stylesheet.</sentence></comment><fields/><methods><constructor id="Assign" visibility="public"><params><param fulltype="net.sf.saxon.expr.Expression" name="select" type="Expression"/></params></constructor><method fulltype="net.sf.saxon.expr.Expression" id="copy" type="Expression" visibility="public"><comment><body><div>Copy an expression. This makes a deep copy.</div></body><sentence>Copy an expression.</sentence><return><body><div>the copy of the original expression</div></body></return></comment><override-of fulltype="net.sf.saxon.expr.Expression" method="copy(net.sf.saxon.expr.parser.RebindingMap)" type="Expression"/><params><param fulltype="net.sf.saxon.expr.parser.RebindingMap" name="rebindings" type="RebindingMap"><body><div>variables that need to be re-bound</div></body></param></params></method><method fulltype="void" id="export" type="void" visibility="public"><comment><body><div>Diagnostic print of expression structure. The abstract expression tree
 is written to the supplied output destination.</div></body><sentence>Diagnostic print of expression structure.</sentence></comment><override-of fulltype="net.sf.saxon.expr.Expression" method="export(net.sf.saxon.trace.ExpressionPresenter)" type="Expression"/><params><param fulltype="net.sf.saxon.trace.ExpressionPresenter" name="out" type="ExpressionPresenter"/></params><exceptions><exception fulltype="net.sf.saxon.trans.XPathException" id="XPathException"/></exceptions></method><method fulltype="void" id="fixup" type="void" visibility="public"><params><param fulltype="net.sf.saxon.expr.Binding" name="binding" type="Binding"/></params></method><method fulltype="int" id="getInstructionNameCode" type="int" visibility="public"><comment><sentence>Get the name of this instruction for diagnostic and tracing purposes</sentence></comment><override-of fulltype="net.sf.saxon.expr.instruct.Instruction" method="getInstructionNameCode()" type="Instruction"/></method><method fulltype="int" id="getIntrinsicDependencies" type="int" visibility="public"><override-of fulltype="net.sf.saxon.expr.Expression" method="getIntrinsicDependencies()" type="Expression"/></method><method fulltype="net.sf.saxon.expr.Expression" id="getSelectExpr" type="Expression" visibility="public"/><method fulltype="java.lang.Iterable" id="operands" type="Iterable" visibility="public"><type fulltype="net.sf.saxon.expr.Operand" type="Operand"/><override-of fulltype="net.sf.saxon.expr.instruct.Instruction" method="operands()" type="Instruction"/></method><method fulltype="net.sf.saxon.expr.instruct.TailCall" id="processLeavingTail" type="TailCall" visibility="public"><override-of fulltype="net.sf.saxon.expr.instruct.Instruction" method="processLeavingTail(net.sf.saxon.event.Outputter, net.sf.saxon.expr.XPathContext)" type="Instruction"/><params><param fulltype="net.sf.saxon.event.Outputter" name="output" type="Outputter"/><param fulltype="net.sf.saxon.expr.XPathContext" name="context" type="XPathContext"/></params><exceptions><exception fulltype="net.sf.saxon.trans.XPathException" id="XPathException"/></exceptions></method><method fulltype="void" id="setSelectExpr" type="void" visibility="public"><params><param fulltype="net.sf.saxon.expr.Expression" name="select" type="Expression"/></params></method><method fulltype="void" id="setStaticType" type="void" visibility="public"><params><param fulltype="net.sf.saxon.value.SequenceType" name="type" type="SequenceType"/><param fulltype="net.sf.saxon.om.GroundedValue" name="constantValue" type="GroundedValue"/><param fulltype="int" name="properties" type="int"/></params></method><method fulltype="net.sf.saxon.expr.Expression" id="typeCheck" type="Expression" visibility="public"><override-of fulltype="net.sf.saxon.expr.Expression" method="typeCheck(net.sf.saxon.expr.parser.ExpressionVisitor, net.sf.saxon.expr.parser.ContextItemStaticInfo)" type="Expression"/><params><param fulltype="net.sf.saxon.expr.parser.ExpressionVisitor" name="visitor" type="ExpressionVisitor"/><param fulltype="net.sf.saxon.expr.parser.ContextItemStaticInfo" name="contextInfo" type="ContextItemStaticInfo"/></params><exceptions><exception fulltype="net.sf.saxon.trans.XPathException" id="XPathException"/></exceptions></method></methods></class><class id="DeepUpdate" fulltype="com.saxonica.xsltextn.instruct.DeepUpdate" superclass="Instruction" superclassfulltype="net.sf.saxon.expr.instruct.Instruction" visibility="public"><extends><inherits><interface fulltype="net.sf.saxon.expr.instruct.TailCallReturner" type="TailCallReturner"/></inherits><interface fulltype="net.sf.saxon.expr.instruct.Instruction" type="Instruction"><extends><inherits><interface fulltype="net.sf.saxon.om.IdentityComparable" type="IdentityComparable"/><interface fulltype="net.sf.saxon.expr.ExportAgent" type="ExportAgent"/><interface fulltype="net.sf.saxon.expr.Locatable" type="Locatable"/><interface fulltype="net.sf.saxon.trace.Traceable" type="Traceable"/></inherits><interface fulltype="net.sf.saxon.expr.Expression" type="Expression"/></extends></interface></extends><comment><sentence>Handler for saxon:deep-update elements in stylesheet.</sentence><attribute name="@since"><body><div>9.9</div></body></attribute></comment><fields/><methods><constructor id="DeepUpdate" visibility="public"><params><param fulltype="net.sf.saxon.expr.Expression" name="root" type="Expression"/><param fulltype="net.sf.saxon.expr.Expression" name="select" type="Expression"/><param fulltype="net.sf.saxon.expr.Expression" name="action" type="Expression"/></params></constructor><method fulltype="net.sf.saxon.expr.Expression" id="copy" type="Expression" visibility="public"><comment><body><div>Copy an expression. This makes a deep copy.</div></body><sentence>Copy an expression.</sentence><return><body><div>the copy of the original expression</div></body></return></comment><override-of fulltype="net.sf.saxon.expr.Expression" method="copy(net.sf.saxon.expr.parser.RebindingMap)" type="Expression"/><params><param fulltype="net.sf.saxon.expr.parser.RebindingMap" name="rebindings" type="RebindingMap"><body><div>variables that need to be re-bound</div></body></param></params></method><method fulltype="void" id="export" type="void" visibility="public"><comment><body><div>Diagnostic print of expression structure. The abstract expression tree
 is written to the supplied output destination.</div></body><sentence>Diagnostic print of expression structure.</sentence></comment><override-of fulltype="net.sf.saxon.expr.Expression" method="export(net.sf.saxon.trace.ExpressionPresenter)" type="Expression"/><params><param fulltype="net.sf.saxon.trace.ExpressionPresenter" name="out" type="ExpressionPresenter"/></params><exceptions><exception fulltype="net.sf.saxon.trans.XPathException" id="XPathException"/></exceptions></method><method fulltype="net.sf.saxon.expr.Expression" id="getActionExpression" type="Expression" visibility="public"/><method fulltype="int" id="getInstructionNameCode" type="int" visibility="public"><comment><sentence>Get the name of this instruction for diagnostic and tracing purposes</sentence><return><body><div>the string "saxon:while"</div></body></return></comment><override-of fulltype="net.sf.saxon.expr.instruct.Instruction" method="getInstructionNameCode()" type="Instruction"/></method><method fulltype="net.sf.saxon.type.ItemType" id="getItemType" type="ItemType" visibility="public"><comment><sentence>Get the item type of the items returned by evaluating this instruction</sentence><return><body><div>the static item type of the instruction</div></body></return></comment><override-of fulltype="net.sf.saxon.expr.instruct.Instruction" method="getItemType()" type="Instruction"/></method><method fulltype="net.sf.saxon.expr.Expression" id="getRootExpression" type="Expression" visibility="public"/><method fulltype="net.sf.saxon.expr.Expression" id="getSelectExpression" type="Expression" visibility="public"/><method fulltype="java.lang.Iterable" id="operands" type="Iterable" visibility="public"><type fulltype="net.sf.saxon.expr.Operand" type="Operand"/><override-of fulltype="net.sf.saxon.expr.instruct.Instruction" method="operands()" type="Instruction"/></method><method fulltype="net.sf.saxon.expr.instruct.TailCall" id="processLeavingTail" type="TailCall" visibility="public"><override-of fulltype="net.sf.saxon.expr.instruct.Instruction" method="processLeavingTail(net.sf.saxon.event.Outputter, net.sf.saxon.expr.XPathContext)" type="Instruction"/><params><param fulltype="net.sf.saxon.event.Outputter" name="output" type="Outputter"/><param fulltype="net.sf.saxon.expr.XPathContext" name="context" type="XPathContext"/></params><exceptions><exception fulltype="net.sf.saxon.trans.XPathException" id="XPathException"/></exceptions></method><method fulltype="void" id="setActionExpression" type="void" visibility="public"><params><param fulltype="net.sf.saxon.expr.Expression" name="expr" type="Expression"/></params></method><method fulltype="void" id="setRootExpression" type="void" visibility="public"><params><param fulltype="net.sf.saxon.expr.Expression" name="expr" type="Expression"/></params></method><method fulltype="void" id="setSelectExpression" type="void" visibility="public"><params><param fulltype="net.sf.saxon.expr.Expression" name="expr" type="Expression"/></params></method><method fulltype="net.sf.saxon.expr.Expression" id="typeCheck" type="Expression" visibility="public"><override-of fulltype="net.sf.saxon.expr.Expression" method="typeCheck(net.sf.saxon.expr.parser.ExpressionVisitor, net.sf.saxon.expr.parser.ContextItemStaticInfo)" type="Expression"/><params><param fulltype="net.sf.saxon.expr.parser.ExpressionVisitor" name="visitor" type="ExpressionVisitor"/><param fulltype="net.sf.saxon.expr.parser.ContextItemStaticInfo" name="contextInfo" type="ContextItemStaticInfo"/></params><exceptions><exception fulltype="net.sf.saxon.trans.XPathException" id="XPathException"/></exceptions></method></methods></class><class id="DoInstr" fulltype="com.saxonica.xsltextn.instruct.DoInstr" superclass="Instruction" superclassfulltype="net.sf.saxon.expr.instruct.Instruction" visibility="public"><extends><inherits><interface fulltype="net.sf.saxon.expr.instruct.TailCallReturner" type="TailCallReturner"/></inherits><interface fulltype="net.sf.saxon.expr.instruct.Instruction" type="Instruction"><extends><inherits><interface fulltype="net.sf.saxon.om.IdentityComparable" type="IdentityComparable"/><interface fulltype="net.sf.saxon.expr.ExportAgent" type="ExportAgent"/><interface fulltype="net.sf.saxon.expr.Locatable" type="Locatable"/><interface fulltype="net.sf.saxon.trace.Traceable" type="Traceable"/></inherits><interface fulltype="net.sf.saxon.expr.Expression" type="Expression"/></extends></interface></extends><comment><body><div>Compiled instruction deriving from saxon:do element in stylesheet.
 <p>The instruction evaluates the action expression and discards the result.</p></div></body><sentence>Compiled instruction deriving from saxon:do element in stylesheet.</sentence></comment><fields/><methods><constructor id="DoInstr" visibility="public"><params><param fulltype="net.sf.saxon.expr.Expression" name="select" type="Expression"/></params></constructor><method fulltype="net.sf.saxon.expr.Expression" id="copy" type="Expression" visibility="public"><comment><body><div>Copy an expression. This makes a deep copy.</div></body><sentence>Copy an expression.</sentence><return><body><div>the copy of the original expression</div></body></return></comment><override-of fulltype="net.sf.saxon.expr.Expression" method="copy(net.sf.saxon.expr.parser.RebindingMap)" type="Expression"/><params><param fulltype="net.sf.saxon.expr.parser.RebindingMap" name="rebindings" type="RebindingMap"><body><div>variables that need to be re-bound</div></body></param></params></method><method fulltype="void" id="export" type="void" visibility="public"><comment><body><div>Diagnostic print of expression structure. The abstract expression tree
 is written to the supplied output destination.</div></body><sentence>Diagnostic print of expression structure.</sentence></comment><override-of fulltype="net.sf.saxon.expr.Expression" method="export(net.sf.saxon.trace.ExpressionPresenter)" type="Expression"/><params><param fulltype="net.sf.saxon.trace.ExpressionPresenter" name="out" type="ExpressionPresenter"/></params><exceptions><exception fulltype="net.sf.saxon.trans.XPathException" id="XPathException"/></exceptions></method><method fulltype="net.sf.saxon.expr.Expression" id="getActionExpr" type="Expression" visibility="public"/><method fulltype="int" id="getInstructionNameCode" type="int" visibility="public"><comment><sentence>Get the name of this instruction for diagnostic and tracing purposes</sentence></comment><override-of fulltype="net.sf.saxon.expr.instruct.Instruction" method="getInstructionNameCode()" type="Instruction"/></method><method fulltype="int" id="getIntrinsicDependencies" type="int" visibility="public"><override-of fulltype="net.sf.saxon.expr.Expression" method="getIntrinsicDependencies()" type="Expression"/></method><method fulltype="java.lang.Iterable" id="operands" type="Iterable" visibility="public"><type fulltype="net.sf.saxon.expr.Operand" type="Operand"/><override-of fulltype="net.sf.saxon.expr.instruct.Instruction" method="operands()" type="Instruction"/></method><method fulltype="net.sf.saxon.expr.instruct.TailCall" id="processLeavingTail" type="TailCall" visibility="public"><override-of fulltype="net.sf.saxon.expr.instruct.Instruction" method="processLeavingTail(net.sf.saxon.event.Outputter, net.sf.saxon.expr.XPathContext)" type="Instruction"/><params><param fulltype="net.sf.saxon.event.Outputter" name="output" type="Outputter"/><param fulltype="net.sf.saxon.expr.XPathContext" name="context" type="XPathContext"/></params><exceptions><exception fulltype="net.sf.saxon.trans.XPathException" id="XPathException"/></exceptions></method></methods></class><class id="TabulateMaps" fulltype="com.saxonica.xsltextn.instruct.TabulateMaps" superclass="Instruction" superclassfulltype="net.sf.saxon.expr.instruct.Instruction" visibility="public"><extends><inherits><interface fulltype="net.sf.saxon.expr.instruct.TailCallReturner" type="TailCallReturner"/></inherits><interface fulltype="net.sf.saxon.expr.instruct.Instruction" type="Instruction"><extends><inherits><interface fulltype="net.sf.saxon.om.IdentityComparable" type="IdentityComparable"/><interface fulltype="net.sf.saxon.expr.ExportAgent" type="ExportAgent"/><interface fulltype="net.sf.saxon.expr.Locatable" type="Locatable"/><interface fulltype="net.sf.saxon.trace.Traceable" type="Traceable"/></inherits><interface fulltype="net.sf.saxon.expr.Expression" type="Expression"/></extends></interface></extends><comment><sentence>Handler for a saxon:tabulate-maps instruction in an XSLT stylesheet.</sentence><attribute name="@since"><body><div>9.9</div></body></attribute></comment><fields/><methods><constructor id="TabulateMaps" visibility="public"><comment><sentence>Create the instruction</sentence></comment><params><param fulltype="net.sf.saxon.expr.Expression" name="root" type="Expression"><body><div>the expression in the saxon:tabulate-maps/@root attribute</div></body></param><param fulltype="net.sf.saxon.expr.Expression" name="select" type="Expression"><body><div>the expression in the saxon:tabulate-maps/@select attribute</div></body></param></params></constructor><method fulltype="net.sf.saxon.expr.Expression" id="copy" type="Expression" visibility="public"><comment><body><div>Copy an expression. This makes a deep copy.</div></body><sentence>Copy an expression.</sentence><return><body><div>the copy of the original expression</div></body></return></comment><override-of fulltype="net.sf.saxon.expr.Expression" method="copy(net.sf.saxon.expr.parser.RebindingMap)" type="Expression"/><params><param fulltype="net.sf.saxon.expr.parser.RebindingMap" name="rebindings" type="RebindingMap"><body><div>variables that need to be re-bound</div></body></param></params></method><method fulltype="void" id="export" type="void" visibility="public"><comment><body><div>Diagnostic print of expression structure. The abstract expression tree
 is written to the supplied output destination.</div></body><sentence>Diagnostic print of expression structure.</sentence></comment><override-of fulltype="net.sf.saxon.expr.Expression" method="export(net.sf.saxon.trace.ExpressionPresenter)" type="Expression"/><params><param fulltype="net.sf.saxon.trace.ExpressionPresenter" name="out" type="ExpressionPresenter"/></params><exceptions><exception fulltype="net.sf.saxon.trans.XPathException" id="XPathException"/></exceptions></method><method fulltype="int" id="getInstructionNameCode" type="int" visibility="public"><comment><sentence>Get the name of this instruction for diagnostic and tracing purposes</sentence><return><body><div>the integer namecode of the QName saxon:tabulate-maps</div></body></return></comment><override-of fulltype="net.sf.saxon.expr.instruct.Instruction" method="getInstructionNameCode()" type="Instruction"/></method><method fulltype="net.sf.saxon.type.ItemType" id="getItemType" type="ItemType" visibility="public"><comment><sentence>Get the item type of the items returned by evaluating this instruction</sentence><return><body><div>the static item type of the instruction</div></body></return></comment><override-of fulltype="net.sf.saxon.expr.instruct.Instruction" method="getItemType()" type="Instruction"/></method><method fulltype="net.sf.saxon.expr.Expression" id="getRootExpression" type="Expression" visibility="public"><comment><sentence>Get the expression in the @root attribute</sentence><return><body><div>the root expression</div></body></return></comment></method><method fulltype="net.sf.saxon.expr.Expression" id="getSelectExpression" type="Expression" visibility="public"><comment><sentence>Get the expression in the @select attribute</sentence><return><body><div>the select expression</div></body></return></comment></method><method fulltype="java.lang.Iterable" id="operands" type="Iterable" visibility="public"><type fulltype="net.sf.saxon.expr.Operand" type="Operand"/><override-of fulltype="net.sf.saxon.expr.instruct.Instruction" method="operands()" type="Instruction"/></method><method fulltype="net.sf.saxon.expr.instruct.TailCall" id="processLeavingTail" type="TailCall" visibility="public"><override-of fulltype="net.sf.saxon.expr.instruct.Instruction" method="processLeavingTail(net.sf.saxon.event.Outputter, net.sf.saxon.expr.XPathContext)" type="Instruction"/><params><param fulltype="net.sf.saxon.event.Outputter" name="output" type="Outputter"/><param fulltype="net.sf.saxon.expr.XPathContext" name="context" type="XPathContext"/></params><exceptions><exception fulltype="net.sf.saxon.trans.XPathException" id="XPathException"/></exceptions></method><method fulltype="void" id="setRootExpression" type="void" visibility="public"><comment><sentence>Set the expression in the @root attribute</sentence></comment><params><param fulltype="net.sf.saxon.expr.Expression" name="expr" type="Expression"><body><div>the root expression</div></body></param></params></method><method fulltype="void" id="setSelectExpression" type="void" visibility="public"><comment><sentence>Set the expression in the @select attribute</sentence></comment><params><param fulltype="net.sf.saxon.expr.Expression" name="expr" type="Expression"><body><div>the select expression</div></body></param></params></method><method fulltype="net.sf.saxon.expr.Expression" id="typeCheck" type="Expression" visibility="public"><override-of fulltype="net.sf.saxon.expr.Expression" method="typeCheck(net.sf.saxon.expr.parser.ExpressionVisitor, net.sf.saxon.expr.parser.ContextItemStaticInfo)" type="Expression"/><params><param fulltype="net.sf.saxon.expr.parser.ExpressionVisitor" name="visitor" type="ExpressionVisitor"/><param fulltype="net.sf.saxon.expr.parser.ContextItemStaticInfo" name="contextInfo" type="ContextItemStaticInfo"/></params><exceptions><exception fulltype="net.sf.saxon.trans.XPathException" id="XPathException"/></exceptions></method></methods></class><class id="While" fulltype="com.saxonica.xsltextn.instruct.While" superclass="Instruction" superclassfulltype="net.sf.saxon.expr.instruct.Instruction" visibility="public"><extends><inherits><interface fulltype="net.sf.saxon.expr.instruct.TailCallReturner" type="TailCallReturner"/></inherits><interface fulltype="net.sf.saxon.expr.instruct.Instruction" type="Instruction"><extends><inherits><interface fulltype="net.sf.saxon.om.IdentityComparable" type="IdentityComparable"/><interface fulltype="net.sf.saxon.expr.ExportAgent" type="ExportAgent"/><interface fulltype="net.sf.saxon.expr.Locatable" type="Locatable"/><interface fulltype="net.sf.saxon.trace.Traceable" type="Traceable"/></inherits><interface fulltype="net.sf.saxon.expr.Expression" type="Expression"/></extends></interface></extends><comment><body><div>Handler for saxon:while elements in stylesheet. <br clear="none"/>
 The saxon:while element has a mandatory attribute test, a boolean expression.
 The content is output repeatedly so long as the test condition is true.</div></body><sentence>Handler for saxon:while elements in stylesheet.</sentence></comment><fields/><methods><constructor id="While" visibility="public"><params><param fulltype="net.sf.saxon.expr.Expression" name="test" type="Expression"/><param fulltype="net.sf.saxon.expr.Expression" name="action" type="Expression"/></params></constructor><method fulltype="net.sf.saxon.expr.Expression" id="copy" type="Expression" visibility="public"><comment><body><div>Copy an expression. This makes a deep copy.</div></body><sentence>Copy an expression.</sentence><return><body><div>the copy of the original expression</div></body></return></comment><override-of fulltype="net.sf.saxon.expr.Expression" method="copy(net.sf.saxon.expr.parser.RebindingMap)" type="Expression"/><params><param fulltype="net.sf.saxon.expr.parser.RebindingMap" name="rebindings" type="RebindingMap"><body><div>variables that need to be re-bound</div></body></param></params></method><method fulltype="void" id="export" type="void" visibility="public"><comment><body><div>Diagnostic print of expression structure. The abstract expression tree
 is written to the supplied output destination.</div></body><sentence>Diagnostic print of expression structure.</sentence></comment><override-of fulltype="net.sf.saxon.expr.Expression" method="export(net.sf.saxon.trace.ExpressionPresenter)" type="Expression"/><params><param fulltype="net.sf.saxon.trace.ExpressionPresenter" name="out" type="ExpressionPresenter"/></params><exceptions><exception fulltype="net.sf.saxon.trans.XPathException" id="XPathException"/></exceptions></method><method fulltype="net.sf.saxon.expr.Expression" id="getAction" type="Expression" visibility="public"/><method fulltype="net.sf.saxon.expr.Expression" id="getActionExpression" type="Expression" visibility="public"><comment><sentence>Get the action expression (the content of the for-each)</sentence></comment></method><method fulltype="int" id="getInstructionNameCode" type="int" visibility="public"><comment><sentence>Get the name of this instruction for diagnostic and tracing purposes</sentence><return><body><div>the string "saxon:while"</div></body></return></comment><override-of fulltype="net.sf.saxon.expr.instruct.Instruction" method="getInstructionNameCode()" type="Instruction"/></method><method fulltype="net.sf.saxon.type.ItemType" id="getItemType" type="ItemType" visibility="public"><comment><sentence>Get the item type of the items returned by evaluating this instruction</sentence><return><body><div>the static item type of the instruction</div></body></return></comment><override-of fulltype="net.sf.saxon.expr.instruct.Instruction" method="getItemType()" type="Instruction"/></method><method fulltype="net.sf.saxon.expr.Expression" id="getTest" type="Expression" visibility="public"/><method final="true" fulltype="boolean" id="mayCreateNewNodes" type="boolean" visibility="public"><comment><body><div>Determine whether this instruction creates new nodes.
 This implementation returns true if the "action" creates new nodes.
 (Nodes created by the condition can't contribute to the result).</div></body><sentence>Determine whether this instruction creates new nodes.</sentence></comment><override-of fulltype="net.sf.saxon.expr.instruct.Instruction" method="mayCreateNewNodes()" type="Instruction"/></method><method fulltype="java.lang.Iterable" id="operands" type="Iterable" visibility="public"><type fulltype="net.sf.saxon.expr.Operand" type="Operand"/><override-of fulltype="net.sf.saxon.expr.instruct.Instruction" method="operands()" type="Instruction"/></method><method fulltype="net.sf.saxon.expr.instruct.TailCall" id="processLeavingTail" type="TailCall" visibility="public"><override-of fulltype="net.sf.saxon.expr.instruct.Instruction" method="processLeavingTail(net.sf.saxon.event.Outputter, net.sf.saxon.expr.XPathContext)" type="Instruction"/><params><param fulltype="net.sf.saxon.event.Outputter" name="output" type="Outputter"/><param fulltype="net.sf.saxon.expr.XPathContext" name="context" type="XPathContext"/></params><exceptions><exception fulltype="net.sf.saxon.trans.XPathException" id="XPathException"/></exceptions></method><method fulltype="void" id="setAction" type="void" visibility="public"><params><param fulltype="net.sf.saxon.expr.Expression" name="action" type="Expression"/></params></method><method fulltype="void" id="setTest" type="void" visibility="public"><params><param fulltype="net.sf.saxon.expr.Expression" name="test" type="Expression"/></params></method></methods></class></package>