<?xml version="1.0" encoding="UTF-8"?><package id="com.saxonica.serialize"><class id="AttributeSorter" fulltype="com.saxonica.serialize.AttributeSorter" superclass="ProxyReceiver" superclassfulltype="net.sf.saxon.event.ProxyReceiver" visibility="public"><extends><interface fulltype="net.sf.saxon.event.ProxyReceiver" type="ProxyReceiver"><extends><inherits><interface fulltype="net.sf.saxon.event.Receiver" type="Receiver"/></inherits><interface fulltype="net.sf.saxon.event.SequenceReceiver" type="SequenceReceiver"/></extends></interface></extends><comment><sentence>AttributeSorter: This filter sorts attributes into the order requested using the
 saxon:attribute-order serialization property</sentence></comment><fields/><methods><constructor id="AttributeSorter" visibility="public"><comment><sentence>Create an attribute sorter</sentence></comment><params><param fulltype="net.sf.saxon.event.Receiver" name="next" type="Receiver"><body><div>the next receiver in the pipeline</div></body></param></params></constructor><method fulltype="void" id="setOutputProperties" type="void" visibility="public"><comment><sentence>Set the properties for this attribute sorter</sentence></comment><params><param fulltype="java.util.Properties" name="details" type="Properties"><body><div>the output properties</div></body></param></params></method><method fulltype="void" id="startElement" type="void" visibility="public"><comment><sentence>Notify the start of an element</sentence></comment><override-of fulltype="net.sf.saxon.event.ProxyReceiver" method="startElement(net.sf.saxon.om.NodeName, net.sf.saxon.type.SchemaType, net.sf.saxon.om.AttributeMap, net.sf.saxon.om.NamespaceMap, net.sf.saxon.s9api.Location, int)" type="ProxyReceiver"/><params><param fulltype="net.sf.saxon.om.NodeName" name="elemName" type="NodeName"/><param fulltype="net.sf.saxon.type.SchemaType" name="type" type="SchemaType"/><param fulltype="net.sf.saxon.om.AttributeMap" name="attributesIn" type="AttributeMap"/><param fulltype="net.sf.saxon.om.NamespaceMap" name="namespaces" type="NamespaceMap"/><param fulltype="net.sf.saxon.s9api.Location" name="location" type="Location"/><param fulltype="int" name="properties" type="int"/></params><exceptions><exception fulltype="net.sf.saxon.trans.XPathException" id="XPathException"/></exceptions></method></methods></class><class id="Base64BinaryEmitter" fulltype="com.saxonica.serialize.Base64BinaryEmitter" superclass="BinaryEmitter" superclassfulltype="com.saxonica.serialize.BinaryEmitter" visibility="public"><extends><interface fulltype="com.saxonica.serialize.BinaryEmitter" type="BinaryEmitter"><extends><inherits><interface fulltype="net.sf.saxon.event.ReceiverWithOutputProperties" type="ReceiverWithOutputProperties"/></inherits><interface fulltype="net.sf.saxon.serialize.Emitter" type="Emitter"><extends><inherits><interface fulltype="net.sf.saxon.event.Receiver" type="Receiver"/></inherits><interface fulltype="net.sf.saxon.event.SequenceReceiver" type="SequenceReceiver"/></extends></interface></extends></interface></extends><comment><body><div>This emitter implements output method saxon:base64Binary. All nodes in the result tree other than text
 nodes are ignored. Text nodes are required to be in the lexical space of base64binary, and are serialized
 by writing the corresponding octets to the output file. All other serialization parameters are ignored</div></body><sentence>This emitter implements output method saxon:base64Binary.</sentence></comment><fields/><methods><constructor id="Base64BinaryEmitter" visibility="public"><params><param fulltype="javax.xml.transform.stream.StreamResult" name="stream" type="StreamResult"/><param fulltype="net.sf.saxon.event.PipelineConfiguration" name="pipe" type="PipelineConfiguration"/></params><exceptions><exception fulltype="net.sf.saxon.trans.XPathException" id="XPathException"/></exceptions></constructor><method fulltype="byte[]" id="textNodeToBinary" type="byte[]" visibility="protected"><override-of fulltype="com.saxonica.serialize.BinaryEmitter" method="textNodeToBinary(net.sf.saxon.str.UnicodeString)" type="BinaryEmitter"/><params><param fulltype="net.sf.saxon.str.UnicodeString" name="chars" type="UnicodeString"/></params><exceptions><exception fulltype="net.sf.saxon.trans.XPathException" id="XPathException"/></exceptions></method></methods></class><class id="BinaryEmitter" abstract="true" fulltype="com.saxonica.serialize.BinaryEmitter" superclass="Emitter" superclassfulltype="net.sf.saxon.serialize.Emitter" visibility="public"><extends><inherits><interface fulltype="net.sf.saxon.event.ReceiverWithOutputProperties" type="ReceiverWithOutputProperties"/></inherits><interface fulltype="net.sf.saxon.serialize.Emitter" type="Emitter"><extends><inherits><interface fulltype="net.sf.saxon.event.Receiver" type="Receiver"/></inherits><interface fulltype="net.sf.saxon.event.SequenceReceiver" type="SequenceReceiver"/></extends></interface></extends><comment><sentence>This is an abstract superclass for the two binary output methods saxon:base64Binary and saxon:hexBinary.</sentence></comment><fields><field fulltype="java.io.OutputStream" id="outputStream" type="OutputStream" visibility="protected"/></fields><methods><constructor id="BinaryEmitter" visibility="public"><params><param fulltype="javax.xml.transform.stream.StreamResult" name="streamResult" type="StreamResult"/><param fulltype="net.sf.saxon.event.PipelineConfiguration" name="pipe" type="PipelineConfiguration"/></params><exceptions><exception fulltype="net.sf.saxon.trans.XPathException" id="XPathException"/></exceptions></constructor><method fulltype="void" id="characters" type="void" visibility="public"><params><param fulltype="net.sf.saxon.str.UnicodeString" name="chars" type="UnicodeString"/><param fulltype="net.sf.saxon.s9api.Location" name="locationId" type="Location"/><param fulltype="int" name="properties" type="int"/></params><exceptions><exception fulltype="net.sf.saxon.trans.XPathException" id="XPathException"/></exceptions></method><method fulltype="void" id="close" type="void" visibility="public"><comment><sentence>Notify the end of the event stream</sentence></comment><override-of fulltype="net.sf.saxon.serialize.Emitter" method="close()" type="Emitter"/><exceptions><exception fulltype="net.sf.saxon.trans.XPathException" id="XPathException"><sentence>XPathException if an error occurs</sentence></exception></exceptions></method><method fulltype="void" id="comment" type="void" visibility="public"><params><param fulltype="net.sf.saxon.str.UnicodeString" name="content" type="UnicodeString"/><param fulltype="net.sf.saxon.s9api.Location" name="locationId" type="Location"/><param fulltype="int" name="properties" type="int"/></params><exceptions><exception fulltype="net.sf.saxon.trans.XPathException" id="XPathException"/></exceptions></method><method fulltype="void" id="endDocument" type="void" visibility="public"><exceptions><exception fulltype="net.sf.saxon.trans.XPathException" id="XPathException"/></exceptions></method><method fulltype="void" id="endElement" type="void" visibility="public"><exceptions><exception fulltype="net.sf.saxon.trans.XPathException" id="XPathException"/></exceptions></method><method fulltype="java.io.OutputStream" id="makeOutputStream" type="OutputStream" visibility="protected"><params><param fulltype="javax.xml.transform.stream.StreamResult" name="streamResult" type="StreamResult"/></params><exceptions><exception fulltype="net.sf.saxon.trans.XPathException" id="XPathException"/></exceptions></method><method fulltype="void" id="open" type="void" visibility="public"><override-of fulltype="net.sf.saxon.event.SequenceReceiver" method="open()" type="SequenceReceiver"/><exceptions><exception fulltype="net.sf.saxon.trans.XPathException" id="XPathException"/></exceptions></method><method fulltype="void" id="processingInstruction" type="void" visibility="public"><params><param fulltype="java.lang.String" name="name" type="String"/><param fulltype="net.sf.saxon.str.UnicodeString" name="data" type="UnicodeString"/><param fulltype="net.sf.saxon.s9api.Location" name="locationId" type="Location"/><param fulltype="int" name="properties" type="int"/></params><exceptions><exception fulltype="net.sf.saxon.trans.XPathException" id="XPathException"/></exceptions></method><method fulltype="void" id="startDocument" type="void" visibility="public"><params><param fulltype="int" name="properties" type="int"/></params><exceptions><exception fulltype="net.sf.saxon.trans.XPathException" id="XPathException"/></exceptions></method><method fulltype="void" id="startElement" type="void" visibility="public"><params><param fulltype="net.sf.saxon.om.NodeName" name="elemName" type="NodeName"/><param fulltype="net.sf.saxon.type.SchemaType" name="type" type="SchemaType"/><param fulltype="net.sf.saxon.om.AttributeMap" name="attributes" type="AttributeMap"/><param fulltype="net.sf.saxon.om.NamespaceMap" name="namespaces" type="NamespaceMap"/><param fulltype="net.sf.saxon.s9api.Location" name="location" type="Location"/><param fulltype="int" name="properties" type="int"/></params><exceptions><exception fulltype="net.sf.saxon.trans.XPathException" id="XPathException"/></exceptions></method><method abstract="true" fulltype="byte[]" id="textNodeToBinary" type="byte[]" visibility="protected"><params><param fulltype="net.sf.saxon.str.UnicodeString" name="chars" type="UnicodeString"/></params><exceptions><exception fulltype="net.sf.saxon.trans.XPathException" id="XPathException"/></exceptions></method><method fulltype="boolean" id="usesTypeAnnotations" type="boolean" visibility="public"><override-of fulltype="net.sf.saxon.serialize.Emitter" method="usesTypeAnnotations()" type="Emitter"/></method></methods><subclasses><class fulltype="com.saxonica.serialize.Base64BinaryEmitter" type="Base64BinaryEmitter"/><class fulltype="com.saxonica.serialize.HexBinaryEmitter" type="HexBinaryEmitter"/></subclasses></class><class id="DecimalCharacterReferenceGenerator" fulltype="com.saxonica.serialize.DecimalCharacterReferenceGenerator" superclass="Object" superclassfulltype="java.lang.Object" visibility="public"><implements><interface fulltype="net.sf.saxon.serialize.CharacterReferenceGenerator" type="CharacterReferenceGenerator"/></implements><comment><sentence>A class that represents a character as a decimal character reference and writes
 the result to a supplied Writer.</sentence></comment><fields><field final="true" fulltype="com.saxonica.serialize.DecimalCharacterReferenceGenerator" id="THE_INSTANCE" static="true" type="DecimalCharacterReferenceGenerator" visibility="public"/></fields><methods><method fulltype="void" id="outputCharacterReference" type="void" visibility="public"><params><param fulltype="int" name="charval" type="int"/><param fulltype="net.sf.saxon.str.UnicodeWriter" name="writer" type="UnicodeWriter"/></params><exceptions><exception fulltype="java.io.IOException" id="IOException"/></exceptions></method></methods></class><class id="HexBinaryEmitter" fulltype="com.saxonica.serialize.HexBinaryEmitter" superclass="BinaryEmitter" superclassfulltype="com.saxonica.serialize.BinaryEmitter" visibility="public"><extends><interface fulltype="com.saxonica.serialize.BinaryEmitter" type="BinaryEmitter"><extends><inherits><interface fulltype="net.sf.saxon.event.ReceiverWithOutputProperties" type="ReceiverWithOutputProperties"/></inherits><interface fulltype="net.sf.saxon.serialize.Emitter" type="Emitter"><extends><inherits><interface fulltype="net.sf.saxon.event.Receiver" type="Receiver"/></inherits><interface fulltype="net.sf.saxon.event.SequenceReceiver" type="SequenceReceiver"/></extends></interface></extends></interface></extends><comment><body><div>This emitter implements output method saxon:hexBinary. All nodes in the result tree other than text
 nodes are ignored. Text nodes are required to be in the lexical space of base64binary, and are serialized
 by writing the corresponding octets to the output file. All other serialization parameters are ignored</div></body><sentence>This emitter implements output method saxon:hexBinary.</sentence></comment><fields/><methods><constructor id="HexBinaryEmitter" visibility="public"><params><param fulltype="javax.xml.transform.stream.StreamResult" name="stream" type="StreamResult"/><param fulltype="net.sf.saxon.event.PipelineConfiguration" name="pipe" type="PipelineConfiguration"/></params><exceptions><exception fulltype="net.sf.saxon.trans.XPathException" id="XPathException"/></exceptions></constructor><method fulltype="byte[]" id="textNodeToBinary" type="byte[]" visibility="protected"><override-of fulltype="com.saxonica.serialize.BinaryEmitter" method="textNodeToBinary(net.sf.saxon.str.UnicodeString)" type="BinaryEmitter"/><params><param fulltype="net.sf.saxon.str.UnicodeString" name="chars" type="UnicodeString"/></params><exceptions><exception fulltype="net.sf.saxon.trans.XPathException" id="XPathException"/></exceptions></method></methods></class><class id="HTMLEntityReferenceGenerator" fulltype="com.saxonica.serialize.HTMLEntityReferenceGenerator" superclass="Object" superclassfulltype="java.lang.Object" visibility="public"><implements><interface fulltype="net.sf.saxon.serialize.CharacterReferenceGenerator" type="CharacterReferenceGenerator"/></implements><comment><sentence>A class that represents a character as a decimal character reference and writes
 the result to a supplied Writer.</sentence></comment><fields><field final="true" fulltype="com.saxonica.serialize.HTMLEntityReferenceGenerator" id="DECIMAL" static="true" type="HTMLEntityReferenceGenerator" visibility="public"/><field final="true" fulltype="com.saxonica.serialize.HTMLEntityReferenceGenerator" id="HEX" static="true" type="HTMLEntityReferenceGenerator" visibility="public"/></fields><methods><method fulltype="void" id="outputCharacterReference" type="void" visibility="public"><params><param fulltype="int" name="c" type="int"/><param fulltype="net.sf.saxon.str.UnicodeWriter" name="writer" type="UnicodeWriter"/></params><exceptions><exception fulltype="java.io.IOException" id="IOException"/></exceptions></method></methods></class><class id="HTMLIndenterPE" fulltype="com.saxonica.serialize.HTMLIndenterPE" superclass="HTMLIndenter" superclassfulltype="net.sf.saxon.serialize.HTMLIndenter" visibility="public"><extends><interface fulltype="net.sf.saxon.serialize.HTMLIndenter" type="HTMLIndenter"><extends><interface fulltype="net.sf.saxon.event.ProxyReceiver" type="ProxyReceiver"><extends><inherits><interface fulltype="net.sf.saxon.event.Receiver" type="Receiver"/></inherits><interface fulltype="net.sf.saxon.event.SequenceReceiver" type="SequenceReceiver"/></extends></interface></extends></interface></extends><comment><sentence>HTMLIndenter with extra functionality used by Saxon-PE and Saxon-EE</sentence></comment><fields/><methods><constructor id="HTMLIndenterPE" visibility="public"><params><param fulltype="net.sf.saxon.event.Receiver" name="next" type="Receiver"/><param fulltype="java.lang.String" name="method" type="String"/></params></constructor><method fulltype="int" id="getIndentation" type="int" visibility="protected"><override-of fulltype="net.sf.saxon.serialize.HTMLIndenter" method="getIndentation()" type="HTMLIndenter"/></method><method fulltype="int" id="getLineLength" type="int" visibility="protected"><override-of fulltype="net.sf.saxon.serialize.HTMLIndenter" method="getLineLength()" type="HTMLIndenter"/></method><method fulltype="void" id="setOutputProperties" type="void" visibility="public"><comment><sentence>Set the properties for this indenter</sentence></comment><override-of fulltype="net.sf.saxon.serialize.HTMLIndenter" method="setOutputProperties(java.util.Properties)" type="HTMLIndenter"/><params><param fulltype="java.util.Properties" name="props" type="Properties"><body><div>the serialization properties</div></body></param></params></method></methods></class><class id="OuterNewlineInserter" fulltype="com.saxonica.serialize.OuterNewlineInserter" superclass="ProxyReceiver" superclassfulltype="net.sf.saxon.event.ProxyReceiver" visibility="public"><extends><interface fulltype="net.sf.saxon.event.ProxyReceiver" type="ProxyReceiver"><extends><inherits><interface fulltype="net.sf.saxon.event.Receiver" type="Receiver"/></inherits><interface fulltype="net.sf.saxon.event.SequenceReceiver" type="SequenceReceiver"/></extends></interface></extends><comment><body><div>OuterNewlineInserter: This ProxyReceiver inserts a newline after any comment or PI child of the document
 node that precedes the first element child, and before any comment or PI child that follows the first
 element child. This action is currently invoked only when saxon:canonical=yes is requested, though it
 could in principle be made available as a free-standing option.</div></body><sentence>OuterNewlineInserter: This ProxyReceiver inserts a newline after any comment or PI child of the document
 node that precedes the first element child, and before any comment or PI child that follows the first
 element child.</sentence></comment><fields/><methods><constructor id="OuterNewlineInserter" visibility="public"><comment><sentence>Create an XML Indenter</sentence></comment><params><param fulltype="net.sf.saxon.serialize.XMLEmitter" name="next" type="XMLEmitter"><body><div>the next receiver in the pipeline, always an XMLEmitter</div></body></param></params></constructor><method fulltype="void" id="comment" type="void" visibility="public"><comment><sentence>Output a comment</sentence></comment><override-of fulltype="net.sf.saxon.event.ProxyReceiver" method="comment(net.sf.saxon.str.UnicodeString, net.sf.saxon.s9api.Location, int)" type="ProxyReceiver"/><params><param fulltype="net.sf.saxon.str.UnicodeString" name="chars" type="UnicodeString"/><param fulltype="net.sf.saxon.s9api.Location" name="locationId" type="Location"/><param fulltype="int" name="properties" type="int"/></params><exceptions><exception fulltype="net.sf.saxon.trans.XPathException" id="XPathException"/></exceptions></method><method fulltype="void" id="endElement" type="void" visibility="public"><comment><sentence>Output element end tag</sentence></comment><override-of fulltype="net.sf.saxon.event.ProxyReceiver" method="endElement()" type="ProxyReceiver"/><exceptions><exception fulltype="net.sf.saxon.trans.XPathException" id="XPathException"/></exceptions></method><method fulltype="void" id="open" type="void" visibility="public"><comment><sentence>Start of document</sentence></comment><override-of fulltype="net.sf.saxon.event.ProxyReceiver" method="open()" type="ProxyReceiver"/><exceptions><exception fulltype="net.sf.saxon.trans.XPathException" id="XPathException"/></exceptions></method><method fulltype="void" id="processingInstruction" type="void" visibility="public"><comment><sentence>Output a processing instruction</sentence></comment><override-of fulltype="net.sf.saxon.event.ProxyReceiver" method="processingInstruction(java.lang.String, net.sf.saxon.str.UnicodeString, net.sf.saxon.s9api.Location, int)" type="ProxyReceiver"/><params><param fulltype="java.lang.String" name="target" type="String"/><param fulltype="net.sf.saxon.str.UnicodeString" name="data" type="UnicodeString"/><param fulltype="net.sf.saxon.s9api.Location" name="locationId" type="Location"/><param fulltype="int" name="properties" type="int"/></params><exceptions><exception fulltype="net.sf.saxon.trans.XPathException" id="XPathException"/></exceptions></method><method fulltype="void" id="startElement" type="void" visibility="public"><comment><sentence>Output element start tag</sentence></comment><override-of fulltype="net.sf.saxon.event.ProxyReceiver" method="startElement(net.sf.saxon.om.NodeName, net.sf.saxon.type.SchemaType, net.sf.saxon.om.AttributeMap, net.sf.saxon.om.NamespaceMap, net.sf.saxon.s9api.Location, int)" type="ProxyReceiver"/><params><param fulltype="net.sf.saxon.om.NodeName" name="elemName" type="NodeName"/><param fulltype="net.sf.saxon.type.SchemaType" name="type" type="SchemaType"/><param fulltype="net.sf.saxon.om.AttributeMap" name="attributes" type="AttributeMap"/><param fulltype="net.sf.saxon.om.NamespaceMap" name="namespaces" type="NamespaceMap"/><param fulltype="net.sf.saxon.s9api.Location" name="location" type="Location"/><param fulltype="int" name="properties" type="int"/></params><exceptions><exception fulltype="net.sf.saxon.trans.XPathException" id="XPathException"/></exceptions></method></methods></class><class id="SerializerFactoryPE" fulltype="com.saxonica.serialize.SerializerFactoryPE" superclass="SerializerFactory" superclassfulltype="net.sf.saxon.lib.SerializerFactory" visibility="public"><extends><interface fulltype="net.sf.saxon.lib.SerializerFactory" type="SerializerFactory"/></extends><comment><sentence>Saxon-PE extensions to the serializer factory</sentence></comment><fields/><methods><constructor id="SerializerFactoryPE" visibility="public"><params><param fulltype="com.saxonica.config.ProfessionalConfiguration" name="config" type="ProfessionalConfiguration"/></params></constructor><method fulltype="net.sf.saxon.event.Receiver" id="addTextOutputFilter" type="Receiver" visibility="public"><comment><body><div>Add a filter to the text output method pipeline. This does nothing unless overridden
 in a superclass</div></body><sentence>Add a filter to the text output method pipeline.</sentence><return><body><div>the receiver to be used in place of the "next" receiver</div></body></return></comment><override-of fulltype="net.sf.saxon.lib.SerializerFactory" method="addTextOutputFilter(net.sf.saxon.event.Receiver, java.util.Properties)" type="SerializerFactory"/><params><param fulltype="net.sf.saxon.event.Receiver" name="next" type="Receiver"><body><div>the next receiver (typically the TextEmitter)</div></body></param><param fulltype="java.util.Properties" name="properties" type="Properties"><body><div>the output properties</div></body></param></params><exceptions><exception fulltype="net.sf.saxon.trans.XPathException" id="XPathException"/></exceptions></method><method fulltype="void" id="checkExtensions" type="void" visibility="protected"><override-of fulltype="net.sf.saxon.lib.SerializerFactory" method="checkExtensions(java.lang.String)" type="SerializerFactory"/><params><param fulltype="java.lang.String" name="key" type="String"/></params></method><method fulltype="java.lang.String" id="checkOutputProperty" type="String" visibility="public"><comment><sentence>Check that a supplied output property is valid, and normalize the value (specifically in the case of boolean
 values where yes|true|1 are normalized to "yes", and no|false|0 are normalized to "no").</sentence><return><body><div>normalized value of the property, or null if the supplied value is null</div></body></return></comment><override-of fulltype="net.sf.saxon.lib.SerializerFactory" method="checkOutputProperty(java.lang.String, java.lang.String)" type="SerializerFactory"/><params><param fulltype="java.lang.String" name="key" type="String"><body><div>the name of the property, in Clark format</div></body></param><param fulltype="java.lang.String" name="value" type="String"><body><div>the value of the property. This may be set to null, in which case no validation takes place.
                The value must be in JAXP format, that is, with lexical QNames expanded to Clark names</div></body></param></params><exceptions><exception fulltype="net.sf.saxon.trans.XPathException" id="XPathException"><sentence>XPathException if the property name or value is invalid</sentence></exception></exceptions></method><method fulltype="net.sf.saxon.event.SequenceReceiver" id="createSaxonSerializationMethod" type="SequenceReceiver" visibility="protected"><override-of fulltype="net.sf.saxon.lib.SerializerFactory" method="createSaxonSerializationMethod(java.lang.String, net.sf.saxon.serialize.SerializationProperties, net.sf.saxon.event.PipelineConfiguration, net.sf.saxon.serialize.CharacterMapExpander, net.sf.saxon.event.ProxyReceiver, net.sf.saxon.serialize.ExpandedStreamResult, javax.xml.transform.Result)" type="SerializerFactory"/><params><param fulltype="java.lang.String" name="method" type="String"/><param fulltype="net.sf.saxon.serialize.SerializationProperties" name="serProps" type="SerializationProperties"/><param fulltype="net.sf.saxon.event.PipelineConfiguration" name="pipe" type="PipelineConfiguration"/><param fulltype="net.sf.saxon.serialize.CharacterMapExpander" name="characterMapExpander" type="CharacterMapExpander"/><param fulltype="net.sf.saxon.event.ProxyReceiver" name="normalizer" type="ProxyReceiver"/><param fulltype="net.sf.saxon.serialize.ExpandedStreamResult" name="expandedResult" type="ExpandedStreamResult"/><param fulltype="javax.xml.transform.Result" name="result" type="Result"/></params><exceptions><exception fulltype="net.sf.saxon.trans.XPathException" id="XPathException"/></exceptions></method><method fulltype="java.util.Comparator" id="getPropertySorter" type="Comparator" visibility="protected"><type fulltype="net.sf.saxon.value.AtomicValue" type="AtomicValue"/><comment><sentence>Get a Comparator that sorts key values in a map into the order implied by the
 serialization property saxon:property-order</sentence><return><body><div>a Comparator that implements the requested property order</div></body></return></comment><override-of fulltype="net.sf.saxon.lib.SerializerFactory" method="getPropertySorter(java.lang.String)" type="SerializerFactory"/><params><param fulltype="java.lang.String" name="propertyOrder" type="String"><body><div>the value of the saxon:property-order serialization property</div></body></param></params></method><method fulltype="net.sf.saxon.event.ProxyReceiver" id="newAttributeSorter" type="ProxyReceiver" visibility="protected"><comment><body><div>Create a new AttributeSorter, responsible for sorting of attributes into a specified order.
 This method exists so that it can be overridden in a subclass.</div></body><sentence>Create a new AttributeSorter, responsible for sorting of attributes into a specified order.</sentence><return><body><div>the newly created attribute sorter.</div></body></return></comment><override-of fulltype="net.sf.saxon.lib.SerializerFactory" method="newAttributeSorter(net.sf.saxon.event.Receiver, java.util.Properties)" type="SerializerFactory"/><params><param fulltype="net.sf.saxon.event.Receiver" name="next" type="Receiver"><body><div>the next receiver in the pipeline</div></body></param><param fulltype="java.util.Properties" name="outputProperties" type="Properties"><body><div>the serialization parameters</div></body></param></params></method><method fulltype="net.sf.saxon.serialize.Emitter" id="newHTMLEmitter" type="Emitter" visibility="protected"><override-of fulltype="net.sf.saxon.lib.SerializerFactory" method="newHTMLEmitter(java.util.Properties)" type="SerializerFactory"/><params><param fulltype="java.util.Properties" name="properties" type="Properties"/></params></method><method fulltype="net.sf.saxon.event.ProxyReceiver" id="newHTMLIndenter" type="ProxyReceiver" visibility="protected"><override-of fulltype="net.sf.saxon.lib.SerializerFactory" method="newHTMLIndenter(net.sf.saxon.event.Receiver, java.util.Properties)" type="SerializerFactory"/><params><param fulltype="net.sf.saxon.event.Receiver" name="next" type="Receiver"/><param fulltype="java.util.Properties" name="outputProperties" type="Properties"/></params></method><method fulltype="net.sf.saxon.event.Receiver" id="newNamespaceSorter" type="Receiver" visibility="protected"><comment><sentence>Create a new NamespaceSorter, responsible for sorting of namespaces into a specified order.</sentence><return><body><div>the newly created filter.</div></body></return></comment><override-of fulltype="net.sf.saxon.lib.SerializerFactory" method="newNamespaceSorter(net.sf.saxon.event.Receiver, java.util.Properties)" type="SerializerFactory"/><params><param fulltype="net.sf.saxon.event.Receiver" name="next" type="Receiver"><body><div>the next receiver in the pipeline</div></body></param><param fulltype="java.util.Properties" name="outputProperties" type="Properties"><body><div>the serialization parameters</div></body></param></params></method><method fulltype="net.sf.saxon.serialize.Emitter" id="newXHTMLEmitter" type="Emitter" visibility="protected"><comment><body><div>Create a new XHTML Emitter. This method exists so that it can be overridden in a subclass.</div></body><sentence>Create a new XHTML Emitter.</sentence><return><body><div>the newly created XHTML emitter.</div></body></return></comment><override-of fulltype="net.sf.saxon.lib.SerializerFactory" method="newXHTMLEmitter(java.util.Properties)" type="SerializerFactory"/><params><param fulltype="java.util.Properties" name="properties" type="Properties"><body><div>the output properties</div></body></param></params></method><method fulltype="net.sf.saxon.event.ProxyReceiver" id="newXHTMLIndenter" type="ProxyReceiver" visibility="protected"><override-of fulltype="net.sf.saxon.lib.SerializerFactory" method="newXHTMLIndenter(net.sf.saxon.event.Receiver, java.util.Properties)" type="SerializerFactory"/><params><param fulltype="net.sf.saxon.event.Receiver" name="next" type="Receiver"/><param fulltype="java.util.Properties" name="outputProperties" type="Properties"/></params></method><method fulltype="net.sf.saxon.serialize.Emitter" id="newXMLEmitter" type="Emitter" visibility="protected"><override-of fulltype="net.sf.saxon.lib.SerializerFactory" method="newXMLEmitter(java.util.Properties)" type="SerializerFactory"/><params><param fulltype="java.util.Properties" name="properties" type="Properties"/></params></method><method fulltype="net.sf.saxon.event.ProxyReceiver" id="newXMLIndenter" type="ProxyReceiver" visibility="protected"><override-of fulltype="net.sf.saxon.lib.SerializerFactory" method="newXMLIndenter(net.sf.saxon.serialize.XMLEmitter, java.util.Properties)" type="SerializerFactory"/><params><param fulltype="net.sf.saxon.serialize.XMLEmitter" name="next" type="XMLEmitter"/><param fulltype="java.util.Properties" name="outputProperties" type="Properties"/></params></method><method fulltype="net.sf.saxon.event.SequenceReceiver" id="prepareNextStylesheet" type="SequenceReceiver" visibility="public"><comment><body><div>Prepare another stylesheet to handle the output of this one.
 <p>This method is intended for internal use, to support the
 <code>saxon:next-in-chain</code> extension.</p></div></body><sentence>Prepare another stylesheet to handle the output of this one.</sentence><return><body><div>a replacement destination for the current stylesheet</div></body></return></comment><override-of fulltype="net.sf.saxon.lib.SerializerFactory" method="prepareNextStylesheet(net.sf.saxon.event.PipelineConfiguration, java.lang.String, java.lang.String, javax.xml.transform.Result)" type="SerializerFactory"/><params><param fulltype="net.sf.saxon.event.PipelineConfiguration" name="pipe" type="PipelineConfiguration"><body><div>the pipeline for the current transformation</div></body></param><param fulltype="java.lang.String" name="href" type="String"><body><div>URI of the next stylesheet to be applied</div></body></param><param fulltype="java.lang.String" name="baseURI" type="String"><body><div>base URI for resolving href if it's a relative
                   URI</div></body></param><param fulltype="javax.xml.transform.Result" name="result" type="Result"><body><div>the output destination of the current stylesheet</div></body></param></params><exceptions><exception fulltype="net.sf.saxon.trans.XPathException" id="XPathException"><sentence>XPathException if any dynamic error occurs</sentence></exception></exceptions></method></methods></class><class id="XMLIndenterPE" fulltype="com.saxonica.serialize.XMLIndenterPE" superclass="XMLIndenter" superclassfulltype="net.sf.saxon.serialize.XMLIndenter" visibility="public"><extends><interface fulltype="net.sf.saxon.serialize.XMLIndenter" type="XMLIndenter"><extends><interface fulltype="net.sf.saxon.event.ProxyReceiver" type="ProxyReceiver"><extends><inherits><interface fulltype="net.sf.saxon.event.Receiver" type="Receiver"/></inherits><interface fulltype="net.sf.saxon.event.SequenceReceiver" type="SequenceReceiver"/></extends></interface></extends></interface></extends><comment><sentence>XMLIndenter with extra functionality for Saxon-PE and Saxon-EE</sentence></comment><fields/><methods><constructor id="XMLIndenterPE" visibility="public"><params><param fulltype="net.sf.saxon.serialize.XMLEmitter" name="next" type="XMLEmitter"/></params></constructor><method fulltype="int" id="getIndentation" type="int" visibility="protected"><override-of fulltype="net.sf.saxon.serialize.XMLIndenter" method="getIndentation()" type="XMLIndenter"/></method><method fulltype="int" id="getLineLength" type="int" visibility="protected"><override-of fulltype="net.sf.saxon.serialize.XMLIndenter" method="getLineLength()" type="XMLIndenter"/></method><method fulltype="boolean" id="isDoubleSpaced" type="boolean" visibility="protected"><override-of fulltype="net.sf.saxon.serialize.XMLIndenter" method="isDoubleSpaced(net.sf.saxon.om.NodeName)" type="XMLIndenter"/><params><param fulltype="net.sf.saxon.om.NodeName" name="name" type="NodeName"/></params></method><method fulltype="void" id="setOutputProperties" type="void" visibility="public"><comment><sentence>Set the properties for this indenter</sentence></comment><override-of fulltype="net.sf.saxon.serialize.XMLIndenter" method="setOutputProperties(java.util.Properties)" type="XMLIndenter"/><params><param fulltype="java.util.Properties" name="props" type="Properties"><body><div>the serialization properties</div></body></param></params></method></methods></class><class id="XQueryEmitter" fulltype="com.saxonica.serialize.XQueryEmitter" superclass="XMLEmitter" superclassfulltype="net.sf.saxon.serialize.XMLEmitter" visibility="public"><extends><interface fulltype="net.sf.saxon.serialize.XMLEmitter" type="XMLEmitter"><extends><inherits><interface fulltype="net.sf.saxon.event.ReceiverWithOutputProperties" type="ReceiverWithOutputProperties"/></inherits><interface fulltype="net.sf.saxon.serialize.Emitter" type="Emitter"><extends><inherits><interface fulltype="net.sf.saxon.event.Receiver" type="Receiver"/></inherits><interface fulltype="net.sf.saxon.event.SequenceReceiver" type="SequenceReceiver"/></extends></interface></extends></interface></extends><comment><body><div>The XQueryEmitter is designed to serialize an XQuery that was originally embedded in an
 XML document. It is a variant of the XMLEmitter, and differs in that the operators &lt;, &gt;, &lt;=, &gt;=, &lt;&lt;, and &gt;&gt;
 are output without escaping. They are recognized by virtue of the fact that they appear in text or attribute
 content between curly braces but not in quotes.</div></body><sentence>The XQueryEmitter is designed to serialize an XQuery that was originally embedded in an
 XML document.</sentence></comment><fields/><methods><constructor id="XQueryEmitter" visibility="public"/><method fulltype="void" id="writeEscape" type="void" visibility="protected"><comment><body><div>Write contents of array to current writer, after escaping special characters.
 This method converts the XML special characters (such as &lt; and &amp;) into their
 predefined entities.</div></body><sentence>Write contents of array to current writer, after escaping special characters.</sentence></comment><override-of fulltype="net.sf.saxon.serialize.XMLEmitter" method="writeEscape(net.sf.saxon.str.UnicodeString, boolean)" type="XMLEmitter"/><params><param fulltype="net.sf.saxon.str.UnicodeString" name="chars" type="UnicodeString"><body><div>The character sequence containing the string</div></body></param><param fulltype="boolean" name="inAttribute" type="boolean"><body><div>Set to true if the text is in an attribute value</div></body></param></params><exceptions><exception fulltype="java.io.IOException" id="IOException"/><exception fulltype="net.sf.saxon.trans.XPathException" id="XPathException"/></exceptions></method></methods></class></package>