<?xml version="1.0" encoding="UTF-8"?><package id="com.saxonica.ee.xtupdate"><class id="SaxonChange" fulltype="com.saxonica.ee.xtupdate.SaxonChange" superclass="StyleElement" superclassfulltype="net.sf.saxon.style.StyleElement" visibility="public"><extends><interface fulltype="net.sf.saxon.style.StyleElement" type="StyleElement"><extends><inherits><interface fulltype="net.sf.saxon.om.NamespaceResolver" type="NamespaceResolver"/></inherits><interface fulltype="net.sf.saxon.tree.linked.ElementImpl" type="ElementImpl"><extends><interface fulltype="net.sf.saxon.tree.linked.ParentNodeImpl" type="ParentNodeImpl"><extends><inherits><interface fulltype="net.sf.saxon.om.MutableNodeInfo" type="MutableNodeInfo"/><interface fulltype="net.sf.saxon.tree.util.SteppingNode" type="SteppingNode"/><interface fulltype="net.sf.saxon.tree.wrapper.SiblingCountingNode" type="SiblingCountingNode"/><interface fulltype="net.sf.saxon.s9api.Location" type="Location"/></inherits><interface fulltype="net.sf.saxon.tree.linked.NodeImpl" type="NodeImpl"/></extends></interface></extends></interface></extends></interface></extends><comment><sentence>saxon:change is an XSLT version of the XQuery Update "replace value of node" expression.</sentence></comment><fields/><methods><constructor id="SaxonChange" visibility="public"/><method fulltype="net.sf.saxon.expr.Expression" id="compile" type="Expression" visibility="public"><override-of fulltype="net.sf.saxon.style.StyleElement" method="compile(net.sf.saxon.style.Compilation, net.sf.saxon.style.ComponentDeclaration)" type="StyleElement"/><params><param fulltype="net.sf.saxon.style.Compilation" name="exec" type="Compilation"/><param fulltype="net.sf.saxon.style.ComponentDeclaration" name="decl" type="ComponentDeclaration"/></params><exceptions><exception fulltype="net.sf.saxon.trans.XPathException" id="XPathException"/></exceptions></method><method fulltype="boolean" id="isInstruction" type="boolean" visibility="public"><comment><sentence>Determine whether this node is an instruction.</sentence><return><body><div>true - it is an instruction</div></body></return></comment><override-of fulltype="net.sf.saxon.style.StyleElement" method="isInstruction()" type="StyleElement"/></method><method fulltype="boolean" id="mayContainSequenceConstructor" type="boolean" visibility="protected"><comment><sentence>Determine whether this type of element is allowed to contain a template-body</sentence><return><body><div>false: no, it may not contain a template-body</div></body></return></comment><override-of fulltype="net.sf.saxon.style.StyleElement" method="mayContainSequenceConstructor()" type="StyleElement"/></method><method fulltype="void" id="prepareAttributes" type="void" visibility="protected"><override-of fulltype="net.sf.saxon.style.StyleElement" method="prepareAttributes()" type="StyleElement"/></method><method fulltype="void" id="validate" type="void" visibility="public"><override-of fulltype="net.sf.saxon.style.StyleElement" method="validate(net.sf.saxon.style.ComponentDeclaration)" type="StyleElement"/><params><param fulltype="net.sf.saxon.style.ComponentDeclaration" name="decl" type="ComponentDeclaration"/></params><exceptions><exception fulltype="net.sf.saxon.trans.XPathException" id="XPathException"/></exceptions></method></methods></class><class id="SaxonDelete" fulltype="com.saxonica.ee.xtupdate.SaxonDelete" superclass="StyleElement" superclassfulltype="net.sf.saxon.style.StyleElement" visibility="public"><extends><interface fulltype="net.sf.saxon.style.StyleElement" type="StyleElement"><extends><inherits><interface fulltype="net.sf.saxon.om.NamespaceResolver" type="NamespaceResolver"/></inherits><interface fulltype="net.sf.saxon.tree.linked.ElementImpl" type="ElementImpl"><extends><interface fulltype="net.sf.saxon.tree.linked.ParentNodeImpl" type="ParentNodeImpl"><extends><inherits><interface fulltype="net.sf.saxon.om.MutableNodeInfo" type="MutableNodeInfo"/><interface fulltype="net.sf.saxon.tree.util.SteppingNode" type="SteppingNode"/><interface fulltype="net.sf.saxon.tree.wrapper.SiblingCountingNode" type="SiblingCountingNode"/><interface fulltype="net.sf.saxon.s9api.Location" type="Location"/></inherits><interface fulltype="net.sf.saxon.tree.linked.NodeImpl" type="NodeImpl"/></extends></interface></extends></interface></extends></interface></extends><comment><sentence>saxon:delete is an XSLT version of the XQuery Update "delete node" expression.</sentence></comment><fields/><methods><constructor id="SaxonDelete" visibility="public"/><method fulltype="net.sf.saxon.expr.Expression" id="compile" type="Expression" visibility="public"><override-of fulltype="net.sf.saxon.style.StyleElement" method="compile(net.sf.saxon.style.Compilation, net.sf.saxon.style.ComponentDeclaration)" type="StyleElement"/><params><param fulltype="net.sf.saxon.style.Compilation" name="exec" type="Compilation"/><param fulltype="net.sf.saxon.style.ComponentDeclaration" name="decl" type="ComponentDeclaration"/></params><exceptions><exception fulltype="net.sf.saxon.trans.XPathException" id="XPathException"/></exceptions></method><method fulltype="boolean" id="isInstruction" type="boolean" visibility="public"><comment><sentence>Determine whether this node is an instruction.</sentence><return><body><div>true - it is an instruction</div></body></return></comment><override-of fulltype="net.sf.saxon.style.StyleElement" method="isInstruction()" type="StyleElement"/></method><method fulltype="boolean" id="mayContainSequenceConstructor" type="boolean" visibility="protected"><comment><sentence>Determine whether this type of element is allowed to contain a template-body</sentence><return><body><div>false: no, it may not contain a template-body</div></body></return></comment><override-of fulltype="net.sf.saxon.style.StyleElement" method="mayContainSequenceConstructor()" type="StyleElement"/></method><method fulltype="void" id="prepareAttributes" type="void" visibility="protected"><override-of fulltype="net.sf.saxon.style.StyleElement" method="prepareAttributes()" type="StyleElement"/></method><method fulltype="void" id="validate" type="void" visibility="public"><override-of fulltype="net.sf.saxon.style.StyleElement" method="validate(net.sf.saxon.style.ComponentDeclaration)" type="StyleElement"/><params><param fulltype="net.sf.saxon.style.ComponentDeclaration" name="decl" type="ComponentDeclaration"/></params><exceptions><exception fulltype="net.sf.saxon.trans.XPathException" id="XPathException"/></exceptions></method></methods></class><class id="SaxonInsert" fulltype="com.saxonica.ee.xtupdate.SaxonInsert" superclass="StyleElement" superclassfulltype="net.sf.saxon.style.StyleElement" visibility="public"><extends><interface fulltype="net.sf.saxon.style.StyleElement" type="StyleElement"><extends><inherits><interface fulltype="net.sf.saxon.om.NamespaceResolver" type="NamespaceResolver"/></inherits><interface fulltype="net.sf.saxon.tree.linked.ElementImpl" type="ElementImpl"><extends><interface fulltype="net.sf.saxon.tree.linked.ParentNodeImpl" type="ParentNodeImpl"><extends><inherits><interface fulltype="net.sf.saxon.om.MutableNodeInfo" type="MutableNodeInfo"/><interface fulltype="net.sf.saxon.tree.util.SteppingNode" type="SteppingNode"/><interface fulltype="net.sf.saxon.tree.wrapper.SiblingCountingNode" type="SiblingCountingNode"/><interface fulltype="net.sf.saxon.s9api.Location" type="Location"/></inherits><interface fulltype="net.sf.saxon.tree.linked.NodeImpl" type="NodeImpl"/></extends></interface></extends></interface></extends></interface></extends><comment><sentence>saxon:insert is an XSLT version of the XQuery Update "insert node" expression.</sentence></comment><fields/><methods><constructor id="SaxonInsert" visibility="public"/><method fulltype="net.sf.saxon.expr.Expression" id="compile" type="Expression" visibility="public"><override-of fulltype="net.sf.saxon.style.StyleElement" method="compile(net.sf.saxon.style.Compilation, net.sf.saxon.style.ComponentDeclaration)" type="StyleElement"/><params><param fulltype="net.sf.saxon.style.Compilation" name="exec" type="Compilation"/><param fulltype="net.sf.saxon.style.ComponentDeclaration" name="decl" type="ComponentDeclaration"/></params><exceptions><exception fulltype="net.sf.saxon.trans.XPathException" id="XPathException"/></exceptions></method><method fulltype="java.lang.String" id="encodePosition" static="true" type="String" visibility="public"><params><param fulltype="int" name="p" type="int"/></params></method><method fulltype="int" id="interpretPosition" static="true" type="int" visibility="public"><params><param fulltype="java.lang.String" name="p" type="String"/></params></method><method fulltype="boolean" id="isInstruction" type="boolean" visibility="public"><comment><sentence>Determine whether this node is an instruction.</sentence><return><body><div>true - it is an instruction</div></body></return></comment><override-of fulltype="net.sf.saxon.style.StyleElement" method="isInstruction()" type="StyleElement"/></method><method fulltype="boolean" id="mayContainSequenceConstructor" type="boolean" visibility="protected"><comment><sentence>Determine whether this type of element is allowed to contain a template-body</sentence><return><body><div>true: yes, it may contain a template-body</div></body></return></comment><override-of fulltype="net.sf.saxon.style.StyleElement" method="mayContainSequenceConstructor()" type="StyleElement"/></method><method fulltype="void" id="prepareAttributes" type="void" visibility="protected"><override-of fulltype="net.sf.saxon.style.StyleElement" method="prepareAttributes()" type="StyleElement"/></method><method fulltype="void" id="validate" type="void" visibility="public"><override-of fulltype="net.sf.saxon.style.StyleElement" method="validate(net.sf.saxon.style.ComponentDeclaration)" type="StyleElement"/><params><param fulltype="net.sf.saxon.style.ComponentDeclaration" name="decl" type="ComponentDeclaration"/></params><exceptions><exception fulltype="net.sf.saxon.trans.XPathException" id="XPathException"/></exceptions></method></methods></class><class id="SaxonRename" fulltype="com.saxonica.ee.xtupdate.SaxonRename" superclass="StyleElement" superclassfulltype="net.sf.saxon.style.StyleElement" visibility="public"><extends><interface fulltype="net.sf.saxon.style.StyleElement" type="StyleElement"><extends><inherits><interface fulltype="net.sf.saxon.om.NamespaceResolver" type="NamespaceResolver"/></inherits><interface fulltype="net.sf.saxon.tree.linked.ElementImpl" type="ElementImpl"><extends><interface fulltype="net.sf.saxon.tree.linked.ParentNodeImpl" type="ParentNodeImpl"><extends><inherits><interface fulltype="net.sf.saxon.om.MutableNodeInfo" type="MutableNodeInfo"/><interface fulltype="net.sf.saxon.tree.util.SteppingNode" type="SteppingNode"/><interface fulltype="net.sf.saxon.tree.wrapper.SiblingCountingNode" type="SiblingCountingNode"/><interface fulltype="net.sf.saxon.s9api.Location" type="Location"/></inherits><interface fulltype="net.sf.saxon.tree.linked.NodeImpl" type="NodeImpl"/></extends></interface></extends></interface></extends></interface></extends><comment><sentence>saxon:rename is an XSLT version of the XQuery Update rename expression.</sentence></comment><fields/><methods><constructor id="SaxonRename" visibility="public"/><method fulltype="net.sf.saxon.expr.Expression" id="compile" type="Expression" visibility="public"><override-of fulltype="net.sf.saxon.style.StyleElement" method="compile(net.sf.saxon.style.Compilation, net.sf.saxon.style.ComponentDeclaration)" type="StyleElement"/><params><param fulltype="net.sf.saxon.style.Compilation" name="exec" type="Compilation"/><param fulltype="net.sf.saxon.style.ComponentDeclaration" name="decl" type="ComponentDeclaration"/></params><exceptions><exception fulltype="net.sf.saxon.trans.XPathException" id="XPathException"/></exceptions></method><method fulltype="boolean" id="isInstruction" type="boolean" visibility="public"><comment><sentence>Determine whether this node is an instruction.</sentence><return><body><div>true - it is an instruction</div></body></return></comment><override-of fulltype="net.sf.saxon.style.StyleElement" method="isInstruction()" type="StyleElement"/></method><method fulltype="boolean" id="mayContainSequenceConstructor" type="boolean" visibility="protected"><comment><sentence>Determine whether this type of element is allowed to contain a template-body</sentence><return><body><div>false: no, it may not contain a template-body</div></body></return></comment><override-of fulltype="net.sf.saxon.style.StyleElement" method="mayContainSequenceConstructor()" type="StyleElement"/></method><method fulltype="void" id="prepareAttributes" type="void" visibility="protected"><override-of fulltype="net.sf.saxon.style.StyleElement" method="prepareAttributes()" type="StyleElement"/></method><method fulltype="void" id="validate" type="void" visibility="public"><override-of fulltype="net.sf.saxon.style.StyleElement" method="validate(net.sf.saxon.style.ComponentDeclaration)" type="StyleElement"/><params><param fulltype="net.sf.saxon.style.ComponentDeclaration" name="decl" type="ComponentDeclaration"/></params><exceptions><exception fulltype="net.sf.saxon.trans.XPathException" id="XPathException"/></exceptions></method></methods></class><class id="SaxonReplace" fulltype="com.saxonica.ee.xtupdate.SaxonReplace" superclass="StyleElement" superclassfulltype="net.sf.saxon.style.StyleElement" visibility="public"><extends><interface fulltype="net.sf.saxon.style.StyleElement" type="StyleElement"><extends><inherits><interface fulltype="net.sf.saxon.om.NamespaceResolver" type="NamespaceResolver"/></inherits><interface fulltype="net.sf.saxon.tree.linked.ElementImpl" type="ElementImpl"><extends><interface fulltype="net.sf.saxon.tree.linked.ParentNodeImpl" type="ParentNodeImpl"><extends><inherits><interface fulltype="net.sf.saxon.om.MutableNodeInfo" type="MutableNodeInfo"/><interface fulltype="net.sf.saxon.tree.util.SteppingNode" type="SteppingNode"/><interface fulltype="net.sf.saxon.tree.wrapper.SiblingCountingNode" type="SiblingCountingNode"/><interface fulltype="net.sf.saxon.s9api.Location" type="Location"/></inherits><interface fulltype="net.sf.saxon.tree.linked.NodeImpl" type="NodeImpl"/></extends></interface></extends></interface></extends></interface></extends><comment><sentence>saxon:replace is an XSLT version of the XQuery Update "replace node" expression.</sentence></comment><fields/><methods><constructor id="SaxonReplace" visibility="public"/><method fulltype="net.sf.saxon.expr.Expression" id="compile" type="Expression" visibility="public"><override-of fulltype="net.sf.saxon.style.StyleElement" method="compile(net.sf.saxon.style.Compilation, net.sf.saxon.style.ComponentDeclaration)" type="StyleElement"/><params><param fulltype="net.sf.saxon.style.Compilation" name="exec" type="Compilation"/><param fulltype="net.sf.saxon.style.ComponentDeclaration" name="decl" type="ComponentDeclaration"/></params><exceptions><exception fulltype="net.sf.saxon.trans.XPathException" id="XPathException"/></exceptions></method><method fulltype="boolean" id="isInstruction" type="boolean" visibility="public"><comment><sentence>Determine whether this node is an instruction.</sentence><return><body><div>true - it is an instruction</div></body></return></comment><override-of fulltype="net.sf.saxon.style.StyleElement" method="isInstruction()" type="StyleElement"/></method><method fulltype="boolean" id="mayContainSequenceConstructor" type="boolean" visibility="protected"><comment><sentence>Determine whether this type of element is allowed to contain a template-body</sentence><return><body><div>true: yes, it may contain a template-body</div></body></return></comment><override-of fulltype="net.sf.saxon.style.StyleElement" method="mayContainSequenceConstructor()" type="StyleElement"/></method><method fulltype="void" id="prepareAttributes" type="void" visibility="protected"><override-of fulltype="net.sf.saxon.style.StyleElement" method="prepareAttributes()" type="StyleElement"/></method><method fulltype="void" id="validate" type="void" visibility="public"><override-of fulltype="net.sf.saxon.style.StyleElement" method="validate(net.sf.saxon.style.ComponentDeclaration)" type="StyleElement"/><params><param fulltype="net.sf.saxon.style.ComponentDeclaration" name="decl" type="ComponentDeclaration"/></params><exceptions><exception fulltype="net.sf.saxon.trans.XPathException" id="XPathException"/></exceptions></method></methods></class><class id="SaxonUpdate" fulltype="com.saxonica.ee.xtupdate.SaxonUpdate" superclass="StyleElement" superclassfulltype="net.sf.saxon.style.StyleElement" visibility="public"><extends><interface fulltype="net.sf.saxon.style.StyleElement" type="StyleElement"><extends><inherits><interface fulltype="net.sf.saxon.om.NamespaceResolver" type="NamespaceResolver"/></inherits><interface fulltype="net.sf.saxon.tree.linked.ElementImpl" type="ElementImpl"><extends><interface fulltype="net.sf.saxon.tree.linked.ParentNodeImpl" type="ParentNodeImpl"><extends><inherits><interface fulltype="net.sf.saxon.om.MutableNodeInfo" type="MutableNodeInfo"/><interface fulltype="net.sf.saxon.tree.util.SteppingNode" type="SteppingNode"/><interface fulltype="net.sf.saxon.tree.wrapper.SiblingCountingNode" type="SiblingCountingNode"/><interface fulltype="net.sf.saxon.s9api.Location" type="Location"/></inherits><interface fulltype="net.sf.saxon.tree.linked.NodeImpl" type="NodeImpl"/></extends></interface></extends></interface></extends></interface></extends><comment><body><div>saxon:update is an XSLT version of the XQuery Update copy-modify expression. Unlike the XQuery version,
 it does not bind any variables; instead, the contained updating instructions operate on the context
 item established by the select expression.</div></body><sentence>saxon:update is an XSLT version of the XQuery Update copy-modify expression.</sentence></comment><fields/><methods><constructor id="SaxonUpdate" visibility="public"/><method fulltype="void" id="checkContainment" static="true" type="void" visibility="public"><params><param fulltype="net.sf.saxon.style.StyleElement" name="child" type="StyleElement"/></params><exceptions><exception fulltype="net.sf.saxon.trans.XPathException" id="XPathException"/></exceptions></method><method fulltype="net.sf.saxon.expr.Expression" id="compile" type="Expression" visibility="public"><override-of fulltype="net.sf.saxon.style.StyleElement" method="compile(net.sf.saxon.style.Compilation, net.sf.saxon.style.ComponentDeclaration)" type="StyleElement"/><params><param fulltype="net.sf.saxon.style.Compilation" name="exec" type="Compilation"/><param fulltype="net.sf.saxon.style.ComponentDeclaration" name="decl" type="ComponentDeclaration"/></params><exceptions><exception fulltype="net.sf.saxon.trans.XPathException" id="XPathException"/></exceptions></method><method fulltype="boolean" id="isInstruction" type="boolean" visibility="public"><comment><sentence>Determine whether this node is an instruction.</sentence><return><body><div>true - it is an instruction</div></body></return></comment><override-of fulltype="net.sf.saxon.style.StyleElement" method="isInstruction()" type="StyleElement"/></method><method fulltype="boolean" id="mayContainSequenceConstructor" type="boolean" visibility="protected"><comment><sentence>Determine whether this type of element is allowed to contain a template-body</sentence><return><body><div>true: yes, it may contain a template-body</div></body></return></comment><override-of fulltype="net.sf.saxon.style.StyleElement" method="mayContainSequenceConstructor()" type="StyleElement"/></method><method fulltype="void" id="prepareAttributes" type="void" visibility="protected"><override-of fulltype="net.sf.saxon.style.StyleElement" method="prepareAttributes()" type="StyleElement"/></method><method fulltype="void" id="validate" type="void" visibility="public"><override-of fulltype="net.sf.saxon.style.StyleElement" method="validate(net.sf.saxon.style.ComponentDeclaration)" type="StyleElement"/><params><param fulltype="net.sf.saxon.style.ComponentDeclaration" name="decl" type="ComponentDeclaration"/></params><exceptions><exception fulltype="net.sf.saxon.trans.XPathException" id="XPathException"/></exceptions></method></methods></class></package>