<?xml version="1.0" encoding="UTF-8"?><package id="com.saxonica.functions.extfn.EXPathArchive"><class id="EXPathArchive.Archive" fulltype="com.saxonica.functions.extfn.EXPathArchive.Archive" superclass="Object" superclassfulltype="java.lang.Object" visibility="public"><comment><sentence>Implementation of extension functions in the EXPath Archive package, see
 http://expath.org/spec/archive</sentence></comment><fields><field const="http://expath.org/ns/archive" constexpr="&#34;http://expath.org/ns/archive&#34;" final="true" fulltype="java.lang.String" id="ERROR_NAMESPACE" static="true" type="String" visibility="public"/><field const="arch" constexpr="&#34;arch&#34;" final="true" fulltype="java.lang.String" id="ERROR_PREFIX" static="true" type="String" visibility="public"/><field const="http://expath.org/ns/archive" constexpr="&#34;http://expath.org/ns/archive&#34;" final="true" fulltype="java.lang.String" id="NAMESPACE" static="true" type="String" visibility="public"/><field const="arch" constexpr="&#34;arch&#34;" final="true" fulltype="java.lang.String" id="PREFIX" static="true" type="String" visibility="public"/><field final="true" fulltype="net.sf.saxon.value.BigDecimalValue" id="VERSION" static="true" type="BigDecimalValue" visibility="public"/></fields><methods><constructor id="Archive" visibility="public"/><method fulltype="net.sf.saxon.ma.map.HashTrieMap" id="add" static="true" type="HashTrieMap" visibility="public"><params><param fulltype="net.sf.saxon.ma.map.HashTrieMap" name="map" type="HashTrieMap"/><param fulltype="java.lang.String" name="key" type="String"/><param fulltype="net.sf.saxon.value.AtomicValue" name="val" type="AtomicValue"/></params><exceptions><exception fulltype="net.sf.saxon.trans.XPathException" id="XPathException"/></exceptions></method><method fulltype="net.sf.saxon.ma.map.HashTrieMap" id="add" static="true" type="HashTrieMap" visibility="public"><params><param fulltype="net.sf.saxon.ma.map.HashTrieMap" name="map" type="HashTrieMap"/><param fulltype="java.lang.String" name="key" type="String"/><param fulltype="java.lang.String" name="val" type="String"/></params><exceptions><exception fulltype="net.sf.saxon.trans.XPathException" id="XPathException"/></exceptions></method><method fulltype="net.sf.saxon.ma.map.HashTrieMap" id="add" static="true" type="HashTrieMap" visibility="public"><params><param fulltype="net.sf.saxon.ma.map.HashTrieMap" name="map" type="HashTrieMap"/><param fulltype="java.lang.String" name="key" type="String"/><param fulltype="long" name="val" type="long"/></params><exceptions><exception fulltype="net.sf.saxon.trans.XPathException" id="XPathException"/></exceptions></method><method fulltype="com.saxonica.functions.extfn.EXPathArchive.Archive.ArchiveType" id="archiveType" static="true" type="EXPathArchive.Archive.ArchiveType" visibility="public"><params><param fulltype="net.sf.saxon.value.Base64BinaryValue" name="in" type="Base64BinaryValue"/></params><exceptions><exception fulltype="net.sf.saxon.trans.XPathException" id="XPathException"/></exceptions></method><method fulltype="com.saxonica.functions.extfn.EXPathArchive.Archive.CompressionType" id="compressionType" static="true" type="EXPathArchive.Archive.CompressionType" visibility="public"><params><param fulltype="net.sf.saxon.value.Base64BinaryValue" name="in" type="Base64BinaryValue"/></params><exceptions><exception fulltype="net.sf.saxon.trans.XPathException" id="XPathException"/></exceptions></method><method fulltype="net.sf.saxon.value.Base64BinaryValue" id="create" static="true" type="Base64BinaryValue" visibility="public"><params><param fulltype="net.sf.saxon.om.ZeroOrMore" name="entries" type="ZeroOrMore"><type fulltype="net.sf.saxon.value.StringValue" type="StringValue"/></param><param fulltype="net.sf.saxon.om.ZeroOrMore" name="values" type="ZeroOrMore"><type fulltype="net.sf.saxon.value.Base64BinaryValue" type="Base64BinaryValue"/></param></params><exceptions><exception fulltype="java.io.IOException" id="IOException"/><exception fulltype="net.sf.saxon.trans.XPathException" id="XPathException"/></exceptions></method><method fulltype="net.sf.saxon.value.Base64BinaryValue" id="createMap" static="true" type="Base64BinaryValue" visibility="public"><params><param fulltype="net.sf.saxon.om.One" name="entries" type="One"><type fulltype="net.sf.saxon.ma.map.MapItem" type="MapItem"/></param></params><exceptions><exception fulltype="java.io.IOException" id="IOException"/><exception fulltype="net.sf.saxon.trans.XPathException" id="XPathException"/></exceptions></method><method fulltype="net.sf.saxon.value.Base64BinaryValue" id="createMap" static="true" type="Base64BinaryValue" visibility="public"><params><param fulltype="net.sf.saxon.om.One" name="entries" type="One"><type fulltype="net.sf.saxon.ma.map.MapItem" type="MapItem"/></param><param fulltype="net.sf.saxon.om.One" name="options" type="One"><type fulltype="net.sf.saxon.ma.map.MapItem" type="MapItem"/></param></params><exceptions><exception fulltype="java.io.IOException" id="IOException"/><exception fulltype="net.sf.saxon.trans.XPathException" id="XPathException"/></exceptions></method><method fulltype="net.sf.saxon.om.One" id="delete" static="true" type="One" visibility="public"><type fulltype="net.sf.saxon.value.Base64BinaryValue" type="Base64BinaryValue"/><params><param fulltype="net.sf.saxon.om.One" name="in" type="One"><type fulltype="net.sf.saxon.value.Base64BinaryValue" type="Base64BinaryValue"/></param><param fulltype="net.sf.saxon.om.ZeroOrMore" name="entries" type="ZeroOrMore"><type fulltype="net.sf.saxon.value.StringValue" type="StringValue"/></param></params><exceptions><exception fulltype="java.io.IOException" id="IOException"/><exception fulltype="net.sf.saxon.trans.XPathException" id="XPathException"/></exceptions></method><method fulltype="net.sf.saxon.om.One" id="deleteMap" static="true" type="One" visibility="public"><type fulltype="net.sf.saxon.value.Base64BinaryValue" type="Base64BinaryValue"/><params><param fulltype="net.sf.saxon.om.One" name="in" type="One"><type fulltype="net.sf.saxon.value.Base64BinaryValue" type="Base64BinaryValue"/></param><param fulltype="net.sf.saxon.om.One" name="entries" type="One"><type fulltype="net.sf.saxon.ma.map.MapItem" type="MapItem"/></param></params><exceptions><exception fulltype="java.io.IOException" id="IOException"/><exception fulltype="net.sf.saxon.trans.XPathException" id="XPathException"/></exceptions></method><method fulltype="java.util.ArrayList" id="entries" static="true" type="ArrayList" visibility="public"><type fulltype="net.sf.saxon.om.NodeInfo" type="NodeInfo"/><params><param fulltype="net.sf.saxon.expr.XPathContext" name="context" type="XPathContext"/><param fulltype="net.sf.saxon.value.Base64BinaryValue" name="in" type="Base64BinaryValue"/></params><exceptions><exception fulltype="java.io.IOException" id="IOException"/><exception fulltype="net.sf.saxon.trans.XPathException" id="XPathException"/><exception fulltype="java.net.URISyntaxException" id="URISyntaxException"/></exceptions></method><method fulltype="net.sf.saxon.ma.map.MapItem" id="entriesMap" static="true" type="MapItem" visibility="public"><params><param fulltype="net.sf.saxon.expr.XPathContext" name="context" type="XPathContext"/><param fulltype="net.sf.saxon.value.Base64BinaryValue" name="in" type="Base64BinaryValue"/></params><exceptions><exception fulltype="java.io.IOException" id="IOException"/><exception fulltype="net.sf.saxon.trans.XPathException" id="XPathException"/><exception fulltype="java.net.URISyntaxException" id="URISyntaxException"/></exceptions></method><method fulltype="net.sf.saxon.ma.map.MapItem" id="entriesMap" static="true" type="MapItem" visibility="public"><params><param fulltype="net.sf.saxon.expr.XPathContext" name="context" type="XPathContext"/><param fulltype="net.sf.saxon.value.Base64BinaryValue" name="in" type="Base64BinaryValue"/><param fulltype="net.sf.saxon.value.BooleanValue" name="returnContent" type="BooleanValue"/></params><exceptions><exception fulltype="java.io.IOException" id="IOException"/><exception fulltype="net.sf.saxon.trans.XPathException" id="XPathException"/><exception fulltype="java.net.URISyntaxException" id="URISyntaxException"/></exceptions></method><method fulltype="net.sf.saxon.om.ZeroOrMore" id="entryNames" static="true" type="ZeroOrMore" visibility="public"><type fulltype="net.sf.saxon.value.StringValue" extendby="?" type="StringValue"/><params><param fulltype="net.sf.saxon.value.Base64BinaryValue" name="in" type="Base64BinaryValue"/></params><exceptions><exception fulltype="java.io.IOException" id="IOException"/><exception fulltype="net.sf.saxon.trans.XPathException" id="XPathException"/><exception fulltype="java.net.URISyntaxException" id="URISyntaxException"/></exceptions></method><method fulltype="net.sf.saxon.om.ZeroOrMore" id="extractBinary" static="true" type="ZeroOrMore" visibility="public"><type fulltype="net.sf.saxon.value.Base64BinaryValue" type="Base64BinaryValue"/><params><param fulltype="net.sf.saxon.om.One" name="in" type="One"><type fulltype="net.sf.saxon.value.Base64BinaryValue" type="Base64BinaryValue"/></param><param fulltype="net.sf.saxon.om.ZeroOrMore" name="entries" type="ZeroOrMore"><type fulltype="net.sf.saxon.value.StringValue" type="StringValue"/></param></params><exceptions><exception fulltype="java.io.IOException" id="IOException"/><exception fulltype="net.sf.saxon.trans.XPathException" id="XPathException"/><exception fulltype="java.net.URISyntaxException" id="URISyntaxException"/></exceptions></method><method fulltype="net.sf.saxon.om.ZeroOrMore" id="extractBinaryMap" static="true" type="ZeroOrMore" visibility="public"><type fulltype="net.sf.saxon.value.Base64BinaryValue" type="Base64BinaryValue"/><params><param fulltype="net.sf.saxon.om.One" name="in" type="One"><type fulltype="net.sf.saxon.value.Base64BinaryValue" type="Base64BinaryValue"/></param><param fulltype="net.sf.saxon.om.One" name="entries" type="One"><type fulltype="net.sf.saxon.ma.map.MapItem" type="MapItem"/></param></params><exceptions><exception fulltype="java.io.IOException" id="IOException"/><exception fulltype="net.sf.saxon.trans.XPathException" id="XPathException"/><exception fulltype="java.net.URISyntaxException" id="URISyntaxException"/></exceptions></method><method fulltype="net.sf.saxon.value.AtomicValue[]" id="extractMap" static="true" type="AtomicValue[]" visibility="public"><params><param fulltype="net.sf.saxon.om.One" name="in" type="One"><type fulltype="net.sf.saxon.value.Base64BinaryValue" type="Base64BinaryValue"/></param><param fulltype="net.sf.saxon.om.One" name="entries" type="One"><type fulltype="net.sf.saxon.ma.map.MapItem" type="MapItem"/></param></params><exceptions><exception fulltype="java.io.IOException" id="IOException"/><exception fulltype="net.sf.saxon.trans.XPathException" id="XPathException"/><exception fulltype="java.net.URISyntaxException" id="URISyntaxException"/></exceptions></method><method fulltype="net.sf.saxon.om.ZeroOrMore" id="extractText" static="true" type="ZeroOrMore" visibility="public"><type fulltype="net.sf.saxon.value.StringValue" extendby="?" type="StringValue"/><params><param fulltype="net.sf.saxon.om.One" name="in" type="One"><type fulltype="net.sf.saxon.value.Base64BinaryValue" type="Base64BinaryValue"/></param><param fulltype="net.sf.saxon.om.ZeroOrMore" name="entries" type="ZeroOrMore"><type fulltype="net.sf.saxon.value.StringValue" type="StringValue"/></param></params><exceptions><exception fulltype="java.io.IOException" id="IOException"/><exception fulltype="net.sf.saxon.trans.XPathException" id="XPathException"/><exception fulltype="java.net.URISyntaxException" id="URISyntaxException"/></exceptions></method><method fulltype="net.sf.saxon.om.ZeroOrMore" id="extractText" static="true" type="ZeroOrMore" visibility="public"><type fulltype="net.sf.saxon.value.StringValue" extendby="?" type="StringValue"/><params><param fulltype="net.sf.saxon.om.One" name="in" type="One"><type fulltype="net.sf.saxon.value.Base64BinaryValue" type="Base64BinaryValue"/></param><param fulltype="net.sf.saxon.om.ZeroOrMore" name="entries" type="ZeroOrMore"><type fulltype="net.sf.saxon.value.StringValue" type="StringValue"/></param><param fulltype="net.sf.saxon.om.One" name="encoding" type="One"><type fulltype="net.sf.saxon.value.StringValue" type="StringValue"/></param></params><exceptions><exception fulltype="java.io.IOException" id="IOException"/><exception fulltype="net.sf.saxon.trans.XPathException" id="XPathException"/><exception fulltype="java.net.URISyntaxException" id="URISyntaxException"/></exceptions></method><method fulltype="net.sf.saxon.om.ZeroOrMore" id="extractTextMap" static="true" type="ZeroOrMore" visibility="public"><type fulltype="net.sf.saxon.value.StringValue" extendby="?" type="StringValue"/><params><param fulltype="net.sf.saxon.om.One" name="in" type="One"><type fulltype="net.sf.saxon.value.Base64BinaryValue" type="Base64BinaryValue"/></param><param fulltype="net.sf.saxon.om.One" name="entries" type="One"><type fulltype="net.sf.saxon.ma.map.MapItem" type="MapItem"/></param></params><exceptions><exception fulltype="java.io.IOException" id="IOException"/><exception fulltype="net.sf.saxon.trans.XPathException" id="XPathException"/><exception fulltype="java.net.URISyntaxException" id="URISyntaxException"/></exceptions></method><method fulltype="net.sf.saxon.om.ZeroOrMore" id="extractTextMap" static="true" type="ZeroOrMore" visibility="public"><type fulltype="net.sf.saxon.value.StringValue" extendby="?" type="StringValue"/><params><param fulltype="net.sf.saxon.om.One" name="in" type="One"><type fulltype="net.sf.saxon.value.Base64BinaryValue" type="Base64BinaryValue"/></param><param fulltype="net.sf.saxon.om.One" name="entries" type="One"><type fulltype="net.sf.saxon.ma.map.MapItem" type="MapItem"/></param><param fulltype="net.sf.saxon.om.One" name="encoding" type="One"><type fulltype="net.sf.saxon.value.StringValue" type="StringValue"/></param></params><exceptions><exception fulltype="java.io.IOException" id="IOException"/><exception fulltype="net.sf.saxon.trans.XPathException" id="XPathException"/><exception fulltype="java.net.URISyntaxException" id="URISyntaxException"/></exceptions></method><method fulltype="net.sf.saxon.om.NodeInfo" id="options" static="true" type="NodeInfo" visibility="public"><params><param fulltype="net.sf.saxon.expr.XPathContext" name="context" type="XPathContext"/><param fulltype="net.sf.saxon.value.Base64BinaryValue" name="in" type="Base64BinaryValue"/></params><exceptions><exception fulltype="net.sf.saxon.trans.XPathException" id="XPathException"/></exceptions></method><method fulltype="net.sf.saxon.ma.map.MapItem" id="optionsMap" static="true" type="MapItem" visibility="public"><params><param fulltype="net.sf.saxon.expr.XPathContext" name="context" type="XPathContext"/><param fulltype="net.sf.saxon.value.Base64BinaryValue" name="in" type="Base64BinaryValue"/></params><exceptions><exception fulltype="java.io.IOException" id="IOException"/><exception fulltype="net.sf.saxon.trans.XPathException" id="XPathException"/><exception fulltype="java.net.URISyntaxException" id="URISyntaxException"/></exceptions></method><method fulltype="net.sf.saxon.value.Base64BinaryValue" id="update" static="true" type="Base64BinaryValue" visibility="public"><params><param fulltype="net.sf.saxon.om.One" name="in" type="One"><type fulltype="net.sf.saxon.value.Base64BinaryValue" type="Base64BinaryValue"/></param><param fulltype="net.sf.saxon.om.ZeroOrMore" name="entries" type="ZeroOrMore"><type fulltype="net.sf.saxon.value.StringValue" type="StringValue"/></param><param fulltype="net.sf.saxon.om.ZeroOrMore" name="values" type="ZeroOrMore"><type fulltype="net.sf.saxon.value.Base64BinaryValue" type="Base64BinaryValue"/></param></params><exceptions><exception fulltype="java.io.IOException" id="IOException"/><exception fulltype="net.sf.saxon.trans.XPathException" id="XPathException"/></exceptions></method><method fulltype="net.sf.saxon.value.Base64BinaryValue" id="updateMap" static="true" type="Base64BinaryValue" visibility="public"><params><param fulltype="net.sf.saxon.om.One" name="in" type="One"><type fulltype="net.sf.saxon.value.Base64BinaryValue" type="Base64BinaryValue"/></param><param fulltype="net.sf.saxon.om.One" name="entries" type="One"><type fulltype="net.sf.saxon.ma.map.MapItem" type="MapItem"/></param></params><exceptions><exception fulltype="java.io.IOException" id="IOException"/><exception fulltype="net.sf.saxon.trans.XPathException" id="XPathException"/></exceptions></method><method fulltype="net.sf.saxon.value.BigDecimalValue" id="version" static="true" type="BigDecimalValue" visibility="public"/></methods><class id="EXPathArchive.Archive.ArchiveType" final="true" fulltype="com.saxonica.functions.extfn.EXPathArchive.Archive.ArchiveType" serializable="true" static="true" superclass="Enum" superclassfulltype="java.lang.Enum" visibility="public"><extends><inherits><interface fulltype="java.lang.Comparable" type="Comparable"><type fulltype="T" type="T"/><paramtypes><type name="Archive.ArchiveType"/></paramtypes></interface><interface fulltype="java.io.Serializable" type="Serializable"/></inherits><interface fulltype="java.lang.Enum" type="Enum"><type extendby="E" fulltype="java.lang.Enum" type="Enum"><type fulltype="E" type="E"/></type><paramtypes><type name="Archive.ArchiveType"/></paramtypes></interface></extends><fields/><methods><method fulltype="com.saxonica.functions.extfn.EXPathArchive.Archive.ArchiveType" id="valueOf" static="true" type="EXPathArchive.Archive.ArchiveType" visibility="public"><params><param fulltype="java.lang.String" name="name" type="String"/></params></method><method fulltype="com.saxonica.functions.extfn.EXPathArchive.Archive.ArchiveType[]" id="values" static="true" type="EXPathArchive.Archive.ArchiveType[]" visibility="public"/></methods><enumConstants><enumConstant final="true" fulltype="com.saxonica.functions.extfn.EXPathArchive.Archive.ArchiveType" id="GZIP" static="true" type="Archive.ArchiveType" visibility="public"/><enumConstant final="true" fulltype="com.saxonica.functions.extfn.EXPathArchive.Archive.ArchiveType" id="UNKNOWN" static="true" type="Archive.ArchiveType" visibility="public"/><enumConstant final="true" fulltype="com.saxonica.functions.extfn.EXPathArchive.Archive.ArchiveType" id="ZIP" static="true" type="Archive.ArchiveType" visibility="public"/></enumConstants></class><class id="EXPathArchive.Archive.CompressionType" final="true" fulltype="com.saxonica.functions.extfn.EXPathArchive.Archive.CompressionType" serializable="true" static="true" superclass="Enum" superclassfulltype="java.lang.Enum" visibility="public"><extends><inherits><interface fulltype="java.lang.Comparable" type="Comparable"><type fulltype="T" type="T"/><paramtypes><type name="Archive.CompressionType"/></paramtypes></interface><interface fulltype="java.io.Serializable" type="Serializable"/></inherits><interface fulltype="java.lang.Enum" type="Enum"><type extendby="E" fulltype="java.lang.Enum" type="Enum"><type fulltype="E" type="E"/></type><paramtypes><type name="Archive.CompressionType"/></paramtypes></interface></extends><fields/><methods><method fulltype="com.saxonica.functions.extfn.EXPathArchive.Archive.CompressionType" id="valueOf" static="true" type="EXPathArchive.Archive.CompressionType" visibility="public"><params><param fulltype="java.lang.String" name="name" type="String"/></params></method><method fulltype="com.saxonica.functions.extfn.EXPathArchive.Archive.CompressionType[]" id="values" static="true" type="EXPathArchive.Archive.CompressionType[]" visibility="public"/></methods><enumConstants><enumConstant final="true" fulltype="com.saxonica.functions.extfn.EXPathArchive.Archive.CompressionType" id="DEFLATE" static="true" type="Archive.CompressionType" visibility="public"/><enumConstant final="true" fulltype="com.saxonica.functions.extfn.EXPathArchive.Archive.CompressionType" id="MIXED" static="true" type="Archive.CompressionType" visibility="public"/><enumConstant final="true" fulltype="com.saxonica.functions.extfn.EXPathArchive.Archive.CompressionType" id="STORED" static="true" type="Archive.CompressionType" visibility="public"/><enumConstant final="true" fulltype="com.saxonica.functions.extfn.EXPathArchive.Archive.CompressionType" id="UNKNOWN" static="true" type="Archive.CompressionType" visibility="public"/></enumConstants></class></class><class id="EXPathArchive.Entry" fulltype="com.saxonica.functions.extfn.EXPathArchive.Entry" superclass="Object" superclassfulltype="java.lang.Object" visibility="public"><fields><field fulltype="com.saxonica.functions.extfn.EXPathArchive.Archive.CompressionType" id="compression" type="Archive.CompressionType" visibility="public"/><field fulltype="net.sf.saxon.value.Base64BinaryValue" id="content" type="Base64BinaryValue" visibility="public"/><field fulltype="java.lang.String" id="encoding" type="String" visibility="public"/><field fulltype="java.lang.String" id="name" type="String" visibility="public"/></fields><methods><constructor id="Entry" visibility="public"/><constructor id="Entry" visibility="public"><params><param fulltype="net.sf.saxon.value.Base64BinaryValue" name="content" type="Base64BinaryValue"/></params></constructor><constructor id="Entry" visibility="public"><params><param fulltype="java.lang.String" name="name" type="String"/></params></constructor><constructor id="Entry" visibility="public"><params><param fulltype="com.saxonica.functions.extfn.EXPathArchive.Entry" name="e" type="EXPathArchive.Entry"/></params></constructor><constructor id="Entry" visibility="public"><params><param fulltype="java.lang.String" name="name" type="String"/><param fulltype="net.sf.saxon.value.Base64BinaryValue" name="content" type="Base64BinaryValue"/></params></constructor><constructor id="Entry" visibility="public"><params><param fulltype="com.saxonica.functions.extfn.EXPathArchive.Entry" name="e" type="EXPathArchive.Entry"/><param fulltype="net.sf.saxon.value.Base64BinaryValue" name="content" type="Base64BinaryValue"/></params></constructor><constructor id="Entry" visibility="public"><params><param fulltype="com.saxonica.functions.extfn.EXPathArchive.Entry" name="e" type="EXPathArchive.Entry"/><param fulltype="java.lang.String" name="name" type="String"/></params></constructor><method fulltype="boolean" id="equals" type="boolean" visibility="public"><override-of fulltype="java.lang.Object" method="equals(java.lang.Object)" type="Object"/><params><param fulltype="java.lang.Object" name="o" type="Object"/></params></method><method fulltype="boolean" id="isDir" type="boolean" visibility="public"/><method fulltype="net.sf.saxon.ma.map.HashTrieMap" id="makeMap" type="HashTrieMap" visibility="public"><params><param fulltype="net.sf.saxon.expr.XPathContext" name="context" type="XPathContext"/></params><exceptions><exception fulltype="net.sf.saxon.trans.XPathException" id="XPathException"/></exceptions></method><method fulltype="void" id="setCompression" type="void" visibility="public"><params><param fulltype="com.saxonica.functions.extfn.EXPathArchive.Archive.CompressionType" name="compression" type="EXPathArchive.Archive.CompressionType"/></params></method><method fulltype="void" id="setEncoding" type="void" visibility="public"><params><param fulltype="java.lang.String" name="encoding" type="String"/></params></method><method fulltype="void" id="setEntry" type="void" visibility="public"><params><param fulltype="net.sf.saxon.value.Base64BinaryValue" name="content" type="Base64BinaryValue"/></params></method></methods></class></package>