<?xml version="1.0" encoding="UTF-8"?><package id="com.saxonica.ee.stream.om"><class id="AttributeIterator" final="true" fulltype="com.saxonica.ee.stream.om.AttributeIterator" superclass="Object" superclassfulltype="java.lang.Object" visibility="public"><implements><interface fulltype="net.sf.saxon.tree.iter.AxisIterator" type="AxisIterator"/><interface fulltype="net.sf.saxon.tree.iter.LookaheadIterator" type="LookaheadIterator"/></implements><comment><sentence>AttributeIterator iterates over all the attribute nodes of a streamed Element node.</sentence></comment><fields/><methods><constructor id="AttributeIterator" visibility="public"><comment><sentence>Constructor</sentence></comment><params><param fulltype="com.saxonica.ee.stream.om.FleetingElementNode" name="element" type="FleetingElementNode"><body><div>the element whose attributes are required.</div></body></param><param fulltype="net.sf.saxon.om.AttributeMap" name="attributes" type="AttributeMap"/></params></constructor><method fulltype="boolean" id="hasNext" type="boolean" visibility="public"><comment><body><div>Test if there are more nodes still to come.
 ("elements" is used here in the sense of the Java enumeration class, not in the XML sense)</div></body><sentence>Test if there are more nodes still to come.</sentence></comment></method><method fulltype="net.sf.saxon.om.NodeInfo" id="next" type="NodeInfo" visibility="public"><comment><sentence>Get the next node in the iteration, or null if there are no more.</sentence></comment></method><method fulltype="boolean" id="supportsHasNext" type="boolean" visibility="public"/></methods></class><class id="FleetingDocumentNode" fulltype="com.saxonica.ee.stream.om.FleetingDocumentNode" superclass="FleetingParentNode" superclassfulltype="com.saxonica.ee.stream.om.FleetingParentNode" visibility="public"><implements><interface fulltype="net.sf.saxon.om.TreeInfo" type="TreeInfo"/></implements><extends><interface fulltype="com.saxonica.ee.stream.om.FleetingParentNode" type="FleetingParentNode"><extends><inherits><interface fulltype="net.sf.saxon.om.NodeInfo" type="NodeInfo"/></inherits><interface fulltype="com.saxonica.ee.stream.om.FleetingNode" type="FleetingNode"/></extends></interface></extends><comment><sentence>A Fleeting node (that is a transient node in a streamed document) that represents a document node</sentence></comment><fields/><methods><constructor id="FleetingDocumentNode" visibility="public"><params><param fulltype="long" name="docNr" type="long"/></params></constructor><method fulltype="int" id="allocateNodeNumber" type="int" visibility="protected"/><method fulltype="net.sf.saxon.om.AtomicSequence" id="atomize" type="AtomicSequence" visibility="public"><comment><sentence>Get the typed value.</sentence><return><body><div>the typed value. This will either be a single AtomicValue or a Value whose items are
         atomic values.</div></body></return></comment><override-of fulltype="com.saxonica.ee.stream.om.FleetingNode" method="atomize()" type="FleetingNode"/><exceptions><exception fulltype="net.sf.saxon.trans.XPathException" id="XPathException"/></exceptions></method><method fulltype="void" id="captureInitialCommentOrProcessingInstruction" type="void" visibility="public"><comment><sentence>Buffer a comment or processing instruction appearing before the first element start tag</sentence></comment><params><param fulltype="net.sf.saxon.om.NodeInfo" name="node" type="NodeInfo"><body><div>a comment or processing instruction node</div></body></param></params></method><method fulltype="void" id="copy" type="void" visibility="public"><comment><body><div>Copy this node to a given Receiver.
 <p>This method is primarily for internal use. It should not be considered a stable
 part of the Saxon API.</p></div></body><sentence>Copy this node to a given Receiver.</sentence></comment><params><param fulltype="net.sf.saxon.event.Receiver" name="out" type="Receiver"><body><div>the Receiver to which the node should be copied. It is the caller's
                    responsibility to ensure that this Receiver is open before the method is called
                    (or that it is self-opening), and that it is closed after use.</div></body></param><param fulltype="int" name="copyOptions" type="int"><body><div>Define how namespaces are handled</div></body></param><param fulltype="net.sf.saxon.s9api.Location" name="locationId" type="Location"><body><div>If non-zero, identifies the location of the instruction</div></body></param></params><exceptions><exception fulltype="net.sf.saxon.trans.XPathException" id="XPathException"/></exceptions></method><method fulltype="void" id="copyInitialCommentsAndProcessingInstructions" type="void" visibility="public"><comment><sentence>Copy any saved initial comments or processing instructions to a specified Receiver; and
 remove them to release any memory that they occupy</sentence></comment><params><param fulltype="net.sf.saxon.event.Receiver" name="out" type="Receiver"/></params><exceptions><exception fulltype="net.sf.saxon.trans.XPathException" id="XPathException"/></exceptions></method><method fulltype="java.lang.String" id="getBaseURI" type="String" visibility="public"><comment><body><div>Get the Base URI for the node, that is, the URI used for resolving a relative URI contained
 in the node. This will be the same as the System ID unless xml:base has been used. Where the
 node does not have a base URI of its own, the base URI of its parent node is returned.</div></body><sentence>Get the Base URI for the node, that is, the URI used for resolving a relative URI contained
 in the node.</sentence><return><body><div>the base URI of the node. This may be null if the base URI is unknown.</div></body></return><attribute name="@since"><body><div>8.4</div></body></attribute></comment><override-of fulltype="com.saxonica.ee.stream.om.FleetingNode" method="getBaseURI()" type="FleetingNode"/></method><method fulltype="net.sf.saxon.Configuration" id="getConfiguration" type="Configuration" visibility="public"><comment><sentence>Get the configuration used to build the tree containing this node.</sentence><return><body><div>the Configuration</div></body></return><attribute name="@since"><body><div>8.4</div></body></attribute></comment><override-of fulltype="com.saxonica.ee.stream.om.FleetingNode" method="getConfiguration()" type="FleetingNode"/></method><method fulltype="long" id="getDocumentNumber" type="long" visibility="public"><comment><sentence>Get the document number, which identifies this tree uniquely within a Configuration</sentence><return><body><div>the document number</div></body></return></comment></method><method fulltype="com.saxonica.ee.stream.watch.MultiAccumulatorWatch" id="getMultiAccumulatorWatch" type="MultiAccumulatorWatch" visibility="public"/><method fulltype="net.sf.saxon.om.NamePool" id="getNamePool" type="NamePool" visibility="public"><comment><sentence>Get the NamePool that holds the namecode for this node</sentence><return><body><div>the namepool</div></body></return><attribute name="@since"><body><div>8.4</div></body></attribute></comment><override-of fulltype="com.saxonica.ee.stream.om.FleetingNode" method="getNamePool()" type="FleetingNode"/></method><method fulltype="net.sf.saxon.om.NodeInfo" id="getRootNode" type="NodeInfo" visibility="public"><comment><sentence>Get the NodeInfo object representing the document node at the root of the tree</sentence><return><body><div>the document node</div></body></return></comment></method><method fulltype="net.sf.saxon.om.SpaceStrippingRule" id="getSpaceStrippingRule" type="SpaceStrippingRule" visibility="public"><comment><body><div>Get details of space stripping action that was applied to this document during
 construction. This ensures that space stripping is not applied twice to the same
 document.</div></body><sentence>Get details of space stripping action that was applied to this document during
 construction.</sentence><return><body><div>details of the space stripping rules that have been applied to this
 document during its construction. By default, returns <tag kind="see">net.sf.saxon.om.NoElementsSpaceStrippingRule</tag>,
 indicating that no space stripping has been applied</div></body></return><attribute name="@since"><body><div>9.9</div></body></attribute></comment></method><method fulltype="java.lang.String" id="getSystemId" type="String" visibility="public"><comment><body><div>Get the System ID for the node. Note this is not the
 same as the base URI: the base URI can be modified by xml:base, but
 the system ID cannot. The base URI is used primarily for resolving
 relative URIs within the content of the document. The system ID is
 used primarily in conjunction with a line number, for identifying the
 location of elements within the source XML, in particular when errors
 are found. For a document node, the System ID represents the value of
 the document-uri property as defined in the XDM data model.</div></body><sentence>Get the System ID for the node.</sentence><return><body><div>the System Identifier of the entity in the source document
         containing the node, or null if not known or not applicable.</div></body></return><attribute name="@since"><body><div>8.4</div></body></attribute></comment><override-of fulltype="com.saxonica.ee.stream.om.FleetingNode" method="getSystemId()" type="FleetingNode"/></method><method fulltype="net.sf.saxon.om.TreeInfo" id="getTreeInfo" type="TreeInfo" visibility="public"><override-of fulltype="com.saxonica.ee.stream.om.FleetingNode" method="getTreeInfo()" type="FleetingNode"/></method><method fulltype="java.lang.String[]" id="getUnparsedEntity" type="String[]" visibility="public"><comment><sentence>Get the unparsed entity with a given name</sentence><return><body><div>if the entity exists, return an array of two Strings, the first
         holding the system ID of the entity (as an absolute URI if possible),
         the second holding the public ID if there is one, or null if not.
         If the entity does not exist, the method returns null.
         Applications should be written on the assumption that this array may
         be extended in the future to provide additional information.</div></body></return><attribute name="@since"><body><div>8.4</div></body></attribute></comment><params><param fulltype="java.lang.String" name="name" type="String"><body><div>the name of the entity</div></body></param></params></method><method fulltype="java.util.Iterator" id="getUnparsedEntityNames" type="Iterator" visibility="public"><type fulltype="java.lang.String" type="String"/><comment><sentence>Get the list of unparsed entities defined in this document</sentence><return><body><div>an Iterator, whose items are of type String, containing the names of all
         unparsed entities defined in this document. If there are no unparsed entities or if the
         information is not available then an empty iterator is returned</div></body></return></comment></method><method fulltype="java.lang.Object" id="getUserData" type="Object" visibility="public"><comment><body><div>Get user data held in the document node. This retrieves properties previously set using
 <tag kind="see">#setUserData</tag></div></body><sentence>Get user data held in the document node.</sentence><return><body><div>the value of the property, or null if the property has not been defined.</div></body></return></comment><params><param fulltype="java.lang.String" name="key" type="String"><body><div>A string giving the name of the property to be retrieved.</div></body></param></params></method><method fulltype="void" id="notify" type="void" visibility="public"><comment><sentence>Notify the event to a Receiver</sentence></comment><override-of fulltype="com.saxonica.ee.stream.om.FleetingParentNode" method="notify(net.sf.saxon.event.Receiver)" type="FleetingParentNode"/><params><param fulltype="net.sf.saxon.event.Receiver" name="out" type="Receiver"><body><div>the receiver to be notified</div></body></param></params><exceptions><exception fulltype="net.sf.saxon.trans.XPathException" id="XPathException"/></exceptions></method><method fulltype="net.sf.saxon.om.NodeInfo" id="selectID" type="NodeInfo" visibility="public"><comment><sentence>Get the element with a given ID, if any</sentence><return><body><div>the element with the given ID, or null if there is no such ID
         present (or if the parser has not notified attributes as being of
         type ID)</div></body></return></comment><params><param fulltype="java.lang.String" name="id" type="String"><body><div>the required ID value</div></body></param><param fulltype="boolean" name="getParent" type="boolean"><body><div>true if the element required is the parent of the element whose type is xs:ID</div></body></param></params></method><method fulltype="void" id="setConfiguration" type="void" visibility="public"><comment><sentence>Set the configuration</sentence></comment><params><param fulltype="net.sf.saxon.Configuration" name="config" type="Configuration"><body><div>the configuration to which this document belongs</div></body></param></params></method><method fulltype="void" id="setMultiAccumulatorWatch" type="void" visibility="public"><params><param fulltype="com.saxonica.ee.stream.watch.MultiAccumulatorWatch" name="multiWatch" type="MultiAccumulatorWatch"/></params></method><method fulltype="void" id="setSpaceStrippingRule" type="void" visibility="public"><comment><body><div>Set details of space stripping action that was applied to this document during
 construction. This ensures that space stripping is not applied twice to the same
 document.</div></body><sentence>Set details of space stripping action that was applied to this document during
 construction.</sentence><attribute name="@since"><body><div>9.9</div></body></attribute></comment><params><param fulltype="net.sf.saxon.om.SpaceStrippingRule" name="rule" type="SpaceStrippingRule"><body><div>details of the space stripping rules that have been applied to this
             document during its construction.</div></body></param></params></method><method fulltype="void" id="setSystemId" type="void" visibility="public"><comment><body><div>Set the system identifier for this Source.
 <p>The system identifier is optional if the source does not
 get its data from a URL, but it may still be useful to provide one.
 The application can use a system identifier, for example, to resolve
 relative URIs and to include in error messages and warnings.</p></div></body><sentence>Set the system identifier for this Source.</sentence></comment><override-of fulltype="com.saxonica.ee.stream.om.FleetingNode" method="setSystemId(java.lang.String)" type="FleetingNode"/><params><param fulltype="java.lang.String" name="systemId" type="String"><body><div>The system identifier as a URL string.</div></body></param></params></method><method fulltype="void" id="setUnparsedEntity" type="void" visibility="public"><comment><sentence>Notify an unparsed entity URI.</sentence></comment><params><param fulltype="java.lang.String" name="name" type="String"><body><div>The name of the unparsed entity</div></body></param><param fulltype="java.lang.String" name="systemID" type="String"><body><div>The system identifier of the unparsed entity</div></body></param><param fulltype="java.lang.String" name="publicID" type="String"><body><div>The public identifier of the unparsed entity</div></body></param></params><exceptions><exception fulltype="net.sf.saxon.trans.XPathException" id="XPathException"/></exceptions></method><method fulltype="void" id="setUserData" type="void" visibility="public"><comment><body><div>Set user data on the document node. The user data can be retrieved subsequently
 using <tag kind="see">#getUserData</tag></div></body><sentence>Set user data on the document node.</sentence></comment><params><param fulltype="java.lang.String" name="key" type="String"><body><div>A string giving the name of the property to be set. Clients are responsible
              for choosing a key that is likely to be unique. Must not be null. Keys used internally
              by Saxon are prefixed "saxon:".</div></body></param><param fulltype="java.lang.Object" name="value" type="Object"><body><div>The value to be set for the property. May be null, which effectively
              removes the existing value for the property.</div></body></param></params></method></methods></class><class id="FleetingElementNode" fulltype="com.saxonica.ee.stream.om.FleetingElementNode" superclass="FleetingParentNode" superclassfulltype="com.saxonica.ee.stream.om.FleetingParentNode" visibility="public"><extends><interface fulltype="com.saxonica.ee.stream.om.FleetingParentNode" type="FleetingParentNode"><extends><inherits><interface fulltype="net.sf.saxon.om.NodeInfo" type="NodeInfo"/></inherits><interface fulltype="com.saxonica.ee.stream.om.FleetingNode" type="FleetingNode"/></extends></interface></extends><comment><sentence>Represents an element node available transiently within a streamed document</sentence></comment><fields/><methods><constructor id="FleetingElementNode" visibility="public"><params><param fulltype="net.sf.saxon.om.NodeName" name="name" type="NodeName"/><param fulltype="net.sf.saxon.type.SchemaType" name="type" type="SchemaType"/></params></constructor><constructor id="FleetingElementNode" visibility="public"><params><param fulltype="net.sf.saxon.om.NodeName" name="name" type="NodeName"/><param fulltype="net.sf.saxon.type.SchemaType" name="type" type="SchemaType"/><param fulltype="net.sf.saxon.om.AttributeMap" name="attributes" type="AttributeMap"/><param fulltype="net.sf.saxon.om.NamespaceMap" name="namespaces" type="NamespaceMap"/></params></constructor><method fulltype="int" id="compareAttributeOrder" type="int" visibility="public"><params><param fulltype="net.sf.saxon.om.NodeName" name="one" type="NodeName"/><param fulltype="net.sf.saxon.om.NodeName" name="two" type="NodeName"/></params></method><method fulltype="void" id="copy" type="void" visibility="public"><comment><body><div>Copy this node to a given Receiver.
 <p>This method is primarily for internal use. It should not be considered a stable
 part of the Saxon API.</p></div></body><sentence>Copy this node to a given Receiver.</sentence></comment><params><param fulltype="net.sf.saxon.event.Receiver" name="out" type="Receiver"><body><div>the Receiver to which the node should be copied. It is the caller's
                    responsibility to ensure that this Receiver is open before the method is called
                    (or that it is self-opening), and that it is closed after use.</div></body></param><param fulltype="int" name="copyOptions" type="int"><body><div>a selection of the options defined in <tag kind="see">net.sf.saxon.om.CopyOptions</tag></div></body></param><param fulltype="net.sf.saxon.s9api.Location" name="locationId" type="Location"><body><div>If non-zero, identifies the location of the instruction
                    that requested this copy. If zero, indicates that the location information
                    for the original node is to be copied; in this case the Receiver must be</div></body></param></params><exceptions><exception fulltype="net.sf.saxon.trans.XPathException" id="XPathException"/></exceptions></method><method fulltype="net.sf.saxon.om.NamespaceMap" id="getAllNamespaces" type="NamespaceMap" visibility="public"><override-of fulltype="com.saxonica.ee.stream.om.FleetingNode" method="getAllNamespaces()" type="FleetingNode"/></method><method fulltype="int" id="getAttributeIndex" type="int" visibility="public"><comment><sentence>Get the index position of an attribute with given local name and fingerprint</sentence></comment><params><param fulltype="java.lang.String" name="uri" type="String"/><param fulltype="java.lang.String" name="local" type="String"/></params></method><method fulltype="net.sf.saxon.om.AttributeMap" id="getAttributes" type="AttributeMap" visibility="public"><comment><sentence>Get the attributes defined on this element</sentence><return><body><div>the attributes in the form of an AttributeCollection</div></body></return></comment></method><method fulltype="java.lang.String" id="getAttributeValue" type="String" visibility="public"><comment><sentence>Get the string value of a given attribute of this node</sentence><return><body><div>the attribute value if it exists, or null if it does not exist. Always returns null
         if this node is not an element.</div></body></return><attribute name="@since"><body><div>9.4</div></body></attribute></comment><override-of fulltype="com.saxonica.ee.stream.om.FleetingNode" method="getAttributeValue(java.lang.String, java.lang.String)" type="FleetingNode"/><params><param fulltype="java.lang.String" name="uri" type="String"><body><div>the namespace URI of the attribute name. Supply the empty string for an attribute
              that is in no namespace</div></body></param><param fulltype="java.lang.String" name="local" type="String"><body><div>the local part of the attribute name.</div></body></param></params></method><method fulltype="net.sf.saxon.om.NamespaceMap" id="getInScopeNamespaces" type="NamespaceMap" visibility="public"><comment><sentence>Get all in-scope namespaces defined on this element.</sentence><return><body><div>a <tag kind="code">NamespaceMap</tag> containing all the in-scope namespaces for an element (not just
 those declared locally on the element itself). Returns null if the node is
 not an element.</div></body></return></comment><override-of fulltype="com.saxonica.ee.stream.om.FleetingNode" method="getInScopeNamespaces()" type="FleetingNode"/></method><method fulltype="int" id="getNamespaceNodeIndex" type="int" visibility="public"><comment><sentence>Get the index position of a namespace node with given local name (=prefix</sentence></comment><params><param fulltype="java.lang.String" name="prefix" type="String"/></params></method><method fulltype="net.sf.saxon.tree.iter.AxisIterator" id="iterateAxis" type="AxisIterator" visibility="public"><comment><sentence>Return an iteration over all the nodes reached by the given axis from this node
 that match a given NodeTest</sentence><return><body><div>an AxisIterator that delivers the nodes reached by the axis in
         turn.  The nodes are returned in axis order (document order for a forwards
         axis, reverse document order for a reverse axis).</div></body></return><attribute name="@see" see="java">net.sf.saxon.om.AxisInfo</attribute><attribute name="@since"><body><div>8.4</div></body></attribute></comment><override-of fulltype="com.saxonica.ee.stream.om.FleetingNode" method="iterateAxis(int, net.sf.saxon.pattern.NodePredicate)" type="FleetingNode"/><params><param fulltype="int" name="axisNumber" type="int"><body><div>an integer identifying the axis; one of the constants
                   defined in class <tag kind="see">net.sf.saxon.om.AxisInfo</tag></div></body></param><param fulltype="net.sf.saxon.pattern.NodePredicate" name="nodeTest" type="NodePredicate"><body><div>A condition to be satisfied by the returned nodes; nodes
                   that do not satisfy this condition are not included in the result</div></body></param></params></method><method fulltype="com.saxonica.ee.stream.om.FleetingNode" id="makeAttributeNode" type="FleetingNode" visibility="public"><comment><sentence>Make an attribute node</sentence><return><body><div>the attribute node.</div></body></return></comment><params><param fulltype="net.sf.saxon.om.AttributeInfo" name="attInfo" type="AttributeInfo"><body><div>information about the attribute</div></body></param></params></method><method fulltype="void" id="notify" type="void" visibility="public"><comment><sentence>Notify the event to a Receiver</sentence></comment><override-of fulltype="com.saxonica.ee.stream.om.FleetingParentNode" method="notify(net.sf.saxon.event.Receiver)" type="FleetingParentNode"/><params><param fulltype="net.sf.saxon.event.Receiver" name="out" type="Receiver"><body><div>the receiver to be notified</div></body></param></params><exceptions><exception fulltype="net.sf.saxon.trans.XPathException" id="XPathException"/></exceptions></method><method fulltype="void" id="setAttributes" type="void" visibility="public"><comment><sentence>Set the attributes that appear on this element</sentence></comment><params><param fulltype="net.sf.saxon.om.AttributeMap" name="attributes" type="AttributeMap"><body><div>the element's attributes</div></body></param></params></method><method fulltype="void" id="setNamespaceMap" type="void" visibility="public"><comment><sentence>Set the in-scope namespaces for this element</sentence></comment><params><param fulltype="net.sf.saxon.om.NamespaceMap" name="namespaces" type="NamespaceMap"><body><div>the in-scope namespaces. This includes all namespace bindings that are
                   in scope, not just the local namespace declarations</div></body></param></params></method></methods></class><class id="FleetingNode" fulltype="com.saxonica.ee.stream.om.FleetingNode" superclass="Object" superclassfulltype="java.lang.Object" visibility="public"><implements><interface fulltype="net.sf.saxon.om.NodeInfo" type="NodeInfo"/></implements><comment><body><div>A FleetingNode is a node that exists transiently in the course of streaming processing. The node has
 a parent (unless it is the root), and the case of an element node it also has attributes and namespaces.
 If it is a "remembered ancestor" then it may have descendants, but these cannot be found using the descendant
 axis. It has no following or preceding nodes.</div></body><sentence>A FleetingNode is a node that exists transiently in the course of streaming processing.</sentence></comment><fields><field fulltype="com.saxonica.ee.stream.om.FleetingDocumentNode" id="root" type="FleetingDocumentNode" visibility="protected"/></fields><methods><constructor id="FleetingNode" visibility="public"/><method fulltype="net.sf.saxon.om.AtomicSequence" id="atomize" type="AtomicSequence" visibility="public"><comment><sentence>Get the typed value.</sentence><return><body><div>the typed value. This will either be a single AtomicValue or a Value whose items are
         atomic values.</div></body></return></comment><exceptions><exception fulltype="net.sf.saxon.trans.XPathException" id="XPathException"/></exceptions></method><method final="true" fulltype="int" id="compareOrder" type="int" visibility="public"><comment><body><div>Determine the relative position of this node and another node, in document order.
 <p>The other node must always be in the same tree; the effect of calling this method
 when the two nodes are in different trees is undefined. To obtain a global ordering
 of nodes, the application should first compare the result of getDocumentNumber(),
 and only if the document number is the same should compareOrder() be called.</p></div></body><sentence>Determine the relative position of this node and another node, in document order.</sentence><return><body><div>-1 if this node precedes the other node, +1 if it follows the
         other node, or 0 if they are the same node. (In this case,
         isSameNode() will always return true, and the two nodes will
         produce the same result for generateId())</div></body></return><attribute name="@since"><body><div>8.4</div></body></attribute></comment><params><param fulltype="net.sf.saxon.om.NodeInfo" name="other" type="NodeInfo"><body><div>The other node, whose position is to be compared with this
              node</div></body></param></params></method><method final="true" fulltype="boolean" id="equals" type="boolean" visibility="public"><comment><body><div>Determine whether this is the same node as another node.
 <p>Note that two different NodeInfo instances can represent the same conceptual node.
 Therefore the "==" operator should not be used to test node identity. The equals()
 method should give the same result as isSameNodeInfo(), but since this rule was introduced
 late it might not apply to all implementations.</p>
 <p>Note: a.isSameNodeInfo(b) if and only if generateId(a)==generateId(b).</p>
 <p>This method has the same semantics as isSameNode() in DOM Level 3, but
 works on Saxon NodeInfo objects rather than DOM Node objects.</p></div></body><sentence>Determine whether this is the same node as another node.</sentence><return><body><div>true if this NodeInfo object and the supplied NodeInfo object represent
         the same node in the tree.</div></body></return></comment><override-of fulltype="java.lang.Object" method="equals(java.lang.Object)" type="Object"/><params><param fulltype="java.lang.Object" name="other" type="Object"><body><div>the node to be compared with this node</div></body></param></params></method><method fulltype="void" id="generateId" type="void" visibility="public"><comment><body><div>Construct a character string that uniquely identifies this node.
 Note: a.isSameNode(b) if and only if generateId(a)==generateId(b)</div></body><sentence>Construct a character string that uniquely identifies this node.</sentence><attribute name="@since"><body><div>8.7
        <p>Changed in Saxon 8.7 to generate the ID value in a client-supplied buffer</p></div></body></attribute></comment><params><param fulltype="java.lang.StringBuilder" name="buffer" type="StringBuilder"><body><div>a buffer which will be updated to hold a string
               that uniquely identifies this node, across all documents.</div></body></param></params></method><method fulltype="net.sf.saxon.om.NamespaceMap" id="getAllNamespaces" type="NamespaceMap" visibility="public"><comment><body><div>Get all the namespace bindings that are in-scope for this element.
 <p>For an element return all the prefix-to-uri bindings that are in scope. This may include
 a binding to the default namespace (represented by a prefix of ""). It will never include
 "undeclarations" - that is, the namespace URI will never be empty; the effect of an undeclaration
 is to remove a binding from the in-scope namespaces, not to add anything.</p>
 <p>For a node other than an element, returns null.</p></div></body><sentence>Get all the namespace bindings that are in-scope for this element.</sentence><return><body><div>the in-scope namespaces for an element, or null for any other kind of node.</div></body></return></comment></method><method fulltype="java.lang.String" id="getAttributeValue" type="String" visibility="public"><comment><sentence>Get the string value of a given attribute of this node</sentence><return><body><div>the attribute value if it exists, or null if it does not exist. Always returns null
         if this node is not an element.</div></body></return><attribute name="@since"><body><div>9.4</div></body></attribute></comment><params><param fulltype="java.lang.String" name="uri" type="String"><body><div>the namespace URI of the attribute name. Supply the empty string for an attribute
              that is in no namespace</div></body></param><param fulltype="java.lang.String" name="local" type="String"><body><div>the local part of the attribute name.</div></body></param></params></method><method fulltype="java.lang.String" id="getBaseURI" type="String" visibility="public"><comment><body><div>Get the Base URI for the node, that is, the URI used for resolving a relative URI contained
 in the node. This will be the same as the System ID unless xml:base has been used. Where the
 node does not have a base URI of its own, the base URI of its parent node is returned.</div></body><sentence>Get the Base URI for the node, that is, the URI used for resolving a relative URI contained
 in the node.</sentence><return><body><div>the base URI of the node. This may be null if the base URI is unknown.</div></body></return><attribute name="@since"><body><div>8.4</div></body></attribute></comment></method><method fulltype="net.sf.saxon.Configuration" id="getConfiguration" type="Configuration" visibility="public"><comment><sentence>Get the configuration used to build the tree containing this node.</sentence><return><body><div>the Configuration</div></body></return><attribute name="@since"><body><div>8.4</div></body></attribute></comment></method><method fulltype="net.sf.saxon.om.NamespaceBinding[]" id="getDeclaredNamespaces" type="NamespaceBinding[]" visibility="public"><params><param fulltype="net.sf.saxon.om.NamespaceBinding[]" name="buffer" type="NamespaceBinding[]"/></params></method><method fulltype="int" id="getDepth" type="int" visibility="public"><comment><sentence>Get the depth of this node in the tree.</sentence><return><body><div>0 for the document node, 1 for the outermost element, etc</div></body></return></comment></method><method final="true" fulltype="java.lang.String" id="getDisplayName" type="String" visibility="public"><comment><body><div>Get the display name of this node, in the form of a lexical QName.
 For elements and attributes this is [prefix:]localname.
 For unnamed nodes, it is an empty string.</div></body><sentence>Get the display name of this node, in the form of a lexical QName.</sentence><return><body><div>The display name of this node. For a node with no name, returns
         an empty string.</div></body></return><attribute name="@since"><body><div>8.4</div></body></attribute></comment></method><method final="true" fulltype="int" id="getFingerprint" type="int" visibility="public"><comment><body><div>Get fingerprint. The fingerprint is a coded form of the expanded name
 of the node: two nodes
 with the same name code have the same namespace URI and the same local name.
 The fingerprint contains no information about the namespace prefix. For a name
 in the null namespace, the fingerprint is the same as the name code.</div></body><sentence>Get fingerprint.</sentence><return><body><div>an integer fingerprint; two nodes with the same fingerprint have
         the same expanded QName. For unnamed nodes (text nodes, comments, document nodes,
         and namespace nodes for the default namespace), returns -1.</div></body></return><attribute name="@since"><body><div>8.4</div></body></attribute></comment></method><method fulltype="net.sf.saxon.om.NamespaceMap" id="getInScopeNamespaces" type="NamespaceMap" visibility="public"><comment><sentence>Get all in-scope namespaces defined on this element.</sentence><return><body><div>a <tag kind="code">NamespaceMap</tag> containing all the in-scope namespaces for an element (not just
 those declared locally on the element itself). Returns null if the node is
 not an element.</div></body></return></comment></method><method final="true" fulltype="java.lang.String" id="getLocalPart" type="String" visibility="public"><comment><body><div>Get the local part of the name of this node. This is the name after the ":" if any.</div></body><sentence>Get the local part of the name of this node.</sentence><return><body><div>the local part of the name. For an unnamed node, returns "". Unlike the DOM
         interface, this returns the full name in the case of a non-namespaced name.</div></body></return><attribute name="@since"><body><div>8.4</div></body></attribute></comment></method><method fulltype="net.sf.saxon.om.NamePool" id="getNamePool" type="NamePool" visibility="public"><comment><sentence>Get the NamePool that holds the namecode for this node</sentence><return><body><div>the namepool</div></body></return><attribute name="@since"><body><div>8.4</div></body></attribute></comment></method><method final="true" fulltype="int" id="getNodeKind" type="int" visibility="public"><comment><body><div>Get the kind of node. This will be a value such as <tag kind="see">net.sf.saxon.type.Type#ELEMENT</tag>
 or <tag kind="see">net.sf.saxon.type.Type#ATTRIBUTE</tag>. There are seven kinds of node: documents, elements, attributes,
 text, comments, processing-instructions, and namespaces.</div></body><sentence>Get the kind of node.</sentence><return><body><div>an integer identifying the kind of node. These integer values are the
         same as those used in the DOM</div></body></return><attribute name="@see" see="java">net.sf.saxon.type.Type</attribute><attribute name="@since"><body><div>8.4</div></body></attribute></comment></method><method final="true" fulltype="net.sf.saxon.om.NodeName" id="getNodeName" type="NodeName" visibility="public"/><method fulltype="int" id="getNodeNumber" type="int" visibility="public"><comment><sentence>Get the serial number of this node within the containing document</sentence><return><body><div>the serial number of this node: this reflects document order.</div></body></return></comment></method><method final="true" fulltype="net.sf.saxon.om.NodeInfo" id="getParent" type="NodeInfo" visibility="public"><comment><sentence>Get the NodeInfo object representing the parent of this node</sentence><return><body><div>the parent of this node; null if this node has no parent</div></body></return></comment></method><method final="true" fulltype="java.lang.String" id="getPrefix" type="String" visibility="public"><comment><body><div>Get the prefix of the name of the node. This is defined only for elements and attributes.
 If the node has no prefix, or for other kinds of node, returns a zero-length string.</div></body><sentence>Get the prefix of the name of the node.</sentence><return><body><div>The prefix of the name of the node.</div></body></return><attribute name="@since"><body><div>8.4</div></body></attribute></comment></method><method fulltype="net.sf.saxon.om.NodeInfo" id="getRoot" type="NodeInfo" visibility="public"><comment><sentence>Get the root node of the tree containing this node</sentence><return><body><div>the NodeInfo representing the top-level ancestor of this node.
         This will not necessarily be a document node. If this node has no parent,
         then the method returns this node.</div></body></return><attribute name="@since"><body><div>8.4</div></body></attribute></comment></method><method final="true" fulltype="net.sf.saxon.type.SchemaType" id="getSchemaType" type="SchemaType" visibility="public"><comment><body><div>Get the type annotation of this node, if any. The type annotation is represented as
 SchemaType object.
 <p>Types derived from a DTD are not reflected in the result of this method.</p></div></body><sentence>Get the type annotation of this node, if any.</sentence><return><body><div>For element and attribute nodes: the type annotation derived from schema
         validation (defaulting to xs:untyped and xs:untypedAtomic in the absence of schema
         validation). For comments, text nodes, processing instructions, and namespaces: null.
         For document nodes, either xs:untyped if the document has not been validated, or
         xs:anyType if it has.</div></body></return><attribute name="@since"><body><div>9.4</div></body></attribute></comment></method><method fulltype="java.lang.String" id="getSystemId" type="String" visibility="public"><comment><body><div>Get the System ID for the node. Note this is not the
 same as the base URI: the base URI can be modified by xml:base, but
 the system ID cannot. The base URI is used primarily for resolving
 relative URIs within the content of the document. The system ID is
 used primarily in conjunction with a line number, for identifying the
 location of elements within the source XML, in particular when errors
 are found. For a document node, the System ID represents the value of
 the document-uri property as defined in the XDM data model.</div></body><sentence>Get the System ID for the node.</sentence><return><body><div>the System Identifier of the entity in the source document
         containing the node, or null if not known or not applicable.</div></body></return><attribute name="@since"><body><div>8.4</div></body></attribute></comment></method><method fulltype="net.sf.saxon.om.TreeInfo" id="getTreeInfo" type="TreeInfo" visibility="public"><comment><sentence>Get information about the tree to which this NodeInfo belongs</sentence><return><body><div>the TreeInfo</div></body></return><attribute name="@since"><body><div>9.7</div></body></attribute></comment></method><method final="true" fulltype="net.sf.saxon.str.UnicodeString" id="getUnicodeStringValue" type="UnicodeString" visibility="public"><comment><body><div>Return the string value of the node as defined in the XPath data model.
 <p>The interpretation of this depends on the type
 of node. For an element it is the accumulated character content of the element,
 including descendant elements.</p>
 <p>This method returns the string value as if the node were untyped. Unlike the string value
 accessor in the XPath 2.0 data model, it does not report an error if the element has a complex
 type, instead it returns the concatenation of the descendant text nodes as it would if the element
 were untyped.</p></div></body><sentence>Return the string value of the node as defined in the XPath data model.</sentence><return><body><div>the string value of the node</div></body></return><attribute name="@since"><body><div>8.4</div></body></attribute></comment></method><method final="true" fulltype="java.lang.String" id="getURI" type="String" visibility="public"><comment><body><div>Get the URI part of the name of this node. This is the URI corresponding to the
 prefix, or the URI of the default namespace if appropriate.</div></body><sentence>Get the URI part of the name of this node.</sentence><return><body><div>The URI of the namespace of this node. For an unnamed node,
         or for an element or attribute that is not in a namespace, or for a processing
         instruction, returns an empty string.</div></body></return><attribute name="@since"><body><div>8.4</div></body></attribute></comment></method><method fulltype="boolean" id="hasChildNodes" type="boolean" visibility="public"><comment><body><div>Determine whether the node has any children.
 <p>Note: the result is equivalent to
 <code>iterateAxis(Axis.CHILD).next() != null</code></p></div></body><sentence>Determine whether the node has any children.</sentence><return><body><div>True if the node has one or more children</div></body></return><attribute name="@since"><body><div>8.4</div></body></attribute></comment></method><method fulltype="boolean" id="hasFingerprint" type="boolean" visibility="public"><comment><body><div>Ask whether this NodeInfo implementation holds a fingerprint identifying the name of the
 node in the NamePool. If the answer is true, then the <tag kind="see">#getFingerprint</tag> method must
 return the fingerprint of the node. If the answer is false, then the <tag kind="see">#getFingerprint</tag>
 method should throw an <tag kind="code">UnsupportedOperationException</tag>. In the case of unnamed nodes
 such as text nodes, the result can be either true (in which case getFingerprint() should
 return -1) or false (in which case getFingerprint may throw an exception).</div></body><sentence>Ask whether this NodeInfo implementation holds a fingerprint identifying the name of the
 node in the NamePool.</sentence><return><body><div>true if the implementation of this node provides fingerprints.</div></body></return><attribute name="@since"><body><div>9.8; previously Saxon relied on using <code>FingerprintedNode</code> as a marker interface.</div></body></attribute></comment></method><method fulltype="int" id="hashCode" type="int" visibility="public"><override-of fulltype="java.lang.Object" method="hashCode()" type="Object"/></method><method fulltype="net.sf.saxon.om.NodeInfo" id="head" type="NodeInfo" visibility="public"><comment><sentence>To implement <tag kind="see">net.sf.saxon.om.Sequence</tag>, this method returns the item itself</sentence><return><body><div>this item</div></body></return></comment></method><method fulltype="boolean" id="isStreamed" type="boolean" visibility="public"><comment><sentence>Ask whether this is a node in a streamed document</sentence><return><body><div>true if the node is in a document being processed using streaming</div></body></return></comment></method><method fulltype="net.sf.saxon.tree.iter.AxisIterator" id="iterateAxis" type="AxisIterator" visibility="public"><comment><sentence>Return an iteration over all the nodes reached by the given axis from this node
 that match a given NodeTest</sentence><return><body><div>an AxisIterator that delivers the nodes reached by the axis in
         turn.  The nodes are returned in axis order (document order for a forwards
         axis, reverse document order for a reverse axis).</div></body></return></comment><params><param fulltype="int" name="axisNumber" type="int"><body><div>an integer identifying the axis; one of the constants
                   defined in class <tag kind="see">net.sf.saxon.om.AxisInfo</tag></div></body></param><param fulltype="net.sf.saxon.pattern.NodePredicate" name="nodeTest" type="NodePredicate"><body><div>A condition to be satisfied by the returned nodes; nodes
                   that do not satisfy this condition are not included in the result</div></body></param></params></method><method fulltype="net.sf.saxon.s9api.Location" id="saveLocation" type="Location" visibility="public"><comment><body><div>Get an immutable copy of this Location object. By default Location objects may be mutable, so they
 should not be saved for later use. The result of this operation holds the same location information,
 but in an immutable form.</div></body><sentence>Get an immutable copy of this Location object.</sentence></comment></method><method fulltype="void" id="setNodeKind" type="void" visibility="public"><params><param fulltype="int" name="nodeKind" type="int"/></params></method><method fulltype="void" id="setNodeName" type="void" visibility="public"><params><param fulltype="net.sf.saxon.om.NodeName" name="name" type="NodeName"/></params></method><method fulltype="void" id="setParent" type="void" visibility="public"><params><param fulltype="com.saxonica.ee.stream.om.FleetingNode" name="parent" type="FleetingNode"/></params></method><method fulltype="void" id="setStringValue" type="void" visibility="public"><params><param fulltype="net.sf.saxon.str.UnicodeString" name="stringValue" type="UnicodeString"/></params></method><method fulltype="void" id="setSystemId" type="void" visibility="public"><comment><body><div>Set the system identifier for this Source.
 <p>The system identifier is optional if the source does not
 get its data from a URL, but it may still be useful to provide one.
 The application can use a system identifier, for example, to resolve
 relative URIs and to include in error messages and warnings.</p></div></body><sentence>Set the system identifier for this Source.</sentence></comment><params><param fulltype="java.lang.String" name="systemId" type="String"><body><div>The system identifier as a URL string.</div></body></param></params></method><method fulltype="void" id="setTypeAnnotation" type="void" visibility="public"><params><param fulltype="net.sf.saxon.type.SchemaType" name="typeAnnotation" type="SchemaType"/></params></method></methods><subclasses><class fulltype="com.saxonica.ee.stream.om.FleetingParentNode" type="FleetingParentNode"/></subclasses></class><class id="FleetingParentNode" abstract="true" fulltype="com.saxonica.ee.stream.om.FleetingParentNode" superclass="FleetingNode" superclassfulltype="com.saxonica.ee.stream.om.FleetingNode" visibility="public"><extends><inherits><interface fulltype="net.sf.saxon.om.NodeInfo" type="NodeInfo"/></inherits><interface fulltype="com.saxonica.ee.stream.om.FleetingNode" type="FleetingNode"/></extends><comment><sentence>A streamed document or element node.</sentence></comment><fields/><methods><constructor id="FleetingParentNode" visibility="public"/><method fulltype="boolean" id="hasChildNodes" type="boolean" visibility="public"><comment><sentence>Ask whether the node has any children.</sentence><return><body><div>True if the node has one or more children</div></body></return></comment><override-of fulltype="com.saxonica.ee.stream.om.FleetingNode" method="hasChildNodes()" type="FleetingNode"/></method><method abstract="true" fulltype="void" id="notify" type="void" visibility="public"><comment><sentence>Notify the event to a Receiver</sentence></comment><params><param fulltype="net.sf.saxon.event.Receiver" name="out" type="Receiver"><body><div>the receiver to be notified</div></body></param></params><exceptions><exception fulltype="net.sf.saxon.trans.XPathException" id="XPathException"/></exceptions></method><method fulltype="void" id="setHasChildren" type="void" visibility="public"><comment><sentence>Say whether the node has any children.</sentence></comment><params><param fulltype="boolean" name="has" type="boolean"><body><div>true if the node has children</div></body></param></params></method></methods><subclasses><class fulltype="com.saxonica.ee.stream.om.FleetingDocumentNode" type="FleetingDocumentNode"/><class fulltype="com.saxonica.ee.stream.om.FleetingElementNode" type="FleetingElementNode"/></subclasses></class></package>