<?xml version="1.0" encoding="UTF-8"?><package id="com.saxonica.ee.bytecode.iter"><class id="CompiledBlockIterator" abstract="true" fulltype="com.saxonica.ee.bytecode.iter.CompiledBlockIterator" superclass="AbstractBlockIterator" superclassfulltype="net.sf.saxon.expr.instruct.AbstractBlockIterator" visibility="public"><extends><inherits><interface fulltype="net.sf.saxon.om.SequenceIterator" type="SequenceIterator"/></inherits><interface fulltype="net.sf.saxon.expr.instruct.AbstractBlockIterator" type="AbstractBlockIterator"/></extends><comment><sentence>Iterate over the instructions in the Block, concatenating the result of each instruction
 into a single combined sequence.</sentence></comment><fields><field fulltype="net.sf.saxon.expr.XPathContext" id="context" type="XPathContext" visibility="protected"/><field fulltype="net.sf.saxon.om.SequenceIterator" id="currentIterator" type="SequenceIterator" visibility="protected"/><field fulltype="int" id="currentOperand" type="int" visibility="protected"/></fields><methods><constructor id="CompiledBlockIterator" visibility="public"/></methods></class><class id="CompiledFilterIterator" abstract="true" fulltype="com.saxonica.ee.bytecode.iter.CompiledFilterIterator" superclass="Object" superclassfulltype="java.lang.Object" visibility="public"><implements><interface fulltype="net.sf.saxon.om.SequenceIterator" type="SequenceIterator"/></implements><comment><sentence>A CompiledFilterIterator filters an input sequence using a filter expression.</sentence></comment><fields><field fulltype="net.sf.saxon.om.FocusIterator" id="base" type="FocusIterator" visibility="protected"/><field fulltype="net.sf.saxon.expr.XPathContext" id="filterContext" type="XPathContext" visibility="protected"/></fields><methods><constructor id="CompiledFilterIterator" visibility="public"><comment><sentence>Zero-argument constructor (used by generated bytecode)</sentence></comment></constructor><method fulltype="void" id="close" type="void" visibility="public"/><method fulltype="void" id="discharge" type="void" visibility="public"/><method abstract="true" fulltype="boolean" id="matches" type="boolean" visibility="protected"><comment><sentence>Determine whether the context item matches the filter predicate</sentence><return><body><div>true if the context item matches</div></body></return></comment><exceptions><exception fulltype="net.sf.saxon.trans.XPathException" id="XPathException"><sentence>XPathException if an error occurs evaluating the predicate</sentence></exception></exceptions></method><method final="true" fulltype="net.sf.saxon.om.Item" id="next" type="Item" visibility="public"><comment><sentence>Get the next item if there is one</sentence></comment></method><method final="true" fulltype="void" id="setSequence" type="void" visibility="public"><comment><sentence>Set the base iterator and context</sentence></comment><params><param fulltype="net.sf.saxon.om.SequenceIterator" name="base" type="SequenceIterator"><body><div>the iterator over the sequence to be filtered</div></body></param><param fulltype="net.sf.saxon.expr.XPathContext" name="context" type="XPathContext"><body><div>the context in which the (outer) filter expression is evaluated</div></body></param></params></method></methods></class><class id="OneToOneMappingIterator" abstract="true" fulltype="com.saxonica.ee.bytecode.iter.OneToOneMappingIterator" superclass="Object" superclassfulltype="java.lang.Object" visibility="public"><implements><interface fulltype="net.sf.saxon.om.SequenceIterator" type="SequenceIterator"/><interface fulltype="net.sf.saxon.tree.iter.LookaheadIterator" type="LookaheadIterator"/><interface fulltype="net.sf.saxon.expr.LastPositionFinder" type="LastPositionFinder"/></implements><comment><sentence>Abstract iterator that performs a one-to-one mapping from the items in the input sequence to the
 items in the output sequence; the mapping operation is defined by the map() action implemented in the
 subclass.</sentence></comment><fields><field fulltype="net.sf.saxon.expr.XPathContext" id="context" type="XPathContext" visibility="protected"/></fields><methods><constructor id="OneToOneMappingIterator" visibility="public"/><method fulltype="void" id="close" type="void" visibility="public"/><method fulltype="void" id="discharge" type="void" visibility="public"/><method fulltype="int" id="getLength" type="int" visibility="public"/><method fulltype="boolean" id="hasNext" type="boolean" visibility="public"/><method abstract="true" fulltype="net.sf.saxon.om.Item" id="map" type="Item" visibility="protected"><comment><sentence>Abstract method to be supplied in subclasses to map an item from the input sequence
 to an item in the output sequence</sentence><return><body><div>the corresponding item in the output sequence. Must not be null</div></body></return></comment><params><param fulltype="net.sf.saxon.om.Item" name="baseItem" type="Item"><body><div>the item in the input (base) sequence</div></body></param></params><exceptions><exception fulltype="net.sf.saxon.trans.XPathException" id="XPathException"><sentence>XPathException if the mapping function fails</sentence></exception></exceptions></method><method fulltype="net.sf.saxon.om.Item" id="next" type="Item" visibility="public"/><method fulltype="void" id="setSequence" type="void" visibility="public"><params><param fulltype="net.sf.saxon.om.SequenceIterator" name="base" type="SequenceIterator"/><param fulltype="net.sf.saxon.expr.XPathContext" name="context" type="XPathContext"/></params></method><method fulltype="boolean" id="supportsGetLength" type="boolean" visibility="public"/><method fulltype="boolean" id="supportsHasNext" type="boolean" visibility="public"/></methods></class></package>