<?xml version="1.0" encoding="UTF-8"?><package id="com.saxonica.config.pe"><class id="ConfigurationReaderPE" fulltype="com.saxonica.config.pe.ConfigurationReaderPE" superclass="ConfigurationReader" superclassfulltype="net.sf.saxon.trans.ConfigurationReader" visibility="public"><extends><inherits><interface fulltype="net.sf.saxon.event.Receiver" type="Receiver"/></inherits><interface fulltype="net.sf.saxon.trans.ConfigurationReader" type="ConfigurationReader"/></extends><comment><sentence>Subclass of ConfigurationReader providing functionality particular to Saxon Professional Edition</sentence></comment><fields/><methods><constructor id="ConfigurationReaderPE" visibility="public"/><method fulltype="void" id="readExtensionElement" type="void" visibility="protected"><comment><sentence>Code to process details of user-defined XSLT extension elements</sentence></comment><override-of fulltype="net.sf.saxon.trans.ConfigurationReader" method="readExtensionElement(net.sf.saxon.om.AttributeMap)" type="ConfigurationReader"/><params><param fulltype="net.sf.saxon.om.AttributeMap" name="atts" type="AttributeMap"><body><div>the attributes of the element in the configuration file</div></body></param></params></method></methods></class><class id="DynamicLoaderPE" fulltype="com.saxonica.config.pe.DynamicLoaderPE" superclass="DynamicLoader" superclassfulltype="net.sf.saxon.trans.DynamicLoader" visibility="public"><extends><inherits><interface fulltype="net.sf.saxon.lib.IDynamicLoader" type="IDynamicLoader"/></inherits><interface fulltype="net.sf.saxon.trans.DynamicLoader" type="DynamicLoader"/></extends><comment><sentence>Specialization of DynamicLoader for use in Saxon-PE</sentence></comment><fields/><methods><constructor id="DynamicLoaderPE" visibility="public"/><method fulltype="void" id="registerKnownClasses" type="void" visibility="protected"><comment><body><div>Register classes that might be dynamically loaded even though they are contained
 within Saxon itself. This typically occurs for default implementations of classes that
 can be substituted or subclassed by the user.</div></body><sentence>Register classes that might be dynamically loaded even though they are contained
 within Saxon itself.</sentence></comment><override-of fulltype="net.sf.saxon.trans.DynamicLoader" method="registerKnownClasses()" type="DynamicLoader"/></method></methods><subclasses><class fulltype="com.saxonica.ee.config.DynamicLoaderEE" type="DynamicLoaderEE"/></subclasses></class><class id="ICUNumbererEnUnhyphenated" fulltype="com.saxonica.config.pe.ICUNumbererEnUnhyphenated" superclass="ICUNumbererPE" superclassfulltype="com.saxonica.config.pe.ICUNumbererPE" visibility="public"><extends><interface fulltype="com.saxonica.config.pe.ICUNumbererPE" type="ICUNumbererPE"><extends><inherits><interface fulltype="net.sf.saxon.lib.Numberer" type="Numberer"/></inherits><interface fulltype="net.sf.saxon.expr.number.AbstractNumberer" type="AbstractNumberer"/></extends></interface></extends><comment><body><div>A numberer for English, using the ICU features, which produces space-separated word numbers,
 for example "Twenty Two" rather than the ICU default, which is hyphen-separated: "Twenty-Two".
 Used by default, but not when the language code is "en-x-hyphen".</div></body><sentence>A numberer for English, using the ICU features, which produces space-separated word numbers,
 for example "Twenty Two" rather than the ICU default, which is hyphen-separated: "Twenty-Two".</sentence></comment><fields/><methods><constructor id="ICUNumbererEnUnhyphenated" visibility="public"/><method fulltype="java.lang.String" id="postProcess" type="String" visibility="public"><comment><sentence>Replace '-' in compound numeric words in English by ' '</sentence><return><body><div>processed string</div></body></return></comment><override-of fulltype="com.saxonica.config.pe.ICUNumbererPE" method="postProcess(java.lang.String)" type="ICUNumbererPE"/><params><param fulltype="java.lang.String" name="s" type="String"><body><div>the word string to process</div></body></param></params></method></methods></class><class id="ICUNumbererPE" fulltype="com.saxonica.config.pe.ICUNumbererPE" superclass="AbstractNumberer" superclassfulltype="net.sf.saxon.expr.number.AbstractNumberer" visibility="public"><extends><inherits><interface fulltype="net.sf.saxon.lib.Numberer" type="Numberer"/></inherits><interface fulltype="net.sf.saxon.expr.number.AbstractNumberer" type="AbstractNumberer"/></extends><comment><body><div>A numberer using the ICU features, used principally for formatting numbers as words
 and day/month names
 <p>Note that in the case that the ICU libraries have not been loaded,
 then this class is not instantiated. However, the public static functions,
 e.g. getLocales() could in theory be accessed via an XSLT stylesheet
 (such as the documentation generators for example) and these invoke ICU features
 The guard function com.saxonica.config.ICUNumbererPE.hasICU() can be used to check.</p></div></body><sentence>A numberer using the ICU features, used principally for formatting numbers as words
 and day/month names</sentence></comment><fields/><methods><method fulltype="java.lang.String[]" id="availableOrdinalNumberings" static="true" type="String[]" visibility="public"><comment><sentence>Return the available ordinal numbering schemes available for a given locale</sentence><return><body><div>the numbering scheme names, e.g. '%digits-ordinal'</div></body></return></comment><params><param fulltype="java.lang.String" name="loc" type="String"><body><div>the locale code</div></body></param></params></method><method fulltype="java.lang.String[]" id="availableSpelloutNumberings" static="true" type="String[]" visibility="public"><comment><sentence>Return the available spellout numbering schemes available for a given locale</sentence><return><body><div>the numbering scheme names, e.g. '%spellout-verbose'</div></body></return></comment><params><param fulltype="java.lang.String" name="loc" type="String"><body><div>the locale code</div></body></param></params></method><method fulltype="void" id="config" synchronized="true" type="void" visibility="protected"><comment><body><div>Configure an ICU numberer. This includes possibly substituting a default locale
 if that requested isn't supported.</div></body><sentence>Configure an ICU numberer.</sentence></comment><params><param fulltype="java.util.Locale" name="locale" type="Locale"><body><div>the locale to use</div></body></param><param fulltype="java.lang.String" name="privateUseExtension" type="String"><body><div>the language code extension used to denote required numbering</div></body></param><param fulltype="net.sf.saxon.Configuration" name="config" type="Configuration"><body><div>the system Configuration</div></body></param></params></method><method fulltype="java.lang.String" id="dayName" type="String" visibility="public"><comment><sentence>Return an appropriate day name, using ICU data
 The approach is to try each of the forms available in descending order of 'size'
 until we have the first that fits the width constraints.</sentence><return><body><div>The day name in TITLE case</div></body></return></comment><override-of fulltype="net.sf.saxon.expr.number.AbstractNumberer" method="dayName(int, int, int)" type="AbstractNumberer"/><params><param fulltype="int" name="day" type="int"><body><div>The day of the week (1=Monday, 7=Sunday)</div></body></param><param fulltype="int" name="minWidth" type="int"><body><div>The minimum number of characters</div></body></param><param fulltype="int" name="maxWidth" type="int"><body><div>The maximum number of characters</div></body></param></params></method><method fulltype="java.util.Locale" id="defaultedLocale" type="Locale" visibility="public"><comment><sentence>Returns the locale that was used by default, rather than that requested.</sentence><return><body><div>the locale actually used, null if no default was required.</div></body></return></comment><override-of fulltype="net.sf.saxon.expr.number.AbstractNumberer" method="defaultedLocale()" type="AbstractNumberer"/></method><method fulltype="java.lang.String" id="getICUVersion" static="true" type="String" visibility="public"><comment><sentence>Return the version of the ICU supported in this implementation</sentence><return><body><div>the version code as a 'major.minor.milli.micro' string</div></body></return></comment></method><method fulltype="java.lang.String[]" id="getLocales" static="true" type="String[]" visibility="public"><comment><sentence>Return all the locales available for collation</sentence><return><body><div>The set of locales as 'code';'display name' pairs</div></body></return></comment></method><method fulltype="com.saxonica.config.pe.ICUNumbererPE" id="getNumberer" static="true" synchronized="true" type="ICUNumbererPE" visibility="public"><comment><sentence>Returns a suitable configured ICU numberer or a specialist subclass thereof.</sentence><return><body><div>a suitable Numberer.</div></body></return></comment><params><param fulltype="java.util.Locale" name="locale" type="Locale"><body><div>the locale to use</div></body></param><param fulltype="java.lang.String" name="privateUseExtension" type="String"><body><div>the language code extension used to denote required numbering</div></body></param><param fulltype="net.sf.saxon.Configuration" name="config" type="Configuration"><body><div>the system Configuration</div></body></param></params></method><method fulltype="java.lang.String[]" id="getPreferences" static="true" type="String[]" visibility="public"/><method fulltype="java.lang.String" id="monthName" type="String" visibility="public"><comment><sentence>Return an appropriate month name, using ICU data
 The approach is to try each of the forms available in descending order of 'size'
 until we have the first that fits the width constraints.</sentence><return><body><div>The month name in TITLE case</div></body></return></comment><override-of fulltype="net.sf.saxon.expr.number.AbstractNumberer" method="monthName(int, int, int)" type="AbstractNumberer"/><params><param fulltype="int" name="month" type="int"><body><div>The month number (1=January, 12=December)</div></body></param><param fulltype="int" name="minWidth" type="int"><body><div>The minimum number of characters</div></body></param><param fulltype="int" name="maxWidth" type="int"><body><div>The maximum number of characters</div></body></param></params></method><method fulltype="java.lang.String" id="ordinalSuffix" type="String" visibility="public"><override-of fulltype="net.sf.saxon.expr.number.AbstractNumberer" method="ordinalSuffix(java.lang.String, long)" type="AbstractNumberer"/><params><param fulltype="java.lang.String" name="ordinalParam" type="String"/><param fulltype="long" name="number" type="long"/></params></method><method fulltype="java.lang.String" id="postProcess" type="String" visibility="public"><comment><body><div>Post-process a spelled-out number. Overriding this can add additional effects
 such as replacing '-' with a space.</div></body><sentence>Post-process a spelled-out number.</sentence><return><body><div>processed string</div></body></return></comment><params><param fulltype="java.lang.String" name="result" type="String"><body><div>The spelled-out number generated by ICU</div></body></param></params></method><method fulltype="java.lang.String" id="postProcessOrdinal" type="String" visibility="public"><comment><body><div>Post-process an ordinal spelled-out number. Overriding this can add additional effects, such as
 gender/case variable suffices in German</div></body><sentence>Post-process an ordinal spelled-out number.</sentence><return><body><div>processed string</div></body></return></comment><params><param fulltype="java.lang.String" name="result" type="String"><body><div>The spelled-out ordinal generated by ICU</div></body></param><param fulltype="java.lang.String" name="ordinalParam" type="String"><body><div>The ordinal parameter, if any</div></body></param></params></method><method fulltype="java.lang.String" id="realLocale" static="true" type="String" visibility="public"><comment><sentence>Return the real language to be used for a given locale</sentence><return><body><div>the language code actually used</div></body></return></comment><params><param fulltype="java.lang.String" name="loc" type="String"><body><div>the locale code</div></body></param></params></method><method fulltype="java.lang.String" id="toOrdinalWords" type="String" visibility="public"><override-of fulltype="net.sf.saxon.expr.number.AbstractNumberer" method="toOrdinalWords(java.lang.String, long, int)" type="AbstractNumberer"/><params><param fulltype="java.lang.String" name="ordinalParam" type="String"/><param fulltype="long" name="number" type="long"/><param fulltype="int" name="wordCase" type="int"/></params></method><method fulltype="java.lang.String" id="toWords" type="String" visibility="public"><override-of fulltype="net.sf.saxon.expr.number.AbstractNumberer" method="toWords(long)" type="AbstractNumberer"/><params><param fulltype="long" name="number" type="long"/></params></method><method fulltype="java.lang.String" id="toWords" type="String" visibility="public"><override-of fulltype="net.sf.saxon.expr.number.AbstractNumberer" method="toWords(long, int)" type="AbstractNumberer"/><params><param fulltype="long" name="number" type="long"/><param fulltype="int" name="wordCase" type="int"/></params></method></methods><subclasses><class fulltype="com.saxonica.config.pe.ICUNumbererEnUnhyphenated" type="ICUNumbererEnUnhyphenated"/><class fulltype="com.saxonica.config.pe.ICUNumberer_de" type="ICUNumberer_de"/></subclasses></class><class id="ICUNumberer_de" fulltype="com.saxonica.config.pe.ICUNumberer_de" superclass="ICUNumbererPE" superclassfulltype="com.saxonica.config.pe.ICUNumbererPE" visibility="public"><extends><interface fulltype="com.saxonica.config.pe.ICUNumbererPE" type="ICUNumbererPE"><extends><inherits><interface fulltype="net.sf.saxon.lib.Numberer" type="Numberer"/></inherits><interface fulltype="net.sf.saxon.expr.number.AbstractNumberer" type="AbstractNumberer"/></extends></interface></extends><comment><sentence>A numberer for German using the ICU features, which supports variable ordinal suffixing, for example '-en', '-es'</sentence></comment><fields/><methods><constructor id="ICUNumberer_de" visibility="public"/><method fulltype="void" id="config" type="void" visibility="public"><override-of fulltype="com.saxonica.config.pe.ICUNumbererPE" method="config(java.util.Locale, java.lang.String, net.sf.saxon.Configuration)" type="ICUNumbererPE"/><params><param fulltype="java.util.Locale" name="locale" type="Locale"/><param fulltype="java.lang.String" name="privateUseExtension" type="String"/><param fulltype="net.sf.saxon.Configuration" name="config" type="Configuration"/></params></method><method fulltype="java.lang.String" id="postProcessOrdinal" type="String" visibility="public"><comment><body><div>Replace trailing 'e' on German ordinals with the post-hyphen suffix, e.g. '-en'</div></body><sentence>Replace trailing 'e' on German ordinals with the post-hyphen suffix, e.g.</sentence><return><body><div>New ordinal as words, with appropriate suffix</div></body></return></comment><override-of fulltype="com.saxonica.config.pe.ICUNumbererPE" method="postProcessOrdinal(java.lang.String, java.lang.String)" type="ICUNumbererPE"/><params><param fulltype="java.lang.String" name="result" type="String"><body><div>the raw result as delivered by ICU</div></body></param><param fulltype="java.lang.String" name="ordinalParam" type="String"><body><div>the requested ordinal form, e.g. "-er" or "-es"</div></body></param></params></method></methods></class><class id="StyleNodeFactoryPE" fulltype="com.saxonica.config.pe.StyleNodeFactoryPE" superclass="StyleNodeFactory" superclassfulltype="net.sf.saxon.style.StyleNodeFactory" visibility="public"><implements><interface fulltype="net.sf.saxon.tree.linked.NodeFactory" type="NodeFactory"/></implements><extends><inherits><interface fulltype="net.sf.saxon.tree.linked.NodeFactory" type="NodeFactory"/></inherits><interface fulltype="net.sf.saxon.style.StyleNodeFactory" type="StyleNodeFactory"/></extends><comment><body><div>Class StyleNodeFactoryPE: Subclass of StyleNodeFactory used for Saxon-PE. <br clear="none"/>
 A Factory for nodes in the stylesheet tree. <br clear="none"/>
 This version differs from the parent class in allowing extension elements to be constructed
 if the URI corresponds to an extension element factory registered in the Configuration</div></body><sentence>Class StyleNodeFactoryPE: Subclass of StyleNodeFactory used for Saxon-PE.</sentence></comment><fields><field fulltype="boolean" id="allowExtensions" type="boolean" visibility="protected"/></fields><methods><constructor id="StyleNodeFactoryPE" visibility="public"><comment><sentence>Create the node factory for representing an XSLT stylesheet as a tree structure</sentence></comment><params><param fulltype="net.sf.saxon.Configuration" name="config" type="Configuration"><body><div>the Saxon configuration</div></body></param><param fulltype="net.sf.saxon.style.Compilation" name="compilation" type="Compilation"><body><div>the compilation episode (compiling one package)</div></body></param></params></constructor><method fulltype="boolean" id="isElementAvailable" type="boolean" visibility="public"><comment><sentence>Method to support the element-available() function</sentence><return><body><div>true if an extension element of this name is recognized</div></body></return></comment><override-of fulltype="net.sf.saxon.style.StyleNodeFactory" method="isElementAvailable(java.lang.String, java.lang.String, boolean)" type="StyleNodeFactory"/><params><param fulltype="java.lang.String" name="uri" type="String"><body><div>the namespace URI</div></body></param><param fulltype="java.lang.String" name="localName" type="String"><body><div>the local Name</div></body></param><param fulltype="boolean" name="instructionsOnly" type="boolean"><body><div>true if only instructions qualify</div></body></param></params></method><method fulltype="net.sf.saxon.expr.accum.AccumulatorRegistry" id="makeAccumulatorManager" type="AccumulatorRegistry" visibility="public"><override-of fulltype="net.sf.saxon.style.StyleNodeFactory" method="makeAccumulatorManager()" type="StyleNodeFactory"/></method><method fulltype="net.sf.saxon.tree.linked.ElementImpl" id="makeElementNode" type="ElementImpl" visibility="public"><comment><body><div>Create an Element node. Note, if there is an error detected while constructing
 the Element, we add the element anyway, and return success, but flag the element
 with a validation error. This allows us to report more than
 one error from a single compilation.</div></body><sentence>Create an Element node.</sentence></comment><override-of fulltype="net.sf.saxon.style.StyleNodeFactory" method="makeElementNode(net.sf.saxon.om.NodeInfo, net.sf.saxon.om.NodeName, net.sf.saxon.type.SchemaType, boolean, net.sf.saxon.om.AttributeMap, net.sf.saxon.om.NamespaceMap, net.sf.saxon.event.PipelineConfiguration, net.sf.saxon.s9api.Location, int)" type="StyleNodeFactory"/><params><param fulltype="net.sf.saxon.om.NodeInfo" name="parent" type="NodeInfo"/><param fulltype="net.sf.saxon.om.NodeName" name="elementName" type="NodeName"/><param fulltype="net.sf.saxon.type.SchemaType" name="elementType" type="SchemaType"/><param fulltype="boolean" name="isNilled" type="boolean"/><param fulltype="net.sf.saxon.om.AttributeMap" name="attlist" type="AttributeMap"/><param fulltype="net.sf.saxon.om.NamespaceMap" name="namespaces" type="NamespaceMap"/><param fulltype="net.sf.saxon.event.PipelineConfiguration" name="pipe" type="PipelineConfiguration"/><param fulltype="net.sf.saxon.s9api.Location" name="location" type="Location"/><param fulltype="int" name="sequence" type="int"/></params></method></methods><subclasses><class fulltype="com.saxonica.ee.config.StyleNodeFactoryEE" type="StyleNodeFactoryEE"/></subclasses></class></package>