<?xml version="1.0" encoding="UTF-8"?><package id="com.saxonica.ee.bytecode.simtype"><class id="AtomicTypeValidator" abstract="true" fulltype="com.saxonica.ee.bytecode.simtype.AtomicTypeValidator" superclass="Object" superclassfulltype="java.lang.Object" visibility="public"><comment><sentence>Abstract superclass for generated bytecode for validating atomic values against user-defined atomic types</sentence></comment><fields/><methods><constructor id="AtomicTypeValidator" visibility="public"/><method abstract="true" fulltype="net.sf.saxon.type.ValidationFailure" id="validate" type="ValidationFailure" visibility="public"><comment><sentence>Validate the supplied value against the rules of this atomic type</sentence><return><body><div>null if the value is valid; otherwise a ValidationFailure containing details of the invalidity</div></body></return></comment><params><param fulltype="net.sf.saxon.str.UnicodeString" name="value" type="UnicodeString"><body><div>the value to be validated</div></body></param></params></method></methods></class><class id="AtomicTypeValidatorCompiler" fulltype="com.saxonica.ee.bytecode.simtype.AtomicTypeValidatorCompiler" superclass="Object" superclassfulltype="java.lang.Object" visibility="public"><comment><sentence>Class to handle bytecode generation for user-defined atomic types</sentence></comment><fields/><methods><constructor id="AtomicTypeValidatorCompiler" visibility="public"><comment><sentence>Create a compiler (=bytecode generator) for a user-defined atomic type*</sentence></comment><params><param fulltype="com.saxonica.ee.schema.UserAtomicType" name="type" type="UserAtomicType"><body><div>the user-defined atomic type: this must be compilable.</div></body></param></params></constructor><method fulltype="void" id="compileAtomicValidator" type="void" visibility="public"><comment><sentence>Make a validator for user-defined atomic types</sentence></comment><params><param fulltype="com.saxonica.ee.bytecode.util.CompilerService" name="compiler" type="CompilerService"><body><div>the compiler service</div></body></param><param fulltype="net.sf.saxon.lib.ConversionRules" name="rules" type="ConversionRules"><body><div>the conversion rules</div></body></param></params><exceptions><exception fulltype="com.saxonica.ee.bytecode.util.CannotCompileException" id="CannotCompileException"><sentence>CannotCompileException if bytecode generation for this type is not possible for any reason</sentence></exception></exceptions></method></methods></class></package>