<?xml version="1.0" encoding="UTF-8"?><package id="com.saxonica.ee.stream.watch"><class id="AbstractWatch" abstract="true" fulltype="com.saxonica.ee.stream.watch.AbstractWatch" superclass="Object" superclassfulltype="java.lang.Object" visibility="public"><implements><interface fulltype="com.saxonica.ee.stream.watch.Watch" type="Watch"/></implements><comment><sentence>A Watch represents a class that is interested in looking at nodes for the purpose
 of evaluating uniqueness and key constraints, or for XSLT streaming.</sentence></comment><fields/><methods><constructor id="AbstractWatch" visibility="public"/><method fulltype="void" id="close" type="void" visibility="public"><comment><body><div>The close() method is called immediately before the Watch is destroyed, that is,
 when the element whose declaration scopes the constraint implemented by this
 Watch goes out of scope. The default implementation does nothing.</div></body><sentence>The close() method is called immediately before the Watch is destroyed, that is,
 when the element whose declaration scopes the constraint implemented by this
 Watch goes out of scope.</sentence></comment><exceptions><exception fulltype="net.sf.saxon.trans.XPathException" id="XPathException"/></exceptions></method><method final="true" fulltype="net.sf.saxon.om.NamespaceResolver" id="getNamespaceResolver" type="NamespaceResolver" visibility="public"><comment><sentence>Get the namespace resolver in use by the Watch</sentence><return><body><div>the namespace resolver</div></body></return></comment></method><method final="true" fulltype="net.sf.saxon.event.PipelineConfiguration" id="getPipelineConfiguration" type="PipelineConfiguration" visibility="public"><comment><sentence>Get the pipeline configuration in use</sentence><return><body><div>the pipeline configuration</div></body></return></comment></method><method fulltype="void" id="open" type="void" visibility="public"><comment><body><div>Open the watch. This is done at the point where it first starts watching for nodes
 that match the selection.</div></body><sentence>Open the watch.</sentence></comment><params><param fulltype="com.saxonica.ee.stream.watch.Terminator" name="terminator" type="Terminator"><body><div>action to be taken on failure</div></body></param></params><exceptions><exception fulltype="net.sf.saxon.trans.XPathException" id="XPathException"/></exceptions></method><method fulltype="void" id="processItem" type="void" visibility="public"><comment><sentence>Signal that a node (other than an element) that matches the selection
 has been found.</sentence></comment><params><param fulltype="net.sf.saxon.om.Item" name="item" type="Item"><body><div>the node that was matched.</div></body></param></params><exceptions><exception fulltype="net.sf.saxon.trans.XPathException" id="XPathException"/></exceptions></method><method final="true" fulltype="void" id="setNamespaceResolver" type="void" visibility="public"><comment><sentence>Set a NamespaceResolver for use by the Watch</sentence></comment><params><param fulltype="net.sf.saxon.om.NamespaceResolver" name="resolver" type="NamespaceResolver"/></params></method><method final="true" fulltype="void" id="setPipelineConfiguration" type="void" visibility="public"><comment><sentence>Set the PipelineConfiguration in use</sentence></comment><params><param fulltype="net.sf.saxon.event.PipelineConfiguration" name="pipe" type="PipelineConfiguration"><body><div>the PipelineConfiguration in use</div></body></param></params></method></methods><subclasses><class fulltype="com.saxonica.ee.stream.watch.PatternWatch" type="PatternWatch"/><class fulltype="com.saxonica.ee.stream.watch.StreamWatch" type="StreamWatch"/></subclasses></class><class id="AccumulatorWatch" fulltype="com.saxonica.ee.stream.watch.AccumulatorWatch" superclass="PatternWatch" superclassfulltype="com.saxonica.ee.stream.watch.PatternWatch" visibility="public"><extends><interface fulltype="com.saxonica.ee.stream.watch.PatternWatch" type="PatternWatch"><extends><inherits><interface fulltype="com.saxonica.ee.stream.watch.Watch" type="Watch"/></inherits><interface fulltype="com.saxonica.ee.stream.watch.AbstractWatch" type="AbstractWatch"/></extends></interface></extends><comment><body><div>This watch implements a single accumulator in streaming mode. Unlike other watches,
 it is called to process every node in the stream; it then checks whether the accumulator
 has any rule that matches this node, and if so applies the next-value expression associated
 with that accumulator rule.

 <p>The class also provides methods to return the "before" and "after" values of the
 accumulator for a given node. These have to make provision (a) for handling error situations
 (where evaluation of the accumulator failed), and (b) for handling the case where the value
 is requested (by another accumulator) before it is available.</p></div></body><sentence>This watch implements a single accumulator in streaming mode.</sentence></comment><fields/><methods><constructor id="AccumulatorWatch" visibility="public"><params><param fulltype="net.sf.saxon.expr.accum.Accumulator" name="accumulator" type="Accumulator"/></params></constructor><method fulltype="void" id="close" type="void" visibility="public"><override-of fulltype="com.saxonica.ee.stream.watch.PatternWatch" method="close()" type="PatternWatch"/><exceptions><exception fulltype="net.sf.saxon.trans.XPathException" id="XPathException"/></exceptions></method><method fulltype="void" id="endSelectedParentNode" type="void" visibility="public"><comment><sentence>Signal that the endElement event has occurred for the element whose startElement
 event caused the Watch to be activated.</sentence></comment><params><param fulltype="net.sf.saxon.s9api.Location" name="locationId" type="Location"><body><div>the location of the parsing event</div></body></param></params><exceptions><exception fulltype="net.sf.saxon.trans.XPathException" id="XPathException"/></exceptions></method><method fulltype="net.sf.saxon.expr.accum.Accumulator" id="getAccumulator" type="Accumulator" visibility="public"/><method fulltype="net.sf.saxon.expr.XPathContext" id="getContext" type="XPathContext" visibility="public"/><method fulltype="net.sf.saxon.om.Sequence" id="getPostDescentValue" type="Sequence" visibility="public"><params><param fulltype="com.saxonica.ee.stream.om.FleetingNode" name="node" type="FleetingNode"/></params><exceptions><exception fulltype="net.sf.saxon.trans.XPathException" id="XPathException"/></exceptions></method><method fulltype="net.sf.saxon.om.Sequence" id="getPreDescentValue" type="Sequence" visibility="public"><params><param fulltype="com.saxonica.ee.stream.om.FleetingNode" name="node" type="FleetingNode"/></params><exceptions><exception fulltype="net.sf.saxon.trans.XPathException" id="XPathException"/></exceptions></method><method fulltype="net.sf.saxon.om.Sequence" id="getPreDescentValueAtDepth" type="Sequence" visibility="public"><params><param fulltype="int" name="depth" type="int"/></params><exceptions><exception fulltype="net.sf.saxon.trans.XPathException" id="XPathException"/></exceptions></method><method fulltype="boolean" id="isBeingComputed" type="boolean" visibility="public"><params><param fulltype="net.sf.saxon.functions.AccumulatorFn.Phase" name="phase" type="AccumulatorFn.Phase"/></params></method><method fulltype="void" id="open" type="void" visibility="public"><override-of fulltype="com.saxonica.ee.stream.watch.PatternWatch" method="open(com.saxonica.ee.stream.watch.Terminator)" type="PatternWatch"/><params><param fulltype="com.saxonica.ee.stream.watch.Terminator" name="terminator" type="Terminator"/></params><exceptions><exception fulltype="net.sf.saxon.trans.XPathException" id="XPathException"/></exceptions></method><method fulltype="void" id="processItem" type="void" visibility="public"><comment><sentence>Signal that a node (other than an element) that matches the selection
 has been found.</sentence></comment><override-of fulltype="com.saxonica.ee.stream.watch.PatternWatch" method="processItem(net.sf.saxon.om.Item)" type="PatternWatch"/><params><param fulltype="net.sf.saxon.om.Item" name="item" type="Item"><body><div>the node that was matched.</div></body></param></params><exceptions><exception fulltype="net.sf.saxon.trans.XPathException" id="XPathException"/></exceptions></method><method fulltype="void" id="setNodeStack" type="void" visibility="public"><params><param fulltype="java.util.Stack" name="stack" type="Stack"><type fulltype="com.saxonica.ee.stream.om.FleetingNode" type="FleetingNode"/></param></params></method><method fulltype="void" id="setWatchManager" type="void" visibility="public"><params><param fulltype="com.saxonica.ee.stream.watch.WatchManager" name="watchManager" type="WatchManager"/></params></method><method fulltype="net.sf.saxon.event.Receiver" id="startSelectedParentNode" type="Receiver" visibility="public"><comment><body><div>Signal that an element has been found that matches the selection that this
 Watch is looking for. This method is called by the WatchManager while
 processing the startElement event that matches the selection. For this purpose,
 any attributes selected by the last step in the selection are ignored</div></body><sentence>Signal that an element has been found that matches the selection that this
 Watch is looking for.</sentence><return><body><div>always null</div></body></return></comment><params><param fulltype="com.saxonica.ee.stream.om.FleetingParentNode" name="node" type="FleetingParentNode"/><param fulltype="net.sf.saxon.s9api.Location" name="locationId" type="Location"/></params><exceptions><exception fulltype="net.sf.saxon.trans.XPathException" id="XPathException"/></exceptions></method></methods></class><class id="ApplyImportsAction" fulltype="com.saxonica.ee.stream.watch.ApplyImportsAction" superclass="ApplyTemplatesAction" superclassfulltype="com.saxonica.ee.stream.watch.ApplyTemplatesAction" visibility="public"><extends><interface fulltype="com.saxonica.ee.stream.watch.ApplyTemplatesAction" type="ApplyTemplatesAction"><extends><interface fulltype="com.saxonica.ee.stream.feed.ItemFeed" type="ItemFeed"><extends><interface fulltype="net.sf.saxon.event.ProxyOutputter" type="ProxyOutputter"><extends><inherits><interface fulltype="net.sf.saxon.event.Receiver" type="Receiver"/></inherits><interface fulltype="net.sf.saxon.event.Outputter" type="Outputter"/></extends></interface></extends></interface></extends></interface></extends><comment><body><div>Watch for an xsl:apply-imports instruction. This doesn't really need to be a Watch, because it always
 processes the context node; but it means we can reuse a lot of code from the ApplyTemplatesWatch</div></body><sentence>Watch for an xsl:apply-imports instruction.</sentence></comment><fields/><methods><constructor id="ApplyImportsAction" visibility="public"><params><param fulltype="net.sf.saxon.expr.Expression" name="expression" type="Expression"/><param fulltype="com.saxonica.ee.stream.feed.ItemFeed" name="result" type="ItemFeed"/><param fulltype="net.sf.saxon.expr.XPathContext" name="context" type="XPathContext"/></params><exceptions><exception fulltype="net.sf.saxon.trans.XPathException" id="XPathException"/></exceptions></constructor><method fulltype="net.sf.saxon.trans.rules.Rule" id="getRule" type="Rule" visibility="protected"><override-of fulltype="com.saxonica.ee.stream.watch.ApplyTemplatesAction" method="getRule(com.saxonica.ee.stream.om.FleetingNode)" type="ApplyTemplatesAction"/><params><param fulltype="com.saxonica.ee.stream.om.FleetingNode" name="node" type="FleetingNode"/></params><exceptions><exception fulltype="net.sf.saxon.trans.XPathException" id="XPathException"/></exceptions></method></methods></class><class id="ApplyTemplatesAction" fulltype="com.saxonica.ee.stream.watch.ApplyTemplatesAction" superclass="ItemFeed" superclassfulltype="com.saxonica.ee.stream.feed.ItemFeed" visibility="public"><extends><interface fulltype="com.saxonica.ee.stream.feed.ItemFeed" type="ItemFeed"><extends><interface fulltype="net.sf.saxon.event.ProxyOutputter" type="ProxyOutputter"><extends><inherits><interface fulltype="net.sf.saxon.event.Receiver" type="Receiver"/></inherits><interface fulltype="net.sf.saxon.event.Outputter" type="Outputter"/></extends></interface></extends></interface></extends><comment><body><div>This watch implements xsl:apply-templates in streaming mode. It watches for the nodes selected by the
 xsl:apply-templates instruction; when such a node is encountered, it locates the relevant (inverted)
 template, and activates it.</div></body><sentence>This watch implements xsl:apply-templates in streaming mode.</sentence></comment><fields/><methods><constructor id="ApplyTemplatesAction" visibility="public"><params><param fulltype="net.sf.saxon.expr.Expression" name="expression" type="Expression"/><param fulltype="com.saxonica.ee.stream.feed.ItemFeed" name="result" type="ItemFeed"/><param fulltype="net.sf.saxon.expr.XPathContext" name="context" type="XPathContext"/></params></constructor><method fulltype="void" id="append" type="void" visibility="public"><comment><sentence>Signal that a item (other than a streamed element) that matches the selection
 has been found.</sentence></comment><override-of fulltype="com.saxonica.ee.stream.feed.ItemFeed" method="append(net.sf.saxon.om.Item)" type="ItemFeed"/><params><param fulltype="net.sf.saxon.om.Item" name="item" type="Item"><body><div>the item that was matched.</div></body></param></params><exceptions><exception fulltype="net.sf.saxon.trans.XPathException" id="XPathException"/></exceptions></method><method fulltype="void" id="close" type="void" visibility="public"><override-of fulltype="com.saxonica.ee.stream.feed.ItemFeed" method="close()" type="ItemFeed"/><exceptions><exception fulltype="net.sf.saxon.trans.XPathException" id="XPathException"/></exceptions></method><method fulltype="void" id="computeActualParams" type="void" visibility="public"><params><param fulltype="net.sf.saxon.expr.instruct.WithParam[]" name="params" type="WithParam[]"/></params><exceptions><exception fulltype="net.sf.saxon.trans.XPathException" id="XPathException"/></exceptions></method><method fulltype="void" id="computeTunnelParams" type="void" visibility="public"><params><param fulltype="net.sf.saxon.expr.instruct.WithParam[]" name="params" type="WithParam[]"/></params><exceptions><exception fulltype="net.sf.saxon.trans.XPathException" id="XPathException"/></exceptions></method><method fulltype="void" id="endSelectedParentNode" type="void" visibility="public"><comment><sentence>Signal that the endElement event has occurred for the element whose startElement
 event caused the Watch to be activated.</sentence></comment><override-of fulltype="com.saxonica.ee.stream.feed.ItemFeed" method="endSelectedParentNode(net.sf.saxon.s9api.Location)" type="ItemFeed"/><params><param fulltype="net.sf.saxon.s9api.Location" name="locationId" type="Location"><body><div>the location of the node in the source, or of the instruction that created it</div></body></param></params><exceptions><exception fulltype="net.sf.saxon.trans.XPathException" id="XPathException"/></exceptions></method><method fulltype="net.sf.saxon.expr.XPathContext" id="getLocalContext" type="XPathContext" visibility="protected"/><method fulltype="net.sf.saxon.expr.Component" id="getMode" type="Component" visibility="public"/><method fulltype="net.sf.saxon.trans.rules.Rule" id="getRule" type="Rule" visibility="protected"><comment><sentence>Get the template rule matching a specific node</sentence><return><body><div>the best-fit template rule used to process this node</div></body></return></comment><params><param fulltype="com.saxonica.ee.stream.om.FleetingNode" name="node" type="FleetingNode"><body><div>the node (in a streamed input document) to be matched</div></body></param></params><exceptions><exception fulltype="net.sf.saxon.trans.XPathException" id="XPathException"><sentence>XPathException if a dynamic error occurs</sentence></exception></exceptions></method><method fulltype="void" id="open" type="void" visibility="public"><override-of fulltype="com.saxonica.ee.stream.feed.ItemFeed" method="open(com.saxonica.ee.stream.watch.Terminator)" type="ItemFeed"/><params><param fulltype="com.saxonica.ee.stream.watch.Terminator" name="terminator" type="Terminator"/></params><exceptions><exception fulltype="net.sf.saxon.trans.XPathException" id="XPathException"/></exceptions></method><method fulltype="void" id="setActualParams" type="void" visibility="public"><params><param fulltype="net.sf.saxon.expr.instruct.ParameterSet" name="params" type="ParameterSet"/></params></method><method fulltype="void" id="setMode" type="void" visibility="public"><params><param fulltype="net.sf.saxon.expr.Component.M" name="mode" type="Component.M"/></params></method><method fulltype="void" id="setTunnelParams" type="void" visibility="public"><params><param fulltype="net.sf.saxon.expr.instruct.ParameterSet" name="params" type="ParameterSet"/></params></method><method fulltype="void" id="setWatchManager" type="void" visibility="public"><params><param fulltype="com.saxonica.ee.stream.watch.WatchManager" name="watchManager" type="WatchManager"/></params></method><method fulltype="net.sf.saxon.event.Receiver" id="startSelectedParentNode" type="Receiver" visibility="public"><comment><body><div>Signal that an element or document node has been found that matches the selection that this
 Watch is looking for. This method is called by the WatchManager while
 processing the startElement or startDocument event that matches the selection.</div></body><sentence>Signal that an element or document node has been found that matches the selection that this
 Watch is looking for.</sentence><return><body><div>a Receiver to be notified of all events starting with the startElement/startDocument event
         for the matched element, and ending with the endElement event for that element; or null if this
         feature is not required.</div></body></return></comment><override-of fulltype="com.saxonica.ee.stream.feed.ItemFeed" method="startSelectedParentNode(com.saxonica.ee.stream.om.FleetingParentNode, net.sf.saxon.s9api.Location)" type="ItemFeed"/><params><param fulltype="com.saxonica.ee.stream.om.FleetingParentNode" name="node" type="FleetingParentNode"><body><div>the element or document node whose start event has been matched</div></body></param><param fulltype="net.sf.saxon.s9api.Location" name="locationId" type="Location"><body><div>the location associated with the element or document node (may be
                   the location of the instruction that created it)</div></body></param></params><exceptions><exception fulltype="net.sf.saxon.trans.XPathException" id="XPathException"><sentence>XPathException May be raised if a dynamic error occurs</sentence></exception></exceptions></method></methods><subclasses><class fulltype="com.saxonica.ee.stream.watch.ApplyImportsAction" type="ApplyImportsAction"/><class fulltype="com.saxonica.ee.stream.watch.NextMatchAction" type="NextMatchAction"/></subclasses></class><class id="ForEachAction" fulltype="com.saxonica.ee.stream.watch.ForEachAction" superclass="ItemFeed" superclassfulltype="com.saxonica.ee.stream.feed.ItemFeed" visibility="public"><extends><interface fulltype="com.saxonica.ee.stream.feed.ItemFeed" type="ItemFeed"><extends><interface fulltype="net.sf.saxon.event.ProxyOutputter" type="ProxyOutputter"><extends><inherits><interface fulltype="net.sf.saxon.event.Receiver" type="Receiver"/></inherits><interface fulltype="net.sf.saxon.event.Outputter" type="Outputter"/></extends></interface></extends></interface></extends><comment><body><div>This watch implements xsl:for-each in streaming mode. It is informed of the nodes or other items selected by the
 xsl:for-each instruction; when such an item is encountered, it locates the relevant (inverted)
 action representing the body of the for-each, and activates it.</div></body><sentence>This watch implements xsl:for-each in streaming mode.</sentence></comment><fields><field fulltype="net.sf.saxon.expr.XPathContext" id="bodyContext" type="XPathContext" visibility="protected"/></fields><methods><constructor id="ForEachAction" visibility="public"><params><param fulltype="com.saxonica.ee.stream.watch.WatchManager" name="watchManager" type="WatchManager"/><param fulltype="net.sf.saxon.expr.Expression" name="expression" type="Expression"/><param fulltype="com.saxonica.ee.stream.feed.ItemFeed" name="result" type="ItemFeed"/><param fulltype="net.sf.saxon.expr.XPathContext" name="context" type="XPathContext"/></params></constructor><method fulltype="void" id="append" type="void" visibility="public"><comment><sentence>Method called by the feed for a subexpression to supply a grounded item from the streamed input.</sentence></comment><override-of fulltype="com.saxonica.ee.stream.feed.ItemFeed" method="append(net.sf.saxon.om.Item)" type="ItemFeed"/><params><param fulltype="net.sf.saxon.om.Item" name="it" type="Item"><body><div>the grounded item.</div></body></param></params><exceptions><exception fulltype="net.sf.saxon.trans.XPathException" id="XPathException"/></exceptions></method><method fulltype="void" id="close" type="void" visibility="public"><override-of fulltype="com.saxonica.ee.stream.feed.ItemFeed" method="close()" type="ItemFeed"/><exceptions><exception fulltype="net.sf.saxon.trans.XPathException" id="XPathException"/></exceptions></method><method fulltype="void" id="endSelectedParentNode" type="void" visibility="public"><comment><sentence>Signal that the endElement event has occurred for the element whose startElement
 event caused the Watch to be activated.</sentence></comment><override-of fulltype="com.saxonica.ee.stream.feed.ItemFeed" method="endSelectedParentNode(net.sf.saxon.s9api.Location)" type="ItemFeed"/><params><param fulltype="net.sf.saxon.s9api.Location" name="locationId" type="Location"><body><div>the location of the node in the source, or of the instruction that created it</div></body></param></params><exceptions><exception fulltype="net.sf.saxon.trans.XPathException" id="XPathException"/></exceptions></method><method fulltype="net.sf.saxon.expr.Expression" id="getAction" type="Expression" visibility="protected"/><method fulltype="net.sf.saxon.expr.XPathContext" id="getBodyContext" type="XPathContext" visibility="protected"/><method fulltype="com.saxonica.ee.stream.Inversion" id="getInversion" type="Inversion" visibility="protected"/><method fulltype="com.saxonica.ee.stream.watch.WatchManager" id="getWatchManager" type="WatchManager" visibility="protected"/><method fulltype="boolean" id="isActionConsuming" type="boolean" visibility="protected"/><method fulltype="void" id="makeBodyContext" type="void" visibility="protected"/><method fulltype="void" id="open" type="void" visibility="public"><override-of fulltype="com.saxonica.ee.stream.feed.ItemFeed" method="open(com.saxonica.ee.stream.watch.Terminator)" type="ItemFeed"/><params><param fulltype="com.saxonica.ee.stream.watch.Terminator" name="terminator" type="Terminator"/></params><exceptions><exception fulltype="net.sf.saxon.trans.XPathException" id="XPathException"/></exceptions></method><method fulltype="void" id="setInversion" type="void" visibility="public"><comment><sentence>Set the inversion of the for-each action (the body of the loop)</sentence></comment><params><param fulltype="com.saxonica.ee.stream.Inversion" name="inversion" type="Inversion"><body><div>the inverted code implementing the body of the for-each</div></body></param></params></method><method fulltype="net.sf.saxon.event.Receiver" id="startSelectedParentNode" type="Receiver" visibility="public"><comment><body><div>Signal that an element has been found that matches the selection that this
 Watch is looking for. This method is called by the WatchManager while
 processing the startElement event that matches the selection. For this purpose,
 any attributes selected by the last step in the selection are ignored</div></body><sentence>Signal that an element has been found that matches the selection that this
 Watch is looking for.</sentence><return><body><div>always null for this method, but may be non-null in subclasses</div></body></return></comment><override-of fulltype="com.saxonica.ee.stream.feed.ItemFeed" method="startSelectedParentNode(com.saxonica.ee.stream.om.FleetingParentNode, net.sf.saxon.s9api.Location)" type="ItemFeed"/><params><param fulltype="com.saxonica.ee.stream.om.FleetingParentNode" name="node" type="FleetingParentNode"/><param fulltype="net.sf.saxon.s9api.Location" name="locationId" type="Location"/></params><exceptions><exception fulltype="net.sf.saxon.trans.XPathException" id="XPathException"/></exceptions></method></methods><subclasses><class fulltype="com.saxonica.ee.stream.watch.ForEachGroupParallelAction" type="ForEachGroupParallelAction"/><class fulltype="com.saxonica.ee.stream.watch.IterateAction" type="IterateAction"/></subclasses></class><class id="ForEachGroupParallelAction" fulltype="com.saxonica.ee.stream.watch.ForEachGroupParallelAction" superclass="ForEachAction" superclassfulltype="com.saxonica.ee.stream.watch.ForEachAction" visibility="public"><extends><interface fulltype="com.saxonica.ee.stream.watch.ForEachAction" type="ForEachAction"><extends><interface fulltype="com.saxonica.ee.stream.feed.ItemFeed" type="ItemFeed"><extends><interface fulltype="net.sf.saxon.event.ProxyOutputter" type="ProxyOutputter"><extends><inherits><interface fulltype="net.sf.saxon.event.Receiver" type="Receiver"/></inherits><interface fulltype="net.sf.saxon.event.Outputter" type="Outputter"/></extends></interface></extends></interface></extends></interface></extends><comment><body><div>This watch implements xsl:for-each-group in streaming mode, in cases where the population is being forked
 (using group-by), and where the population is not grounded.

 The general idea here is that each item is processed as it is encountered, by sending it to an
 agent which is responsible for processing the group that it belongs to. This means that the processing
 of different groups is interleaved (they are processed in parallel, though not actually in separate
 threads). On completion, the outputs from each of the per-group agents are concatenated in order.

 The memory needed for this process is the amount needed to hold the output of the xsl:for-each-group
 instruction; the strategy is only really effective in cases where this is significantly less than
 the memory needed to hold the input. One case where this definitely applies is where the body of the
 xsl:for-each-group is a call to xsl:result-document; another is where the grouping action does aggregation,
 e.g. count(current-group()) or sum(current-group()).

 Although this class inherits from ForEachAction, it does not use all the functionality of the superclass.
 In particular, it is not capable of handling overlapping nodes in the population.</div></body><sentence>This watch implements xsl:for-each-group in streaming mode, in cases where the population is being forked
 (using group-by), and where the population is not grounded.</sentence></comment><fields/><methods><constructor id="ForEachGroupParallelAction" visibility="public"><params><param fulltype="com.saxonica.ee.stream.watch.WatchManager" name="watchManager" type="WatchManager"/><param fulltype="net.sf.saxon.expr.instruct.ForEachGroup" name="expression" type="ForEachGroup"/><param fulltype="com.saxonica.ee.stream.feed.ItemFeed" name="result" type="ItemFeed"/><param fulltype="net.sf.saxon.expr.XPathContext" name="context" type="XPathContext"/></params></constructor><method fulltype="void" id="append" type="void" visibility="public"><comment><sentence>Signal that an item (other than an element) that matches the selection
 has been found.</sentence></comment><override-of fulltype="com.saxonica.ee.stream.watch.ForEachAction" method="append(net.sf.saxon.om.Item)" type="ForEachAction"/><params><param fulltype="net.sf.saxon.om.Item" name="node" type="Item"><body><div>the item that was matched.</div></body></param></params><exceptions><exception fulltype="net.sf.saxon.trans.XPathException" id="XPathException"/></exceptions></method><method fulltype="void" id="close" type="void" visibility="public"><override-of fulltype="com.saxonica.ee.stream.watch.ForEachAction" method="close()" type="ForEachAction"/><exceptions><exception fulltype="net.sf.saxon.trans.XPathException" id="XPathException"/></exceptions></method><method fulltype="void" id="endSelectedParentNode" type="void" visibility="public"><comment><sentence>Signal that the endElement event has occurred for the element whose startElement
 event caused the Watch to be activated.</sentence></comment><override-of fulltype="com.saxonica.ee.stream.watch.ForEachAction" method="endSelectedParentNode(net.sf.saxon.s9api.Location)" type="ForEachAction"/><params><param fulltype="net.sf.saxon.s9api.Location" name="locationId" type="Location"><body><div>the location of the node in the source, or of the instruction that created it</div></body></param></params><exceptions><exception fulltype="net.sf.saxon.trans.XPathException" id="XPathException"/></exceptions></method><method fulltype="void" id="open" type="void" visibility="public"><override-of fulltype="com.saxonica.ee.stream.watch.ForEachAction" method="open(com.saxonica.ee.stream.watch.Terminator)" type="ForEachAction"/><params><param fulltype="com.saxonica.ee.stream.watch.Terminator" name="terminator" type="Terminator"/></params><exceptions><exception fulltype="net.sf.saxon.trans.XPathException" id="XPathException"/></exceptions></method><method fulltype="net.sf.saxon.event.Receiver" id="startSelectedParentNode" type="Receiver" visibility="public"><comment><body><div>Signal that an element (or document node) has been found that matches the selection that this
 Watch is looking for. This method is called by the WatchManager while
 processing the startElement event that matches the selection. For this purpose,
 any attributes selected by the last step in the selection are ignored</div></body><sentence>Signal that an element (or document node) has been found that matches the selection that this
 Watch is looking for.</sentence><return><body><div>a Receiver to be notified of subsequent events, or null</div></body></return></comment><override-of fulltype="com.saxonica.ee.stream.watch.ForEachAction" method="startSelectedParentNode(com.saxonica.ee.stream.om.FleetingParentNode, net.sf.saxon.s9api.Location)" type="ForEachAction"/><params><param fulltype="com.saxonica.ee.stream.om.FleetingParentNode" name="node" type="FleetingParentNode"/><param fulltype="net.sf.saxon.s9api.Location" name="locationId" type="Location"/></params><exceptions><exception fulltype="net.sf.saxon.trans.XPathException" id="XPathException"><sentence>XPathException if a dynamic error occurs while processing the start-element event</sentence></exception></exceptions></method></methods></class><class id="ForEachGroupPartitionAction" fulltype="com.saxonica.ee.stream.watch.ForEachGroupPartitionAction" superclass="ItemFeed" superclassfulltype="com.saxonica.ee.stream.feed.ItemFeed" visibility="public"><extends><interface fulltype="com.saxonica.ee.stream.feed.ItemFeed" type="ItemFeed"><extends><interface fulltype="net.sf.saxon.event.ProxyOutputter" type="ProxyOutputter"><extends><inherits><interface fulltype="net.sf.saxon.event.Receiver" type="Receiver"/></inherits><interface fulltype="net.sf.saxon.event.Outputter" type="Outputter"/></extends></interface></extends></interface></extends><comment><body><div>This watch implements xsl:for-each-group in streaming mode, in cases where the population is being partitioned
 (that is, group-adjacent, group-starting-with, and group-ending-with), and where the population is not grounded.
 It is informed of the nodes or other items selected by the
 xsl:for-each instruction; when such an item is encountered, it locates the relevant (inverted)
 action representing the body of the for-each, and activates it.
 <p>The feed is capable of handling a select expression that selects non-peer nodes (that is, one selected node
 that is a descendant of another). A top-level selected node is processed directly to the output receiver;
 a nested node is processed to create a temporary result tree, which is then appended to the output sequence
 when the processing of the outer selected node is complete.</p></div></body><sentence>This watch implements xsl:for-each-group in streaming mode, in cases where the population is being partitioned
 (that is, group-adjacent, group-starting-with, and group-ending-with), and where the population is not grounded.</sentence></comment><fields><field fulltype="net.sf.saxon.expr.XPathContext" id="bodyContext" type="XPathContext" visibility="protected"/><field fulltype="boolean" id="feedAppliesToWholeGroup" type="boolean" visibility="public"/></fields><methods><constructor id="ForEachGroupPartitionAction" visibility="public"><params><param fulltype="com.saxonica.ee.stream.watch.WatchManager" name="watchManager" type="WatchManager"/><param fulltype="net.sf.saxon.expr.instruct.ForEachGroup" name="expression" type="ForEachGroup"/><param fulltype="com.saxonica.ee.stream.feed.ItemFeed" name="result" type="ItemFeed"/><param fulltype="net.sf.saxon.expr.XPathContext" name="context" type="XPathContext"/></params></constructor><method fulltype="void" id="append" type="void" visibility="public"><comment><sentence>Signal that an item (other than an element) that matches the selection
 has been found.</sentence></comment><override-of fulltype="com.saxonica.ee.stream.feed.ItemFeed" method="append(net.sf.saxon.om.Item)" type="ItemFeed"/><params><param fulltype="net.sf.saxon.om.Item" name="node" type="Item"><body><div>the item that was matched.</div></body></param></params><exceptions><exception fulltype="net.sf.saxon.trans.XPathException" id="XPathException"/></exceptions></method><method fulltype="void" id="close" type="void" visibility="public"><override-of fulltype="com.saxonica.ee.stream.feed.ItemFeed" method="close()" type="ItemFeed"/><exceptions><exception fulltype="net.sf.saxon.trans.XPathException" id="XPathException"/></exceptions></method><method fulltype="void" id="endSelectedParentNode" type="void" visibility="public"><comment><sentence>Signal that the endElement event has occurred for the element whose startElement
 event caused the Watch to be activated.</sentence></comment><override-of fulltype="com.saxonica.ee.stream.feed.ItemFeed" method="endSelectedParentNode(net.sf.saxon.s9api.Location)" type="ItemFeed"/><params><param fulltype="net.sf.saxon.s9api.Location" name="locationId" type="Location"><body><div>the location of the node in the source, or of the instruction that created it</div></body></param></params><exceptions><exception fulltype="net.sf.saxon.trans.XPathException" id="XPathException"/></exceptions></method><method fulltype="com.saxonica.ee.stream.Inversion" id="getInversion" type="Inversion" visibility="protected"/><method fulltype="void" id="makeBodyContext" type="void" visibility="protected"/><method fulltype="void" id="open" type="void" visibility="public"><override-of fulltype="com.saxonica.ee.stream.feed.ItemFeed" method="open(com.saxonica.ee.stream.watch.Terminator)" type="ItemFeed"/><params><param fulltype="com.saxonica.ee.stream.watch.Terminator" name="terminator" type="Terminator"/></params><exceptions><exception fulltype="net.sf.saxon.trans.XPathException" id="XPathException"/></exceptions></method><method fulltype="void" id="setInversion" type="void" visibility="public"><params><param fulltype="com.saxonica.ee.stream.Inversion" name="inversion" type="Inversion"/></params></method><method fulltype="net.sf.saxon.event.Receiver" id="startSelectedParentNode" type="Receiver" visibility="public"><comment><body><div>Signal that an element (or document node) has been found that matches the selection that this
 Watch is looking for. This method is called by the WatchManager while
 processing the startElement event that matches the selection. For this purpose,
 any attributes selected by the last step in the selection are ignored</div></body><sentence>Signal that an element (or document node) has been found that matches the selection that this
 Watch is looking for.</sentence><return><body><div>a receiver that collects the contents of the selected node, or null</div></body></return></comment><override-of fulltype="com.saxonica.ee.stream.feed.ItemFeed" method="startSelectedParentNode(com.saxonica.ee.stream.om.FleetingParentNode, net.sf.saxon.s9api.Location)" type="ItemFeed"/><params><param fulltype="com.saxonica.ee.stream.om.FleetingParentNode" name="node" type="FleetingParentNode"/><param fulltype="net.sf.saxon.s9api.Location" name="locationId" type="Location"/></params><exceptions><exception fulltype="net.sf.saxon.trans.XPathException" id="XPathException"><sentence>XPathException if a dynamic error occurs while processing the start-element event</sentence></exception></exceptions></method></methods></class><class id="IterateAction" fulltype="com.saxonica.ee.stream.watch.IterateAction" superclass="ForEachAction" superclassfulltype="com.saxonica.ee.stream.watch.ForEachAction" visibility="public"><extends><interface fulltype="com.saxonica.ee.stream.watch.ForEachAction" type="ForEachAction"><extends><interface fulltype="com.saxonica.ee.stream.feed.ItemFeed" type="ItemFeed"><extends><interface fulltype="net.sf.saxon.event.ProxyOutputter" type="ProxyOutputter"><extends><inherits><interface fulltype="net.sf.saxon.event.Receiver" type="Receiver"/></inherits><interface fulltype="net.sf.saxon.event.Outputter" type="Outputter"/></extends></interface></extends></interface></extends></interface></extends><comment><body><div>This watch implements xsl:iterate in streaming mode. It watches for the nodes selected by the
 xsl:iterate instruction; when such a node is encountered, it locates the relevant (inverted)
 template, and activates it.
 <p>The watch is capable of handling a select expression that selects non-peer nodes (that is, one selected node
 that is a descendant of another). A top-level selected node is processed directly to the output receiver;
 a nested node is processed to create a temporary result tree, which is then appended to the output sequence
 when the processing of the outer selected node is complete.</p></div></body><sentence>This watch implements xsl:iterate in streaming mode.</sentence></comment><fields/><methods><constructor id="IterateAction" visibility="public"><params><param fulltype="com.saxonica.ee.stream.watch.WatchManager" name="watchManager" type="WatchManager"/><param fulltype="net.sf.saxon.expr.Expression" name="expression" type="Expression"/><param fulltype="com.saxonica.ee.stream.feed.ItemFeed" name="result" type="ItemFeed"/><param fulltype="net.sf.saxon.expr.XPathContext" name="context" type="XPathContext"/></params></constructor><method fulltype="void" id="append" type="void" visibility="public"><comment><sentence>Signal that a node (other than an element) that matches the selection
 has been found.</sentence></comment><override-of fulltype="com.saxonica.ee.stream.watch.ForEachAction" method="append(net.sf.saxon.om.Item)" type="ForEachAction"/><params><param fulltype="net.sf.saxon.om.Item" name="it" type="Item"><body><div>the node that was matched.</div></body></param></params><exceptions><exception fulltype="net.sf.saxon.trans.XPathException" id="XPathException"/></exceptions></method><method fulltype="void" id="close" type="void" visibility="public"><override-of fulltype="com.saxonica.ee.stream.watch.ForEachAction" method="close()" type="ForEachAction"/><exceptions><exception fulltype="net.sf.saxon.trans.XPathException" id="XPathException"/></exceptions></method><method fulltype="void" id="endSelectedParentNode" type="void" visibility="public"><comment><sentence>Signal that the endElement event has occurred for the element whose startElement
 event caused the Watch to be activated.</sentence></comment><override-of fulltype="com.saxonica.ee.stream.watch.ForEachAction" method="endSelectedParentNode(net.sf.saxon.s9api.Location)" type="ForEachAction"/><params><param fulltype="net.sf.saxon.s9api.Location" name="locationId" type="Location"><body><div>the location of the node in the source, or of the instruction that created it</div></body></param></params><exceptions><exception fulltype="net.sf.saxon.trans.XPathException" id="XPathException"/></exceptions></method><method fulltype="void" id="open" type="void" visibility="public"><override-of fulltype="com.saxonica.ee.stream.watch.ForEachAction" method="open(com.saxonica.ee.stream.watch.Terminator)" type="ForEachAction"/><params><param fulltype="com.saxonica.ee.stream.watch.Terminator" name="terminator" type="Terminator"/></params><exceptions><exception fulltype="net.sf.saxon.trans.XPathException" id="XPathException"/></exceptions></method><method fulltype="net.sf.saxon.event.Receiver" id="startSelectedParentNode" type="Receiver" visibility="public"><comment><body><div>Signal that an element has been found that matches the selection that this
 Watch is looking for. This method is called by the WatchManager while
 processing the startElement event that matches the selection. For this purpose,
 any attributes selected by the last step in the selection are ignored</div></body><sentence>Signal that an element has been found that matches the selection that this
 Watch is looking for.</sentence><return><body><div>a receiver that collects the contents of the selected node, or null</div></body></return></comment><override-of fulltype="com.saxonica.ee.stream.watch.ForEachAction" method="startSelectedParentNode(com.saxonica.ee.stream.om.FleetingParentNode, net.sf.saxon.s9api.Location)" type="ForEachAction"/><params><param fulltype="com.saxonica.ee.stream.om.FleetingParentNode" name="node" type="FleetingParentNode"/><param fulltype="net.sf.saxon.s9api.Location" name="locationId" type="Location"/></params><exceptions><exception fulltype="net.sf.saxon.trans.XPathException" id="XPathException"/></exceptions></method></methods></class><class id="MultiAccumulatorWatch" fulltype="com.saxonica.ee.stream.watch.MultiAccumulatorWatch" superclass="PatternWatch" superclassfulltype="com.saxonica.ee.stream.watch.PatternWatch" visibility="public"><extends><interface fulltype="com.saxonica.ee.stream.watch.PatternWatch" type="PatternWatch"><extends><inherits><interface fulltype="com.saxonica.ee.stream.watch.Watch" type="Watch"/></inherits><interface fulltype="com.saxonica.ee.stream.watch.AbstractWatch" type="AbstractWatch"/></extends></interface></extends><comment><body><div>This watch managers a set of accumulators in streaming mode. Unlike other watches,
 it is called to process every node in the stream; it then checks whether any accumulator
 has any rule that matches this node, and if so invokes the corresponding AccumulatorWatch
 to update the value of the associated Accumulator

 <p>The complicating factor (see bug 4430) is that accumulators may invoke each other,
 and we do not know this statically. We therefore start the processing of a node/event by
 marking all accumulators unavailable. We then evaluate the accumulators in essentially
 random order. If one of them invokes another and finds it unavailable, it is then evaluated
 by a recursive call (with a check for cycles), and removed from the list of accumulators
 that are unavailable.</p></div></body><sentence>This watch managers a set of accumulators in streaming mode.</sentence></comment><fields/><methods><constructor id="MultiAccumulatorWatch" visibility="public"><params><param fulltype="java.util.Map" name="accumulatorMap" type="Map"><type fulltype="net.sf.saxon.expr.accum.Accumulator" type="Accumulator"/><type fulltype="com.saxonica.ee.stream.watch.AccumulatorWatch" type="AccumulatorWatch"/></param></params></constructor><method fulltype="void" id="close" type="void" visibility="public"><override-of fulltype="com.saxonica.ee.stream.watch.PatternWatch" method="close()" type="PatternWatch"/><exceptions><exception fulltype="net.sf.saxon.trans.XPathException" id="XPathException"/></exceptions></method><method fulltype="void" id="endSelectedParentNode" type="void" visibility="public"><comment><sentence>Signal that the endElement event has occurred for the element whose startElement
 event caused the Watch to be activated.</sentence></comment><params><param fulltype="net.sf.saxon.s9api.Location" name="locationId" type="Location"><body><div>the location of the parsing event</div></body></param></params><exceptions><exception fulltype="net.sf.saxon.trans.XPathException" id="XPathException"/></exceptions></method><method fulltype="java.util.Map" id="getAccumulatorMap" type="Map" visibility="public"><type fulltype="net.sf.saxon.expr.accum.Accumulator" type="Accumulator"/><type fulltype="com.saxonica.ee.stream.watch.AccumulatorWatch" type="AccumulatorWatch"/></method><method fulltype="void" id="open" type="void" visibility="public"><override-of fulltype="com.saxonica.ee.stream.watch.PatternWatch" method="open(com.saxonica.ee.stream.watch.Terminator)" type="PatternWatch"/><params><param fulltype="com.saxonica.ee.stream.watch.Terminator" name="terminator" type="Terminator"/></params><exceptions><exception fulltype="net.sf.saxon.trans.XPathException" id="XPathException"/></exceptions></method><method fulltype="void" id="processItem" type="void" visibility="public"><comment><sentence>Signal that a node (other than an element) that matches the selection
 has been found.</sentence></comment><override-of fulltype="com.saxonica.ee.stream.watch.PatternWatch" method="processItem(net.sf.saxon.om.Item)" type="PatternWatch"/><params><param fulltype="net.sf.saxon.om.Item" name="item" type="Item"><body><div>the node that was matched.</div></body></param></params><exceptions><exception fulltype="net.sf.saxon.trans.XPathException" id="XPathException"/></exceptions></method><method fulltype="void" id="setWatchManager" type="void" visibility="public"><params><param fulltype="com.saxonica.ee.stream.watch.WatchManager" name="watchManager" type="WatchManager"/></params></method><method fulltype="net.sf.saxon.event.Receiver" id="startSelectedParentNode" type="Receiver" visibility="public"><comment><body><div>Signal that an element has been found that matches the selection that this
 Watch is looking for. This method is called by the WatchManager while
 processing the startElement event that matches the selection. For this purpose,
 any attributes selected by the last step in the selection are ignored</div></body><sentence>Signal that an element has been found that matches the selection that this
 Watch is looking for.</sentence><return><body><div>always null</div></body></return></comment><params><param fulltype="com.saxonica.ee.stream.om.FleetingParentNode" name="node" type="FleetingParentNode"/><param fulltype="net.sf.saxon.s9api.Location" name="locationId" type="Location"/></params><exceptions><exception fulltype="net.sf.saxon.trans.XPathException" id="XPathException"/></exceptions></method></methods></class><class id="NextMatchAction" fulltype="com.saxonica.ee.stream.watch.NextMatchAction" superclass="ApplyTemplatesAction" superclassfulltype="com.saxonica.ee.stream.watch.ApplyTemplatesAction" visibility="public"><extends><interface fulltype="com.saxonica.ee.stream.watch.ApplyTemplatesAction" type="ApplyTemplatesAction"><extends><interface fulltype="com.saxonica.ee.stream.feed.ItemFeed" type="ItemFeed"><extends><interface fulltype="net.sf.saxon.event.ProxyOutputter" type="ProxyOutputter"><extends><inherits><interface fulltype="net.sf.saxon.event.Receiver" type="Receiver"/></inherits><interface fulltype="net.sf.saxon.event.Outputter" type="Outputter"/></extends></interface></extends></interface></extends></interface></extends><comment><body><div>Watch for an xsl:next-match instruction. This doesn't really need to be a Watch, because it always
 processes the context node; but it means we can reuse a lot of code from the ApplyTemplatesWatch</div></body><sentence>Watch for an xsl:next-match instruction.</sentence></comment><fields/><methods><constructor id="NextMatchAction" visibility="public"><params><param fulltype="net.sf.saxon.expr.Expression" name="expression" type="Expression"/><param fulltype="com.saxonica.ee.stream.feed.ItemFeed" name="result" type="ItemFeed"/><param fulltype="net.sf.saxon.expr.XPathContext" name="context" type="XPathContext"/></params><exceptions><exception fulltype="net.sf.saxon.trans.XPathException" id="XPathException"/></exceptions></constructor><method fulltype="net.sf.saxon.trans.rules.Rule" id="getRule" type="Rule" visibility="protected"><override-of fulltype="com.saxonica.ee.stream.watch.ApplyTemplatesAction" method="getRule(com.saxonica.ee.stream.om.FleetingNode)" type="ApplyTemplatesAction"/><params><param fulltype="com.saxonica.ee.stream.om.FleetingNode" name="node" type="FleetingNode"/></params><exceptions><exception fulltype="net.sf.saxon.trans.XPathException" id="XPathException"/></exceptions></method></methods></class><class id="PatternWatch" abstract="true" fulltype="com.saxonica.ee.stream.watch.PatternWatch" superclass="AbstractWatch" superclassfulltype="com.saxonica.ee.stream.watch.AbstractWatch" visibility="public"><extends><inherits><interface fulltype="com.saxonica.ee.stream.watch.Watch" type="Watch"/></inherits><interface fulltype="com.saxonica.ee.stream.watch.AbstractWatch" type="AbstractWatch"/></extends><comment><sentence>A Watch represents a class that is interested in looking at nodes for the purpose
 of evaluating uniqueness and key constraints, or for XSLT streaming; specifically,
 an implementation of Watch that retains a Pattern which is evaluated to see whether
 a particular node matches the Watch.</sentence></comment><fields/><methods><constructor id="PatternWatch" visibility="public"/><method fulltype="void" id="close" type="void" visibility="public"><comment><body><div>The close() method is called immediately before the Watch is destroyed, that is,
 when the element whose declaration scopes the constraint implemented by this
 Watch goes out of scope. The default implementation does nothing.</div></body><sentence>The close() method is called immediately before the Watch is destroyed, that is,
 when the element whose declaration scopes the constraint implemented by this
 Watch goes out of scope.</sentence></comment><override-of fulltype="com.saxonica.ee.stream.watch.AbstractWatch" method="close()" type="AbstractWatch"/><exceptions><exception fulltype="net.sf.saxon.trans.XPathException" id="XPathException"/></exceptions></method><method final="true" fulltype="com.saxonica.ee.stream.om.FleetingParentNode" id="getAnchorNode" type="FleetingParentNode" visibility="public"><comment><body><div>Get the anchor node for the watch. This is the node to which the watch is scoped, typically the
 context node for the streamable path expression that defines the root of the subtree within which nodes
 are being sought.</div></body><sentence>Get the anchor node for the watch.</sentence><return><body><div>The anchor node within which the watch is scoped</div></body></return></comment></method><method fulltype="net.sf.saxon.pattern.Pattern" id="getSelection" type="Pattern" visibility="public"><comment><sentence>Get the selection (that is, the restricted XPath expression) that defines
 the nodes that this Watch is looking for</sentence><return><body><div>the selection</div></body></return></comment></method><method fulltype="boolean" id="matchesNode" type="boolean" visibility="public"><comment><sentence>Determine whether the watch matches a given node</sentence></comment><params><param fulltype="com.saxonica.ee.stream.om.FleetingNode" name="node" type="FleetingNode"><body><div>the node to be tested</div></body></param><param fulltype="net.sf.saxon.expr.XPathContext" name="context" type="XPathContext"><body><div>the XPath dynamic context</div></body></param></params><exceptions><exception fulltype="net.sf.saxon.trans.XPathException" id="XPathException"/></exceptions></method><method fulltype="boolean" id="matchesNodesOfKind" type="boolean" visibility="public"><comment><sentence>Ask whether the Watch is capable of matching nodes of a particular kind</sentence></comment><params><param fulltype="net.sf.saxon.type.UType" name="kind" type="UType"><body><div>the node kind as a UType</div></body></param></params></method><method fulltype="void" id="open" type="void" visibility="public"><comment><body><div>Open the watch. This is done at the point where it first starts watching for nodes
 that match the selection.</div></body><sentence>Open the watch.</sentence></comment><override-of fulltype="com.saxonica.ee.stream.watch.AbstractWatch" method="open(com.saxonica.ee.stream.watch.Terminator)" type="AbstractWatch"/><params><param fulltype="com.saxonica.ee.stream.watch.Terminator" name="terminator" type="Terminator"><body><div>action to be taken on failure</div></body></param></params><exceptions><exception fulltype="net.sf.saxon.trans.XPathException" id="XPathException"/></exceptions></method><method fulltype="void" id="processItem" type="void" visibility="public"><comment><sentence>Signal that a node (other than an element) that matches the selection
 has been found.</sentence></comment><override-of fulltype="com.saxonica.ee.stream.watch.AbstractWatch" method="processItem(net.sf.saxon.om.Item)" type="AbstractWatch"/><params><param fulltype="net.sf.saxon.om.Item" name="item" type="Item"><body><div>the node that was matched.</div></body></param></params><exceptions><exception fulltype="net.sf.saxon.trans.XPathException" id="XPathException"/></exceptions></method><method fulltype="void" id="setAnchorNode" type="void" visibility="public"><comment><body><div>Set the anchor node for the watch. This is the node to which the watch is scoped, typically the
 context node for the streamable path expression that defines the root of the subtree within which nodes
 are being sought.</div></body><sentence>Set the anchor node for the watch.</sentence></comment><params><param fulltype="com.saxonica.ee.stream.om.FleetingParentNode" name="anchor" type="FleetingParentNode"><body><div>The anchor node within which the watch is scoped</div></body></param></params></method><method fulltype="void" id="setSelection" type="void" visibility="public"><comment><sentence>Set the selection (that is, the streamable XPath expression) that defines
 the nodes that this Watch is looking for</sentence></comment><params><param fulltype="net.sf.saxon.pattern.Pattern" name="selection" type="Pattern"><body><div>the streamable XPath expression</div></body></param></params></method></methods><subclasses><class fulltype="com.saxonica.ee.stream.watch.AccumulatorWatch" type="AccumulatorWatch"/><class fulltype="com.saxonica.ee.validate.FieldWatch" type="FieldWatch"/><class fulltype="com.saxonica.ee.stream.watch.MultiAccumulatorWatch" type="MultiAccumulatorWatch"/><class fulltype="com.saxonica.ee.validate.SelectorWatch" type="SelectorWatch"/><class fulltype="com.saxonica.ee.stream.watch.Trigger" type="Trigger"/></subclasses></class><class id="StreamWatch" fulltype="com.saxonica.ee.stream.watch.StreamWatch" superclass="AbstractWatch" superclassfulltype="com.saxonica.ee.stream.watch.AbstractWatch" visibility="public"><extends><inherits><interface fulltype="com.saxonica.ee.stream.watch.Watch" type="Watch"/></inherits><interface fulltype="com.saxonica.ee.stream.watch.AbstractWatch" type="AbstractWatch"/></extends><fields/><methods><constructor id="StreamWatch" visibility="public"><params><param fulltype="com.saxonica.ee.stream.Inversion" name="action" type="Inversion"/><param fulltype="com.saxonica.ee.stream.watch.WatchManager" name="watchManager" type="WatchManager"/><param fulltype="net.sf.saxon.expr.XPathContext" name="context" type="XPathContext"/></params></constructor><method fulltype="void" id="endSelectedParentNode" type="void" visibility="public"><comment><sentence>Signal that the endElement event has occurred for the element whose startElement
 event caused the Watch to be activated.</sentence></comment><params><param fulltype="net.sf.saxon.s9api.Location" name="locationId" type="Location"><body><div>the location of the element</div></body></param></params><exceptions><exception fulltype="net.sf.saxon.trans.XPathException" id="XPathException"><sentence>net.sf.saxon.trans.XPathException
          May be raised if a constraint implemented by this
          Watch is violated</sentence></exception></exceptions></method><method fulltype="com.saxonica.ee.stream.om.FleetingParentNode" id="getAnchorNode" type="FleetingParentNode" visibility="public"><comment><body><div>Get the anchor node for the watch. This is the node to which the watch is scoped, typically the
 context node for the streamable path expression that defines the root of the subtree within which nodes
 are being sought.</div></body><sentence>Get the anchor node for the watch.</sentence><return><body><div>The anchor node within which the watch is scoped</div></body></return></comment></method><method fulltype="boolean" id="matchesNode" type="boolean" visibility="public"><comment><sentence>Determine whether the watch matches a given node</sentence><return><body><div>true if the node is one of those the Watch is looking out for</div></body></return></comment><params><param fulltype="com.saxonica.ee.stream.om.FleetingNode" name="node" type="FleetingNode"><body><div>the node to be tested</div></body></param><param fulltype="net.sf.saxon.expr.XPathContext" name="context" type="XPathContext"><body><div>the XPath dynamic context</div></body></param></params><exceptions><exception fulltype="net.sf.saxon.trans.XPathException" id="XPathException"><sentence>net.sf.saxon.trans.XPathException
          if a dynamic error occurs</sentence></exception></exceptions></method><method fulltype="boolean" id="matchesNodesOfKind" type="boolean" visibility="public"><comment><sentence>Ask whether the Watch is capable of matching nodes of a particular kind</sentence></comment><params><param fulltype="net.sf.saxon.type.UType" name="kind" type="UType"><body><div>the node kind</div></body></param></params></method><method fulltype="void" id="setAnchorNode" type="void" visibility="public"><comment><body><div>Set the anchor node for the watch. This is the node to which the watch is scoped, typically the
 context node for the streamable path expression that defines the root of the subtree within which nodes
 are being sought.</div></body><sentence>Set the anchor node for the watch.</sentence></comment><params><param fulltype="com.saxonica.ee.stream.om.FleetingParentNode" name="anchor" type="FleetingParentNode"><body><div>The anchor node within which the watch is scoped</div></body></param></params></method><method fulltype="net.sf.saxon.event.Receiver" id="startSelectedParentNode" type="Receiver" visibility="public"><comment><body><div>Signal that an element or document node has been found that matches the selection that this
 Watch is looking for. This method is called by the WatchManager while
 processing the startElement or startDocument event that matches the selection.</div></body><sentence>Signal that an element or document node has been found that matches the selection that this
 Watch is looking for.</sentence><return><body><div>a Receiver to be notified of all events starting with the startElement/startDocument event
         for the matched element, and ending with the endElement event for that element; or null if this
         feature is not required.</div></body></return></comment><params><param fulltype="com.saxonica.ee.stream.om.FleetingParentNode" name="node" type="FleetingParentNode"><body><div>the element or document node whose start event has been matched</div></body></param><param fulltype="net.sf.saxon.s9api.Location" name="locationId" type="Location"><body><div>the location associated with the element or document node (may be
                   the location of the instruction that created it)</div></body></param></params><exceptions><exception fulltype="net.sf.saxon.trans.XPathException" id="XPathException"><sentence>net.sf.saxon.trans.XPathException
          May be raised if a dynamic error occurs</sentence></exception></exceptions></method></methods></class><class id="Terminator" fulltype="com.saxonica.ee.stream.watch.Terminator" superclass="Object" superclassfulltype="java.lang.Object" visibility="public"><comment><body><div>A Terminator provides a method that can be called to cause early termination of a streaming pass
 over an input document, in the case where no more information from the document is needed.

 <p>The default implementation does nothing when the terminate() method is called</p></div></body><sentence>A Terminator provides a method that can be called to cause early termination of a streaming pass
 over an input document, in the case where no more information from the document is needed.</sentence></comment><fields/><methods><constructor id="Terminator" visibility="public"/><method fulltype="com.saxonica.ee.stream.watch.Terminator" id="getInstance" static="true" type="Terminator" visibility="public"/><method fulltype="void" id="terminate" type="void" visibility="public"><exceptions><exception fulltype="net.sf.saxon.trans.QuitParsingException" id="QuitParsingException"/></exceptions></method></methods></class><class id="Trigger" fulltype="com.saxonica.ee.stream.watch.Trigger" superclass="PatternWatch" superclassfulltype="com.saxonica.ee.stream.watch.PatternWatch" visibility="public"><extends><interface fulltype="com.saxonica.ee.stream.watch.PatternWatch" type="PatternWatch"><extends><inherits><interface fulltype="com.saxonica.ee.stream.watch.Watch" type="Watch"/></inherits><interface fulltype="com.saxonica.ee.stream.watch.AbstractWatch" type="AbstractWatch"/></extends></interface></extends><comment><sentence>A Trigger is a Watch that contains a pattern used for matching streamed nodes, and
 a WatchAction which is invoked when a matching node is found.</sentence></comment><fields/><methods><constructor id="Trigger" visibility="public"><params><param fulltype="net.sf.saxon.pattern.Pattern" name="selection" type="Pattern"/><param fulltype="com.saxonica.ee.stream.feed.ItemFeed" name="action" type="ItemFeed"/><param fulltype="net.sf.saxon.expr.XPathContext" name="selectionContext" type="XPathContext"/></params></constructor><method fulltype="void" id="close" type="void" visibility="public"><comment><body><div>The close() method is called immediately before the Watch is destroyed, that is,
 when the element whose declaration scopes the constraint implemented by this
 Watch goes out of scope. The default implementation does nothing.</div></body><sentence>The close() method is called immediately before the Watch is destroyed, that is,
 when the element whose declaration scopes the constraint implemented by this
 Watch goes out of scope.</sentence></comment><override-of fulltype="com.saxonica.ee.stream.watch.PatternWatch" method="close()" type="PatternWatch"/><exceptions><exception fulltype="net.sf.saxon.trans.XPathException" id="XPathException"/></exceptions></method><method fulltype="void" id="endSelectedParentNode" type="void" visibility="public"><comment><sentence>Signal that the endElement event has occurred for the element whose startElement
 event caused the Watch to be activated.</sentence></comment><params><param fulltype="net.sf.saxon.s9api.Location" name="locationId" type="Location"><body><div>the location of the element</div></body></param></params><exceptions><exception fulltype="net.sf.saxon.trans.XPathException" id="XPathException"><sentence>net.sf.saxon.trans.XPathException
          May be raised if a constraint implemented by this
          Watch is violated</sentence></exception></exceptions></method><method fulltype="com.saxonica.ee.stream.feed.ItemFeed" id="getAction" type="ItemFeed" visibility="public"><comment><sentence>Get the Feed representing the pipeline of operations performed by this Trigger</sentence><return><body><div>the Feed through which matched items are processed</div></body></return></comment></method><method fulltype="boolean" id="isMatchCurrentGroup" type="boolean" visibility="public"><comment><sentence>Ask whether or not the pattern should use all nodes in the current group as
 anchor nodes (by default only the first is matched)</sentence><return><body><div>true if every node in the current group is to act
                          as an anchor node</div></body></return></comment></method><method fulltype="boolean" id="matchesNode" type="boolean" visibility="public"><override-of fulltype="com.saxonica.ee.stream.watch.PatternWatch" method="matchesNode(com.saxonica.ee.stream.om.FleetingNode, net.sf.saxon.expr.XPathContext)" type="PatternWatch"/><params><param fulltype="com.saxonica.ee.stream.om.FleetingNode" name="node" type="FleetingNode"/><param fulltype="net.sf.saxon.expr.XPathContext" name="context" type="XPathContext"/></params><exceptions><exception fulltype="net.sf.saxon.trans.XPathException" id="XPathException"/></exceptions></method><method fulltype="void" id="open" type="void" visibility="public"><comment><body><div>Open the watch. This is done at the point where it first starts watching for nodes
 that match the selection.</div></body><sentence>Open the watch.</sentence></comment><override-of fulltype="com.saxonica.ee.stream.watch.PatternWatch" method="open(com.saxonica.ee.stream.watch.Terminator)" type="PatternWatch"/><params><param fulltype="com.saxonica.ee.stream.watch.Terminator" name="terminator" type="Terminator"><body><div>the callback to be used to signal early exit</div></body></param></params><exceptions><exception fulltype="net.sf.saxon.trans.XPathException" id="XPathException"/></exceptions></method><method fulltype="void" id="processItem" type="void" visibility="public"><comment><sentence>Signal that a node (other than an element) that matches the selection
 has been found.</sentence></comment><override-of fulltype="com.saxonica.ee.stream.watch.PatternWatch" method="processItem(net.sf.saxon.om.Item)" type="PatternWatch"/><params><param fulltype="net.sf.saxon.om.Item" name="item" type="Item"><body><div>the node that was matched.</div></body></param></params><exceptions><exception fulltype="net.sf.saxon.trans.XPathException" id="XPathException"/></exceptions></method><method fulltype="void" id="setMatchCurrentGroup" type="void" visibility="public"><comment><sentence>Set whether or not the pattern should use all nodes in the current group as
 anchor nodes (by default only the first is matched)</sentence></comment><params><param fulltype="boolean" name="matchCurrentGroup" type="boolean"><body><div>true if every node in the current group is to act
                          as an anchor node</div></body></param></params></method><method fulltype="void" id="setSelection" type="void" visibility="public"><comment><sentence>Set the selection (that is, the streamable XPath expression) that defines
 the nodes that this Watch is looking for</sentence></comment><override-of fulltype="com.saxonica.ee.stream.watch.PatternWatch" method="setSelection(net.sf.saxon.pattern.Pattern)" type="PatternWatch"/><params><param fulltype="net.sf.saxon.pattern.Pattern" name="selection" type="Pattern"><body><div>the streamable XPath expression</div></body></param></params></method><method fulltype="net.sf.saxon.event.Receiver" id="startSelectedParentNode" type="Receiver" visibility="public"><comment><body><div>Signal that an element or document node has been found that matches the selection that this
 Watch is looking for. This method is called by the WatchManager while
 processing the startElement or startDocument event that matches the selection.</div></body><sentence>Signal that an element or document node has been found that matches the selection that this
 Watch is looking for.</sentence><return><body><div>a Receiver to be notified of all events starting with the startElement/startDocument event
         for the matched element, and ending with the endElement event for that element; or null if this
         feature is not required.</div></body></return></comment><params><param fulltype="com.saxonica.ee.stream.om.FleetingParentNode" name="node" type="FleetingParentNode"><body><div>the element or document node whose start event has been matched</div></body></param><param fulltype="net.sf.saxon.s9api.Location" name="locationId" type="Location"><body><div>the location associated with the element or document node (may be
                   the location of the instruction that created it)</div></body></param></params><exceptions><exception fulltype="net.sf.saxon.trans.XPathException" id="XPathException"><sentence>net.sf.saxon.trans.XPathException
          May be raised if a dynamic error occurs</sentence></exception></exceptions></method></methods></class><class id="Watch" abstract="true" fulltype="com.saxonica.ee.stream.watch.Watch" interface="true" visibility="public"><comment><body><div>A Watch represents a class that is interested in looking at nodes passing down a push
 pipeline. Originally this was for the purpose of evaluating uniqueness and key constraints while
 validating an instance document against a schema; now it is used for many expressions that need
 to be evaluated in streaming mode.
 <p>The Watch is responsible for deciding which nodes it is interested in. There is a subclass
 <tag kind="see">com.saxonica.ee.stream.watch.PatternWatch</tag> in which this is decided by matching an XSLT-like pattern, but not all
 watches make the decision in this way.</p></div></body><sentence>A Watch represents a class that is interested in looking at nodes passing down a push
 pipeline.</sentence></comment><fields/><methods><method abstract="true" fulltype="void" id="close" type="void" visibility="public"><comment><sentence>The close() method is called immediately before the Watch is destroyed, that is,
 when the element whose declaration scopes the constraint implemented by this
 Watch goes out of scope.</sentence></comment><exceptions><exception fulltype="net.sf.saxon.trans.XPathException" id="XPathException"><sentence>XPathException May be raised if a dynamic error occurs</sentence></exception></exceptions></method><method abstract="true" fulltype="void" id="endSelectedParentNode" type="void" visibility="public"><comment><sentence>Signal that the endElement event has occurred for the element whose startElement
 event caused the Watch to be activated.</sentence></comment><params><param fulltype="net.sf.saxon.s9api.Location" name="locationId" type="Location"><body><div>the location of the element</div></body></param></params><exceptions><exception fulltype="net.sf.saxon.trans.XPathException" id="XPathException"><sentence>XPathException May be raised if a constraint implemented by this
                        Watch is violated</sentence></exception></exceptions></method><method abstract="true" fulltype="com.saxonica.ee.stream.om.FleetingParentNode" id="getAnchorNode" type="FleetingParentNode" visibility="public"><comment><body><div>Get the anchor node for the watch. This is the node to which the watch is scoped, typically the
 context node for the streamable path expression that defines the root of the subtree within which nodes
 are being sought.</div></body><sentence>Get the anchor node for the watch.</sentence><return><body><div>The anchor node within which the watch is scoped</div></body></return></comment></method><method abstract="true" fulltype="net.sf.saxon.om.NamespaceResolver" id="getNamespaceResolver" type="NamespaceResolver" visibility="public"><comment><sentence>Get the namespace resolver in use by the Watch</sentence><return><body><div>the namespace resolver</div></body></return></comment></method><method abstract="true" fulltype="net.sf.saxon.event.PipelineConfiguration" id="getPipelineConfiguration" type="PipelineConfiguration" visibility="public"><comment><sentence>Get the pipeline configuration in use</sentence><return><body><div>the pipeline configuration</div></body></return></comment></method><method abstract="true" fulltype="boolean" id="matchesNode" type="boolean" visibility="public"><comment><sentence>Determine whether the watch matches a given node</sentence><return><body><div>true if the node is one of those the Watch is looking out for</div></body></return></comment><params><param fulltype="com.saxonica.ee.stream.om.FleetingNode" name="node" type="FleetingNode"><body><div>the node to be tested</div></body></param><param fulltype="net.sf.saxon.expr.XPathContext" name="context" type="XPathContext"><body><div>the XPath dynamic context</div></body></param></params><exceptions><exception fulltype="net.sf.saxon.trans.XPathException" id="XPathException"><sentence>XPathException if a dynamic error occurs</sentence></exception></exceptions></method><method abstract="true" fulltype="boolean" id="matchesNodesOfKind" type="boolean" visibility="public"><comment><sentence>Ask whether the Watch is capable of matching nodes of a particular kind</sentence><return><body><div>true if the watch is capabl of matching</div></body></return></comment><params><param fulltype="net.sf.saxon.type.UType" name="kind" type="UType"><body><div>the node kind as a UType</div></body></param></params></method><method abstract="true" fulltype="void" id="open" type="void" visibility="public"><comment><body><div>Open the watch. This is done at the point where it first starts watching for nodes
 that match the selection.</div></body><sentence>Open the watch.</sentence></comment><params><param fulltype="com.saxonica.ee.stream.watch.Terminator" name="terminator" type="Terminator"><body><div>action to be taken on failure</div></body></param></params><exceptions><exception fulltype="net.sf.saxon.trans.XPathException" id="XPathException"><sentence>XPathException May be raised if a dynamic error occurs</sentence></exception></exceptions></method><method abstract="true" fulltype="void" id="processItem" type="void" visibility="public"><comment><sentence>Signal that a node (other than a document or element node) that matches the selection
 has been found.</sentence></comment><params><param fulltype="net.sf.saxon.om.Item" name="item" type="Item"><body><div>the node that was matched.</div></body></param></params><exceptions><exception fulltype="net.sf.saxon.trans.XPathException" id="XPathException"><sentence>XPathException May be raised if a dynamic error occurs</sentence></exception></exceptions></method><method abstract="true" fulltype="void" id="setAnchorNode" type="void" visibility="public"><comment><body><div>Set the anchor node for the watch. This is the node to which the watch is scoped, typically the
 context node for the streamable path expression that defines the root of the subtree within which nodes
 are being sought.</div></body><sentence>Set the anchor node for the watch.</sentence></comment><params><param fulltype="com.saxonica.ee.stream.om.FleetingParentNode" name="anchor" type="FleetingParentNode"><body><div>The anchor node within which the watch is scoped</div></body></param></params></method><method abstract="true" fulltype="void" id="setNamespaceResolver" type="void" visibility="public"><comment><sentence>Set a NamespaceResolver for use by the Watch</sentence></comment><params><param fulltype="net.sf.saxon.om.NamespaceResolver" name="resolver" type="NamespaceResolver"><body><div>the namespace resolver to be used</div></body></param></params></method><method abstract="true" fulltype="void" id="setPipelineConfiguration" type="void" visibility="public"><comment><sentence>Set the pipeline configuration in use</sentence></comment><params><param fulltype="net.sf.saxon.event.PipelineConfiguration" name="pipe" type="PipelineConfiguration"><body><div>the pipeline Configuration in use</div></body></param></params></method><method abstract="true" fulltype="net.sf.saxon.event.Receiver" id="startSelectedParentNode" type="Receiver" visibility="public"><comment><body><div>Signal that an element or document node has been found that matches the selection that this
 Watch is looking for. This method is called by the WatchManager while
 processing the startElement or startDocument event that matches the selection.</div></body><sentence>Signal that an element or document node has been found that matches the selection that this
 Watch is looking for.</sentence><return><body><div>a Receiver to be notified of all events starting with the startElement/startDocument event
         for the matched element, and ending with the endElement event for that element; or null if this
         feature is not required.</div></body></return></comment><params><param fulltype="com.saxonica.ee.stream.om.FleetingParentNode" name="node" type="FleetingParentNode"><body><div>the element or document node whose start event has been matched</div></body></param><param fulltype="net.sf.saxon.s9api.Location" name="locationId" type="Location"><body><div>the location associated with the element or document node (may be
                   the location of the instruction that created it)</div></body></param></params><exceptions><exception fulltype="net.sf.saxon.trans.XPathException" id="XPathException"><sentence>XPathException May be raised if a dynamic error occurs</sentence></exception></exceptions></method></methods><implemented-by><class fulltype="com.saxonica.ee.stream.watch.AbstractWatch" type="AbstractWatch"/><class fulltype="com.saxonica.ee.stream.watch.AccumulatorWatch" type="AccumulatorWatch"/><class fulltype="com.saxonica.ee.validate.FieldWatch" type="FieldWatch"/><class fulltype="com.saxonica.ee.validate.KeySelectorWatch" type="KeySelectorWatch"/><class fulltype="com.saxonica.ee.stream.watch.MultiAccumulatorWatch" type="MultiAccumulatorWatch"/><class fulltype="com.saxonica.ee.stream.watch.PatternWatch" type="PatternWatch"/><class fulltype="com.saxonica.ee.validate.RefSelectorWatch" type="RefSelectorWatch"/><class fulltype="com.saxonica.ee.validate.SelectorWatch" type="SelectorWatch"/><class fulltype="com.saxonica.ee.stream.watch.StreamWatch" type="StreamWatch"/><class fulltype="com.saxonica.ee.stream.watch.Trigger" type="Trigger"/></implemented-by></class><class id="WatchMaker" abstract="true" fulltype="com.saxonica.ee.stream.watch.WatchMaker" interface="true" visibility="public"><comment><sentence>A WatchMaker is a factory class for creating a <tag kind="see">com.saxonica.ee.stream.watch.Watch</tag>.</sentence></comment><fields/><methods><method abstract="true" fulltype="com.saxonica.ee.stream.watch.Trigger" id="makeWatch" type="Trigger" visibility="public"><comment><body><div>Make a Trigger: this comprises (a) a pattern to match the nodes that should be processed
 during a streaming pass of the source document, and (b) the processing of those nodes
 by a WatchAction or perhaps a sequence of WatchActions in a pipeline. If a pipeline is needed,
 this method is responsible for constructing the entire pipeline</div></body><sentence>Make a Trigger: this comprises (a) a pattern to match the nodes that should be processed
 during a streaming pass of the source document, and (b) the processing of those nodes
 by a WatchAction or perhaps a sequence of WatchActions in a pipeline.</sentence><return><body><div>the new Trigger</div></body></return></comment><params><param fulltype="com.saxonica.ee.stream.watch.WatchManager" name="watchManager" type="WatchManager"><body><div>the WatchManager</div></body></param><param fulltype="com.saxonica.ee.stream.feed.ItemFeed" name="out" type="ItemFeed"><body><div>the destination for events representing the output of this pipeline</div></body></param><param fulltype="net.sf.saxon.expr.XPathContext" name="context" type="XPathContext"><body><div>the dynamic evaluation context</div></body></param></params><exceptions><exception fulltype="net.sf.saxon.trans.XPathException" id="XPathException"><sentence>XPathException if any dynamic error occurs</sentence></exception></exceptions></method></methods></class><class id="WatchManager" fulltype="com.saxonica.ee.stream.watch.WatchManager" superclass="SequenceReceiver" superclassfulltype="net.sf.saxon.event.SequenceReceiver" visibility="public"><implements><interface fulltype="net.sf.saxon.om.NamespaceResolver" type="NamespaceResolver"/></implements><extends><inherits><interface fulltype="net.sf.saxon.event.Receiver" type="Receiver"/></inherits><interface fulltype="net.sf.saxon.event.SequenceReceiver" type="SequenceReceiver"/></extends><comment><body><div>This class sits on a push pipeline and evaluates the passing element and attribute
 nodes. One or more Watch objects can be registered with the pipeline at any time; element
 and attribute events are notified to the active Watch objects. A watch that is added immediately
 after a startElement call is automatically dropped at the corresponding endElement call. If
 a Watch matches a startElement call, then it becomes an active Watch; it is automatically deactivated
 (but not dropped) at the corresponding endElement call.
 <p>A Watch is not itself a receiver, but it can nominate a Receiver to receive all events while it is
 active. It will stop receiving events when it is deactivated.</p></div></body><sentence>This class sits on a push pipeline and evaluates the passing element and attribute
 nodes.</sentence></comment><fields><field fulltype="java.util.Stack" id="activeWatchStack" type="Stack" visibility="protected"><type fulltype="java.util.List" type="List"><type fulltype="com.saxonica.ee.stream.watch.WatchManager.ClosedownAction" type="WatchManager.ClosedownAction"/></type></field><field fulltype="int" id="elementStackTop" type="int" visibility="protected"/><field fulltype="java.util.List" id="watchList" type="List" visibility="protected"><type fulltype="com.saxonica.ee.stream.watch.Watch" type="Watch"/></field></fields><methods><constructor id="WatchManager" visibility="public"><comment><sentence>Create a WatchManager</sentence></comment><params><param fulltype="net.sf.saxon.event.PipelineConfiguration" name="pipe" type="PipelineConfiguration"><body><div>the pipeline configuration</div></body></param></params></constructor><method fulltype="void" id="addPrearrangedWatches" type="void" visibility="protected"><exceptions><exception fulltype="net.sf.saxon.trans.XPathException" id="XPathException"/></exceptions></method><method fulltype="void" id="addWatch" type="void" visibility="public"><comment><body><div>Add a new Watch. This is associated with the current level in the element stack, and
 is automatically closed and dropped when the current element goes out of scope.</div></body><sentence>Add a new Watch.</sentence></comment><params><param fulltype="com.saxonica.ee.stream.watch.Watch" name="watch" type="Watch"><body><div>the watch to be added</div></body></param><param fulltype="boolean" name="autoClose" type="boolean"><body><div>set to true if the watch is to be automatically opened as soon as it is registered,
                  and is to be automatically closed when it goes out of scope.</div></body></param></params><exceptions><exception fulltype="net.sf.saxon.trans.XPathException" id="XPathException"><sentence>XPathException if any error occurs</sentence></exception></exceptions></method><method fulltype="void" id="append" type="void" visibility="public"><comment><sentence>Append an arbitrary item (node or atomic value) to the output</sentence></comment><override-of fulltype="net.sf.saxon.event.SequenceReceiver" method="append(net.sf.saxon.om.Item, net.sf.saxon.s9api.Location, int)" type="SequenceReceiver"/><params><param fulltype="net.sf.saxon.om.Item" name="item" type="Item"><body><div>the item to be appended</div></body></param><param fulltype="net.sf.saxon.s9api.Location" name="locationId" type="Location"><body><div>the location of the calling instruction, for diagnostics</div></body></param><param fulltype="int" name="copyNamespaces" type="int"><body><div>if the item is an element node, this indicates whether its namespaces
                       need to be copied. Values are <tag kind="see">net.sf.saxon.event.ReceiverOption#ALL_NAMESPACES</tag>;
                            the default (0) means</div></body></param></params><exceptions><exception fulltype="net.sf.saxon.trans.XPathException" id="XPathException"/></exceptions></method><method fulltype="void" id="characters" type="void" visibility="public"><comment><sentence>Text node</sentence></comment><params><param fulltype="net.sf.saxon.str.UnicodeString" name="chars" type="UnicodeString"/><param fulltype="net.sf.saxon.s9api.Location" name="locationId" type="Location"/><param fulltype="int" name="properties" type="int"/></params><exceptions><exception fulltype="net.sf.saxon.trans.XPathException" id="XPathException"/></exceptions></method><method fulltype="void" id="close" type="void" visibility="public"><comment><sentence>Notify the end of the event stream</sentence></comment><exceptions><exception fulltype="net.sf.saxon.trans.XPathException" id="XPathException"><sentence>net.sf.saxon.trans.XPathException
          if an error occurs</sentence></exception></exceptions></method><method fulltype="void" id="comment" type="void" visibility="public"><comment><sentence>Output a comment</sentence></comment><params><param fulltype="net.sf.saxon.str.UnicodeString" name="chars" type="UnicodeString"/><param fulltype="net.sf.saxon.s9api.Location" name="locationId" type="Location"/><param fulltype="int" name="properties" type="int"/></params><exceptions><exception fulltype="net.sf.saxon.trans.XPathException" id="XPathException"/></exceptions></method><method fulltype="void" id="endDocument" type="void" visibility="public"><comment><sentence>Notify the end of a document node</sentence></comment><exceptions><exception fulltype="net.sf.saxon.trans.XPathException" id="XPathException"/></exceptions></method><method fulltype="void" id="endElement" type="void" visibility="public"><comment><sentence>Notify end of element</sentence></comment><exceptions><exception fulltype="net.sf.saxon.trans.XPathException" id="XPathException"/></exceptions></method><method fulltype="void" id="endGroupingScope" type="void" visibility="public"><comment><sentence>Called during a partitioning for-each-group whenever a group is closed</sentence></comment><params><param fulltype="com.saxonica.ee.stream.watch.WatchManager.GroupingScope" name="current" type="WatchManager.GroupingScope"/></params><exceptions><exception fulltype="net.sf.saxon.trans.XPathException" id="XPathException"><sentence>XPathException if a failure occurs</sentence></exception></exceptions></method><method fulltype="com.saxonica.ee.stream.om.FleetingParentNode" id="getCurrentNode" type="FleetingParentNode" visibility="public"/><method fulltype="int" id="getDepth" type="int" visibility="public"/><method fulltype="com.saxonica.ee.stream.om.FleetingDocumentNode" id="getDocumentNode" type="FleetingDocumentNode" visibility="public"/><method fulltype="com.saxonica.ee.stream.watch.MultiAccumulatorWatch" id="getMultiAccumulatorWatch" type="MultiAccumulatorWatch" visibility="public"/><method fulltype="net.sf.saxon.event.Outputter" id="getOutputter" type="Outputter" visibility="public"/><method fulltype="java.lang.String" id="getURIForPrefix" type="String" visibility="public"><comment><body><div>Get the namespace URI corresponding to a given prefix. Return null
 if the prefix is not in scope.</div></body><sentence>Get the namespace URI corresponding to a given prefix.</sentence><return><body><div>the uri for the namespace, or null if the prefix is not in scope.
         The "null namespace" is represented by the pseudo-URI "".</div></body></return></comment><params><param fulltype="java.lang.String" name="prefix" type="String"><body><div>the namespace prefix. May be the zero-length string, indicating
                   that there is no prefix. This indicates either the default namespace or the
                   null namespace, depending on the value of useDefault.</div></body></param><param fulltype="boolean" name="useDefault" type="boolean"><body><div>true if the default namespace is to be used when the
                   prefix is "". If false, the method returns "" when the prefix is "".</div></body></param></params></method><method fulltype="net.sf.saxon.expr.XPathContext" id="getXPathContext" type="XPathContext" visibility="public"/><method fulltype="java.util.Iterator" id="iteratePrefixes" type="Iterator" visibility="public"><type fulltype="java.lang.String" type="String"/></method><method fulltype="void" id="processingInstruction" type="void" visibility="public"><comment><sentence>Processing Instruction</sentence></comment><params><param fulltype="java.lang.String" name="target" type="String"/><param fulltype="net.sf.saxon.str.UnicodeString" name="data" type="UnicodeString"/><param fulltype="net.sf.saxon.s9api.Location" name="locationId" type="Location"/><param fulltype="int" name="properties" type="int"/></params><exceptions><exception fulltype="net.sf.saxon.trans.XPathException" id="XPathException"/></exceptions></method><method fulltype="void" id="removeWatch" type="void" visibility="public"><comment><sentence>Remove a watch</sentence></comment><params><param fulltype="com.saxonica.ee.stream.watch.Watch" name="watch" type="Watch"><body><div>the watch to be removed. No error occurs if the watch is unknown or inactive.</div></body></param></params></method><method fulltype="void" id="restartElement" type="void" visibility="public"><comment><body><div>During schema validation, the startElement() event is emitted before we can
 examine all the streamed assertions that might apply to that element. So this
 method can be used to process a Watch against the most recent start element event,
 on the basis that we might have missed it the first time round.</div></body><sentence>During schema validation, the startElement() event is emitted before we can
 examine all the streamed assertions that might apply to that element.</sentence></comment><params><param fulltype="com.saxonica.ee.stream.watch.Watch" name="watch" type="Watch"/></params><exceptions><exception fulltype="net.sf.saxon.trans.XPathException" id="XPathException"/></exceptions></method><method fulltype="void" id="setOutputter" type="void" visibility="public"><params><param fulltype="net.sf.saxon.event.Outputter" name="outputter" type="Outputter"/></params></method><method fulltype="void" id="setUnparsedEntity" type="void" visibility="public"><comment><sentence>Notify an unparsed entity URI.</sentence></comment><override-of fulltype="net.sf.saxon.event.SequenceReceiver" method="setUnparsedEntity(java.lang.String, java.lang.String, java.lang.String)" type="SequenceReceiver"/><params><param fulltype="java.lang.String" name="name" type="String"><body><div>The name of the unparsed entity</div></body></param><param fulltype="java.lang.String" name="systemID" type="String"><body><div>The system identifier of the unparsed entity</div></body></param><param fulltype="java.lang.String" name="publicID" type="String"><body><div>The public identifier of the unparsed entity</div></body></param></params><exceptions><exception fulltype="net.sf.saxon.trans.XPathException" id="XPathException"/></exceptions></method><method fulltype="void" id="setXPathContext" type="void" visibility="public"><params><param fulltype="net.sf.saxon.expr.XPathContext" name="context" type="XPathContext"/></params></method><method fulltype="void" id="startCapturingGroupingWatches" type="void" visibility="public"><params><param fulltype="com.saxonica.ee.stream.watch.WatchManager.GroupingScope" name="scope" type="WatchManager.GroupingScope"/></params></method><method fulltype="void" id="startDocument" type="void" visibility="public"><comment><sentence>Start of a document node.</sentence></comment><params><param fulltype="int" name="properties" type="int"><body><div>properties of the document node</div></body></param></params><exceptions><exception fulltype="net.sf.saxon.trans.XPathException" id="XPathException"/></exceptions></method><method fulltype="void" id="startElement" type="void" visibility="public"><comment><sentence>Output element start tag</sentence></comment><params><param fulltype="net.sf.saxon.om.NodeName" name="elementName" type="NodeName"/><param fulltype="net.sf.saxon.type.SchemaType" name="typeCode" type="SchemaType"/><param fulltype="net.sf.saxon.om.AttributeMap" name="attributes" type="AttributeMap"/><param fulltype="net.sf.saxon.om.NamespaceMap" name="namespaces" type="NamespaceMap"/><param fulltype="net.sf.saxon.s9api.Location" name="location" type="Location"/><param fulltype="int" name="properties" type="int"/></params><exceptions><exception fulltype="net.sf.saxon.trans.XPathException" id="XPathException"/></exceptions></method><method fulltype="com.saxonica.ee.stream.watch.WatchManager.GroupingScope" id="startGroupingScope" type="WatchManager.GroupingScope" visibility="public"><comment><sentence>Called during a partitioning for-each-group whenever a new group is started</sentence></comment></method><method fulltype="void" id="stopCapturingGroupingWatches" type="void" visibility="public"><params><param fulltype="com.saxonica.ee.stream.watch.WatchManager.GroupingScope" name="scope" type="WatchManager.GroupingScope"/></params></method><method fulltype="boolean" id="usesTypeAnnotations" type="boolean" visibility="public"><comment><sentence>Ask whether this Receiver (or the downstream pipeline) makes any use of the type annotations
 supplied on element and attribute events</sentence><return><body><div>true if the Receiver makes any use of this information. If false, the caller
         may supply untyped nodes instead of supplying the type annotation</div></body></return></comment></method><method fulltype="void" id="watchAccumulators" type="void" visibility="public"><params><param fulltype="com.saxonica.ee.stream.watch.MultiAccumulatorWatch" name="multiWatch" type="MultiAccumulatorWatch"/></params><exceptions><exception fulltype="net.sf.saxon.trans.XPathException" id="XPathException"/></exceptions></method></methods><class id="WatchManager.ClosedownAction" fulltype="com.saxonica.ee.stream.watch.WatchManager.ClosedownAction" static="true" superclass="Object" superclassfulltype="java.lang.Object" visibility="protected"><fields><field fulltype="int" id="action" type="int" visibility="public"/><field const="1" constexpr="1" final="true" fulltype="int" id="CLOSE" static="true" type="int" visibility="public"/><field const="0" constexpr="0" final="true" fulltype="int" id="DEACTIVATE" static="true" type="int" visibility="public"/><field fulltype="com.saxonica.ee.stream.watch.Watch" id="watch" type="Watch" visibility="public"/></fields><methods><constructor id="ClosedownAction" visibility="public"><params><param fulltype="com.saxonica.ee.stream.watch.Watch" name="watch" type="Watch"/><param fulltype="int" name="action" type="int"/></params></constructor></methods></class><class id="WatchManager.GroupingScope" fulltype="com.saxonica.ee.stream.watch.WatchManager.GroupingScope" static="true" superclass="Object" superclassfulltype="java.lang.Object" visibility="public"><fields><field fulltype="boolean" id="isActive" type="boolean" visibility="public"/><field fulltype="java.util.List" id="watches" type="List" visibility="public"><type fulltype="com.saxonica.ee.stream.watch.Watch" type="Watch"/></field></fields><methods><constructor id="GroupingScope" visibility="public"/><method fulltype="void" id="addWatch" type="void" visibility="public"><params><param fulltype="com.saxonica.ee.stream.watch.Watch" name="watch" type="Watch"/></params></method></methods></class><subclasses><class fulltype="com.saxonica.ee.validate.ConstraintChecker" type="ConstraintChecker"/></subclasses></class></package>