<?xml version="1.0" encoding="UTF-8"?><package id="com.saxonica.ee.config"><class id="DynamicLoaderEE" fulltype="com.saxonica.ee.config.DynamicLoaderEE" superclass="DynamicLoaderPE" superclassfulltype="com.saxonica.config.pe.DynamicLoaderPE" visibility="public"><extends><interface fulltype="com.saxonica.config.pe.DynamicLoaderPE" type="DynamicLoaderPE"><extends><inherits><interface fulltype="net.sf.saxon.lib.IDynamicLoader" type="IDynamicLoader"/></inherits><interface fulltype="net.sf.saxon.trans.DynamicLoader" type="DynamicLoader"/></extends></interface></extends><comment><sentence>Specialization of DynamicLoader for use in Saxon-EE</sentence></comment><fields/><methods><constructor id="DynamicLoaderEE" visibility="public"/><method fulltype="void" id="registerKnownClasses" type="void" visibility="protected"><comment><body><div>Register classes that might be dynamically loaded even though they are contained
 within Saxon itself. This typically occurs for default implementations of classes that
 can be substituted or subclassed by the user.</div></body><sentence>Register classes that might be dynamically loaded even though they are contained
 within Saxon itself.</sentence></comment><override-of fulltype="com.saxonica.config.pe.DynamicLoaderPE" method="registerKnownClasses()" type="DynamicLoaderPE"/></method></methods></class><class id="MultithreadingFactory" fulltype="com.saxonica.ee.config.MultithreadingFactory" superclass="Object" superclassfulltype="java.lang.Object" visibility="public"><comment><body><div>This class defines a number of methods that support the use of multi-threading in Saxon.
 By subclassing <tt>MultithreadingFactory</tt> and registering the subclass with the
 configuration using the method <tag kind="see">com.saxonica.config.EnterpriseConfiguration#setMultithreadingFactory(MultithreadingFactory)</tag>,
 it is possible to customize Saxon's multithreading behavior.</div></body><sentence>This class defines a number of methods that support the use of multi-threading in Saxon.</sentence></comment><fields/><methods><constructor id="MultithreadingFactory" visibility="public"><comment><sentence>Create a MultithreadingFactory</sentence></comment><params><param fulltype="com.saxonica.config.EnterpriseConfiguration" name="config" type="EnterpriseConfiguration"><body><div>the Saxon Configuration (must be a Saxon-EE configuration)</div></body></param></params></constructor><method fulltype="java.util.concurrent.ExecutorService" id="makeExecutorService" type="ExecutorService" visibility="public"><comment><sentence>Make an ExecutorService for a given number of threads</sentence></comment><params><param fulltype="int" name="threads" type="int"><body><div>the required number of threads</div></body></param></params></method><method fulltype="net.sf.saxon.om.SequenceIterator" id="makeMultithreadedItemMappingIterator" type="SequenceIterator" visibility="public"><comment><body><div>Get an item mapping iterator suitable for multi-threaded execution. The returned
 iterator delivers the result of applying a mapping function to each item in an input
 sequence. The result sequence respects the ordering of the input sequence, but the
 order of processing (the timing of the executions of the mapping function) is
 implementation-defined.</div></body><sentence>Get an item mapping iterator suitable for multi-threaded execution.</sentence><return><body><div>an iterator over the result sequence</div></body></return></comment><params><param fulltype="net.sf.saxon.om.SequenceIterator" name="base" type="SequenceIterator"><body><div>iterator over the input sequence</div></body></param><param fulltype="net.sf.saxon.expr.ItemMappingFunction" name="action" type="ItemMappingFunction"><body><div>mapping function to be applied to each item in the input sequence.</div></body></param></params><exceptions><exception fulltype="net.sf.saxon.trans.XPathException" id="XPathException"/></exceptions></method><method fulltype="java.lang.Thread" id="makeThread" type="Thread" visibility="public"><comment><sentence>Make a new Thread</sentence></comment><params><param fulltype="java.lang.Runnable" name="runnable" type="Runnable"><body><div>the Runnable to be executed by the thread</div></body></param></params></method><method fulltype="net.sf.saxon.expr.XPathContextMajor.ThreadManager" id="makeThreadManager" type="XPathContextMajor.ThreadManager" visibility="public"><comment><sentence>Make a ThreadManager for asynchronous xsl:result-document instructions</sentence><return><body><div>a new ThreadManager (or null in the case of Saxon-HE, or if multithreading
 is disabled)</div></body></return></comment></method></methods></class><class id="SlotManagerEE" fulltype="com.saxonica.ee.config.SlotManagerEE" superclass="SlotManager" superclassfulltype="net.sf.saxon.expr.instruct.SlotManager" visibility="public"><extends><interface fulltype="net.sf.saxon.expr.instruct.SlotManager" type="SlotManager"/></extends><fields/><methods><constructor id="SlotManagerEE" visibility="public"/><method fulltype="void" id="showStackFrame" type="void" visibility="public"><comment><sentence>Display the values of the variables and parameters in an XPathContext stack frame
 to a Logger</sentence></comment><override-of fulltype="net.sf.saxon.expr.instruct.SlotManager" method="showStackFrame(net.sf.saxon.expr.XPathContext, net.sf.saxon.lib.Logger)" type="SlotManager"/><params><param fulltype="net.sf.saxon.expr.XPathContext" name="context" type="XPathContext"><body><div>the XPathContext holding the stack frame</div></body></param><param fulltype="net.sf.saxon.lib.Logger" name="logger" type="Logger"><body><div>the destination for the output</div></body></param></params></method></methods></class><class id="StandardSchemaResolver" fulltype="com.saxonica.ee.config.StandardSchemaResolver" superclass="Object" superclassfulltype="java.lang.Object" visibility="public"><implements><interface fulltype="net.sf.saxon.lib.SchemaURIResolver" type="SchemaURIResolver"/></implements><comment><sentence>The default schema resolver used when no other is requested</sentence></comment><fields><field const="http://www.w3.org/2001/XMLSchema" constexpr="&#34;http://www.w3.org/2001/XMLSchema&#34;" final="true" fulltype="java.lang.String" id="SCHEMA_NATURE" static="true" type="String" visibility="public"/><field const="http://www.rddl.org/purposes#validation" constexpr="&#34;http://www.rddl.org/purposes#validation&#34;" final="true" fulltype="java.lang.String" id="VALIDATION_PURPOSE" static="true" type="String" visibility="public"/></fields><methods><constructor id="StandardSchemaResolver" visibility="public"><comment><sentence>Create a StandardSchemaResolver and set the Configuration</sentence></comment><params><param fulltype="com.saxonica.config.EnterpriseConfiguration" name="config" type="EnterpriseConfiguration"><body><div>the Configuration, which must be</div></body></param></params></constructor><method fulltype="javax.xml.transform.Source" id="fetchResource" static="true" type="Source" visibility="public"><params><param fulltype="java.lang.String" name="pathName" type="String"/><param fulltype="net.sf.saxon.Configuration" name="config" type="Configuration"/></params></method><method fulltype="net.sf.saxon.Configuration" id="getConfiguration" type="Configuration" visibility="public"><comment><sentence>Get the configuration used by the resolver</sentence><return><body><div>the configuration</div></body></return></comment></method><method fulltype="javax.xml.transform.Source[]" id="resolve" type="Source[]" visibility="public"><comment><sentence>Resolve a URI identifying a schema document, given the target namespace URI and
 a set of associated location hints.</sentence><return><body><div>an array of Source objects each identifying a schema document to be loaded.
         These need not necessarily correspond one-to-one with the location hints provided. Any element of the returned
         array that is null is ignored.</div></body></return></comment><params><param fulltype="java.lang.String" name="targetNamespace" type="String"><body><div>the target namespaces of the module to be imported. The "null namespace"
                        is identified by a zero-length string. In the case of an xsd:include directive, where no
                        target namespace is specified, the parameter is null. For the standard schema resolver,
                        if the target namespace is already present in the schema cache, an empty array is
                        returned (so the existing schema is used unchanged); otherwise, the URIs listed
                        in the location hint(s) are dereferenced and returned in the form of StreamSource
                        objects.</div></body></param><param fulltype="java.lang.String" name="baseURI" type="String"><body><div>The base URI of the module containing the "import schema" declaration;
                        null if no base URI is known</div></body></param><param fulltype="java.lang.String[]" name="locations" type="String[]"><body><div>The set of URIs identified as schema location hints. In most cases (xsd:include, xsd:import,
                        xsi:schemaLocation, xsl:import-schema) there is only one URI in this list. With an XQuery "import module"
                        declaration, however, a list of URIs may be specified. The StandardSchemaResolver returns
                        one Source object for each location, using the URIResolver registered with the configuration
                        to interpret the location hint.</div></body></param></params><exceptions><exception fulltype="net.sf.saxon.trans.XPathException" id="XPathException"><sentence>net.sf.saxon.trans.XPathException
          if the module cannot be located, and if delegation to the default
          module resolver is not required.</sentence></exception></exceptions></method><method fulltype="void" id="setConfiguration" type="void" visibility="public"><comment><sentence>Set the configuration information for use by the resolver</sentence></comment><params><param fulltype="net.sf.saxon.Configuration" name="config" type="Configuration"><body><div>the Saxon Configuration</div></body></param></params></method><method fulltype="void" id="setResourceResolver" type="void" visibility="public"><comment><body><div>Set the ResourceResolver to be used. Defaults to the ResourceResolver associated with the <tag kind="see">net.sf.saxon.Configuration</tag></div></body><sentence>Set the ResourceResolver to be used.</sentence></comment><params><param fulltype="net.sf.saxon.lib.ResourceResolver" name="resolver" type="ResourceResolver"><body><div>the ResourceResolver to be used</div></body></param></params></method></methods></class><class id="StyleNodeFactoryEE" fulltype="com.saxonica.ee.config.StyleNodeFactoryEE" superclass="StyleNodeFactoryPE" superclassfulltype="com.saxonica.config.pe.StyleNodeFactoryPE" visibility="public"><extends><inherits><interface fulltype="net.sf.saxon.tree.linked.NodeFactory" type="NodeFactory"/></inherits><interface fulltype="com.saxonica.config.pe.StyleNodeFactoryPE" type="StyleNodeFactoryPE"><extends><inherits><interface fulltype="net.sf.saxon.tree.linked.NodeFactory" type="NodeFactory"/></inherits><interface fulltype="net.sf.saxon.style.StyleNodeFactory" type="StyleNodeFactory"/></extends></interface></extends><comment><body><div>Class StyleNodeFactoryEE: Subclass of StyleNodeFactory used for Saxon-EE. <br clear="none"/>
 A Factory for nodes in the stylesheet tree. <br clear="none"/>
 This version differs from the parent class in allowing extension elements to be constructed
 if the URI corresponds to an extension element factory registered in the Configuration; it also
 recognizes new XSLT elements defined in the (draft) specification of XSLT 3.0</div></body><sentence>Class StyleNodeFactoryEE: Subclass of StyleNodeFactory used for Saxon-EE.</sentence></comment><fields/><methods><constructor id="StyleNodeFactoryEE" visibility="public"><comment><sentence>Create the node factory for representing an XSLT stylesheet as a tree structure</sentence></comment><params><param fulltype="net.sf.saxon.Configuration" name="config" type="Configuration"><body><div>the Saxon configuration</div></body></param><param fulltype="net.sf.saxon.style.Compilation" name="compilation" type="Compilation"/></params></constructor><method fulltype="com.saxonica.ee.stream.AccumulatorRegistryEE" id="makeAccumulatorManager" type="AccumulatorRegistryEE" visibility="public"><override-of fulltype="com.saxonica.config.pe.StyleNodeFactoryPE" method="makeAccumulatorManager()" type="StyleNodeFactoryPE"/></method><method fulltype="net.sf.saxon.style.PrincipalStylesheetModule" id="newPrincipalModule" type="PrincipalStylesheetModule" visibility="public"><override-of fulltype="net.sf.saxon.style.StyleNodeFactory" method="newPrincipalModule(net.sf.saxon.style.XSLPackage)" type="StyleNodeFactory"/><params><param fulltype="net.sf.saxon.style.XSLPackage" name="node" type="XSLPackage"/></params><exceptions><exception fulltype="net.sf.saxon.trans.XPathException" id="XPathException"/></exceptions></method></methods></class><class id="TypeHierarchyEE" fulltype="com.saxonica.ee.config.TypeHierarchyEE" superclass="TypeHierarchy" superclassfulltype="net.sf.saxon.type.TypeHierarchy" visibility="public"><extends><interface fulltype="net.sf.saxon.type.TypeHierarchy" type="TypeHierarchy"/></extends><comment><sentence>Refinement of the TypeHierarchy class to handle function items and schema-aware types such as schema-element(A).</sentence></comment><fields/><methods><constructor id="TypeHierarchyEE" visibility="public"><params><param fulltype="net.sf.saxon.Configuration" name="config" type="Configuration"/></params></constructor><method fulltype="net.sf.saxon.type.Affinity" id="computeContentRelationship" type="Affinity" visibility="protected"><comment><sentence>Compute the relationship between the allowed content-types of two types</sentence><return><body><div>the relationship (same type, subsumes, overlaps, subsumed-by)</div></body></return></comment><override-of fulltype="net.sf.saxon.type.TypeHierarchy" method="computeContentRelationship(net.sf.saxon.type.ItemType, net.sf.saxon.type.ItemType, java.util.Optional&lt;net.sf.saxon.z.IntSet&gt;, java.util.Optional&lt;net.sf.saxon.z.IntSet&gt;)" type="TypeHierarchy"/><params><param fulltype="net.sf.saxon.type.ItemType" name="t1" type="ItemType"><body><div>the first type</div></body></param><param fulltype="net.sf.saxon.type.ItemType" name="t2" type="ItemType"><body><div>the second types</div></body></param><param fulltype="java.util.Optional" name="on1" type="Optional"><type fulltype="net.sf.saxon.z.IntSet" type="IntSet"/><body><div>the set of element names allowed by the first type</div></body></param><param fulltype="java.util.Optional" name="on2" type="Optional"><type fulltype="net.sf.saxon.z.IntSet" type="IntSet"/><body><div>the set of element names allowed by the second type</div></body></param></params></method><method fulltype="net.sf.saxon.type.ItemType" id="getGenericFunctionItemType" type="ItemType" visibility="public"><override-of fulltype="net.sf.saxon.type.TypeHierarchy" method="getGenericFunctionItemType()" type="TypeHierarchy"/></method></methods></class></package>