<?xml version="1.0" encoding="UTF-8"?><package id="com.saxonica.trans"><class id="ModePE" fulltype="com.saxonica.trans.ModePE" superclass="SimpleMode" superclassfulltype="net.sf.saxon.trans.SimpleMode" visibility="public"><extends><interface fulltype="net.sf.saxon.trans.SimpleMode" type="SimpleMode"><extends><interface fulltype="net.sf.saxon.trans.Mode" type="Mode"><extends><inherits><interface fulltype="net.sf.saxon.expr.ExpressionOwner" type="ExpressionOwner"/><interface fulltype="net.sf.saxon.s9api.Location" type="Location"/></inherits><interface fulltype="net.sf.saxon.expr.instruct.Actor" type="Actor"/></extends></interface></extends></interface></extends><comment><sentence>The Mode class for use in Saxon-PE, which may contain additional XSLT3.0 features
 This is subclassed in Saxon-EE to add optimisation features</sentence></comment><fields/><methods><constructor id="ModePE" visibility="public"><params><param fulltype="net.sf.saxon.om.StructuredQName" name="modeName" type="StructuredQName"/></params></constructor><method fulltype="void" id="prepareStreamability" type="void" visibility="public"><comment><sentence>Prepare for possible streamability - probably eventually in EE</sentence></comment><override-of fulltype="net.sf.saxon.trans.SimpleMode" method="prepareStreamability()" type="SimpleMode"/><exceptions><exception fulltype="net.sf.saxon.trans.XPathException" id="XPathException"><sentence>XPathException if not streamable</sentence></exception></exceptions></method></methods><subclasses><class fulltype="com.saxonica.ee.trans.ModeEE" type="ModeEE"/></subclasses></class><class id="PackageLoaderPE" fulltype="com.saxonica.trans.PackageLoaderPE" superclass="PackageLoaderHE" superclassfulltype="net.sf.saxon.trans.PackageLoaderHE" visibility="public"><extends><inherits><interface fulltype="net.sf.saxon.trans.packages.IPackageLoader" type="IPackageLoader"/></inherits><interface fulltype="net.sf.saxon.trans.PackageLoaderHE" type="PackageLoaderHE"/></extends><comment><sentence>This class reads the XML exported form of a package and reconstructs the package object in memory.</sentence></comment><fields/><methods><constructor id="PackageLoaderPE" visibility="public"><params><param fulltype="com.saxonica.config.ProfessionalConfiguration" name="config" type="ProfessionalConfiguration"/></params></constructor><method fulltype="net.sf.saxon.expr.instruct.UserFunction" id="makeFunction" type="UserFunction" visibility="protected"><override-of fulltype="net.sf.saxon.trans.PackageLoaderHE" method="makeFunction(java.lang.String)" type="PackageLoaderHE"/><params><param fulltype="java.lang.String" name="flags" type="String"/></params></method><method fulltype="boolean" id="processComponentReference" type="boolean" visibility="protected"><override-of fulltype="net.sf.saxon.trans.PackageLoaderHE" method="processComponentReference(net.sf.saxon.style.StylesheetPackage, net.sf.saxon.expr.ComponentInvocation)" type="PackageLoaderHE"/><params><param fulltype="net.sf.saxon.style.StylesheetPackage" name="pack" type="StylesheetPackage"/><param fulltype="net.sf.saxon.expr.ComponentInvocation" name="call" type="ComponentInvocation"/></params><exceptions><exception fulltype="net.sf.saxon.trans.XPathException" id="XPathException"/></exceptions></method><method fulltype="void" id="readSchemaNamespaces" type="void" visibility="protected"><override-of fulltype="net.sf.saxon.trans.PackageLoaderHE" method="readSchemaNamespaces(net.sf.saxon.om.NodeInfo)" type="PackageLoaderHE"/><params><param fulltype="net.sf.saxon.om.NodeInfo" name="packageElement" type="NodeInfo"/></params><exceptions><exception fulltype="net.sf.saxon.trans.XPathException" id="XPathException"/></exceptions></method></methods><subclasses><class fulltype="com.saxonica.ee.trans.PackageLoaderEE" type="PackageLoaderEE"/></subclasses></class></package>