<?xml version="1.0" encoding="UTF-8"?><package id="com.saxonica.ee.bytecode.converter"><class id="AnyTypeToStringConverterCompiler" fulltype="com.saxonica.ee.bytecode.converter.AnyTypeToStringConverterCompiler" superclass="ConverterCompiler" superclassfulltype="com.saxonica.ee.bytecode.converter.ConverterCompiler" visibility="public"><extends><interface fulltype="com.saxonica.ee.bytecode.converter.ConverterCompiler" type="ConverterCompiler"/></extends><comment><sentence>Generate code for a AnyType to String CastExpression</sentence></comment><fields/><methods><constructor id="AnyTypeToStringConverterCompiler" visibility="public"/><method fulltype="void" id="compileToItem" type="void" visibility="public"><override-of fulltype="com.saxonica.ee.bytecode.converter.ConverterCompiler" method="compileToItem(com.saxonica.ee.bytecode.util.CompilerService, net.sf.saxon.expr.Expression)" type="ConverterCompiler"/><params><param fulltype="com.saxonica.ee.bytecode.util.CompilerService" name="compiler" type="CompilerService"/><param fulltype="net.sf.saxon.expr.Expression" name="expression" type="Expression"/></params><exceptions><exception fulltype="com.saxonica.ee.bytecode.util.CannotCompileException" id="CannotCompileException"/></exceptions></method><method fulltype="void" id="compileToPrimitive" type="void" visibility="public"><override-of fulltype="com.saxonica.ee.bytecode.converter.ConverterCompiler" method="compileToPrimitive(com.saxonica.ee.bytecode.util.CompilerService, net.sf.saxon.expr.Expression, java.lang.Class&lt;?&gt;, com.saxonica.ee.bytecode.util.OnEmpty)" type="ConverterCompiler"/><params><param fulltype="com.saxonica.ee.bytecode.util.CompilerService" name="compiler" type="CompilerService"/><param fulltype="net.sf.saxon.expr.Expression" name="expression" type="Expression"/><param fulltype="java.lang.Class" name="requiredClass" type="Class"><type fulltype="?" type="?"/></param><param fulltype="com.saxonica.ee.bytecode.util.OnEmpty" name="onEmpty" type="OnEmpty"/></params><exceptions><exception fulltype="com.saxonica.ee.bytecode.util.CannotCompileException" id="CannotCompileException"/></exceptions></method></methods></class><class id="BooleanToDoubleCompiler" fulltype="com.saxonica.ee.bytecode.converter.BooleanToDoubleCompiler" superclass="ConverterCompiler" superclassfulltype="com.saxonica.ee.bytecode.converter.ConverterCompiler" visibility="public"><extends><interface fulltype="com.saxonica.ee.bytecode.converter.ConverterCompiler" type="ConverterCompiler"/></extends><comment><sentence>Bytecode generator for a cast from boolean to double</sentence></comment><fields/><methods><constructor id="BooleanToDoubleCompiler" visibility="public"/><method fulltype="void" id="compileToItem" type="void" visibility="public"><override-of fulltype="com.saxonica.ee.bytecode.converter.ConverterCompiler" method="compileToItem(com.saxonica.ee.bytecode.util.CompilerService, net.sf.saxon.expr.Expression)" type="ConverterCompiler"/><params><param fulltype="com.saxonica.ee.bytecode.util.CompilerService" name="compiler" type="CompilerService"/><param fulltype="net.sf.saxon.expr.Expression" name="expression" type="Expression"/></params><exceptions><exception fulltype="com.saxonica.ee.bytecode.util.CannotCompileException" id="CannotCompileException"/></exceptions></method><method fulltype="void" id="compileToPrimitive" type="void" visibility="public"><override-of fulltype="com.saxonica.ee.bytecode.converter.ConverterCompiler" method="compileToPrimitive(com.saxonica.ee.bytecode.util.CompilerService, net.sf.saxon.expr.Expression, java.lang.Class&lt;?&gt;, com.saxonica.ee.bytecode.util.OnEmpty)" type="ConverterCompiler"/><params><param fulltype="com.saxonica.ee.bytecode.util.CompilerService" name="compiler" type="CompilerService"/><param fulltype="net.sf.saxon.expr.Expression" name="expression" type="Expression"/><param fulltype="java.lang.Class" name="requiredClass" type="Class"/><param fulltype="com.saxonica.ee.bytecode.util.OnEmpty" name="onEmpty" type="OnEmpty"/></params><exceptions><exception fulltype="com.saxonica.ee.bytecode.util.CannotCompileException" id="CannotCompileException"/></exceptions></method></methods></class><class id="BooleanToFloatCompiler" fulltype="com.saxonica.ee.bytecode.converter.BooleanToFloatCompiler" superclass="ConverterCompiler" superclassfulltype="com.saxonica.ee.bytecode.converter.ConverterCompiler" visibility="public"><extends><interface fulltype="com.saxonica.ee.bytecode.converter.ConverterCompiler" type="ConverterCompiler"/></extends><comment><sentence>Generate code for a Boolean to Float CastExpression</sentence></comment><fields/><methods><constructor id="BooleanToFloatCompiler" visibility="public"/><method fulltype="void" id="compileToItem" type="void" visibility="public"><override-of fulltype="com.saxonica.ee.bytecode.converter.ConverterCompiler" method="compileToItem(com.saxonica.ee.bytecode.util.CompilerService, net.sf.saxon.expr.Expression)" type="ConverterCompiler"/><params><param fulltype="com.saxonica.ee.bytecode.util.CompilerService" name="compiler" type="CompilerService"/><param fulltype="net.sf.saxon.expr.Expression" name="expression" type="Expression"/></params><exceptions><exception fulltype="com.saxonica.ee.bytecode.util.CannotCompileException" id="CannotCompileException"/></exceptions></method><method fulltype="void" id="compileToPrimitive" type="void" visibility="public"><override-of fulltype="com.saxonica.ee.bytecode.converter.ConverterCompiler" method="compileToPrimitive(com.saxonica.ee.bytecode.util.CompilerService, net.sf.saxon.expr.Expression, java.lang.Class&lt;?&gt;, com.saxonica.ee.bytecode.util.OnEmpty)" type="ConverterCompiler"/><params><param fulltype="com.saxonica.ee.bytecode.util.CompilerService" name="compiler" type="CompilerService"/><param fulltype="net.sf.saxon.expr.Expression" name="expression" type="Expression"/><param fulltype="java.lang.Class" name="requiredClass" type="Class"/><param fulltype="com.saxonica.ee.bytecode.util.OnEmpty" name="onEmpty" type="OnEmpty"/></params><exceptions><exception fulltype="com.saxonica.ee.bytecode.util.CannotCompileException" id="CannotCompileException"/></exceptions></method></methods></class><class id="BooleanToIntegerCompiler" fulltype="com.saxonica.ee.bytecode.converter.BooleanToIntegerCompiler" superclass="ConverterCompiler" superclassfulltype="com.saxonica.ee.bytecode.converter.ConverterCompiler" visibility="public"><extends><interface fulltype="com.saxonica.ee.bytecode.converter.ConverterCompiler" type="ConverterCompiler"/></extends><comment><sentence>Generate code for a Boolean to Integer CastExpression</sentence></comment><fields/><methods><constructor id="BooleanToIntegerCompiler" visibility="public"/><method fulltype="void" id="compileToItem" type="void" visibility="public"><override-of fulltype="com.saxonica.ee.bytecode.converter.ConverterCompiler" method="compileToItem(com.saxonica.ee.bytecode.util.CompilerService, net.sf.saxon.expr.Expression)" type="ConverterCompiler"/><params><param fulltype="com.saxonica.ee.bytecode.util.CompilerService" name="compiler" type="CompilerService"/><param fulltype="net.sf.saxon.expr.Expression" name="expression" type="Expression"/></params><exceptions><exception fulltype="com.saxonica.ee.bytecode.util.CannotCompileException" id="CannotCompileException"/></exceptions></method><method fulltype="void" id="compileToPrimitive" type="void" visibility="public"><override-of fulltype="com.saxonica.ee.bytecode.converter.ConverterCompiler" method="compileToPrimitive(com.saxonica.ee.bytecode.util.CompilerService, net.sf.saxon.expr.Expression, java.lang.Class&lt;?&gt;, com.saxonica.ee.bytecode.util.OnEmpty)" type="ConverterCompiler"/><params><param fulltype="com.saxonica.ee.bytecode.util.CompilerService" name="compiler" type="CompilerService"/><param fulltype="net.sf.saxon.expr.Expression" name="expression" type="Expression"/><param fulltype="java.lang.Class" name="requiredClass" type="Class"><type fulltype="?" type="?"/></param><param fulltype="com.saxonica.ee.bytecode.util.OnEmpty" name="onEmpty" type="OnEmpty"/></params><exceptions><exception fulltype="com.saxonica.ee.bytecode.util.CannotCompileException" id="CannotCompileException"/></exceptions></method></methods></class><class id="BooleanToStringCompiler" fulltype="com.saxonica.ee.bytecode.converter.BooleanToStringCompiler" superclass="ConverterCompiler" superclassfulltype="com.saxonica.ee.bytecode.converter.ConverterCompiler" visibility="public"><extends><interface fulltype="com.saxonica.ee.bytecode.converter.ConverterCompiler" type="ConverterCompiler"/></extends><comment><sentence>Generate code for a Boolean to String CastExpression</sentence></comment><fields/><methods><constructor id="BooleanToStringCompiler" visibility="public"/><method fulltype="void" id="compileToItem" type="void" visibility="public"><override-of fulltype="com.saxonica.ee.bytecode.converter.ConverterCompiler" method="compileToItem(com.saxonica.ee.bytecode.util.CompilerService, net.sf.saxon.expr.Expression)" type="ConverterCompiler"/><params><param fulltype="com.saxonica.ee.bytecode.util.CompilerService" name="compiler" type="CompilerService"/><param fulltype="net.sf.saxon.expr.Expression" name="expression" type="Expression"/></params><exceptions><exception fulltype="com.saxonica.ee.bytecode.util.CannotCompileException" id="CannotCompileException"/></exceptions></method><method fulltype="void" id="compileToPrimitive" type="void" visibility="public"><override-of fulltype="com.saxonica.ee.bytecode.converter.ConverterCompiler" method="compileToPrimitive(com.saxonica.ee.bytecode.util.CompilerService, net.sf.saxon.expr.Expression, java.lang.Class&lt;?&gt;, com.saxonica.ee.bytecode.util.OnEmpty)" type="ConverterCompiler"/><params><param fulltype="com.saxonica.ee.bytecode.util.CompilerService" name="compiler" type="CompilerService"/><param fulltype="net.sf.saxon.expr.Expression" name="expression" type="Expression"/><param fulltype="java.lang.Class" name="requiredClass" type="Class"><type fulltype="?" type="?"/></param><param fulltype="com.saxonica.ee.bytecode.util.OnEmpty" name="onEmpty" type="OnEmpty"/></params><exceptions><exception fulltype="com.saxonica.ee.bytecode.util.CannotCompileException" id="CannotCompileException"/></exceptions></method></methods></class><class id="BooleanToUntypedAtomicCompiler" fulltype="com.saxonica.ee.bytecode.converter.BooleanToUntypedAtomicCompiler" superclass="ConverterCompiler" superclassfulltype="com.saxonica.ee.bytecode.converter.ConverterCompiler" visibility="public"><extends><interface fulltype="com.saxonica.ee.bytecode.converter.ConverterCompiler" type="ConverterCompiler"/></extends><comment><sentence>Generate code for a Boolean to UntypedAtomic CastExpression</sentence></comment><fields/><methods><constructor id="BooleanToUntypedAtomicCompiler" visibility="public"/><method fulltype="void" id="compileToItem" type="void" visibility="public"><override-of fulltype="com.saxonica.ee.bytecode.converter.ConverterCompiler" method="compileToItem(com.saxonica.ee.bytecode.util.CompilerService, net.sf.saxon.expr.Expression)" type="ConverterCompiler"/><params><param fulltype="com.saxonica.ee.bytecode.util.CompilerService" name="compiler" type="CompilerService"/><param fulltype="net.sf.saxon.expr.Expression" name="expression" type="Expression"/></params><exceptions><exception fulltype="com.saxonica.ee.bytecode.util.CannotCompileException" id="CannotCompileException"/></exceptions></method><method fulltype="void" id="compileToPrimitive" type="void" visibility="public"><override-of fulltype="com.saxonica.ee.bytecode.converter.ConverterCompiler" method="compileToPrimitive(com.saxonica.ee.bytecode.util.CompilerService, net.sf.saxon.expr.Expression, java.lang.Class&lt;?&gt;, com.saxonica.ee.bytecode.util.OnEmpty)" type="ConverterCompiler"/><params><param fulltype="com.saxonica.ee.bytecode.util.CompilerService" name="compiler" type="CompilerService"/><param fulltype="net.sf.saxon.expr.Expression" name="expression" type="Expression"/><param fulltype="java.lang.Class" name="requiredClass" type="Class"><type fulltype="?" type="?"/></param><param fulltype="com.saxonica.ee.bytecode.util.OnEmpty" name="onEmpty" type="OnEmpty"/></params><exceptions><exception fulltype="com.saxonica.ee.bytecode.util.CannotCompileException" id="CannotCompileException"/></exceptions></method></methods></class><class id="ConverterCompiler" abstract="true" fulltype="com.saxonica.ee.bytecode.converter.ConverterCompiler" superclass="Object" superclassfulltype="java.lang.Object" visibility="public"><comment><sentence>This class generates code to implement a casting conversion.</sentence></comment><fields/><methods><constructor id="ConverterCompiler" visibility="public"/><method abstract="true" fulltype="void" id="compileToItem" type="void" visibility="public"><params><param fulltype="com.saxonica.ee.bytecode.util.CompilerService" name="compiler" type="CompilerService"/><param fulltype="net.sf.saxon.expr.Expression" name="expression" type="Expression"/></params><exceptions><exception fulltype="com.saxonica.ee.bytecode.util.CannotCompileException" id="CannotCompileException"/></exceptions></method><method fulltype="void" id="compileToPrimitive" type="void" visibility="public"><params><param fulltype="com.saxonica.ee.bytecode.util.CompilerService" name="compiler" type="CompilerService"/><param fulltype="net.sf.saxon.expr.Expression" name="expression" type="Expression"/><param fulltype="java.lang.Class" name="requiredClass" type="Class"><type fulltype="?" type="?"/></param><param fulltype="com.saxonica.ee.bytecode.util.OnEmpty" name="onEmpty" type="OnEmpty"/></params><exceptions><exception fulltype="com.saxonica.ee.bytecode.util.CannotCompileException" id="CannotCompileException"/></exceptions></method></methods><class id="ConverterCompiler.GenericConverterCompiler" fulltype="com.saxonica.ee.bytecode.converter.ConverterCompiler.GenericConverterCompiler" static="true" superclass="ConverterCompiler" superclassfulltype="com.saxonica.ee.bytecode.converter.ConverterCompiler" visibility="public"><extends><interface fulltype="com.saxonica.ee.bytecode.converter.ConverterCompiler" type="ConverterCompiler"/></extends><fields/><methods><constructor id="GenericConverterCompiler" visibility="public"/><method fulltype="void" id="compileToItem" type="void" visibility="public"><override-of fulltype="com.saxonica.ee.bytecode.converter.ConverterCompiler" method="compileToItem(com.saxonica.ee.bytecode.util.CompilerService, net.sf.saxon.expr.Expression)" type="ConverterCompiler"/><params><param fulltype="com.saxonica.ee.bytecode.util.CompilerService" name="compiler" type="CompilerService"/><param fulltype="net.sf.saxon.expr.Expression" name="expression" type="Expression"/></params><exceptions><exception fulltype="com.saxonica.ee.bytecode.util.CannotCompileException" id="CannotCompileException"/></exceptions></method><method fulltype="void" id="compileToPrimitive" type="void" visibility="public"><override-of fulltype="com.saxonica.ee.bytecode.converter.ConverterCompiler" method="compileToPrimitive(com.saxonica.ee.bytecode.util.CompilerService, net.sf.saxon.expr.Expression, java.lang.Class&lt;?&gt;, com.saxonica.ee.bytecode.util.OnEmpty)" type="ConverterCompiler"/><params><param fulltype="com.saxonica.ee.bytecode.util.CompilerService" name="compiler" type="CompilerService"/><param fulltype="net.sf.saxon.expr.Expression" name="expression" type="Expression"/><param fulltype="java.lang.Class" name="requiredClass" type="Class"/><param fulltype="com.saxonica.ee.bytecode.util.OnEmpty" name="onEmpty" type="OnEmpty"/></params><exceptions><exception fulltype="com.saxonica.ee.bytecode.util.CannotCompileException" id="CannotCompileException"/></exceptions></method></methods><subclasses><class fulltype="com.saxonica.ee.bytecode.converter.StringToIntegerCompiler" type="StringToIntegerCompiler"/></subclasses></class><subclasses><class fulltype="com.saxonica.ee.bytecode.converter.AnyTypeToStringConverterCompiler" type="AnyTypeToStringConverterCompiler"/><class fulltype="com.saxonica.ee.bytecode.converter.BooleanToDoubleCompiler" type="BooleanToDoubleCompiler"/><class fulltype="com.saxonica.ee.bytecode.converter.BooleanToFloatCompiler" type="BooleanToFloatCompiler"/><class fulltype="com.saxonica.ee.bytecode.converter.BooleanToIntegerCompiler" type="BooleanToIntegerCompiler"/><class fulltype="com.saxonica.ee.bytecode.converter.BooleanToStringCompiler" type="BooleanToStringCompiler"/><class fulltype="com.saxonica.ee.bytecode.converter.BooleanToUntypedAtomicCompiler" type="BooleanToUntypedAtomicCompiler"/><class fulltype="com.saxonica.ee.bytecode.converter.ConverterCompiler.GenericConverterCompiler" type="ConverterCompiler.GenericConverterCompiler"/><class fulltype="com.saxonica.ee.bytecode.converter.DoubleToBooleanCompiler" type="DoubleToBooleanCompiler"/><class fulltype="com.saxonica.ee.bytecode.converter.DoubleToFloatCompiler" type="DoubleToFloatCompiler"/><class fulltype="com.saxonica.ee.bytecode.converter.DoubleToIntegerCompiler" type="DoubleToIntegerCompiler"/><class fulltype="com.saxonica.ee.bytecode.converter.DoubleToStringCompiler" type="DoubleToStringCompiler"/><class fulltype="com.saxonica.ee.bytecode.converter.DoubleToUntypedAtomicCompiler" type="DoubleToUntypedAtomicCompiler"/><class fulltype="com.saxonica.ee.bytecode.converter.FloatToBooleanCompiler" type="FloatToBooleanCompiler"/><class fulltype="com.saxonica.ee.bytecode.converter.FloatToDoubleCompiler" type="FloatToDoubleCompiler"/><class fulltype="com.saxonica.ee.bytecode.converter.FloatToIntegerCompiler" type="FloatToIntegerCompiler"/><class fulltype="com.saxonica.ee.bytecode.converter.FloatToStringCompiler" type="FloatToStringCompiler"/><class fulltype="com.saxonica.ee.bytecode.converter.FloatToUntypedAtomicCompiler" type="FloatToUntypedAtomicCompiler"/><class fulltype="com.saxonica.ee.bytecode.converter.IntegerToBooleanCompiler" type="IntegerToBooleanCompiler"/><class fulltype="com.saxonica.ee.bytecode.converter.IntegerToDoubleCompiler" type="IntegerToDoubleCompiler"/><class fulltype="com.saxonica.ee.bytecode.converter.IntegerToFloatCompiler" type="IntegerToFloatCompiler"/><class fulltype="com.saxonica.ee.bytecode.converter.IntegerToStringCompiler" type="IntegerToStringCompiler"/><class fulltype="com.saxonica.ee.bytecode.converter.IntegerToUntypedAtomicCompiler" type="IntegerToUntypedAtomicCompiler"/><class fulltype="com.saxonica.ee.bytecode.converter.StringToBooleanCompiler" type="StringToBooleanCompiler"/><class fulltype="com.saxonica.ee.bytecode.converter.StringToDoubleCompiler" type="StringToDoubleCompiler"/><class fulltype="com.saxonica.ee.bytecode.converter.StringToFloatCompiler" type="StringToFloatCompiler"/><class fulltype="com.saxonica.ee.bytecode.converter.StringToUntypedAtomicCompiler" type="StringToUntypedAtomicCompiler"/></subclasses></class><class id="DoubleToBooleanCompiler" fulltype="com.saxonica.ee.bytecode.converter.DoubleToBooleanCompiler" superclass="ConverterCompiler" superclassfulltype="com.saxonica.ee.bytecode.converter.ConverterCompiler" visibility="public"><extends><interface fulltype="com.saxonica.ee.bytecode.converter.ConverterCompiler" type="ConverterCompiler"/></extends><comment><sentence>Generate code for a Double to Boolean CastExpression</sentence></comment><fields/><methods><constructor id="DoubleToBooleanCompiler" visibility="public"/><method fulltype="void" id="compileToItem" type="void" visibility="public"><override-of fulltype="com.saxonica.ee.bytecode.converter.ConverterCompiler" method="compileToItem(com.saxonica.ee.bytecode.util.CompilerService, net.sf.saxon.expr.Expression)" type="ConverterCompiler"/><params><param fulltype="com.saxonica.ee.bytecode.util.CompilerService" name="compiler" type="CompilerService"/><param fulltype="net.sf.saxon.expr.Expression" name="expression" type="Expression"/></params><exceptions><exception fulltype="com.saxonica.ee.bytecode.util.CannotCompileException" id="CannotCompileException"/></exceptions></method><method fulltype="void" id="compileToPrimitive" type="void" visibility="public"><override-of fulltype="com.saxonica.ee.bytecode.converter.ConverterCompiler" method="compileToPrimitive(com.saxonica.ee.bytecode.util.CompilerService, net.sf.saxon.expr.Expression, java.lang.Class&lt;?&gt;, com.saxonica.ee.bytecode.util.OnEmpty)" type="ConverterCompiler"/><params><param fulltype="com.saxonica.ee.bytecode.util.CompilerService" name="compiler" type="CompilerService"/><param fulltype="net.sf.saxon.expr.Expression" name="expression" type="Expression"/><param fulltype="java.lang.Class" name="requiredClass" type="Class"/><param fulltype="com.saxonica.ee.bytecode.util.OnEmpty" name="onEmpty" type="OnEmpty"/></params><exceptions><exception fulltype="com.saxonica.ee.bytecode.util.CannotCompileException" id="CannotCompileException"/></exceptions></method></methods></class><class id="DoubleToFloatCompiler" fulltype="com.saxonica.ee.bytecode.converter.DoubleToFloatCompiler" superclass="ConverterCompiler" superclassfulltype="com.saxonica.ee.bytecode.converter.ConverterCompiler" visibility="public"><extends><interface fulltype="com.saxonica.ee.bytecode.converter.ConverterCompiler" type="ConverterCompiler"/></extends><comment><sentence>Generate code for a Double to Float CastExpression</sentence></comment><fields/><methods><constructor id="DoubleToFloatCompiler" visibility="public"/><method fulltype="void" id="compileToItem" type="void" visibility="public"><override-of fulltype="com.saxonica.ee.bytecode.converter.ConverterCompiler" method="compileToItem(com.saxonica.ee.bytecode.util.CompilerService, net.sf.saxon.expr.Expression)" type="ConverterCompiler"/><params><param fulltype="com.saxonica.ee.bytecode.util.CompilerService" name="compiler" type="CompilerService"/><param fulltype="net.sf.saxon.expr.Expression" name="expression" type="Expression"/></params><exceptions><exception fulltype="com.saxonica.ee.bytecode.util.CannotCompileException" id="CannotCompileException"/></exceptions></method><method fulltype="void" id="compileToPrimitive" type="void" visibility="public"><override-of fulltype="com.saxonica.ee.bytecode.converter.ConverterCompiler" method="compileToPrimitive(com.saxonica.ee.bytecode.util.CompilerService, net.sf.saxon.expr.Expression, java.lang.Class&lt;?&gt;, com.saxonica.ee.bytecode.util.OnEmpty)" type="ConverterCompiler"/><params><param fulltype="com.saxonica.ee.bytecode.util.CompilerService" name="compiler" type="CompilerService"/><param fulltype="net.sf.saxon.expr.Expression" name="expression" type="Expression"/><param fulltype="java.lang.Class" name="requiredClass" type="Class"/><param fulltype="com.saxonica.ee.bytecode.util.OnEmpty" name="onEmpty" type="OnEmpty"/></params><exceptions><exception fulltype="com.saxonica.ee.bytecode.util.CannotCompileException" id="CannotCompileException"/></exceptions></method></methods></class><class id="DoubleToIntegerCompiler" fulltype="com.saxonica.ee.bytecode.converter.DoubleToIntegerCompiler" superclass="ConverterCompiler" superclassfulltype="com.saxonica.ee.bytecode.converter.ConverterCompiler" visibility="public"><extends><interface fulltype="com.saxonica.ee.bytecode.converter.ConverterCompiler" type="ConverterCompiler"/></extends><comment><sentence>Generate code for a Double to Integer CastExpression</sentence></comment><fields/><methods><constructor id="DoubleToIntegerCompiler" visibility="public"/><method fulltype="void" id="compileToItem" type="void" visibility="public"><override-of fulltype="com.saxonica.ee.bytecode.converter.ConverterCompiler" method="compileToItem(com.saxonica.ee.bytecode.util.CompilerService, net.sf.saxon.expr.Expression)" type="ConverterCompiler"/><params><param fulltype="com.saxonica.ee.bytecode.util.CompilerService" name="compiler" type="CompilerService"/><param fulltype="net.sf.saxon.expr.Expression" name="expression" type="Expression"/></params><exceptions><exception fulltype="com.saxonica.ee.bytecode.util.CannotCompileException" id="CannotCompileException"/></exceptions></method><method fulltype="void" id="compileToPrimitive" type="void" visibility="public"><override-of fulltype="com.saxonica.ee.bytecode.converter.ConverterCompiler" method="compileToPrimitive(com.saxonica.ee.bytecode.util.CompilerService, net.sf.saxon.expr.Expression, java.lang.Class&lt;?&gt;, com.saxonica.ee.bytecode.util.OnEmpty)" type="ConverterCompiler"/><params><param fulltype="com.saxonica.ee.bytecode.util.CompilerService" name="compiler" type="CompilerService"/><param fulltype="net.sf.saxon.expr.Expression" name="expression" type="Expression"/><param fulltype="java.lang.Class" name="requiredClass" type="Class"/><param fulltype="com.saxonica.ee.bytecode.util.OnEmpty" name="onEmpty" type="OnEmpty"/></params><exceptions><exception fulltype="com.saxonica.ee.bytecode.util.CannotCompileException" id="CannotCompileException"/></exceptions></method></methods></class><class id="DoubleToStringCompiler" fulltype="com.saxonica.ee.bytecode.converter.DoubleToStringCompiler" superclass="ConverterCompiler" superclassfulltype="com.saxonica.ee.bytecode.converter.ConverterCompiler" visibility="public"><extends><interface fulltype="com.saxonica.ee.bytecode.converter.ConverterCompiler" type="ConverterCompiler"/></extends><comment><sentence>Generate code for a Double to String CastExpression</sentence></comment><fields/><methods><constructor id="DoubleToStringCompiler" visibility="public"/><method fulltype="void" id="compileToItem" type="void" visibility="public"><override-of fulltype="com.saxonica.ee.bytecode.converter.ConverterCompiler" method="compileToItem(com.saxonica.ee.bytecode.util.CompilerService, net.sf.saxon.expr.Expression)" type="ConverterCompiler"/><params><param fulltype="com.saxonica.ee.bytecode.util.CompilerService" name="compiler" type="CompilerService"/><param fulltype="net.sf.saxon.expr.Expression" name="expression" type="Expression"/></params><exceptions><exception fulltype="com.saxonica.ee.bytecode.util.CannotCompileException" id="CannotCompileException"/></exceptions></method><method fulltype="void" id="compileToPrimitive" type="void" visibility="public"><override-of fulltype="com.saxonica.ee.bytecode.converter.ConverterCompiler" method="compileToPrimitive(com.saxonica.ee.bytecode.util.CompilerService, net.sf.saxon.expr.Expression, java.lang.Class&lt;?&gt;, com.saxonica.ee.bytecode.util.OnEmpty)" type="ConverterCompiler"/><params><param fulltype="com.saxonica.ee.bytecode.util.CompilerService" name="compiler" type="CompilerService"/><param fulltype="net.sf.saxon.expr.Expression" name="expression" type="Expression"/><param fulltype="java.lang.Class" name="requiredClass" type="Class"><type fulltype="?" type="?"/></param><param fulltype="com.saxonica.ee.bytecode.util.OnEmpty" name="onEmpty" type="OnEmpty"/></params><exceptions><exception fulltype="com.saxonica.ee.bytecode.util.CannotCompileException" id="CannotCompileException"/></exceptions></method></methods></class><class id="DoubleToUntypedAtomicCompiler" fulltype="com.saxonica.ee.bytecode.converter.DoubleToUntypedAtomicCompiler" superclass="ConverterCompiler" superclassfulltype="com.saxonica.ee.bytecode.converter.ConverterCompiler" visibility="public"><extends><interface fulltype="com.saxonica.ee.bytecode.converter.ConverterCompiler" type="ConverterCompiler"/></extends><comment><sentence>Generate code for a Double to UntypedAtomic CastExpression</sentence></comment><fields/><methods><constructor id="DoubleToUntypedAtomicCompiler" visibility="public"/><method fulltype="void" id="compileToItem" type="void" visibility="public"><override-of fulltype="com.saxonica.ee.bytecode.converter.ConverterCompiler" method="compileToItem(com.saxonica.ee.bytecode.util.CompilerService, net.sf.saxon.expr.Expression)" type="ConverterCompiler"/><params><param fulltype="com.saxonica.ee.bytecode.util.CompilerService" name="compiler" type="CompilerService"/><param fulltype="net.sf.saxon.expr.Expression" name="expression" type="Expression"/></params><exceptions><exception fulltype="com.saxonica.ee.bytecode.util.CannotCompileException" id="CannotCompileException"/></exceptions></method><method fulltype="void" id="compileToPrimitive" type="void" visibility="public"><override-of fulltype="com.saxonica.ee.bytecode.converter.ConverterCompiler" method="compileToPrimitive(com.saxonica.ee.bytecode.util.CompilerService, net.sf.saxon.expr.Expression, java.lang.Class&lt;?&gt;, com.saxonica.ee.bytecode.util.OnEmpty)" type="ConverterCompiler"/><params><param fulltype="com.saxonica.ee.bytecode.util.CompilerService" name="compiler" type="CompilerService"/><param fulltype="net.sf.saxon.expr.Expression" name="expression" type="Expression"/><param fulltype="java.lang.Class" name="requiredClass" type="Class"><type fulltype="?" type="?"/></param><param fulltype="com.saxonica.ee.bytecode.util.OnEmpty" name="onEmpty" type="OnEmpty"/></params><exceptions><exception fulltype="com.saxonica.ee.bytecode.util.CannotCompileException" id="CannotCompileException"/></exceptions></method></methods></class><class id="FloatToBooleanCompiler" fulltype="com.saxonica.ee.bytecode.converter.FloatToBooleanCompiler" superclass="ConverterCompiler" superclassfulltype="com.saxonica.ee.bytecode.converter.ConverterCompiler" visibility="public"><extends><interface fulltype="com.saxonica.ee.bytecode.converter.ConverterCompiler" type="ConverterCompiler"/></extends><comment><sentence>Generate code for a Float to Boolean CastExpression</sentence></comment><fields/><methods><constructor id="FloatToBooleanCompiler" visibility="public"/><method fulltype="void" id="compileToItem" type="void" visibility="public"><override-of fulltype="com.saxonica.ee.bytecode.converter.ConverterCompiler" method="compileToItem(com.saxonica.ee.bytecode.util.CompilerService, net.sf.saxon.expr.Expression)" type="ConverterCompiler"/><params><param fulltype="com.saxonica.ee.bytecode.util.CompilerService" name="compiler" type="CompilerService"/><param fulltype="net.sf.saxon.expr.Expression" name="expression" type="Expression"/></params><exceptions><exception fulltype="com.saxonica.ee.bytecode.util.CannotCompileException" id="CannotCompileException"/></exceptions></method><method fulltype="void" id="compileToPrimitive" type="void" visibility="public"><override-of fulltype="com.saxonica.ee.bytecode.converter.ConverterCompiler" method="compileToPrimitive(com.saxonica.ee.bytecode.util.CompilerService, net.sf.saxon.expr.Expression, java.lang.Class&lt;?&gt;, com.saxonica.ee.bytecode.util.OnEmpty)" type="ConverterCompiler"/><params><param fulltype="com.saxonica.ee.bytecode.util.CompilerService" name="compiler" type="CompilerService"/><param fulltype="net.sf.saxon.expr.Expression" name="expression" type="Expression"/><param fulltype="java.lang.Class" name="requiredClass" type="Class"/><param fulltype="com.saxonica.ee.bytecode.util.OnEmpty" name="onEmpty" type="OnEmpty"/></params><exceptions><exception fulltype="com.saxonica.ee.bytecode.util.CannotCompileException" id="CannotCompileException"/></exceptions></method></methods></class><class id="FloatToDoubleCompiler" fulltype="com.saxonica.ee.bytecode.converter.FloatToDoubleCompiler" superclass="ConverterCompiler" superclassfulltype="com.saxonica.ee.bytecode.converter.ConverterCompiler" visibility="public"><extends><interface fulltype="com.saxonica.ee.bytecode.converter.ConverterCompiler" type="ConverterCompiler"/></extends><comment><sentence>Generate code for a Float to Double CastExpression</sentence></comment><fields/><methods><constructor id="FloatToDoubleCompiler" visibility="public"/><method fulltype="void" id="compileToItem" type="void" visibility="public"><override-of fulltype="com.saxonica.ee.bytecode.converter.ConverterCompiler" method="compileToItem(com.saxonica.ee.bytecode.util.CompilerService, net.sf.saxon.expr.Expression)" type="ConverterCompiler"/><params><param fulltype="com.saxonica.ee.bytecode.util.CompilerService" name="compiler" type="CompilerService"/><param fulltype="net.sf.saxon.expr.Expression" name="expression" type="Expression"/></params><exceptions><exception fulltype="com.saxonica.ee.bytecode.util.CannotCompileException" id="CannotCompileException"/></exceptions></method><method fulltype="void" id="compileToPrimitive" type="void" visibility="public"><override-of fulltype="com.saxonica.ee.bytecode.converter.ConverterCompiler" method="compileToPrimitive(com.saxonica.ee.bytecode.util.CompilerService, net.sf.saxon.expr.Expression, java.lang.Class&lt;?&gt;, com.saxonica.ee.bytecode.util.OnEmpty)" type="ConverterCompiler"/><params><param fulltype="com.saxonica.ee.bytecode.util.CompilerService" name="compiler" type="CompilerService"/><param fulltype="net.sf.saxon.expr.Expression" name="expression" type="Expression"/><param fulltype="java.lang.Class" name="requiredClass" type="Class"/><param fulltype="com.saxonica.ee.bytecode.util.OnEmpty" name="onEmpty" type="OnEmpty"/></params><exceptions><exception fulltype="com.saxonica.ee.bytecode.util.CannotCompileException" id="CannotCompileException"/></exceptions></method></methods></class><class id="FloatToIntegerCompiler" fulltype="com.saxonica.ee.bytecode.converter.FloatToIntegerCompiler" superclass="ConverterCompiler" superclassfulltype="com.saxonica.ee.bytecode.converter.ConverterCompiler" visibility="public"><extends><interface fulltype="com.saxonica.ee.bytecode.converter.ConverterCompiler" type="ConverterCompiler"/></extends><comment><sentence>Generate code for a Float to Integer CastExpression</sentence></comment><fields/><methods><constructor id="FloatToIntegerCompiler" visibility="public"/><method fulltype="void" id="compileToItem" type="void" visibility="public"><override-of fulltype="com.saxonica.ee.bytecode.converter.ConverterCompiler" method="compileToItem(com.saxonica.ee.bytecode.util.CompilerService, net.sf.saxon.expr.Expression)" type="ConverterCompiler"/><params><param fulltype="com.saxonica.ee.bytecode.util.CompilerService" name="compiler" type="CompilerService"/><param fulltype="net.sf.saxon.expr.Expression" name="expression" type="Expression"/></params><exceptions><exception fulltype="com.saxonica.ee.bytecode.util.CannotCompileException" id="CannotCompileException"/></exceptions></method><method fulltype="void" id="compileToPrimitive" type="void" visibility="public"><override-of fulltype="com.saxonica.ee.bytecode.converter.ConverterCompiler" method="compileToPrimitive(com.saxonica.ee.bytecode.util.CompilerService, net.sf.saxon.expr.Expression, java.lang.Class&lt;?&gt;, com.saxonica.ee.bytecode.util.OnEmpty)" type="ConverterCompiler"/><params><param fulltype="com.saxonica.ee.bytecode.util.CompilerService" name="compiler" type="CompilerService"/><param fulltype="net.sf.saxon.expr.Expression" name="expression" type="Expression"/><param fulltype="java.lang.Class" name="requiredClass" type="Class"><type fulltype="?" type="?"/></param><param fulltype="com.saxonica.ee.bytecode.util.OnEmpty" name="onEmpty" type="OnEmpty"/></params><exceptions><exception fulltype="com.saxonica.ee.bytecode.util.CannotCompileException" id="CannotCompileException"/></exceptions></method></methods></class><class id="FloatToStringCompiler" fulltype="com.saxonica.ee.bytecode.converter.FloatToStringCompiler" superclass="ConverterCompiler" superclassfulltype="com.saxonica.ee.bytecode.converter.ConverterCompiler" visibility="public"><extends><interface fulltype="com.saxonica.ee.bytecode.converter.ConverterCompiler" type="ConverterCompiler"/></extends><comment><sentence>Generate code for a Float to String CastExpression</sentence></comment><fields/><methods><constructor id="FloatToStringCompiler" visibility="public"/><method fulltype="void" id="compileToItem" type="void" visibility="public"><override-of fulltype="com.saxonica.ee.bytecode.converter.ConverterCompiler" method="compileToItem(com.saxonica.ee.bytecode.util.CompilerService, net.sf.saxon.expr.Expression)" type="ConverterCompiler"/><params><param fulltype="com.saxonica.ee.bytecode.util.CompilerService" name="compiler" type="CompilerService"/><param fulltype="net.sf.saxon.expr.Expression" name="expression" type="Expression"/></params><exceptions><exception fulltype="com.saxonica.ee.bytecode.util.CannotCompileException" id="CannotCompileException"/></exceptions></method><method fulltype="void" id="compileToPrimitive" type="void" visibility="public"><override-of fulltype="com.saxonica.ee.bytecode.converter.ConverterCompiler" method="compileToPrimitive(com.saxonica.ee.bytecode.util.CompilerService, net.sf.saxon.expr.Expression, java.lang.Class&lt;?&gt;, com.saxonica.ee.bytecode.util.OnEmpty)" type="ConverterCompiler"/><params><param fulltype="com.saxonica.ee.bytecode.util.CompilerService" name="compiler" type="CompilerService"/><param fulltype="net.sf.saxon.expr.Expression" name="expression" type="Expression"/><param fulltype="java.lang.Class" name="requiredClass" type="Class"><type fulltype="?" type="?"/></param><param fulltype="com.saxonica.ee.bytecode.util.OnEmpty" name="onEmpty" type="OnEmpty"/></params><exceptions><exception fulltype="com.saxonica.ee.bytecode.util.CannotCompileException" id="CannotCompileException"/></exceptions></method></methods></class><class id="FloatToUntypedAtomicCompiler" fulltype="com.saxonica.ee.bytecode.converter.FloatToUntypedAtomicCompiler" superclass="ConverterCompiler" superclassfulltype="com.saxonica.ee.bytecode.converter.ConverterCompiler" visibility="public"><extends><interface fulltype="com.saxonica.ee.bytecode.converter.ConverterCompiler" type="ConverterCompiler"/></extends><comment><sentence>Generate code for a Float to Untyped Atomic CastExpression</sentence></comment><fields/><methods><constructor id="FloatToUntypedAtomicCompiler" visibility="public"/><method fulltype="void" id="compileToItem" type="void" visibility="public"><override-of fulltype="com.saxonica.ee.bytecode.converter.ConverterCompiler" method="compileToItem(com.saxonica.ee.bytecode.util.CompilerService, net.sf.saxon.expr.Expression)" type="ConverterCompiler"/><params><param fulltype="com.saxonica.ee.bytecode.util.CompilerService" name="compiler" type="CompilerService"/><param fulltype="net.sf.saxon.expr.Expression" name="expression" type="Expression"/></params><exceptions><exception fulltype="com.saxonica.ee.bytecode.util.CannotCompileException" id="CannotCompileException"/></exceptions></method><method fulltype="void" id="compileToPrimitive" type="void" visibility="public"><override-of fulltype="com.saxonica.ee.bytecode.converter.ConverterCompiler" method="compileToPrimitive(com.saxonica.ee.bytecode.util.CompilerService, net.sf.saxon.expr.Expression, java.lang.Class&lt;?&gt;, com.saxonica.ee.bytecode.util.OnEmpty)" type="ConverterCompiler"/><params><param fulltype="com.saxonica.ee.bytecode.util.CompilerService" name="compiler" type="CompilerService"/><param fulltype="net.sf.saxon.expr.Expression" name="expression" type="Expression"/><param fulltype="java.lang.Class" name="requiredClass" type="Class"><type fulltype="?" type="?"/></param><param fulltype="com.saxonica.ee.bytecode.util.OnEmpty" name="onEmpty" type="OnEmpty"/></params><exceptions><exception fulltype="com.saxonica.ee.bytecode.util.CannotCompileException" id="CannotCompileException"/></exceptions></method></methods></class><class id="IntegerToBooleanCompiler" fulltype="com.saxonica.ee.bytecode.converter.IntegerToBooleanCompiler" superclass="ConverterCompiler" superclassfulltype="com.saxonica.ee.bytecode.converter.ConverterCompiler" visibility="public"><extends><interface fulltype="com.saxonica.ee.bytecode.converter.ConverterCompiler" type="ConverterCompiler"/></extends><comment><sentence>Generate code for a Integer to Boolean CastExpression</sentence></comment><fields/><methods><constructor id="IntegerToBooleanCompiler" visibility="public"/><method fulltype="void" id="compileToItem" type="void" visibility="public"><override-of fulltype="com.saxonica.ee.bytecode.converter.ConverterCompiler" method="compileToItem(com.saxonica.ee.bytecode.util.CompilerService, net.sf.saxon.expr.Expression)" type="ConverterCompiler"/><params><param fulltype="com.saxonica.ee.bytecode.util.CompilerService" name="compiler" type="CompilerService"/><param fulltype="net.sf.saxon.expr.Expression" name="expression" type="Expression"/></params><exceptions><exception fulltype="com.saxonica.ee.bytecode.util.CannotCompileException" id="CannotCompileException"/></exceptions></method><method fulltype="void" id="compileToPrimitive" type="void" visibility="public"><override-of fulltype="com.saxonica.ee.bytecode.converter.ConverterCompiler" method="compileToPrimitive(com.saxonica.ee.bytecode.util.CompilerService, net.sf.saxon.expr.Expression, java.lang.Class&lt;?&gt;, com.saxonica.ee.bytecode.util.OnEmpty)" type="ConverterCompiler"/><params><param fulltype="com.saxonica.ee.bytecode.util.CompilerService" name="compiler" type="CompilerService"/><param fulltype="net.sf.saxon.expr.Expression" name="expression" type="Expression"/><param fulltype="java.lang.Class" name="requiredClass" type="Class"/><param fulltype="com.saxonica.ee.bytecode.util.OnEmpty" name="onEmpty" type="OnEmpty"/></params><exceptions><exception fulltype="com.saxonica.ee.bytecode.util.CannotCompileException" id="CannotCompileException"/></exceptions></method></methods></class><class id="IntegerToDoubleCompiler" fulltype="com.saxonica.ee.bytecode.converter.IntegerToDoubleCompiler" superclass="ConverterCompiler" superclassfulltype="com.saxonica.ee.bytecode.converter.ConverterCompiler" visibility="public"><extends><interface fulltype="com.saxonica.ee.bytecode.converter.ConverterCompiler" type="ConverterCompiler"/></extends><comment><sentence>Generate code for a Integer to Double CastExpression</sentence></comment><fields/><methods><constructor id="IntegerToDoubleCompiler" visibility="public"/><method fulltype="void" id="compileToItem" type="void" visibility="public"><override-of fulltype="com.saxonica.ee.bytecode.converter.ConverterCompiler" method="compileToItem(com.saxonica.ee.bytecode.util.CompilerService, net.sf.saxon.expr.Expression)" type="ConverterCompiler"/><params><param fulltype="com.saxonica.ee.bytecode.util.CompilerService" name="compiler" type="CompilerService"/><param fulltype="net.sf.saxon.expr.Expression" name="expression" type="Expression"/></params><exceptions><exception fulltype="com.saxonica.ee.bytecode.util.CannotCompileException" id="CannotCompileException"/></exceptions></method><method fulltype="void" id="compileToPrimitive" type="void" visibility="public"><override-of fulltype="com.saxonica.ee.bytecode.converter.ConverterCompiler" method="compileToPrimitive(com.saxonica.ee.bytecode.util.CompilerService, net.sf.saxon.expr.Expression, java.lang.Class&lt;?&gt;, com.saxonica.ee.bytecode.util.OnEmpty)" type="ConverterCompiler"/><params><param fulltype="com.saxonica.ee.bytecode.util.CompilerService" name="compiler" type="CompilerService"/><param fulltype="net.sf.saxon.expr.Expression" name="expression" type="Expression"/><param fulltype="java.lang.Class" name="requiredClass" type="Class"/><param fulltype="com.saxonica.ee.bytecode.util.OnEmpty" name="onEmpty" type="OnEmpty"/></params><exceptions><exception fulltype="com.saxonica.ee.bytecode.util.CannotCompileException" id="CannotCompileException"/></exceptions></method></methods></class><class id="IntegerToFloatCompiler" fulltype="com.saxonica.ee.bytecode.converter.IntegerToFloatCompiler" superclass="ConverterCompiler" superclassfulltype="com.saxonica.ee.bytecode.converter.ConverterCompiler" visibility="public"><extends><interface fulltype="com.saxonica.ee.bytecode.converter.ConverterCompiler" type="ConverterCompiler"/></extends><comment><sentence>Generate code for a Integer to Float CastExpression</sentence></comment><fields/><methods><constructor id="IntegerToFloatCompiler" visibility="public"/><method fulltype="void" id="compileToItem" type="void" visibility="public"><override-of fulltype="com.saxonica.ee.bytecode.converter.ConverterCompiler" method="compileToItem(com.saxonica.ee.bytecode.util.CompilerService, net.sf.saxon.expr.Expression)" type="ConverterCompiler"/><params><param fulltype="com.saxonica.ee.bytecode.util.CompilerService" name="compiler" type="CompilerService"/><param fulltype="net.sf.saxon.expr.Expression" name="expression" type="Expression"/></params><exceptions><exception fulltype="com.saxonica.ee.bytecode.util.CannotCompileException" id="CannotCompileException"/></exceptions></method><method fulltype="void" id="compileToPrimitive" type="void" visibility="public"><override-of fulltype="com.saxonica.ee.bytecode.converter.ConverterCompiler" method="compileToPrimitive(com.saxonica.ee.bytecode.util.CompilerService, net.sf.saxon.expr.Expression, java.lang.Class&lt;?&gt;, com.saxonica.ee.bytecode.util.OnEmpty)" type="ConverterCompiler"/><params><param fulltype="com.saxonica.ee.bytecode.util.CompilerService" name="compiler" type="CompilerService"/><param fulltype="net.sf.saxon.expr.Expression" name="expression" type="Expression"/><param fulltype="java.lang.Class" name="requiredClass" type="Class"/><param fulltype="com.saxonica.ee.bytecode.util.OnEmpty" name="onEmpty" type="OnEmpty"/></params><exceptions><exception fulltype="com.saxonica.ee.bytecode.util.CannotCompileException" id="CannotCompileException"/></exceptions></method></methods></class><class id="IntegerToStringCompiler" fulltype="com.saxonica.ee.bytecode.converter.IntegerToStringCompiler" superclass="ConverterCompiler" superclassfulltype="com.saxonica.ee.bytecode.converter.ConverterCompiler" visibility="public"><extends><interface fulltype="com.saxonica.ee.bytecode.converter.ConverterCompiler" type="ConverterCompiler"/></extends><comment><sentence>Generate code for a Integer to String CastExpression</sentence></comment><fields/><methods><constructor id="IntegerToStringCompiler" visibility="public"/><method fulltype="void" id="compileToItem" type="void" visibility="public"><override-of fulltype="com.saxonica.ee.bytecode.converter.ConverterCompiler" method="compileToItem(com.saxonica.ee.bytecode.util.CompilerService, net.sf.saxon.expr.Expression)" type="ConverterCompiler"/><params><param fulltype="com.saxonica.ee.bytecode.util.CompilerService" name="compiler" type="CompilerService"/><param fulltype="net.sf.saxon.expr.Expression" name="expression" type="Expression"/></params><exceptions><exception fulltype="com.saxonica.ee.bytecode.util.CannotCompileException" id="CannotCompileException"/></exceptions></method><method fulltype="void" id="compileToPrimitive" type="void" visibility="public"><override-of fulltype="com.saxonica.ee.bytecode.converter.ConverterCompiler" method="compileToPrimitive(com.saxonica.ee.bytecode.util.CompilerService, net.sf.saxon.expr.Expression, java.lang.Class&lt;?&gt;, com.saxonica.ee.bytecode.util.OnEmpty)" type="ConverterCompiler"/><params><param fulltype="com.saxonica.ee.bytecode.util.CompilerService" name="compiler" type="CompilerService"/><param fulltype="net.sf.saxon.expr.Expression" name="expression" type="Expression"/><param fulltype="java.lang.Class" name="requiredClass" type="Class"><type fulltype="?" type="?"/></param><param fulltype="com.saxonica.ee.bytecode.util.OnEmpty" name="onEmpty" type="OnEmpty"/></params><exceptions><exception fulltype="com.saxonica.ee.bytecode.util.CannotCompileException" id="CannotCompileException"/></exceptions></method></methods></class><class id="IntegerToUntypedAtomicCompiler" fulltype="com.saxonica.ee.bytecode.converter.IntegerToUntypedAtomicCompiler" superclass="ConverterCompiler" superclassfulltype="com.saxonica.ee.bytecode.converter.ConverterCompiler" visibility="public"><extends><interface fulltype="com.saxonica.ee.bytecode.converter.ConverterCompiler" type="ConverterCompiler"/></extends><comment><sentence>Generate code for a Integer to Untyped Atomic CastExpression</sentence></comment><fields/><methods><constructor id="IntegerToUntypedAtomicCompiler" visibility="public"/><method fulltype="void" id="compileToItem" type="void" visibility="public"><override-of fulltype="com.saxonica.ee.bytecode.converter.ConverterCompiler" method="compileToItem(com.saxonica.ee.bytecode.util.CompilerService, net.sf.saxon.expr.Expression)" type="ConverterCompiler"/><params><param fulltype="com.saxonica.ee.bytecode.util.CompilerService" name="compiler" type="CompilerService"/><param fulltype="net.sf.saxon.expr.Expression" name="expression" type="Expression"/></params><exceptions><exception fulltype="com.saxonica.ee.bytecode.util.CannotCompileException" id="CannotCompileException"/></exceptions></method><method fulltype="void" id="compileToPrimitive" type="void" visibility="public"><override-of fulltype="com.saxonica.ee.bytecode.converter.ConverterCompiler" method="compileToPrimitive(com.saxonica.ee.bytecode.util.CompilerService, net.sf.saxon.expr.Expression, java.lang.Class&lt;?&gt;, com.saxonica.ee.bytecode.util.OnEmpty)" type="ConverterCompiler"/><params><param fulltype="com.saxonica.ee.bytecode.util.CompilerService" name="compiler" type="CompilerService"/><param fulltype="net.sf.saxon.expr.Expression" name="expression" type="Expression"/><param fulltype="java.lang.Class" name="requiredClass" type="Class"><type fulltype="?" type="?"/></param><param fulltype="com.saxonica.ee.bytecode.util.OnEmpty" name="onEmpty" type="OnEmpty"/></params><exceptions><exception fulltype="com.saxonica.ee.bytecode.util.CannotCompileException" id="CannotCompileException"/></exceptions></method></methods></class><class id="StringToBooleanCompiler" fulltype="com.saxonica.ee.bytecode.converter.StringToBooleanCompiler" superclass="ConverterCompiler" superclassfulltype="com.saxonica.ee.bytecode.converter.ConverterCompiler" visibility="public"><extends><interface fulltype="com.saxonica.ee.bytecode.converter.ConverterCompiler" type="ConverterCompiler"/></extends><comment><sentence>Generate code for a String to Boolean CastExpression</sentence></comment><fields/><methods><constructor id="StringToBooleanCompiler" visibility="public"/><method fulltype="void" id="compileToItem" type="void" visibility="public"><override-of fulltype="com.saxonica.ee.bytecode.converter.ConverterCompiler" method="compileToItem(com.saxonica.ee.bytecode.util.CompilerService, net.sf.saxon.expr.Expression)" type="ConverterCompiler"/><params><param fulltype="com.saxonica.ee.bytecode.util.CompilerService" name="compiler" type="CompilerService"/><param fulltype="net.sf.saxon.expr.Expression" name="expression" type="Expression"/></params><exceptions><exception fulltype="com.saxonica.ee.bytecode.util.CannotCompileException" id="CannotCompileException"/></exceptions></method><method fulltype="void" id="compileToPrimitive" type="void" visibility="public"><override-of fulltype="com.saxonica.ee.bytecode.converter.ConverterCompiler" method="compileToPrimitive(com.saxonica.ee.bytecode.util.CompilerService, net.sf.saxon.expr.Expression, java.lang.Class&lt;?&gt;, com.saxonica.ee.bytecode.util.OnEmpty)" type="ConverterCompiler"/><params><param fulltype="com.saxonica.ee.bytecode.util.CompilerService" name="compiler" type="CompilerService"/><param fulltype="net.sf.saxon.expr.Expression" name="expression" type="Expression"/><param fulltype="java.lang.Class" name="requiredClass" type="Class"><type fulltype="?" type="?"/></param><param fulltype="com.saxonica.ee.bytecode.util.OnEmpty" name="onEmpty" type="OnEmpty"/></params><exceptions><exception fulltype="com.saxonica.ee.bytecode.util.CannotCompileException" id="CannotCompileException"/></exceptions></method></methods></class><class id="StringToDoubleCompiler" fulltype="com.saxonica.ee.bytecode.converter.StringToDoubleCompiler" superclass="ConverterCompiler" superclassfulltype="com.saxonica.ee.bytecode.converter.ConverterCompiler" visibility="public"><extends><interface fulltype="com.saxonica.ee.bytecode.converter.ConverterCompiler" type="ConverterCompiler"/></extends><comment><sentence>Generate code for a String to Double CastExpression</sentence></comment><fields/><methods><constructor id="StringToDoubleCompiler" visibility="public"/><method fulltype="void" id="compileToItem" type="void" visibility="public"><override-of fulltype="com.saxonica.ee.bytecode.converter.ConverterCompiler" method="compileToItem(com.saxonica.ee.bytecode.util.CompilerService, net.sf.saxon.expr.Expression)" type="ConverterCompiler"/><params><param fulltype="com.saxonica.ee.bytecode.util.CompilerService" name="compiler" type="CompilerService"/><param fulltype="net.sf.saxon.expr.Expression" name="expression" type="Expression"/></params><exceptions><exception fulltype="com.saxonica.ee.bytecode.util.CannotCompileException" id="CannotCompileException"/></exceptions></method><method fulltype="void" id="compileToPrimitive" type="void" visibility="public"><override-of fulltype="com.saxonica.ee.bytecode.converter.ConverterCompiler" method="compileToPrimitive(com.saxonica.ee.bytecode.util.CompilerService, net.sf.saxon.expr.Expression, java.lang.Class&lt;?&gt;, com.saxonica.ee.bytecode.util.OnEmpty)" type="ConverterCompiler"/><params><param fulltype="com.saxonica.ee.bytecode.util.CompilerService" name="compiler" type="CompilerService"/><param fulltype="net.sf.saxon.expr.Expression" name="expression" type="Expression"/><param fulltype="java.lang.Class" name="requiredClass" type="Class"><type fulltype="?" type="?"/></param><param fulltype="com.saxonica.ee.bytecode.util.OnEmpty" name="onEmpty" type="OnEmpty"/></params><exceptions><exception fulltype="com.saxonica.ee.bytecode.util.CannotCompileException" id="CannotCompileException"/></exceptions></method></methods></class><class id="StringToFloatCompiler" fulltype="com.saxonica.ee.bytecode.converter.StringToFloatCompiler" superclass="ConverterCompiler" superclassfulltype="com.saxonica.ee.bytecode.converter.ConverterCompiler" visibility="public"><extends><interface fulltype="com.saxonica.ee.bytecode.converter.ConverterCompiler" type="ConverterCompiler"/></extends><comment><sentence>Generate code for a String to Float CastExpression</sentence></comment><fields/><methods><constructor id="StringToFloatCompiler" visibility="public"/><method fulltype="void" id="compileToItem" type="void" visibility="public"><override-of fulltype="com.saxonica.ee.bytecode.converter.ConverterCompiler" method="compileToItem(com.saxonica.ee.bytecode.util.CompilerService, net.sf.saxon.expr.Expression)" type="ConverterCompiler"/><params><param fulltype="com.saxonica.ee.bytecode.util.CompilerService" name="compiler" type="CompilerService"/><param fulltype="net.sf.saxon.expr.Expression" name="expression" type="Expression"/></params><exceptions><exception fulltype="com.saxonica.ee.bytecode.util.CannotCompileException" id="CannotCompileException"/></exceptions></method><method fulltype="void" id="compileToPrimitive" type="void" visibility="public"><override-of fulltype="com.saxonica.ee.bytecode.converter.ConverterCompiler" method="compileToPrimitive(com.saxonica.ee.bytecode.util.CompilerService, net.sf.saxon.expr.Expression, java.lang.Class&lt;?&gt;, com.saxonica.ee.bytecode.util.OnEmpty)" type="ConverterCompiler"/><params><param fulltype="com.saxonica.ee.bytecode.util.CompilerService" name="compiler" type="CompilerService"/><param fulltype="net.sf.saxon.expr.Expression" name="expression" type="Expression"/><param fulltype="java.lang.Class" name="requiredClass" type="Class"><type fulltype="?" type="?"/></param><param fulltype="com.saxonica.ee.bytecode.util.OnEmpty" name="onEmpty" type="OnEmpty"/></params><exceptions><exception fulltype="com.saxonica.ee.bytecode.util.CannotCompileException" id="CannotCompileException"/></exceptions></method></methods></class><class id="StringToIntegerCompiler" fulltype="com.saxonica.ee.bytecode.converter.StringToIntegerCompiler" superclass="ConverterCompiler.GenericConverterCompiler" superclassfulltype="com.saxonica.ee.bytecode.converter.ConverterCompiler.GenericConverterCompiler" visibility="public"><extends><interface fulltype="com.saxonica.ee.bytecode.converter.ConverterCompiler.GenericConverterCompiler" type="ConverterCompiler.GenericConverterCompiler"><extends><interface fulltype="com.saxonica.ee.bytecode.converter.ConverterCompiler" type="ConverterCompiler"/></extends></interface></extends><comment><sentence>Generate code for a String to Integer CastExpression</sentence></comment><fields/><methods><constructor id="StringToIntegerCompiler" visibility="public"/><method fulltype="void" id="compileToItem" type="void" visibility="public"><override-of fulltype="com.saxonica.ee.bytecode.converter.ConverterCompiler.GenericConverterCompiler" method="compileToItem(com.saxonica.ee.bytecode.util.CompilerService, net.sf.saxon.expr.Expression)" type="ConverterCompiler.GenericConverterCompiler"/><params><param fulltype="com.saxonica.ee.bytecode.util.CompilerService" name="compiler" type="CompilerService"/><param fulltype="net.sf.saxon.expr.Expression" name="expression" type="Expression"/></params><exceptions><exception fulltype="com.saxonica.ee.bytecode.util.CannotCompileException" id="CannotCompileException"/></exceptions></method></methods></class><class id="StringToUntypedAtomicCompiler" fulltype="com.saxonica.ee.bytecode.converter.StringToUntypedAtomicCompiler" superclass="ConverterCompiler" superclassfulltype="com.saxonica.ee.bytecode.converter.ConverterCompiler" visibility="public"><extends><interface fulltype="com.saxonica.ee.bytecode.converter.ConverterCompiler" type="ConverterCompiler"/></extends><comment><sentence>Generate code for a String to Untyped Atomic CastExpression</sentence></comment><fields/><methods><constructor id="StringToUntypedAtomicCompiler" visibility="public"/><method fulltype="void" id="compileToItem" type="void" visibility="public"><override-of fulltype="com.saxonica.ee.bytecode.converter.ConverterCompiler" method="compileToItem(com.saxonica.ee.bytecode.util.CompilerService, net.sf.saxon.expr.Expression)" type="ConverterCompiler"/><params><param fulltype="com.saxonica.ee.bytecode.util.CompilerService" name="compiler" type="CompilerService"/><param fulltype="net.sf.saxon.expr.Expression" name="expression" type="Expression"/></params><exceptions><exception fulltype="com.saxonica.ee.bytecode.util.CannotCompileException" id="CannotCompileException"/></exceptions></method><method fulltype="void" id="compileToPrimitive" type="void" visibility="public"><override-of fulltype="com.saxonica.ee.bytecode.converter.ConverterCompiler" method="compileToPrimitive(com.saxonica.ee.bytecode.util.CompilerService, net.sf.saxon.expr.Expression, java.lang.Class&lt;?&gt;, com.saxonica.ee.bytecode.util.OnEmpty)" type="ConverterCompiler"/><params><param fulltype="com.saxonica.ee.bytecode.util.CompilerService" name="compiler" type="CompilerService"/><param fulltype="net.sf.saxon.expr.Expression" name="expression" type="Expression"/><param fulltype="java.lang.Class" name="requiredClass" type="Class"><type fulltype="?" type="?"/></param><param fulltype="com.saxonica.ee.bytecode.util.OnEmpty" name="onEmpty" type="OnEmpty"/></params><exceptions><exception fulltype="com.saxonica.ee.bytecode.util.CannotCompileException" id="CannotCompileException"/></exceptions></method></methods></class></package>