<?xml version="1.0" encoding="UTF-8"?><package id="com.saxonica.ee.s9api"><class id="SchemaManagerImpl" fulltype="com.saxonica.ee.s9api.SchemaManagerImpl" superclass="SchemaManager" superclassfulltype="net.sf.saxon.s9api.SchemaManager" visibility="public"><extends><interface fulltype="net.sf.saxon.s9api.SchemaManager" type="SchemaManager"/></extends><comment><body><div>The SchemaManager is used to load schema documents, and to set options for the way in which they are loaded.
 At present all the resulting schema components are held in a single pool owned by the Processor object.</div></body><sentence>The SchemaManager is used to load schema documents, and to set options for the way in which they are loaded.</sentence></comment><fields/><methods><constructor id="SchemaManagerImpl" visibility="public"><params><param fulltype="net.sf.saxon.s9api.Processor" name="processor" type="Processor"/></params></constructor><method fulltype="void" id="exportComponents" type="void" visibility="public"><comment><sentence>Export a precompiled Schema Component Model containing all the components (except built-in components)
 that have been loaded into this Processor.</sentence></comment><override-of fulltype="net.sf.saxon.s9api.SchemaManager" method="exportComponents(net.sf.saxon.s9api.Destination)" type="SchemaManager"/><params><param fulltype="net.sf.saxon.s9api.Destination" name="destination" type="Destination"><body><div>the destination to recieve the precompiled Schema Component Model in the form of an
                    XML document</div></body></param></params><exceptions><exception fulltype="net.sf.saxon.s9api.SaxonApiException" id="SaxonApiException"><sentence>net.sf.saxon.s9api.SaxonApiException if a failure occurs writing the schema components to the supplied destination</sentence></exception></exceptions></method><method fulltype="javax.xml.transform.ErrorListener" id="getErrorListener" type="ErrorListener" visibility="public"><comment><sentence>Get the ErrorListener being used while loading and validating schema documents</sentence><return><body><div>listener The error listener in use. This is notified of all errors detected during the
         compilation. Returns null if no user-supplied ErrorListener has been set.</div></body></return></comment><override-of fulltype="net.sf.saxon.s9api.SchemaManager" method="getErrorListener()" type="SchemaManager"/></method><method fulltype="net.sf.saxon.lib.ErrorReporter" id="getErrorReporter" type="ErrorReporter" visibility="public"><override-of fulltype="net.sf.saxon.s9api.SchemaManager" method="getErrorReporter()" type="SchemaManager"/></method><method fulltype="net.sf.saxon.lib.SchemaURIResolver" id="getSchemaURIResolver" type="SchemaURIResolver" visibility="public"><comment><sentence>Get the SchemaURIResolver to be used during schema loading.</sentence><return><body><div>the URIResolver used during stylesheet compilation. Returns null if no user-supplied
         URIResolver has been set.</div></body></return></comment><override-of fulltype="net.sf.saxon.s9api.SchemaManager" method="getSchemaURIResolver()" type="SchemaManager"/></method><method fulltype="java.lang.String" id="getXsdVersion" type="String" visibility="public"><comment><body><div>Get the version of XSD in use. The value will be "1.0" or "1.1"</div></body><sentence>Get the version of XSD in use.</sentence><return><body><div>the version of XSD in use.</div></body></return></comment><override-of fulltype="net.sf.saxon.s9api.SchemaManager" method="getXsdVersion()" type="SchemaManager"/></method><method fulltype="void" id="importComponents" type="void" visibility="public"><comment><body><div>Import a precompiled Schema Component Model from a given Source. The schema components derived from this schema
 document are added to the cache of schema components maintained by this SchemaManager</div></body><sentence>Import a precompiled Schema Component Model from a given Source.</sentence></comment><override-of fulltype="net.sf.saxon.s9api.SchemaManager" method="importComponents(javax.xml.transform.Source)" type="SchemaManager"/><params><param fulltype="javax.xml.transform.Source" name="source" type="Source"><body><div>the XML file containing the schema component model, as generated by a previous call on
               <tag kind="see">#exportComponents</tag></div></body></param></params><exceptions><exception fulltype="net.sf.saxon.s9api.SaxonApiException" id="SaxonApiException"><sentence>net.sf.saxon.s9api.SaxonApiException if a failure occurs loading the schema from the supplied source</sentence></exception></exceptions></method><method fulltype="void" id="load" type="void" visibility="public"><comment><body><div>Load a schema document from a given Source. The schema components derived from this schema
 document are added to the cache of schema components maintained by this SchemaManager</div></body><sentence>Load a schema document from a given Source.</sentence></comment><override-of fulltype="net.sf.saxon.s9api.SchemaManager" method="load(javax.xml.transform.Source)" type="SchemaManager"/><params><param fulltype="javax.xml.transform.Source" name="source" type="Source"><body><div>the document containing the schema. The getSystemId() method applied to this Source
               must return a base URI suitable for resolving <code>xs:include</code> and <code>xs:import</code>
               directives. The document may be either a schema document in source XSD format, or a compiled
               schema in Saxon-defined SCM format (as produced using the -export option)</div></body></param></params><exceptions><exception fulltype="net.sf.saxon.s9api.SaxonApiException" id="SaxonApiException"><sentence>net.sf.saxon.s9api.SaxonApiException if the schema document is not valid, or if its contents are inconsistent
                           with the schema components already held by this SchemaManager.</sentence></exception></exceptions></method><method fulltype="net.sf.saxon.s9api.SchemaValidator" id="newSchemaValidator" type="SchemaValidator" visibility="public"><comment><sentence>Create a SchemaValidator which can be used to validate instance documents against the schema held by this
 SchemaManager</sentence><return><body><div>a new SchemaValidator</div></body></return></comment><override-of fulltype="net.sf.saxon.s9api.SchemaManager" method="newSchemaValidator()" type="SchemaManager"/></method><method fulltype="void" id="setErrorListener" type="void" visibility="public"><comment><sentence>Set the ErrorListener to be used while loading and validating schema documents</sentence></comment><override-of fulltype="net.sf.saxon.s9api.SchemaManager" method="setErrorListener(javax.xml.transform.ErrorListener)" type="SchemaManager"/><params><param fulltype="javax.xml.transform.ErrorListener" name="listener" type="ErrorListener"><body><div>The error listener to be used. This is notified of all errors detected during the
                 compilation. May be set to null to revert to the default ErrorListener.</div></body></param></params></method><method fulltype="void" id="setErrorReporter" type="void" visibility="public"><override-of fulltype="net.sf.saxon.s9api.SchemaManager" method="setErrorReporter(net.sf.saxon.lib.ErrorReporter)" type="SchemaManager"/><params><param fulltype="net.sf.saxon.lib.ErrorReporter" name="reporter" type="ErrorReporter"/></params></method><method fulltype="void" id="setSchemaURIResolver" type="void" visibility="public"><comment><body><div>Set the SchemaURIResolver to be used during schema loading. This SchemaURIResolver, despite its name,
 is <b>not</b> used for resolving relative URIs against a base URI; it is used for dereferencing
 an absolute URI (after resolution) to return a <tag kind="see">javax.xml.transform.Source</tag> representing the
 location where a schema document can be found.
 <p>This SchemaURIResolver is used to dereference the URIs appearing in <code>xs:import</code>,
 <code>xs:include</code>, and <code>xs:redefine</code> declarations.</p></div></body><sentence>Set the SchemaURIResolver to be used during schema loading.</sentence></comment><override-of fulltype="net.sf.saxon.s9api.SchemaManager" method="setSchemaURIResolver(net.sf.saxon.lib.SchemaURIResolver)" type="SchemaManager"/><params><param fulltype="net.sf.saxon.lib.SchemaURIResolver" name="resolver" type="SchemaURIResolver"><body><div>the SchemaURIResolver to be used during schema loading.</div></body></param></params></method><method fulltype="void" id="setXsdVersion" type="void" visibility="public"><comment><body><div>Set the version of XSD in use. The value must be "1.0" or "1.1". The default is currently "1.0",
 but this may change in a future release.</div></body><sentence>Set the version of XSD in use.</sentence></comment><override-of fulltype="net.sf.saxon.s9api.SchemaManager" method="setXsdVersion(java.lang.String)" type="SchemaManager"/><params><param fulltype="java.lang.String" name="version" type="String"><body><div>the version of the XSD specification/language: either "1.0" or "1.1".</div></body></param></params></method></methods></class><class id="SchemaValidatorImpl" fulltype="com.saxonica.ee.s9api.SchemaValidatorImpl" superclass="SchemaValidator" superclassfulltype="net.sf.saxon.s9api.SchemaValidator" visibility="public"><extends><interface fulltype="net.sf.saxon.s9api.SchemaValidator" type="SchemaValidator"><extends><inherits><interface fulltype="net.sf.saxon.s9api.Destination" type="Destination"/></inherits><interface fulltype="net.sf.saxon.s9api.AbstractDestination" type="AbstractDestination"/></extends></interface></extends><comment><body><div>A <tt>SchemaValidator</tt> is an object that is used for validating instance documents against a schema.
 The schema consists of the collection of schema components that are available within the schema
 cache maintained by the SchemaManager, together with any additional schema components located
 during the course of validation by means of an xsl:schemaLocation or xsi:noNamespaceSchemaLocation
 attribute within the instance document.
 <p>If validation fails, an exception is thrown. If validation succeeds, the validated document
 can optionally be written to a specified destination. This will be a copy of the original document,
 augmented with default values for absent elements and attributes, and carrying type annotations
 derived from the schema processing. Expansion of defaults can be suppressed by means of the method
 <tag kind="see">#setExpandAttributeDefaults(boolean)</tag>.</p>
 <p>A <tt>SchemaValidator</tt> is serially reusable but not thread-safe. That is, it should normally
 be used in the thread where it is created, but it can be used more than once, to validate multiple
 input documents.</p>
 <p>A <tt>SchemaValidator</tt> is a <tt>Destination</tt>, which allows it to receive the output of a
 query or transformation to be validated.</p>
 <p>Saxon does not deliver the full PSVI as described in the XML schema specifications,
 only the subset of the PSVI properties featured in the XDM data model.</p></div></body><sentence>A SchemaValidator is an object that is used for validating instance documents against a schema.</sentence></comment><fields/><methods><constructor id="SchemaValidatorImpl" visibility="public"><params><param fulltype="net.sf.saxon.s9api.Processor" name="processor" type="Processor"/></params></constructor><method fulltype="void" id="close" type="void" visibility="public"><comment><body><div>Close the destination, allowing resources to be released. Saxon calls this method when
 it has finished writing to the destination.</div></body><sentence>Close the destination, allowing resources to be released.</sentence></comment><override-of fulltype="net.sf.saxon.s9api.SchemaValidator" method="close()" type="SchemaValidator"/><exceptions><exception fulltype="net.sf.saxon.s9api.SaxonApiException" id="SaxonApiException"/></exceptions></method><method fulltype="net.sf.saxon.type.ValidationParams" id="convertParams" type="ValidationParams" visibility="protected"><params><param fulltype="net.sf.saxon.expr.instruct.GlobalParameterSet" name="suppliedParams" type="GlobalParameterSet"/><param fulltype="java.util.Collection" name="declaredParams" type="Collection"><type fulltype="net.sf.saxon.expr.instruct.GlobalParam" type="GlobalParam"/></param></params><exceptions><exception fulltype="net.sf.saxon.trans.XPathException" id="XPathException"/></exceptions></method><method fulltype="net.sf.saxon.s9api.Destination" id="getDestination" type="Destination" visibility="public"><comment><body><div>Get the Destination that will receive the validated document. Return null if no destination
 has been set.</div></body><sentence>Get the Destination that will receive the validated document.</sentence><return><body><div>the destination to receive the validated document, or null if none has been supplied</div></body></return></comment><override-of fulltype="net.sf.saxon.s9api.SchemaValidator" method="getDestination()" type="SchemaValidator"/></method><method fulltype="net.sf.saxon.s9api.QName" id="getDocumentElementName" type="QName" visibility="public"><comment><sentence>Get the name of the required top-level element of the document to be validated.</sentence><return><body><div>the name of the required document element, or null if no value has been set.</div></body></return></comment><override-of fulltype="net.sf.saxon.s9api.SchemaValidator" method="getDocumentElementName()" type="SchemaValidator"/></method><method fulltype="net.sf.saxon.type.SchemaType" id="getDocumentElementType" type="SchemaType" visibility="protected"><comment><sentence>Get the schema type against which the document element is to be validated</sentence><return><body><div>the schema type</div></body></return></comment><override-of fulltype="net.sf.saxon.s9api.SchemaValidator" method="getDocumentElementType()" type="SchemaValidator"/></method><method fulltype="net.sf.saxon.s9api.QName" id="getDocumentElementTypeName" type="QName" visibility="public"><comment><sentence>Get the name of the required type of the top-level element of the document to be validated.</sentence><return><body><div>the name of the required type of the document element, or null if no value has been set.</div></body></return></comment><override-of fulltype="net.sf.saxon.s9api.SchemaValidator" method="getDocumentElementTypeName()" type="SchemaValidator"/></method><method fulltype="javax.xml.transform.ErrorListener" id="getErrorListener" type="ErrorListener" visibility="public"><comment><sentence>Get the ErrorListener being used while validating instance documents</sentence><return><body><div>listener The error listener in use. This is notified of all errors detected during the
         validation episode. Returns null if the invalidity handler is not one that wraps
         an error listener.</div></body></return></comment><override-of fulltype="net.sf.saxon.s9api.SchemaValidator" method="getErrorListener()" type="SchemaValidator"/></method><method fulltype="net.sf.saxon.lib.InvalidityHandler" id="getInvalidityHandler" type="InvalidityHandler" visibility="public"><comment><sentence>Get the InvalidityHandler used when validating instance documents</sentence><return><body><div>the InvalidityHandler being used</div></body></return></comment><override-of fulltype="net.sf.saxon.s9api.SchemaValidator" method="getInvalidityHandler()" type="SchemaValidator"/></method><method fulltype="net.sf.saxon.s9api.XdmValue" id="getParameter" type="XdmValue" visibility="public"><comment><sentence>Get the value that has been set for a schema parameter (a parameter defined in the schema using
 the saxon:param extension)</sentence><return><body><div>the value that has been set for the parameter, or null if no value has been set</div></body></return><attribute name="@since"><body><div>9.5</div></body></attribute></comment><override-of fulltype="net.sf.saxon.s9api.SchemaValidator" method="getParameter(net.sf.saxon.s9api.QName)" type="SchemaValidator"/><params><param fulltype="net.sf.saxon.s9api.QName" name="name" type="QName"><body><div>the parameter whose name is required</div></body></param></params></method><method fulltype="net.sf.saxon.event.Receiver" id="getReceiver" type="Receiver" visibility="public"><comment><body><div>A SchemaValidator is a Destination (for example, it can act as the destination of a query
 or transformation). The getReceiver() method is used internally to provide the receiver
 to which events can be sent; the effect is that the SchemaValidator validates the document
 represented by this sequence of events</div></body><sentence>A SchemaValidator is a Destination (for example, it can act as the destination of a query
 or transformation).</sentence><return><body><div>a Receiver to which events can be sent</div></body></return></comment><override-of fulltype="net.sf.saxon.s9api.SchemaValidator" method="getReceiver(net.sf.saxon.event.PipelineConfiguration, net.sf.saxon.serialize.SerializationProperties)" type="SchemaValidator"/><params><param fulltype="net.sf.saxon.event.PipelineConfiguration" name="pipe" type="PipelineConfiguration"><body><div>the Saxon Configuration</div></body></param><param fulltype="net.sf.saxon.serialize.SerializationProperties" name="params" type="SerializationProperties"><body><div>the serialization properties (typically unused)</div></body></param></params><exceptions><exception fulltype="net.sf.saxon.s9api.SaxonApiException" id="SaxonApiException"><sentence>SaxonApiException if a failure occurs</sentence></exception></exceptions></method><method fulltype="boolean" id="isCollectStatistics" type="boolean" visibility="public"><comment><sentence>Ask whether validation statistics are to be collected</sentence><return><body><div>true if validation statistics are to be collected (default is false)</div></body></return><attribute name="@since"><body><div>9.6</div></body></attribute></comment><override-of fulltype="net.sf.saxon.s9api.SchemaValidator" method="isCollectStatistics()" type="SchemaValidator"/></method><method fulltype="boolean" id="isExpandAttributeDefaults" type="boolean" visibility="public"><comment><sentence>Ask whether attribute defaults defined in a schema are to be expanded or not
 (by default, fixed and default attribute values are expanded, that is, they are inserted
 into the document during validation as if they were present in the instance being validated)</sentence><return><body><div>true if defaults are to be expanded, false if not</div></body></return></comment><override-of fulltype="net.sf.saxon.s9api.SchemaValidator" method="isExpandAttributeDefaults()" type="SchemaValidator"/></method><method fulltype="boolean" id="isLax" type="boolean" visibility="public"><comment><sentence>Ask whether validation is to be in lax mode.</sentence><return><body><div>true if validation is to be in lax mode, false if it is to be in strict mode.</div></body></return></comment><override-of fulltype="net.sf.saxon.s9api.SchemaValidator" method="isLax()" type="SchemaValidator"/></method><method fulltype="boolean" id="isUseXsiSchemaLocation" type="boolean" visibility="public"><comment><sentence>Ask whether the schema processor is to take account of any xsi:schemaLocation and
 xsi:noNamespaceSchemaLocation attributes encountered while validating an instance document</sentence><return><body><div>true if these two attributes are to be recognized; false if they are to
         be ignored. Default is true.</div></body></return></comment><override-of fulltype="net.sf.saxon.s9api.SchemaValidator" method="isUseXsiSchemaLocation()" type="SchemaValidator"/></method><method fulltype="void" id="reportValidationStatistics" type="void" visibility="public"><comment><sentence>Report the validation statistics from the most recent validation episode
 Does nothing if no validation statistics have been collected.</sentence><attribute name="@since"><body><div>Saxon 9.6</div></body></attribute></comment><override-of fulltype="net.sf.saxon.s9api.SchemaValidator" method="reportValidationStatistics(net.sf.saxon.s9api.Destination)" type="SchemaValidator"/><params><param fulltype="net.sf.saxon.s9api.Destination" name="destination" type="Destination"><body><div>the destination to which the statistics will be written.
                    The XML format of the destination is not guaranteed to be stable across
                    Saxon releases.</div></body></param></params><exceptions><exception fulltype="net.sf.saxon.s9api.SaxonApiException" id="SaxonApiException"/></exceptions></method><method fulltype="void" id="setCollectStatistics" type="void" visibility="public"><comment><body><div>Say whether validation statistics are to be collected. Calling this method
 has the side-effect of deleting any statistics previously collected.</div></body><sentence>Say whether validation statistics are to be collected.</sentence><attribute name="@since"><body><div>9.6</div></body></attribute></comment><override-of fulltype="net.sf.saxon.s9api.SchemaValidator" method="setCollectStatistics(boolean)" type="SchemaValidator"/><params><param fulltype="boolean" name="collect" type="boolean"><body><div>true if validation statistics are to be collected (default is false)</div></body></param></params></method><method fulltype="void" id="setDestination" type="void" visibility="public"><comment><body><div>Set the Destination to receive the validated document. If no destination is supplied, the
 validated document is discarded.</div></body><sentence>Set the Destination to receive the validated document.</sentence></comment><override-of fulltype="net.sf.saxon.s9api.SchemaValidator" method="setDestination(net.sf.saxon.s9api.Destination)" type="SchemaValidator"/><params><param fulltype="net.sf.saxon.s9api.Destination" name="destination" type="Destination"><body><div>the destination to receive the validated document</div></body></param></params></method><method fulltype="void" id="setDocumentElementName" type="void" visibility="public"><comment><body><div>Set the name of the required top-level element of the document to be validated (that is, the
 name of the outermost element of the document). If no value is supplied, there is no constraint
 on the required element name</div></body><sentence>Set the name of the required top-level element of the document to be validated (that is, the
 name of the outermost element of the document).</sentence></comment><override-of fulltype="net.sf.saxon.s9api.SchemaValidator" method="setDocumentElementName(net.sf.saxon.s9api.QName)" type="SchemaValidator"/><params><param fulltype="net.sf.saxon.s9api.QName" name="name" type="QName"><body><div>the name of the document element, as a QName; or null to remove a previously-specified
             value.</div></body></param></params></method><method fulltype="void" id="setDocumentElementTypeName" type="void" visibility="public"><comment><body><div>Set the name of the required type of the top-level element of the document to be validated.
 If no value is supplied, there is no constraint on the required type</div></body><sentence>Set the name of the required type of the top-level element of the document to be validated.</sentence></comment><override-of fulltype="net.sf.saxon.s9api.SchemaValidator" method="setDocumentElementTypeName(net.sf.saxon.s9api.QName)" type="SchemaValidator"/><params><param fulltype="net.sf.saxon.s9api.QName" name="name" type="QName"><body><div>the name of the type of the document element, as a QName;
             or null to remove a previously-specified value. This must be the name of a type in the
             schema (typically but not necessarily a complex type).</div></body></param></params><exceptions><exception fulltype="net.sf.saxon.s9api.SaxonApiException" id="SaxonApiException"><sentence>net.sf.saxon.s9api.SaxonApiException
          if there is no known type with this name</sentence></exception></exceptions></method><method fulltype="void" id="setErrorListener" type="void" visibility="public"><comment><sentence>Set the ErrorListener to be used while validating instance documents.</sentence></comment><override-of fulltype="net.sf.saxon.s9api.SchemaValidator" method="setErrorListener(javax.xml.transform.ErrorListener)" type="SchemaValidator"/><params><param fulltype="javax.xml.transform.ErrorListener" name="listener" type="ErrorListener"><body><div>The error listener to be used. This is notified of all errors detected during the
                 validation episode.</div></body></param></params></method><method fulltype="void" id="setExpandAttributeDefaults" type="void" visibility="public"><comment><sentence>Set whether attribute defaults defined in a schema are to be expanded or not
 (by default, fixed and default attribute values are expanded, that is, they are inserted
 into the document during validation as if they were present in the instance being validated)</sentence></comment><override-of fulltype="net.sf.saxon.s9api.SchemaValidator" method="setExpandAttributeDefaults(boolean)" type="SchemaValidator"/><params><param fulltype="boolean" name="expand" type="boolean"><body><div>true if defaults are to be expanded, false if not</div></body></param></params></method><method fulltype="void" id="setInvalidityHandler" type="void" visibility="public"><comment><sentence>Set the InvalidityHandler to be used when validating instance documents</sentence></comment><override-of fulltype="net.sf.saxon.s9api.SchemaValidator" method="setInvalidityHandler(net.sf.saxon.lib.InvalidityHandler)" type="SchemaValidator"/><params><param fulltype="net.sf.saxon.lib.InvalidityHandler" name="handler" type="InvalidityHandler"><body><div>the InvalidityHandler to be used</div></body></param></params></method><method fulltype="void" id="setLax" type="void" visibility="public"><comment><body><div>The validation mode may be either strict or lax. The default is strict; this method may be called
 to indicate that lax validation is required. With strict validation, validation fails if no element
 declaration can be located for the outermost element. With lax validation, the absence of an
 element declaration results in the content being considered valid.</div></body><sentence>The validation mode may be either strict or lax.</sentence></comment><override-of fulltype="net.sf.saxon.s9api.SchemaValidator" method="setLax(boolean)" type="SchemaValidator"/><params><param fulltype="boolean" name="lax" type="boolean"><body><div>true if validation is to be lax, false if it is to be strict</div></body></param></params></method><method fulltype="void" id="setParameter" type="void" visibility="public"><comment><sentence>Set the value of a schema parameter (a parameter defined in the schema using
 the saxon:param extension)</sentence><attribute name="@since"><body><div>9.5</div></body></attribute></comment><override-of fulltype="net.sf.saxon.s9api.SchemaValidator" method="setParameter(net.sf.saxon.s9api.QName, net.sf.saxon.s9api.XdmValue)" type="SchemaValidator"/><params><param fulltype="net.sf.saxon.s9api.QName" name="name" type="QName"><body><div>the name of the schema parameter, as a QName</div></body></param><param fulltype="net.sf.saxon.s9api.XdmValue" name="value" type="XdmValue"><body><div>the value of the schema parameter, or null to clear a previously set value</div></body></param></params></method><method fulltype="void" id="setThreadCount" type="void" visibility="public"><params><param fulltype="int" name="tc" type="int"/></params></method><method fulltype="void" id="setUseXsiSchemaLocation" type="void" visibility="public"><comment><sentence>Say whether the schema processor is to take account of any xsi:schemaLocation and
 xsi:noNamespaceSchemaLocation attributes encountered while validating an instance document</sentence></comment><override-of fulltype="net.sf.saxon.s9api.SchemaValidator" method="setUseXsiSchemaLocation(boolean)" type="SchemaValidator"/><params><param fulltype="boolean" name="recognize" type="boolean"><body><div>true if these two attributes are to be recognized; false if they are to
                  be ignored. Default is true.</div></body></param></params></method><method fulltype="void" id="setValidityReporting" type="void" visibility="public"><comment><sentence>Setup Validation Reporting feature which saves the validation errors in an XML file</sentence></comment><override-of fulltype="net.sf.saxon.s9api.SchemaValidator" method="setValidityReporting(net.sf.saxon.s9api.Destination)" type="SchemaValidator"/><params><param fulltype="net.sf.saxon.s9api.Destination" name="destination" type="Destination"><body><div>where XML will be sent</div></body></param></params><exceptions><exception fulltype="net.sf.saxon.s9api.SaxonApiException" id="SaxonApiException"><sentence>SaxonApiException if the destination cannot be configured for this purpose</sentence></exception></exceptions></method><method fulltype="void" id="validate" type="void" visibility="public"><comment><sentence>Validate an instance document supplied as a Source object</sentence></comment><override-of fulltype="net.sf.saxon.s9api.SchemaValidator" method="validate(javax.xml.transform.Source)" type="SchemaValidator"/><params><param fulltype="javax.xml.transform.Source" name="source" type="Source"><body><div>the instance document to be validated. The call getSystemId() applied to
               this source object must return the base URI used for dereferencing any xsi:schemaLocation
               or xsi:noNamespaceSchemaLocation attributes</div></body></param></params><exceptions><exception fulltype="net.sf.saxon.s9api.SaxonApiException" id="SaxonApiException"><sentence>net.sf.saxon.s9api.SaxonApiException
          if the source document is found to be invalid, or if error conditions
          occur that prevented validation from taking place (such as failure to read or parse the input
          document).</sentence></exception></exceptions></method><method fulltype="void" id="validateMultiple" type="void" visibility="public"><comment><sentence>Validate multiple instance documents supplied as a Iterable collection of Source objects</sentence></comment><override-of fulltype="net.sf.saxon.s9api.SchemaValidator" method="validateMultiple(java.lang.Iterable&lt;javax.xml.transform.Source&gt;)" type="SchemaValidator"/><params><param fulltype="java.lang.Iterable" name="sources" type="Iterable"><type fulltype="javax.xml.transform.Source" type="Source"/><body><div>the Iterable collection of instance documents to be validated. The call getSystemId() applied to
                the source objects must return the base URI used for dereferencing any xsi:schemaLocation
                or xsi:noNamespaceSchemaLocation attributes</div></body></param></params><exceptions><exception fulltype="net.sf.saxon.s9api.SaxonApiException" id="SaxonApiException"><sentence>SaxonApiException if the source document is found to be invalid, or if error conditions
                           occur that prevented validation from taking place (such as failure to read or parse the input
                           document).</sentence></exception></exceptions></method></methods></class><class id="ValidationStatistics" fulltype="com.saxonica.ee.s9api.ValidationStatistics" superclass="Object" superclassfulltype="java.lang.Object" visibility="public"><comment><sentence>Class for collection validation statistics produced via s9api processing</sentence></comment><fields/><methods><constructor id="ValidationStatistics" visibility="public"/><method fulltype="net.sf.saxon.lib.ValidationStatisticsRecipient" id="getRecipient" type="ValidationStatisticsRecipient" visibility="public"/><method fulltype="void" id="report" type="void" visibility="public"><params><param fulltype="net.sf.saxon.s9api.Processor" name="processor" type="Processor"/><param fulltype="net.sf.saxon.s9api.Destination" name="destination" type="Destination"/></params><exceptions><exception fulltype="net.sf.saxon.s9api.SaxonApiException" id="SaxonApiException"/></exceptions></method></methods></class></package>