<?xml version="1.0" encoding="UTF-8"?><package id="com.saxonica.ee.bytecode.map"><class id="AnalyzeMappingFunction" fulltype="com.saxonica.ee.bytecode.map.AnalyzeMappingFunction" superclass="Object" superclassfulltype="java.lang.Object" visibility="public"><implements><interface fulltype="net.sf.saxon.expr.ContextMappingFunction" type="ContextMappingFunction"/></implements><comment><sentence>Mapping function that maps the sequence of matching/non-matching strings to the
 sequence delivered by applying the matching-substring and non-matching-substring
 expressions respectively to each such string</sentence></comment><fields/><methods><constructor id="AnalyzeMappingFunction" visibility="public"><params><param fulltype="net.sf.saxon.regex.RegexIterator" name="base" type="RegexIterator"/><param fulltype="net.sf.saxon.expr.XPathContext" name="c2" type="XPathContext"/><param fulltype="net.sf.saxon.expr.Expression" name="nonMatchExpr" type="Expression"/><param fulltype="net.sf.saxon.expr.Expression" name="matchingExpr" type="Expression"/></params></constructor><method fulltype="net.sf.saxon.om.SequenceIterator" id="map" type="SequenceIterator" visibility="public"><comment><sentence>Map one item to a sequence.</sentence><return><body><div>either (a) a SequenceIterator over the sequence of items that the supplied input
         item maps to, or (b) an Item if it maps to a single item, or (c) null if it maps to an empty
         sequence.</div></body></return></comment><params><param fulltype="net.sf.saxon.expr.XPathContext" name="context" type="XPathContext"><body><div>The processing context. Some mapping functions use this because they require
                context information. Some mapping functions modify the context by maintaining the context item
                and position. In other cases, the context may be null.</div></body></param></params><exceptions><exception fulltype="net.sf.saxon.trans.XPathException" id="XPathException"/></exceptions></method></methods></class><class id="CompiledAxisMappingFunction" abstract="true" fulltype="com.saxonica.ee.bytecode.map.CompiledAxisMappingFunction" superclass="Object" superclassfulltype="java.lang.Object" visibility="public"><implements><interface fulltype="net.sf.saxon.expr.MappingFunction" type="MappingFunction"/></implements><comment><body><div>Abstract MappingFunction class that must be passed to a MappingIterator. This
 implementation of MappingFunction acts as a superclass for generated bytecode
 classes used to implement path expressions where the RHS is an AxisExpression:
 these can be evaluated without creating a new context or FocusIterator.</div></body><sentence>Abstract MappingFunction class that must be passed to a MappingIterator.</sentence></comment><fields/><methods><constructor id="CompiledAxisMappingFunction" visibility="public"/><method abstract="true" fulltype="net.sf.saxon.tree.iter.AxisIterator" id="map" type="AxisIterator" visibility="public"><params><param fulltype="net.sf.saxon.om.Item" name="origin" type="Item"/></params><exceptions><exception fulltype="net.sf.saxon.trans.XPathException" id="XPathException"/></exceptions></method></methods></class><class id="CompiledContextMappingFunction" abstract="true" fulltype="com.saxonica.ee.bytecode.map.CompiledContextMappingFunction" superclass="Object" superclassfulltype="java.lang.Object" visibility="public"><implements><interface fulltype="net.sf.saxon.expr.ContextMappingFunction" type="ContextMappingFunction"/></implements><comment><body><div>Abstract ContextMappingFunction class that must be passed to a ContextMappingIterator.
 This is a specialization of the more general MappingFunction class: it differs in that
 each item being processed becomes the context item while it is being processed.</div></body><sentence>Abstract ContextMappingFunction class that must be passed to a ContextMappingIterator.</sentence></comment><fields/><methods><constructor id="CompiledContextMappingFunction" visibility="public"/><method abstract="true" fulltype="net.sf.saxon.om.SequenceIterator" id="map" type="SequenceIterator" visibility="public"><params><param fulltype="net.sf.saxon.expr.XPathContext" name="context" type="XPathContext"/></params><exceptions><exception fulltype="net.sf.saxon.trans.XPathException" id="XPathException"/></exceptions></method></methods></class><class id="CompiledItemMappingFunction" abstract="true" fulltype="com.saxonica.ee.bytecode.map.CompiledItemMappingFunction" superclass="Object" superclassfulltype="java.lang.Object" visibility="public"><implements><interface fulltype="net.sf.saxon.expr.ItemMappingFunction" type="ItemMappingFunction"/></implements><fields/><methods><constructor id="CompiledItemMappingFunction" visibility="public"/><method abstract="true" fulltype="net.sf.saxon.om.Item" id="mapItem" type="Item" visibility="public"><params><param fulltype="net.sf.saxon.om.Item" name="item" type="Item"/></params><exceptions><exception fulltype="net.sf.saxon.trans.XPathException" id="XPathException"/></exceptions></method></methods></class><class id="ForItemMappingAction" abstract="true" fulltype="com.saxonica.ee.bytecode.map.ForItemMappingAction" superclass="Object" superclassfulltype="java.lang.Object" visibility="public"><implements><interface fulltype="net.sf.saxon.expr.ItemMappingFunction" type="ItemMappingFunction"/></implements><comment><body><div>The ForItemMappingAction supports compilation of a ForExpression.
 It represents the action to be taken for each item in the
 source sequence. It acts as the MappingFunction for the mapping iterator. The map()
 method is generated in the subclass, and performs the "action" part of the for expression,
 being called once per iteration, and returning an iterator over the results.</div></body><sentence>The ForItemMappingAction supports compilation of a ForExpression.</sentence></comment><fields><field fulltype="net.sf.saxon.expr.XPathContext" id="context" type="XPathContext" visibility="protected"/></fields><methods><constructor id="ForItemMappingAction" visibility="public"/><method abstract="true" fulltype="net.sf.saxon.om.Item" id="mapItem" type="Item" visibility="public"><params><param fulltype="net.sf.saxon.om.Item" name="item" type="Item"/></params><exceptions><exception fulltype="net.sf.saxon.trans.XPathException" id="XPathException"/></exceptions></method><method fulltype="void" id="setContext" type="void" visibility="public"><params><param fulltype="net.sf.saxon.expr.XPathContext" name="context" type="XPathContext"/></params></method></methods></class><class id="ForSequenceMappingAction" abstract="true" fulltype="com.saxonica.ee.bytecode.map.ForSequenceMappingAction" superclass="Object" superclassfulltype="java.lang.Object" visibility="public"><implements><interface fulltype="net.sf.saxon.expr.MappingFunction" type="MappingFunction"/></implements><comment><body><div>The ForSequenceMappingAction supports compilation of a ForExpression.
 It represents the action to be taken for each item in the
 source sequence. It acts as the MappingFunction for the mapping iterator. The map()
 method is generated in the subclass, and performs the "action" part of the for expression,
 being called once per iteration, and returning an iterator over the results.</div></body><sentence>The ForSequenceMappingAction supports compilation of a ForExpression.</sentence></comment><fields><field fulltype="net.sf.saxon.expr.XPathContext" id="context" type="XPathContext" visibility="protected"/><field fulltype="int" id="position" type="int" visibility="protected"/></fields><methods><constructor id="ForSequenceMappingAction" visibility="public"/><method abstract="true" fulltype="net.sf.saxon.om.SequenceIterator" id="map" type="SequenceIterator" visibility="public"><params><param fulltype="net.sf.saxon.om.Item" name="item" type="Item"/></params><exceptions><exception fulltype="net.sf.saxon.trans.XPathException" id="XPathException"/></exceptions></method><method fulltype="void" id="setContext" type="void" visibility="public"><params><param fulltype="net.sf.saxon.expr.XPathContext" name="context" type="XPathContext"/></params></method></methods></class></package>