<?xml version="1.0" encoding="UTF-8"?><package id="com.saxonica.ee.extfn.js"><class id="IXSLElementFactory" fulltype="com.saxonica.ee.extfn.js.IXSLElementFactory" superclass="Object" superclassfulltype="java.lang.Object" visibility="public"><implements><interface fulltype="com.saxonica.xsltextn.ExtensionElementFactory" type="ExtensionElementFactory"/></implements><comment><body><div>Class IXSLElementFactory.
 A "Factory" for IXSL extension nodes in the stylesheet tree.
 <p>The standard namespace associated with this extension is "http://saxonica.com/ns/interactiveXSLT".
 However, it can be registered under a different namespace if required.</p></div></body><sentence>Class IXSLElementFactory.</sentence></comment><fields/><methods><constructor id="IXSLElementFactory" visibility="public"/><method fulltype="java.lang.Class" id="getExtensionClass" type="Class" visibility="public"><type fulltype="net.sf.saxon.style.StyleElement" extendby="?" type="StyleElement"/><comment><body><div>Identify the class to be used for stylesheet elements with a given local name.
 The returned class must extend net.sf.saxon.style.StyleElement</div></body><sentence>Identify the class to be used for stylesheet elements with a given local name.</sentence><return><body><div>null if the local name is not a recognised element type in this
         namespace.</div></body></return></comment><params><param fulltype="java.lang.String" name="localname" type="String"/></params></method></methods></class><class id="IXSLFunctionSet" fulltype="com.saxonica.ee.extfn.js.IXSLFunctionSet" superclass="BuiltInFunctionSet" superclassfulltype="net.sf.saxon.functions.registry.BuiltInFunctionSet" visibility="public"><extends><inherits><interface fulltype="net.sf.saxon.functions.FunctionLibrary" type="FunctionLibrary"/></inherits><interface fulltype="net.sf.saxon.functions.registry.BuiltInFunctionSet" type="BuiltInFunctionSet"/></extends><comment><sentence>The IXSLFunctionSet represents additions to the set of Saxon vendor-supplied
 extension functions that are available on Saxon-JS.</sentence></comment><fields><field fulltype="javax.script.ScriptEngine" id="engine" static="true" type="ScriptEngine" visibility="public"/></fields><methods><method fulltype="java.lang.String" id="getConventionalPrefix" type="String" visibility="public"><override-of fulltype="net.sf.saxon.functions.registry.BuiltInFunctionSet" method="getConventionalPrefix()" type="BuiltInFunctionSet"/></method><method fulltype="com.saxonica.ee.extfn.js.IXSLFunctionSet" id="getInstance" static="true" type="IXSLFunctionSet" visibility="public"/><method fulltype="java.lang.String" id="getNamespace" type="String" visibility="public"><override-of fulltype="net.sf.saxon.functions.registry.BuiltInFunctionSet" method="getNamespace()" type="BuiltInFunctionSet"/></method><method fulltype="javax.script.ScriptEngine" id="obtainEngine" static="true" synchronized="true" type="ScriptEngine" visibility="public"><exceptions><exception fulltype="net.sf.saxon.trans.XPathException" id="XPathException"/></exceptions></method></methods><class id="IXSLFunctionSet.Call" fulltype="com.saxonica.ee.extfn.js.IXSLFunctionSet.Call" static="true" superclass="SystemFunction" superclassfulltype="net.sf.saxon.functions.SystemFunction" visibility="public"><extends><interface fulltype="net.sf.saxon.functions.SystemFunction" type="SystemFunction"><extends><inherits><interface fulltype="net.sf.saxon.om.Function" type="Function"/></inherits><interface fulltype="net.sf.saxon.functions.AbstractFunction" type="AbstractFunction"/></extends></interface></extends><fields/><methods><constructor id="Call" visibility="public"/><method fulltype="net.sf.saxon.om.Sequence" id="call" type="Sequence" visibility="public"><params><param fulltype="net.sf.saxon.expr.XPathContext" name="context" type="XPathContext"/><param fulltype="net.sf.saxon.om.Sequence[]" name="arguments" type="Sequence[]"/></params><exceptions><exception fulltype="net.sf.saxon.trans.XPathException" id="XPathException"/></exceptions></method></methods></class><class id="IXSLFunctionSet.Eval" fulltype="com.saxonica.ee.extfn.js.IXSLFunctionSet.Eval" static="true" superclass="SystemFunction" superclassfulltype="net.sf.saxon.functions.SystemFunction" visibility="public"><extends><interface fulltype="net.sf.saxon.functions.SystemFunction" type="SystemFunction"><extends><inherits><interface fulltype="net.sf.saxon.om.Function" type="Function"/></inherits><interface fulltype="net.sf.saxon.functions.AbstractFunction" type="AbstractFunction"/></extends></interface></extends><fields/><methods><constructor id="Eval" visibility="public"/><method fulltype="net.sf.saxon.om.Sequence" id="call" type="Sequence" visibility="public"><params><param fulltype="net.sf.saxon.expr.XPathContext" name="context" type="XPathContext"/><param fulltype="net.sf.saxon.om.Sequence[]" name="arguments" type="Sequence[]"/></params><exceptions><exception fulltype="net.sf.saxon.trans.XPathException" id="XPathException"/></exceptions></method></methods></class><class id="IXSLFunctionSet.ScheduleActionFn" fulltype="com.saxonica.ee.extfn.js.IXSLFunctionSet.ScheduleActionFn" static="true" superclass="SystemFunction" superclassfulltype="net.sf.saxon.functions.SystemFunction" visibility="public"><extends><interface fulltype="net.sf.saxon.functions.SystemFunction" type="SystemFunction"><extends><inherits><interface fulltype="net.sf.saxon.om.Function" type="Function"/></inherits><interface fulltype="net.sf.saxon.functions.AbstractFunction" type="AbstractFunction"/></extends></interface></extends><fields/><methods><constructor id="ScheduleActionFn" visibility="public"/><method fulltype="net.sf.saxon.om.Sequence" id="call" type="Sequence" visibility="public"><params><param fulltype="net.sf.saxon.expr.XPathContext" name="context" type="XPathContext"/><param fulltype="net.sf.saxon.om.Sequence[]" name="arguments" type="Sequence[]"/></params><exceptions><exception fulltype="net.sf.saxon.trans.XPathException" id="XPathException"/></exceptions></method><method fulltype="net.sf.saxon.expr.Expression" id="makeFunctionCall" type="Expression" visibility="public"><override-of fulltype="net.sf.saxon.functions.SystemFunction" method="makeFunctionCall(net.sf.saxon.expr.Expression...)" type="SystemFunction"/><params><param fulltype="net.sf.saxon.expr.Expression[]" name="arguments" type="Expression[]"/></params></method></methods></class><class id="IXSLFunctionSet.Source" fulltype="com.saxonica.ee.extfn.js.IXSLFunctionSet.Source" static="true" superclass="SystemFunction" superclassfulltype="net.sf.saxon.functions.SystemFunction" visibility="public"><extends><interface fulltype="net.sf.saxon.functions.SystemFunction" type="SystemFunction"><extends><inherits><interface fulltype="net.sf.saxon.om.Function" type="Function"/></inherits><interface fulltype="net.sf.saxon.functions.AbstractFunction" type="AbstractFunction"/></extends></interface></extends><fields/><methods><constructor id="Source" visibility="public"/><method fulltype="net.sf.saxon.om.Sequence" id="call" type="Sequence" visibility="public"><params><param fulltype="net.sf.saxon.expr.XPathContext" name="context" type="XPathContext"/><param fulltype="net.sf.saxon.om.Sequence[]" name="arguments" type="Sequence[]"/></params><exceptions><exception fulltype="net.sf.saxon.trans.XPathException" id="XPathException"/></exceptions></method></methods></class><class id="IXSLFunctionSet.Stub" fulltype="com.saxonica.ee.extfn.js.IXSLFunctionSet.Stub" static="true" superclass="SystemFunction" superclassfulltype="net.sf.saxon.functions.SystemFunction" visibility="public"><extends><interface fulltype="net.sf.saxon.functions.SystemFunction" type="SystemFunction"><extends><inherits><interface fulltype="net.sf.saxon.om.Function" type="Function"/></inherits><interface fulltype="net.sf.saxon.functions.AbstractFunction" type="AbstractFunction"/></extends></interface></extends><comment><sentence>Most of the functions in this library will only run in Saxon-JS, some of them only in the browser</sentence></comment><fields/><methods><constructor id="Stub" visibility="public"/><method fulltype="net.sf.saxon.om.Sequence" id="call" type="Sequence" visibility="public"><params><param fulltype="net.sf.saxon.expr.XPathContext" name="context" type="XPathContext"/><param fulltype="net.sf.saxon.om.Sequence[]" name="args" type="Sequence[]"/></params><exceptions><exception fulltype="net.sf.saxon.trans.XPathException" id="XPathException"/></exceptions></method></methods></class></class><class id="IXSLRemoveAttribute" fulltype="com.saxonica.ee.extfn.js.IXSLRemoveAttribute" superclass="StyleElement" superclassfulltype="net.sf.saxon.style.StyleElement" visibility="public"><extends><interface fulltype="net.sf.saxon.style.StyleElement" type="StyleElement"><extends><inherits><interface fulltype="net.sf.saxon.om.NamespaceResolver" type="NamespaceResolver"/></inherits><interface fulltype="net.sf.saxon.tree.linked.ElementImpl" type="ElementImpl"><extends><interface fulltype="net.sf.saxon.tree.linked.ParentNodeImpl" type="ParentNodeImpl"><extends><inherits><interface fulltype="net.sf.saxon.om.MutableNodeInfo" type="MutableNodeInfo"/><interface fulltype="net.sf.saxon.tree.util.SteppingNode" type="SteppingNode"/><interface fulltype="net.sf.saxon.tree.wrapper.SiblingCountingNode" type="SiblingCountingNode"/><interface fulltype="net.sf.saxon.s9api.Location" type="Location"/></inherits><interface fulltype="net.sf.saxon.tree.linked.NodeImpl" type="NodeImpl"/></extends></interface></extends></interface></extends></interface></extends><comment><body><div>Handler for ixsl:remove-attribute elements in stylesheet.
 The ixsl:remove-attribute element has mandatory attribute name (the name of the attribute to be removed)
 and optional attribute object (the element from which the attribute is removed, when no object attribute
 is present, the current element node is used)</div></body><sentence>Handler for ixsl:remove-attribute elements in stylesheet.</sentence></comment><fields/><methods><constructor id="IXSLRemoveAttribute" visibility="public"/><method fulltype="net.sf.saxon.expr.Expression" id="compile" type="Expression" visibility="public"><override-of fulltype="net.sf.saxon.style.StyleElement" method="compile(net.sf.saxon.style.Compilation, net.sf.saxon.style.ComponentDeclaration)" type="StyleElement"/><params><param fulltype="net.sf.saxon.style.Compilation" name="exec" type="Compilation"/><param fulltype="net.sf.saxon.style.ComponentDeclaration" name="decl" type="ComponentDeclaration"/></params><exceptions><exception fulltype="net.sf.saxon.trans.XPathException" id="XPathException"/></exceptions></method><method fulltype="boolean" id="isInstruction" type="boolean" visibility="public"><comment><sentence>Determine whether this node is an instruction.</sentence><return><body><div>true - it is an instruction</div></body></return></comment><override-of fulltype="net.sf.saxon.style.StyleElement" method="isInstruction()" type="StyleElement"/></method><method fulltype="boolean" id="mayContainSequenceConstructor" type="boolean" visibility="protected"><comment><sentence>Determine whether this type of element is allowed to contain a sequence constructor</sentence><return><body><div>true: no, the element must be empty</div></body></return></comment><override-of fulltype="net.sf.saxon.style.StyleElement" method="mayContainSequenceConstructor()" type="StyleElement"/></method><method fulltype="void" id="prepareAttributes" type="void" visibility="protected"><override-of fulltype="net.sf.saxon.style.StyleElement" method="prepareAttributes()" type="StyleElement"/></method><method fulltype="void" id="validate" type="void" visibility="public"><override-of fulltype="net.sf.saxon.style.StyleElement" method="validate(net.sf.saxon.style.ComponentDeclaration)" type="StyleElement"/><params><param fulltype="net.sf.saxon.style.ComponentDeclaration" name="decl" type="ComponentDeclaration"/></params><exceptions><exception fulltype="net.sf.saxon.trans.XPathException" id="XPathException"/></exceptions></method></methods></class><class id="IXSLRemoveProperty" fulltype="com.saxonica.ee.extfn.js.IXSLRemoveProperty" superclass="StyleElement" superclassfulltype="net.sf.saxon.style.StyleElement" visibility="public"><extends><interface fulltype="net.sf.saxon.style.StyleElement" type="StyleElement"><extends><inherits><interface fulltype="net.sf.saxon.om.NamespaceResolver" type="NamespaceResolver"/></inherits><interface fulltype="net.sf.saxon.tree.linked.ElementImpl" type="ElementImpl"><extends><interface fulltype="net.sf.saxon.tree.linked.ParentNodeImpl" type="ParentNodeImpl"><extends><inherits><interface fulltype="net.sf.saxon.om.MutableNodeInfo" type="MutableNodeInfo"/><interface fulltype="net.sf.saxon.tree.util.SteppingNode" type="SteppingNode"/><interface fulltype="net.sf.saxon.tree.wrapper.SiblingCountingNode" type="SiblingCountingNode"/><interface fulltype="net.sf.saxon.s9api.Location" type="Location"/></inherits><interface fulltype="net.sf.saxon.tree.linked.NodeImpl" type="NodeImpl"/></extends></interface></extends></interface></extends></interface></extends><comment><body><div>Handler for ixsl:remove-property elements in stylesheet.
 The ixsl:remove-property element has a mandatory attribute name (the name of the property to be removed,
 or dot-separated composite name),
 and an optional attribute object (the object that the property belongs to, when no object attribute
 is present, the window object is used)</div></body><sentence>Handler for ixsl:remove-property elements in stylesheet.</sentence></comment><fields/><methods><constructor id="IXSLRemoveProperty" visibility="public"/><method fulltype="net.sf.saxon.expr.Expression" id="compile" type="Expression" visibility="public"><override-of fulltype="net.sf.saxon.style.StyleElement" method="compile(net.sf.saxon.style.Compilation, net.sf.saxon.style.ComponentDeclaration)" type="StyleElement"/><params><param fulltype="net.sf.saxon.style.Compilation" name="exec" type="Compilation"/><param fulltype="net.sf.saxon.style.ComponentDeclaration" name="decl" type="ComponentDeclaration"/></params><exceptions><exception fulltype="net.sf.saxon.trans.XPathException" id="XPathException"/></exceptions></method><method fulltype="boolean" id="isInstruction" type="boolean" visibility="public"><comment><sentence>Determine whether this node is an instruction.</sentence><return><body><div>true - it is an instruction</div></body></return></comment><override-of fulltype="net.sf.saxon.style.StyleElement" method="isInstruction()" type="StyleElement"/></method><method fulltype="boolean" id="mayContainSequenceConstructor" type="boolean" visibility="protected"><comment><sentence>Determine whether this type of element is allowed to contain a sequence constructor</sentence><return><body><div>true: no, the element must be empty</div></body></return></comment><override-of fulltype="net.sf.saxon.style.StyleElement" method="mayContainSequenceConstructor()" type="StyleElement"/></method><method fulltype="void" id="prepareAttributes" type="void" visibility="protected"><override-of fulltype="net.sf.saxon.style.StyleElement" method="prepareAttributes()" type="StyleElement"/></method><method fulltype="void" id="validate" type="void" visibility="public"><override-of fulltype="net.sf.saxon.style.StyleElement" method="validate(net.sf.saxon.style.ComponentDeclaration)" type="StyleElement"/><params><param fulltype="net.sf.saxon.style.ComponentDeclaration" name="decl" type="ComponentDeclaration"/></params><exceptions><exception fulltype="net.sf.saxon.trans.XPathException" id="XPathException"/></exceptions></method></methods></class><class id="IXSLScheduleAction" fulltype="com.saxonica.ee.extfn.js.IXSLScheduleAction" superclass="StyleElement" superclassfulltype="net.sf.saxon.style.StyleElement" visibility="public"><extends><interface fulltype="net.sf.saxon.style.StyleElement" type="StyleElement"><extends><inherits><interface fulltype="net.sf.saxon.om.NamespaceResolver" type="NamespaceResolver"/></inherits><interface fulltype="net.sf.saxon.tree.linked.ElementImpl" type="ElementImpl"><extends><interface fulltype="net.sf.saxon.tree.linked.ParentNodeImpl" type="ParentNodeImpl"><extends><inherits><interface fulltype="net.sf.saxon.om.MutableNodeInfo" type="MutableNodeInfo"/><interface fulltype="net.sf.saxon.tree.util.SteppingNode" type="SteppingNode"/><interface fulltype="net.sf.saxon.tree.wrapper.SiblingCountingNode" type="SiblingCountingNode"/><interface fulltype="net.sf.saxon.s9api.Location" type="Location"/></inherits><interface fulltype="net.sf.saxon.tree.linked.NodeImpl" type="NodeImpl"/></extends></interface></extends></interface></extends></interface></extends><comment><body><div>Handler for ixsl:schedule-action elements in stylesheet.
 The ixsl:schedule-action element should have at least one of the following optional attributes:
 wait, an integer expression; document, a space-separated list of URIs;
 http-request, an expression which evaluates to a map.

 <p>The content provides the delayed action.</p></div></body><sentence>Handler for ixsl:schedule-action elements in stylesheet.</sentence></comment><fields/><methods><constructor id="IXSLScheduleAction" visibility="public"/><method fulltype="net.sf.saxon.expr.Expression" id="compile" type="Expression" visibility="public"><override-of fulltype="net.sf.saxon.style.StyleElement" method="compile(net.sf.saxon.style.Compilation, net.sf.saxon.style.ComponentDeclaration)" type="StyleElement"/><params><param fulltype="net.sf.saxon.style.Compilation" name="exec" type="Compilation"/><param fulltype="net.sf.saxon.style.ComponentDeclaration" name="decl" type="ComponentDeclaration"/></params><exceptions><exception fulltype="net.sf.saxon.trans.XPathException" id="XPathException"/></exceptions></method><method fulltype="boolean" id="isInstruction" type="boolean" visibility="public"><comment><sentence>Determine whether this node is an instruction.</sentence><return><body><div>true - it is an instruction</div></body></return></comment><override-of fulltype="net.sf.saxon.style.StyleElement" method="isInstruction()" type="StyleElement"/></method><method fulltype="boolean" id="mayContainSequenceConstructor" type="boolean" visibility="protected"><comment><sentence>Determine whether this type of element is allowed to contain a template-body</sentence><return><body><div>true: yes, it may contain a template-body</div></body></return></comment><override-of fulltype="net.sf.saxon.style.StyleElement" method="mayContainSequenceConstructor()" type="StyleElement"/></method><method fulltype="void" id="prepareAttributes" type="void" visibility="protected"><override-of fulltype="net.sf.saxon.style.StyleElement" method="prepareAttributes()" type="StyleElement"/></method><method fulltype="void" id="validate" type="void" visibility="public"><override-of fulltype="net.sf.saxon.style.StyleElement" method="validate(net.sf.saxon.style.ComponentDeclaration)" type="StyleElement"/><params><param fulltype="net.sf.saxon.style.ComponentDeclaration" name="decl" type="ComponentDeclaration"/></params><exceptions><exception fulltype="net.sf.saxon.trans.XPathException" id="XPathException"/></exceptions></method></methods></class><class id="IXSLSetAttribute" fulltype="com.saxonica.ee.extfn.js.IXSLSetAttribute" superclass="StyleElement" superclassfulltype="net.sf.saxon.style.StyleElement" visibility="public"><extends><interface fulltype="net.sf.saxon.style.StyleElement" type="StyleElement"><extends><inherits><interface fulltype="net.sf.saxon.om.NamespaceResolver" type="NamespaceResolver"/></inherits><interface fulltype="net.sf.saxon.tree.linked.ElementImpl" type="ElementImpl"><extends><interface fulltype="net.sf.saxon.tree.linked.ParentNodeImpl" type="ParentNodeImpl"><extends><inherits><interface fulltype="net.sf.saxon.om.MutableNodeInfo" type="MutableNodeInfo"/><interface fulltype="net.sf.saxon.tree.util.SteppingNode" type="SteppingNode"/><interface fulltype="net.sf.saxon.tree.wrapper.SiblingCountingNode" type="SiblingCountingNode"/><interface fulltype="net.sf.saxon.s9api.Location" type="Location"/></inherits><interface fulltype="net.sf.saxon.tree.linked.NodeImpl" type="NodeImpl"/></extends></interface></extends></interface></extends></interface></extends><comment><body><div>Handler for ixsl:set-attribute elements in stylesheet.
 The ixsl:set-attribute element has mandatory attributes name (the name of the attribute to be set)
 and select (the new value), and optional attribute object (the element to set the attribute on, when no object attribute
 is present, the current element node is used)</div></body><sentence>Handler for ixsl:set-attribute elements in stylesheet.</sentence></comment><fields/><methods><constructor id="IXSLSetAttribute" visibility="public"/><method fulltype="net.sf.saxon.expr.Expression" id="compile" type="Expression" visibility="public"><override-of fulltype="net.sf.saxon.style.StyleElement" method="compile(net.sf.saxon.style.Compilation, net.sf.saxon.style.ComponentDeclaration)" type="StyleElement"/><params><param fulltype="net.sf.saxon.style.Compilation" name="exec" type="Compilation"/><param fulltype="net.sf.saxon.style.ComponentDeclaration" name="decl" type="ComponentDeclaration"/></params><exceptions><exception fulltype="net.sf.saxon.trans.XPathException" id="XPathException"/></exceptions></method><method fulltype="boolean" id="isInstruction" type="boolean" visibility="public"><comment><sentence>Determine whether this node is an instruction.</sentence><return><body><div>true - it is an instruction</div></body></return></comment><override-of fulltype="net.sf.saxon.style.StyleElement" method="isInstruction()" type="StyleElement"/></method><method fulltype="boolean" id="mayContainSequenceConstructor" type="boolean" visibility="protected"><comment><sentence>Determine whether this type of element is allowed to contain a sequence constructor</sentence><return><body><div>true: no, the element must be empty</div></body></return></comment><override-of fulltype="net.sf.saxon.style.StyleElement" method="mayContainSequenceConstructor()" type="StyleElement"/></method><method fulltype="void" id="prepareAttributes" type="void" visibility="protected"><override-of fulltype="net.sf.saxon.style.StyleElement" method="prepareAttributes()" type="StyleElement"/></method><method fulltype="void" id="validate" type="void" visibility="public"><override-of fulltype="net.sf.saxon.style.StyleElement" method="validate(net.sf.saxon.style.ComponentDeclaration)" type="StyleElement"/><params><param fulltype="net.sf.saxon.style.ComponentDeclaration" name="decl" type="ComponentDeclaration"/></params><exceptions><exception fulltype="net.sf.saxon.trans.XPathException" id="XPathException"/></exceptions></method></methods></class><class id="IXSLSetProperty" fulltype="com.saxonica.ee.extfn.js.IXSLSetProperty" superclass="StyleElement" superclassfulltype="net.sf.saxon.style.StyleElement" visibility="public"><extends><interface fulltype="net.sf.saxon.style.StyleElement" type="StyleElement"><extends><inherits><interface fulltype="net.sf.saxon.om.NamespaceResolver" type="NamespaceResolver"/></inherits><interface fulltype="net.sf.saxon.tree.linked.ElementImpl" type="ElementImpl"><extends><interface fulltype="net.sf.saxon.tree.linked.ParentNodeImpl" type="ParentNodeImpl"><extends><inherits><interface fulltype="net.sf.saxon.om.MutableNodeInfo" type="MutableNodeInfo"/><interface fulltype="net.sf.saxon.tree.util.SteppingNode" type="SteppingNode"/><interface fulltype="net.sf.saxon.tree.wrapper.SiblingCountingNode" type="SiblingCountingNode"/><interface fulltype="net.sf.saxon.s9api.Location" type="Location"/></inherits><interface fulltype="net.sf.saxon.tree.linked.NodeImpl" type="NodeImpl"/></extends></interface></extends></interface></extends></interface></extends><comment><body><div>Handler for ixsl:set-property elements in stylesheet.
 The ixsl:set-property element has mandatory attributes name (the name of the property to be set,
 or dot-separated composite name), and select (the new property value),
 and an optional attribute object (the object that the property belongs to, when no object attribute
 is present, the window object is used)</div></body><sentence>Handler for ixsl:set-property elements in stylesheet.</sentence></comment><fields/><methods><constructor id="IXSLSetProperty" visibility="public"/><method fulltype="net.sf.saxon.expr.Expression" id="compile" type="Expression" visibility="public"><override-of fulltype="net.sf.saxon.style.StyleElement" method="compile(net.sf.saxon.style.Compilation, net.sf.saxon.style.ComponentDeclaration)" type="StyleElement"/><params><param fulltype="net.sf.saxon.style.Compilation" name="exec" type="Compilation"/><param fulltype="net.sf.saxon.style.ComponentDeclaration" name="decl" type="ComponentDeclaration"/></params><exceptions><exception fulltype="net.sf.saxon.trans.XPathException" id="XPathException"/></exceptions></method><method fulltype="boolean" id="isInstruction" type="boolean" visibility="public"><comment><sentence>Determine whether this node is an instruction.</sentence><return><body><div>true - it is an instruction</div></body></return></comment><override-of fulltype="net.sf.saxon.style.StyleElement" method="isInstruction()" type="StyleElement"/></method><method fulltype="boolean" id="mayContainSequenceConstructor" type="boolean" visibility="protected"><comment><sentence>Determine whether this type of element is allowed to contain a sequence constructor</sentence><return><body><div>true: no, the element must be empty</div></body></return></comment><override-of fulltype="net.sf.saxon.style.StyleElement" method="mayContainSequenceConstructor()" type="StyleElement"/></method><method fulltype="void" id="prepareAttributes" type="void" visibility="protected"><override-of fulltype="net.sf.saxon.style.StyleElement" method="prepareAttributes()" type="StyleElement"/></method><method fulltype="void" id="validate" type="void" visibility="public"><override-of fulltype="net.sf.saxon.style.StyleElement" method="validate(net.sf.saxon.style.ComponentDeclaration)" type="StyleElement"/><params><param fulltype="net.sf.saxon.style.ComponentDeclaration" name="decl" type="ComponentDeclaration"/></params><exceptions><exception fulltype="net.sf.saxon.trans.XPathException" id="XPathException"/></exceptions></method></methods></class><class id="IXSLSetStyle" fulltype="com.saxonica.ee.extfn.js.IXSLSetStyle" superclass="StyleElement" superclassfulltype="net.sf.saxon.style.StyleElement" visibility="public"><extends><interface fulltype="net.sf.saxon.style.StyleElement" type="StyleElement"><extends><inherits><interface fulltype="net.sf.saxon.om.NamespaceResolver" type="NamespaceResolver"/></inherits><interface fulltype="net.sf.saxon.tree.linked.ElementImpl" type="ElementImpl"><extends><interface fulltype="net.sf.saxon.tree.linked.ParentNodeImpl" type="ParentNodeImpl"><extends><inherits><interface fulltype="net.sf.saxon.om.MutableNodeInfo" type="MutableNodeInfo"/><interface fulltype="net.sf.saxon.tree.util.SteppingNode" type="SteppingNode"/><interface fulltype="net.sf.saxon.tree.wrapper.SiblingCountingNode" type="SiblingCountingNode"/><interface fulltype="net.sf.saxon.s9api.Location" type="Location"/></inherits><interface fulltype="net.sf.saxon.tree.linked.NodeImpl" type="NodeImpl"/></extends></interface></extends></interface></extends></interface></extends><comment><body><div>Handler for ixsl:set-style elements in stylesheet.
 The ixsl:set-style element has mandatory attributes name (the name of the style property to be set),
 and select (the new value for the style property),
 and an optional attribute object (the node to set the style property on, when no object attribute
 is present, the current node is used)</div></body><sentence>Handler for ixsl:set-style elements in stylesheet.</sentence></comment><fields/><methods><constructor id="IXSLSetStyle" visibility="public"/><method fulltype="net.sf.saxon.expr.Expression" id="compile" type="Expression" visibility="public"><override-of fulltype="net.sf.saxon.style.StyleElement" method="compile(net.sf.saxon.style.Compilation, net.sf.saxon.style.ComponentDeclaration)" type="StyleElement"/><params><param fulltype="net.sf.saxon.style.Compilation" name="exec" type="Compilation"/><param fulltype="net.sf.saxon.style.ComponentDeclaration" name="decl" type="ComponentDeclaration"/></params><exceptions><exception fulltype="net.sf.saxon.trans.XPathException" id="XPathException"/></exceptions></method><method fulltype="boolean" id="isInstruction" type="boolean" visibility="public"><comment><sentence>Determine whether this node is an instruction.</sentence><return><body><div>true - it is an instruction</div></body></return></comment><override-of fulltype="net.sf.saxon.style.StyleElement" method="isInstruction()" type="StyleElement"/></method><method fulltype="boolean" id="mayContainSequenceConstructor" type="boolean" visibility="protected"><comment><sentence>Determine whether this type of element is allowed to contain a sequence constructor</sentence><return><body><div>true: no, the element must be empty</div></body></return></comment><override-of fulltype="net.sf.saxon.style.StyleElement" method="mayContainSequenceConstructor()" type="StyleElement"/></method><method fulltype="void" id="prepareAttributes" type="void" visibility="protected"><override-of fulltype="net.sf.saxon.style.StyleElement" method="prepareAttributes()" type="StyleElement"/></method><method fulltype="void" id="validate" type="void" visibility="public"><override-of fulltype="net.sf.saxon.style.StyleElement" method="validate(net.sf.saxon.style.ComponentDeclaration)" type="StyleElement"/><params><param fulltype="net.sf.saxon.style.ComponentDeclaration" name="decl" type="ComponentDeclaration"/></params><exceptions><exception fulltype="net.sf.saxon.trans.XPathException" id="XPathException"/></exceptions></method></methods></class><class id="JSFunctionLibrary" fulltype="com.saxonica.ee.extfn.js.JSFunctionLibrary" superclass="Object" superclassfulltype="java.lang.Object" visibility="public"><implements><interface fulltype="net.sf.saxon.functions.FunctionLibrary" type="FunctionLibrary"/></implements><comment><sentence>The JSFunctionLibrary is a FunctionLibrary that binds XPath function calls to
 calls on JavaScript methods.</sentence></comment><fields/><methods><constructor id="JSFunctionLibrary" visibility="public"/><method fulltype="net.sf.saxon.expr.Expression" id="bind" type="Expression" visibility="public"><params><param fulltype="net.sf.saxon.trans.SymbolicName.F" name="functionName" type="SymbolicName.F"/><param fulltype="net.sf.saxon.expr.Expression[]" name="staticArgs" type="Expression[]"/><param fulltype="net.sf.saxon.expr.StaticContext" name="env" type="StaticContext"/><param fulltype="java.util.List" name="reasons" type="List"><type fulltype="java.lang.String" type="String"/></param></params></method><method fulltype="net.sf.saxon.functions.FunctionLibrary" id="copy" type="FunctionLibrary" visibility="public"/><method fulltype="net.sf.saxon.om.Function" id="getFunctionItem" type="Function" visibility="public"><params><param fulltype="net.sf.saxon.trans.SymbolicName.F" name="functionName" type="SymbolicName.F"/><param fulltype="net.sf.saxon.expr.StaticContext" name="staticContext" type="StaticContext"/></params><exceptions><exception fulltype="net.sf.saxon.trans.XPathException" id="XPathException"/></exceptions></method><method fulltype="boolean" id="isAvailable" type="boolean" visibility="public"><params><param fulltype="net.sf.saxon.trans.SymbolicName.F" name="functionName" type="SymbolicName.F"/><param fulltype="int" name="languageLevel" type="int"/></params></method></methods></class></package>