<?xml version="1.0" encoding="UTF-8"?><package id="com.saxonica.xqj.pull"><class id="DocumentWrappingPullProvider" fulltype="com.saxonica.xqj.pull.DocumentWrappingPullProvider" superclass="PullFilter" superclassfulltype="net.sf.saxon.pull.PullFilter" visibility="public"><extends><inherits><interface fulltype="net.sf.saxon.pull.PullProvider" type="PullProvider"/></inherits><interface fulltype="net.sf.saxon.pull.PullFilter" type="PullFilter"/></extends><comment><sentence>Returns the events provided by an underlying PullProvider, with the addition of a START_DOCUMENT
 event immediately after the START_OF_INPUT, and an END_DOCUMENT event immediately before the
 END_OF_INPUT</sentence></comment><fields/><methods><constructor id="DocumentWrappingPullProvider" visibility="public"><params><param fulltype="net.sf.saxon.pull.PullProvider" name="base" type="PullProvider"/></params></constructor><method fulltype="net.sf.saxon.pull.PullEvent" id="next" type="PullEvent" visibility="public"><override-of fulltype="net.sf.saxon.pull.PullFilter" method="next()" type="PullFilter"/><exceptions><exception fulltype="net.sf.saxon.trans.XPathException" id="XPathException"/></exceptions></method></methods></class><class id="ElementNameTracker" fulltype="com.saxonica.xqj.pull.ElementNameTracker" superclass="PullFilter" superclassfulltype="net.sf.saxon.pull.PullFilter" visibility="public"><extends><inherits><interface fulltype="net.sf.saxon.pull.PullProvider" type="PullProvider"/></inherits><interface fulltype="net.sf.saxon.pull.PullFilter" type="PullFilter"/></extends><comment><sentence>This is a filter that can be added to a pull pipeline to remember element names so that
 they are available immediately after the END_ELEMENT event is notified</sentence></comment><fields/><methods><constructor id="ElementNameTracker" visibility="public"><params><param fulltype="net.sf.saxon.pull.PullProvider" name="base" type="PullProvider"/></params></constructor><method fulltype="net.sf.saxon.om.NodeName" id="getNodeName" type="NodeName" visibility="public"><comment><body><div>Get the node name identifying the name of the current node. This method
 can be used after the <tag kind="see">net.sf.saxon.pull.PullEvent#START_ELEMENT</tag>, <tag kind="see">net.sf.saxon.pull.PullEvent#PROCESSING_INSTRUCTION</tag>,
 <tag kind="see">net.sf.saxon.pull.PullEvent#ATTRIBUTE</tag>, or <tag kind="see">net.sf.saxon.pull.PullEvent#NAMESPACE</tag> events. With some PullProvider implementations,
 including this one, it can also be used after <tag kind="see">net.sf.saxon.pull.PullEvent#END_ELEMENT</tag>: in fact, that is the
 main purpose of this class.
 If called at other times, the result is undefined and may result in an IllegalStateException.
 If called when the current node is an unnamed namespace node (a node representing the default namespace)
 the returned value is -1.</div></body><sentence>Get the node name identifying the name of the current node.</sentence><return><body><div>the node name. This can be used to obtain the prefix, local name,
         and namespace URI from the name pool.</div></body></return></comment><override-of fulltype="net.sf.saxon.pull.PullFilter" method="getNodeName()" type="PullFilter"/></method><method fulltype="net.sf.saxon.pull.PullEvent" id="next" type="PullEvent" visibility="public"><comment><body><div>Get the next event.
 <p>Note that a subclass that overrides this method is responsible for ensuring
 that current() works properly. This can be achieved by setting the field
 currentEvent to the event returned by any call on next().</p></div></body><sentence>Get the next event.</sentence><return><body><div>an integer code indicating the type of event. The code
         <tag kind="see">net.sf.saxon.pull.PullEvent#END_OF_INPUT</tag> is returned at the end of the sequence.</div></body></return></comment><override-of fulltype="net.sf.saxon.pull.PullFilter" method="next()" type="PullFilter"/><exceptions><exception fulltype="net.sf.saxon.trans.XPathException" id="XPathException"/></exceptions></method></methods></class><class id="PullFromIterator" fulltype="com.saxonica.xqj.pull.PullFromIterator" superclass="Object" superclassfulltype="java.lang.Object" visibility="public"><implements><interface fulltype="net.sf.saxon.pull.UnfailingPullProvider" type="UnfailingPullProvider"/></implements><comment><body><div>This class delivers any XPath sequence through the pull interface. Atomic values
 in the sequence are supplied unchanged, as are top-level text, comment, attribute,
 namespace, and processing-instruction nodes. Elements and documents appearing in
 the input sequence are supplied as a sequence of events that walks recursively
 down the subtree rooted at that node. The input is supplied in the form of a
 SequenceIterator.</div></body><sentence>This class delivers any XPath sequence through the pull interface.</sentence></comment><fields/><methods><constructor id="PullFromIterator" visibility="public"><comment><sentence>Create a PullProvider that wraps a supplied SequenceIterator</sentence></comment><params><param fulltype="net.sf.saxon.om.SequenceIterator" name="base" type="SequenceIterator"><body><div>the sequence iterator to be wrapped</div></body></param></params></constructor><method fulltype="void" id="close" type="void" visibility="public"><comment><body><div>Close the event reader. This indicates that no further events are required.
 It is not necessary to close an event reader after <tag kind="see">net.sf.saxon.pull.PullEvent#END_OF_INPUT</tag> has
 been reported, but it is recommended to close it if reading terminates
 prematurely. Once an event reader has been closed, the effect of further
 calls on next() is undefined.</div></body><sentence>Close the event reader.</sentence></comment></method><method fulltype="net.sf.saxon.pull.PullEvent" id="current" type="PullEvent" visibility="public"><comment><body><div>Get the event most recently returned by next(), or by other calls that change
 the position, for example getStringValue() and skipToMatchingEnd(). This
 method does not change the position of the PullProvider.</div></body><sentence>Get the event most recently returned by next(), or by other calls that change
 the position, for example getStringValue() and skipToMatchingEnd().</sentence><return><body><div>the current event</div></body></return></comment></method><method fulltype="net.sf.saxon.value.AtomicValue" id="getAtomicValue" type="AtomicValue" visibility="public"><comment><body><div>Get an atomic value. This call may be used only when the last event reported was
 ATOMIC_VALUE. This indicates that the PullProvider is reading a sequence that contains
 a free-standing atomic value; it is never used when reading the content of a node.</div></body><sentence>Get an atomic value.</sentence></comment></method><method fulltype="net.sf.saxon.om.AttributeMap" id="getAttributes" type="AttributeMap" visibility="public"><comment><body><div>Get the attributes associated with the current element. This method must
 be called only after a START_ELEMENT event has been notified. The contents
 of the returned AttributeCollection are guaranteed to remain unchanged
 until the next START_ELEMENT event, but may be modified thereafter. The object
 should not be modified by the client.
 <p>Attributes may be read before or after reading the namespaces of an element,
 but must not be read after the first child node has been read, or after calling
 one of the methods skipToEnd(), getStringValue(), or getTypedValue().</p></div></body><sentence>Get the attributes associated with the current element.</sentence><return><body><div>an AttributeCollection representing the attributes of the element
         that has just been notified.</div></body></return></comment></method><method fulltype="net.sf.saxon.om.NamespaceBinding[]" id="getNamespaceDeclarations" type="NamespaceBinding[]" visibility="public"><comment><body><div>Get the namespace declarations associated with the current element. This method must
 be called only after a START_ELEMENT event has been notified. In the case of a top-level
 START_ELEMENT event (that is, an element that either has no parent node, or whose parent
 is not included in the sequence being read), the NamespaceDeclarations object returned
 will contain a namespace declaration for each namespace that is in-scope for this element
 node. In the case of a non-top-level element, the NamespaceDeclarations will contain
 a set of namespace declarations and undeclarations, representing the differences between
 this element and its parent.
 <p>It is permissible for this method to return namespace declarations that are redundant.</p>
 <p>The NamespaceDeclarations object is guaranteed to remain unchanged until the next START_ELEMENT
 event, but may then be overwritten. The object should not be modified by the client.</p>
 <p>Namespaces may be read before or after reading the attributes of an element,
 but must not be read after the first child node has been read, or after calling
 one of the methods skipToEnd(), getStringValue(), or getTypedValue().</p></div></body><sentence>Get the namespace declarations associated with the current element.</sentence></comment></method><method fulltype="net.sf.saxon.om.NodeName" id="getNodeName" type="NodeName" visibility="public"><comment><body><div>Get the NodeName identifying the name of the current node. This method
 can be used after the <tag kind="see">net.sf.saxon.pull.PullEvent#START_ELEMENT</tag>, <tag kind="see">net.sf.saxon.pull.PullEvent#PROCESSING_INSTRUCTION</tag>,
 <tag kind="see">net.sf.saxon.pull.PullEvent#ATTRIBUTE</tag>, or <tag kind="see">net.sf.saxon.pull.PullEvent#NAMESPACE</tag> events. With some PullProvider implementations,
 it can also be used after <tag kind="see">net.sf.saxon.pull.PullEvent#END_ELEMENT</tag>, but this is not guaranteed: a client who
 requires the information at that point (for example, to do serialization) should insert an
 <tag kind="see">com.saxonica.xqj.pull.ElementNameTracker</tag> into the pipeline.
 If called at other times, the result is undefined and may result in an IllegalStateException.
 If called when the current node is an unnamed namespace node (a node representing the default namespace)
 the returned value is null.</div></body><sentence>Get the NodeName identifying the name of the current node.</sentence><return><body><div>the NodeName. The NodeName can be used to obtain the prefix, local name,
 and namespace URI.</div></body></return></comment></method><method fulltype="net.sf.saxon.event.PipelineConfiguration" id="getPipelineConfiguration" type="PipelineConfiguration" visibility="public"><comment><sentence>Get configuration information.</sentence></comment></method><method fulltype="net.sf.saxon.type.SchemaType" id="getSchemaType" type="SchemaType" visibility="public"><comment><body><div>Get the type annotation of the current attribute or element node, or atomic value.
 The result of this method is undefined unless the most recent event was START_ELEMENT,
 ATTRIBUTE, or ATOMIC_VALUE.</div></body><sentence>Get the type annotation of the current attribute or element node, or atomic value.</sentence><return><body><div>the type annotation.</div></body></return></comment></method><method fulltype="net.sf.saxon.s9api.Location" id="getSourceLocator" type="Location" visibility="public"><comment><body><div>Get the location of the current event.
 For an event stream representing a real document, the location information
 should identify the location in the lexical XML source. For a constructed document, it should
 identify the location in the query or stylesheet that caused the node to be created.
 A value of null can be returned if no location information is available.</div></body><sentence>Get the location of the current event.</sentence></comment></method><method fulltype="net.sf.saxon.str.UnicodeString" id="getStringValue" type="UnicodeString" visibility="public"><comment><body><div>Get the string value of the current element, text node, processing-instruction,
 or top-level attribute or namespace node, or atomic value.
 <p>In other situations the result is undefined and may result in an IllegalStateException.</p>
 <p>If the most recent event was a <tag kind="see">net.sf.saxon.pull.PullEvent#START_ELEMENT</tag>, this method causes the content
 of the element to be read. The current event on completion of this method will be the
 corresponding <tag kind="see">net.sf.saxon.pull.PullEvent#END_ELEMENT</tag>. The next call of next() will return the event following
 the END_ELEMENT event.</p></div></body><sentence>Get the string value of the current element, text node, processing-instruction,
 or top-level attribute or namespace node, or atomic value.</sentence><return><body><div>the String Value of the node in question, defined according to the rules in the
         XPath data model.</div></body></return></comment><exceptions><exception fulltype="net.sf.saxon.trans.XPathException" id="XPathException"/></exceptions></method><method fulltype="java.util.List" id="getUnparsedEntities" type="List" visibility="public"><type fulltype="net.sf.saxon.pull.UnparsedEntity" type="UnparsedEntity"/><comment><sentence>Get a list of unparsed entities.</sentence><return><body><div>a list of unparsed entities, or null if the information is not available, or
         an empty list if there are no unparsed entities.</div></body></return></comment></method><method fulltype="net.sf.saxon.pull.PullEvent" id="next" type="PullEvent" visibility="public"><comment><sentence>Get the next event</sentence><return><body><div>an event code indicating the type of event. The code
         <tag kind="see">net.sf.saxon.pull.PullEvent#END_OF_INPUT</tag> is returned at the end of the sequence.</div></body></return></comment><exceptions><exception fulltype="net.sf.saxon.trans.XPathException" id="XPathException"/></exceptions></method><method fulltype="void" id="setPipelineConfiguration" type="void" visibility="public"><comment><body><div>Set configuration information. This must only be called before any events
 have been read.</div></body><sentence>Set configuration information.</sentence></comment><params><param fulltype="net.sf.saxon.event.PipelineConfiguration" name="pipe" type="PipelineConfiguration"/></params></method><method fulltype="net.sf.saxon.pull.PullEvent" id="skipToMatchingEnd" type="PullEvent" visibility="public"><comment><body><div>Skip the current subtree. This method may be called only immediately after
 a START_DOCUMENT or START_ELEMENT event. This call returns the matching
 END_DOCUMENT or END_ELEMENT event; the next call on next() will return
 the event following the END_DOCUMENT or END_ELEMENT.</div></body><sentence>Skip the current subtree.</sentence></comment></method></methods></class><class id="PullNamespaceReducer" fulltype="com.saxonica.xqj.pull.PullNamespaceReducer" superclass="PullFilter" superclassfulltype="net.sf.saxon.pull.PullFilter" visibility="public"><implements><interface fulltype="net.sf.saxon.om.NamespaceResolver" type="NamespaceResolver"/></implements><extends><inherits><interface fulltype="net.sf.saxon.pull.PullProvider" type="PullProvider"/></inherits><interface fulltype="net.sf.saxon.pull.PullFilter" type="PullFilter"/></extends><comment><body><div>PullNamespaceReducer is a PullFilter responsible for removing duplicate namespace
 declarations. It also performs namespace fixup: that is, it ensures that the
 namespaces used in element and attribute names are all declared.
 <p>This class is derived from, and contains much common code with, the NamespaceReducer
 in the push pipeline. (In the push version, however, namespace fixup is not
 performed by the NamespaceReducer, but by the ComplexContentOutputter).</p></div></body><sentence>PullNamespaceReducer is a PullFilter responsible for removing duplicate namespace
 declarations.</sentence><attribute name="@see" see="java">net.sf.saxon.event.NamespaceReducer</attribute></comment><fields/><methods><constructor id="PullNamespaceReducer" visibility="public"><comment><sentence>Create a namespace reducer for a pull pipeline</sentence></comment><params><param fulltype="net.sf.saxon.pull.PullProvider" name="base" type="PullProvider"><body><div>the next stage in the pipeline, from which events are read</div></body></param></params></constructor><method fulltype="void" id="endElement" type="void" visibility="public"><comment><body><div>endElement: Discard the namespaces declared on this element. Note, however, that for the
 benefit of PullToStax, the namespaces that go out of scope on this endElement are available
 so long as the endElement is the current event</div></body><sentence>endElement: Discard the namespaces declared on this element.</sentence></comment><exceptions><exception fulltype="net.sf.saxon.trans.XPathException" id="XPathException"/></exceptions></method><method fulltype="net.sf.saxon.om.AttributeMap" id="getAttributes" type="AttributeMap" visibility="public"><comment><body><div>Get the attributes associated with the current element. This method must
 be called only after a START_ELEMENT event has been notified. The contents
 of the returned AttributeCollection are guaranteed to remain unchanged
 until the next START_ELEMENT event, but may be modified thereafter. The object
 should not be modified by the client.
 <p>Attributes may be read before or after reading the namespaces of an element,
 but must not be read after the first child node has been read, or after calling
 one of the methods skipToEnd(), getStringValue(), or getTypedValue().</p></div></body><sentence>Get the attributes associated with the current element.</sentence><return><body><div>an AttributeCollection representing the attributes of the element
         that has just been notified.</div></body></return></comment><override-of fulltype="net.sf.saxon.pull.PullFilter" method="getAttributes()" type="PullFilter"/></method><method fulltype="net.sf.saxon.om.NamespaceBinding[]" id="getNamespaceDeclarations" type="NamespaceBinding[]" visibility="public"><comment><body><div>Get the namespace declarations associated with the current element. This method must
 be called only after a START_ELEMENT event has been notified. In the case of a top-level
 START_ELEMENT event (that is, an element that either has no parent node, or whose parent
 is not included in the sequence being read), the NamespaceDeclarations object returned
 will contain a namespace declaration for each namespace that is in-scope for this element
 node. In the case of a non-top-level element, the NamespaceDeclarations will contain
 a set of namespace declarations and undeclarations, representing the differences between
 this element and its parent.
 <p>This class extends the semantics of the PullProvider interface by allowing this method
 to be called also after an END_ELEMENT event. This is to support PullToStax, which requires
 this functionality. In this situation it returns the namespaces declared on the startElement
 associated with the element that has just ended.</p>
 <p>It is permissible for this method to return namespace declarations that are redundant.</p>
 <p>The NamespaceDeclarations object is guaranteed to remain unchanged until the next START_ELEMENT
 event, but may then be overwritten. The object should not be modified by the client.</p>
 <p>Namespaces may be read before or after reading the attributes of an element,
 but must not be read after the first child node has been read, or after calling
 one of the methods skipToEnd(), getStringValue(), or getTypedValue().</p></div></body><sentence>Get the namespace declarations associated with the current element.</sentence></comment><override-of fulltype="net.sf.saxon.pull.PullFilter" method="getNamespaceDeclarations()" type="PullFilter"/></method><method fulltype="java.lang.String" id="getURIForPrefix" type="String" visibility="public"><comment><body><div>Get the namespace URI corresponding to a given prefix. Return null
 if the prefix is not in scope.</div></body><sentence>Get the namespace URI corresponding to a given prefix.</sentence><return><body><div>the uri for the namespace, or null if the prefix is not in scope</div></body></return></comment><params><param fulltype="java.lang.String" name="prefix" type="String"><body><div>the namespace prefix</div></body></param><param fulltype="boolean" name="useDefault" type="boolean"><body><div>true if the default namespace is to be used when the
                   prefix is ""</div></body></param></params></method><method fulltype="java.util.Iterator" id="iteratePrefixes" type="Iterator" visibility="public"><type fulltype="java.lang.String" type="String"/><comment><body><div>Get an iterator over all the prefixes declared in this namespace context. This will include
 the default namespace (prefix="") and the XML namespace where appropriate</div></body><sentence>Get an iterator over all the prefixes declared in this namespace context.</sentence></comment></method><method fulltype="net.sf.saxon.pull.PullEvent" id="next" type="PullEvent" visibility="public"><comment><body><div>next(): handle next event.
 The START_ELEMENT event removes redundant namespace declarations, and
 possibly adds an xmlns="" undeclaration.</div></body><sentence>next(): handle next event.</sentence></comment><override-of fulltype="net.sf.saxon.pull.PullFilter" method="next()" type="PullFilter"/><exceptions><exception fulltype="net.sf.saxon.trans.XPathException" id="XPathException"/></exceptions></method></methods></class><class id="PullToStax" fulltype="com.saxonica.xqj.pull.PullToStax" superclass="Object" superclassfulltype="java.lang.Object" visibility="public"><implements><interface fulltype="javax.xml.stream.XMLStreamReader" type="XMLStreamReader"/></implements><comment><body><div>This class bridges PullProvider events to XMLStreamReader (Stax) events. That is, it acts
 as an XMLStreamReader, fetching the underlying data from a PullProvider.
 <p>A PullProvider may provide access to any XDM sequence, whereas an XMLStreamReader always
 reads a document. The conversion of a sequence to a document follows the rules for
 "normalizing" a sequence in the Serialization specification: for example, atomic values are
 converted into text nodes, with adjacent atomic values being space-separated.</p></div></body><sentence>This class bridges PullProvider events to XMLStreamReader (Stax) events.</sentence></comment><fields/><methods><constructor id="PullToStax" visibility="public"><comment><sentence>Create a PullToStax instance, which wraps a Saxon PullProvider as a Stax XMLStreamReader</sentence></comment><params><param fulltype="net.sf.saxon.pull.PullProvider" name="provider" type="PullProvider"><body><div>the Saxon PullProvider from which the events will be read</div></body></param></params></constructor><method fulltype="void" id="close" type="void" visibility="public"><exceptions><exception fulltype="javax.xml.stream.XMLStreamException" id="XMLStreamException"/></exceptions></method><method fulltype="int" id="getAttributeCount" type="int" visibility="public"/><method fulltype="java.lang.String" id="getAttributeLocalName" type="String" visibility="public"><params><param fulltype="int" name="i" type="int"/></params></method><method fulltype="javax.xml.namespace.QName" id="getAttributeName" type="QName" visibility="public"><params><param fulltype="int" name="i" type="int"/></params></method><method fulltype="java.lang.String" id="getAttributeNamespace" type="String" visibility="public"><params><param fulltype="int" name="i" type="int"/></params></method><method fulltype="java.lang.String" id="getAttributePrefix" type="String" visibility="public"><params><param fulltype="int" name="i" type="int"/></params></method><method fulltype="java.lang.String" id="getAttributeType" type="String" visibility="public"><params><param fulltype="int" name="i" type="int"/></params></method><method fulltype="java.lang.String" id="getAttributeValue" type="String" visibility="public"><params><param fulltype="int" name="i" type="int"/></params></method><method fulltype="java.lang.String" id="getAttributeValue" type="String" visibility="public"><params><param fulltype="java.lang.String" name="uri" type="String"/><param fulltype="java.lang.String" name="local" type="String"/></params></method><method fulltype="java.lang.String" id="getCharacterEncodingScheme" type="String" visibility="public"/><method fulltype="java.lang.String" id="getElementText" type="String" visibility="public"><exceptions><exception fulltype="javax.xml.stream.XMLStreamException" id="XMLStreamException"/></exceptions></method><method fulltype="java.lang.String" id="getEncoding" type="String" visibility="public"/><method fulltype="int" id="getEventType" type="int" visibility="public"/><method fulltype="java.lang.String" id="getLocalName" type="String" visibility="public"/><method fulltype="javax.xml.stream.Location" id="getLocation" type="Location" visibility="public"/><method fulltype="javax.xml.namespace.QName" id="getName" type="QName" visibility="public"/><method fulltype="javax.xml.namespace.NamespaceContext" id="getNamespaceContext" type="NamespaceContext" visibility="public"/><method fulltype="int" id="getNamespaceCount" type="int" visibility="public"><comment><sentence>Return the number of namespaces declared on this element.</sentence><return><body><div>the number of in-scope namespaces</div></body></return></comment></method><method fulltype="java.lang.String" id="getNamespacePrefix" type="String" visibility="public"><params><param fulltype="int" name="i" type="int"/></params></method><method fulltype="java.lang.String" id="getNamespaceURI" type="String" visibility="public"/><method fulltype="java.lang.String" id="getNamespaceURI" type="String" visibility="public"><params><param fulltype="int" name="i" type="int"/></params></method><method fulltype="java.lang.String" id="getNamespaceURI" type="String" visibility="public"><params><param fulltype="java.lang.String" name="s" type="String"/></params></method><method fulltype="java.lang.String" id="getPIData" type="String" visibility="public"/><method fulltype="java.lang.String" id="getPITarget" type="String" visibility="public"/><method fulltype="java.lang.String" id="getPrefix" type="String" visibility="public"/><method fulltype="java.lang.Object" id="getProperty" type="Object" visibility="public"><params><param fulltype="java.lang.String" name="s" type="String"/></params><exceptions><exception fulltype="java.lang.IllegalArgumentException" id="IllegalArgumentException"/></exceptions></method><method fulltype="java.lang.String" id="getText" type="String" visibility="public"/><method fulltype="char[]" id="getTextCharacters" type="char[]" visibility="public"/><method fulltype="int" id="getTextCharacters" type="int" visibility="public"><params><param fulltype="int" name="sourceStart" type="int"/><param fulltype="char[]" name="target" type="char[]"/><param fulltype="int" name="targetStart" type="int"/><param fulltype="int" name="length" type="int"/></params><exceptions><exception fulltype="javax.xml.stream.XMLStreamException" id="XMLStreamException"/></exceptions></method><method fulltype="int" id="getTextLength" type="int" visibility="public"/><method fulltype="int" id="getTextStart" type="int" visibility="public"/><method fulltype="java.lang.String" id="getVersion" type="String" visibility="public"/><method fulltype="javax.xml.stream.XMLStreamReader" id="getXMLStreamReader" static="true" type="XMLStreamReader" visibility="public"><comment><sentence>Create an XMLStreamReader that reads the contents of a tree rooted at a document or element
 node</sentence></comment><params><param fulltype="net.sf.saxon.om.NodeInfo" name="node" type="NodeInfo"><body><div>the node to be read. This must be a document or element node</div></body></param></params></method><method fulltype="boolean" id="hasName" type="boolean" visibility="public"/><method fulltype="boolean" id="hasNext" type="boolean" visibility="public"><exceptions><exception fulltype="javax.xml.stream.XMLStreamException" id="XMLStreamException"/></exceptions></method><method fulltype="boolean" id="hasText" type="boolean" visibility="public"/><method fulltype="boolean" id="isAttributeSpecified" type="boolean" visibility="public"><params><param fulltype="int" name="i" type="int"/></params></method><method fulltype="boolean" id="isCharacters" type="boolean" visibility="public"/><method fulltype="boolean" id="isEndElement" type="boolean" visibility="public"/><method fulltype="boolean" id="isStandalone" type="boolean" visibility="public"/><method fulltype="boolean" id="isStartElement" type="boolean" visibility="public"/><method fulltype="boolean" id="isWhiteSpace" type="boolean" visibility="public"/><method fulltype="int" id="next" type="int" visibility="public"><exceptions><exception fulltype="javax.xml.stream.XMLStreamException" id="XMLStreamException"/></exceptions></method><method fulltype="int" id="nextTag" type="int" visibility="public"><exceptions><exception fulltype="javax.xml.stream.XMLStreamException" id="XMLStreamException"/></exceptions></method><method fulltype="void" id="require" type="void" visibility="public"><params><param fulltype="int" name="event" type="int"/><param fulltype="java.lang.String" name="uri" type="String"/><param fulltype="java.lang.String" name="local" type="String"/></params><exceptions><exception fulltype="javax.xml.stream.XMLStreamException" id="XMLStreamException"/></exceptions></method><method fulltype="boolean" id="standaloneSet" type="boolean" visibility="public"/></methods><class id="PullToStax.SourceStreamLocation" fulltype="com.saxonica.xqj.pull.PullToStax.SourceStreamLocation" static="true" superclass="Object" superclassfulltype="java.lang.Object" visibility="public"><implements><interface fulltype="javax.xml.stream.Location" type="Location"/></implements><comment><sentence>Bridge a SAX SourceLocator to a javax.xml.stream.Location</sentence></comment><fields/><methods><constructor id="SourceStreamLocation" visibility="public"><comment><sentence>Create a StAX SourceStreamLocation object based on a given SAX SourceLocator</sentence></comment><params><param fulltype="net.sf.saxon.s9api.Location" name="locator" type="Location"><body><div>the SAX SourceLocator</div></body></param></params></constructor><method fulltype="int" id="getCharacterOffset" type="int" visibility="public"/><method fulltype="int" id="getColumnNumber" type="int" visibility="public"/><method fulltype="int" id="getLineNumber" type="int" visibility="public"/><method fulltype="java.lang.String" id="getPublicId" type="String" visibility="public"/><method fulltype="java.lang.String" id="getSystemId" type="String" visibility="public"/></methods></class></class><class id="PullTracer" fulltype="com.saxonica.xqj.pull.PullTracer" superclass="PullFilter" superclassfulltype="net.sf.saxon.pull.PullFilter" visibility="public"><extends><inherits><interface fulltype="net.sf.saxon.pull.PullProvider" type="PullProvider"/></inherits><interface fulltype="net.sf.saxon.pull.PullFilter" type="PullFilter"/></extends><comment><body><div>PullTracer is a PullFilter that can be inserted into a pull pipeline for diagnostic purposes. It traces
 all the events as they are read, writing details to System.err</div></body><sentence>PullTracer is a PullFilter that can be inserted into a pull pipeline for diagnostic purposes.</sentence></comment><fields/><methods><constructor id="PullTracer" visibility="public"><comment><sentence>Create a PullTracer</sentence></comment><params><param fulltype="net.sf.saxon.pull.PullProvider" name="base" type="PullProvider"><body><div>the PullProvider to which requests are to be passed</div></body></param></params></constructor><method fulltype="net.sf.saxon.pull.PullEvent" id="next" type="PullEvent" visibility="public"><comment><body><div>Get the next event. This implementation gets the next event from the underlying PullProvider,
 copies it to the branch Receiver, and then returns the event to the caller.</div></body><sentence>Get the next event.</sentence><return><body><div>an integer code indicating the type of event. The code
         <tag kind="code">END_OF_INPUT</tag> is returned at the end of the sequence.</div></body></return></comment><override-of fulltype="net.sf.saxon.pull.PullFilter" method="next()" type="PullFilter"/><exceptions><exception fulltype="net.sf.saxon.trans.XPathException" id="XPathException"/></exceptions></method></methods></class><class id="TreeWalker" fulltype="com.saxonica.xqj.pull.TreeWalker" superclass="Object" superclassfulltype="java.lang.Object" visibility="public"><implements><interface fulltype="net.sf.saxon.pull.UnfailingPullProvider" type="UnfailingPullProvider"/><interface fulltype="net.sf.saxon.s9api.Location" type="Location"/></implements><comment><body><div>This implementation of the Saxon pull interface starts from any NodeInfo,
 and returns the events corresponding to that node and its descendants (including
 their attributes and namespaces). This works with any tree model: alternative
 implementations may be available that take advantage of particular implementations
 of the tree model.</div></body><sentence>This implementation of the Saxon pull interface starts from any NodeInfo,
 and returns the events corresponding to that node and its descendants (including
 their attributes and namespaces).</sentence></comment><fields/><methods><method fulltype="void" id="close" type="void" visibility="public"><comment><body><div>Close the event reader. This indicates that no further events are required.
 It is not necessary to close an event reader after <tag kind="see">net.sf.saxon.pull.PullEvent#END_OF_INPUT</tag> has
 been reported, but it is recommended to close it if reading terminates
 prematurely. Once an event reader has been closed, the effect of further
 calls on next() is undefined.</div></body><sentence>Close the event reader.</sentence></comment></method><method fulltype="net.sf.saxon.pull.PullEvent" id="current" type="PullEvent" visibility="public"><comment><body><div>Get the event most recently returned by next(), or by other calls that change
 the position, for example getStringValue() and skipToMatchingEnd(). This
 method does not change the position of the PullProvider.</div></body><sentence>Get the event most recently returned by next(), or by other calls that change
 the position, for example getStringValue() and skipToMatchingEnd().</sentence><return><body><div>the current event</div></body></return></comment></method><method fulltype="net.sf.saxon.value.AtomicValue" id="getAtomicValue" type="AtomicValue" visibility="public"><comment><body><div>Get an atomic value. This call may be used only when the last event reported was
 ATOMIC_VALUE. This indicates that the PullProvider is reading a sequence that contains
 a free-standing atomic value; it is never used when reading the content of a node.</div></body><sentence>Get an atomic value.</sentence></comment></method><method fulltype="net.sf.saxon.om.AttributeMap" id="getAttributes" type="AttributeMap" visibility="public"><comment><body><div>Get the attributes associated with the current element. This method must
 be called only after a START_ELEMENT event has been notified. The contents
 of the returned AttributeMap are immutable.
 <p>Attributes may be read before or after reading the namespaces of an element,
 but must not be read after the first child node has been read, or after calling
 one of the methods skipToEnd(), getStringValue(), or getTypedValue().</p></div></body><sentence>Get the attributes associated with the current element.</sentence><return><body><div>an AttributeMap representing the attributes of the element
         that has just been notified.</div></body></return></comment></method><method fulltype="int" id="getColumnNumber" type="int" visibility="public"><comment><body><div>Return the character position where the current document event ends.
 <p><strong>Warning:</strong> The return value from the method
 is intended only as an approximation for the sake of error
 reporting; it is not intended to provide sufficient information
 to edit the character content of the original XML document.</p>
 <p>The return value is an approximation of the column number
 in the document entity or external parsed entity where the
 markup that triggered the event appears.</p></div></body><sentence>Return the character position where the current document event ends.</sentence><return><body><div>The column number, or -1 if none is available.</div></body></return><attribute name="@see" see="java">#getLineNumber</attribute></comment></method><method fulltype="int" id="getLineNumber" type="int" visibility="public"><comment><body><div>Return the line number where the current document event ends.
 <p><strong>Warning:</strong> The return value from the method
 is intended only as an approximation for the sake of error
 reporting; it is not intended to provide sufficient information
 to edit the character content of the original XML document.</p>
 <p>The return value is an approximation of the line number
 in the document entity or external parsed entity where the
 markup that triggered the event appears.</p></div></body><sentence>Return the line number where the current document event ends.</sentence><return><body><div>The line number, or -1 if none is available.</div></body></return><attribute name="@see" see="java">#getColumnNumber</attribute></comment></method><method fulltype="net.sf.saxon.om.NamePool" id="getNamePool" type="NamePool" visibility="public"><comment><sentence>Get the namePool used to lookup all name codes and namespace codes</sentence><return><body><div>the namePool</div></body></return></comment></method><method fulltype="net.sf.saxon.om.NamespaceBinding[]" id="getNamespaceDeclarations" type="NamespaceBinding[]" visibility="public"><comment><body><div>Get the namespace declarations associated with the current element. This method must
 be called only after a START_ELEMENT event has been notified. In the case of a top-level
 START_ELEMENT event (that is, an element that either has no parent node, or whose parent
 is not included in the sequence being read), the NamespaceDeclarations object returned
 will contain a namespace declaration for each namespace that is in-scope for this element
 node. In the case of a non-top-level element, the NamespaceDeclarations will contain
 a set of namespace declarations and undeclarations, representing the differences between
 this element and its parent.
 <p>It is permissible for this method to return namespace declarations that are redundant.</p>
 <p>The NamespaceDeclarations object is guaranteed to remain unchanged until the next START_ELEMENT
 event, but may then be overwritten. The object should not be modified by the client.</p>
 <p>Namespaces may be read before or after reading the attributes of an element,
 but must not be read after the first child node has been read, or after calling
 one of the methods skipToEnd(), getStringValue(), or getTypedValue().</p></div></body><sentence>Get the namespace declarations associated with the current element.</sentence></comment></method><method fulltype="net.sf.saxon.om.NodeName" id="getNodeName" type="NodeName" visibility="public"><comment><body><div>Get the NodeName identifying the name of the current node. This method
 can be used after the <tag kind="see">net.sf.saxon.pull.PullEvent#START_ELEMENT</tag>, <tag kind="see">net.sf.saxon.pull.PullEvent#PROCESSING_INSTRUCTION</tag>,
 <tag kind="see">net.sf.saxon.pull.PullEvent#ATTRIBUTE</tag>, or <tag kind="see">net.sf.saxon.pull.PullEvent#NAMESPACE</tag> events. With some PullProvider implementations,
 it can also be used after <tag kind="see">net.sf.saxon.pull.PullEvent#END_ELEMENT</tag>, but this is not guaranteed: a client who
 requires the information at that point (for example, to do serialization) should insert an
 <tag kind="see">com.saxonica.xqj.pull.ElementNameTracker</tag> into the pipeline.
 If called at other times, the result is undefined and may result in an IllegalStateException.
 If called when the current node is an unnamed namespace node (a node representing the default namespace)
 the returned value is null.</div></body><sentence>Get the NodeName identifying the name of the current node.</sentence><return><body><div>the NodeName. The NodeName can be used to obtain the prefix, local name,
 and namespace URI.</div></body></return></comment></method><method fulltype="net.sf.saxon.event.PipelineConfiguration" id="getPipelineConfiguration" type="PipelineConfiguration" visibility="public"><comment><sentence>Get configuration information.</sentence></comment></method><method fulltype="java.lang.String" id="getPublicId" type="String" visibility="public"><comment><body><div>Return the public identifier for the current document event.
 <p>The return value is the public identifier of the document
 entity or of the external parsed entity in which the markup that
 triggered the event appears.</p></div></body><sentence>Return the public identifier for the current document event.</sentence><return><body><div>A string containing the public identifier, or
         null if none is available.</div></body></return><attribute name="@see" see="java">#getSystemId</attribute></comment></method><method fulltype="net.sf.saxon.type.SchemaType" id="getSchemaType" type="SchemaType" visibility="public"><comment><body><div>Get the type annotation of the current attribute or element node, or atomic value.
 The result of this method is undefined unless the most recent event was START_ELEMENT,
 START_CONTENT, ATTRIBUTE, or ATOMIC_VALUE.</div></body><sentence>Get the type annotation of the current attribute or element node, or atomic value.</sentence><return><body><div>the type code.</div></body></return></comment></method><method fulltype="net.sf.saxon.s9api.Location" id="getSourceLocator" type="Location" visibility="public"><comment><body><div>Get the location of the current event.
 For an event stream representing a real document, the location information
 should identify the location in the lexical XML source. For a constructed document, it should
 identify the location in the query or stylesheet that caused the node to be created.
 A value of null can be returned if no location information is available.</div></body><sentence>Get the location of the current event.</sentence></comment></method><method fulltype="net.sf.saxon.str.UnicodeString" id="getStringValue" type="UnicodeString" visibility="public"><comment><body><div>Get the string value of the current attribute, text node, processing-instruction,
 or atomic value.
 This method cannot be used to obtain the string value of an element, or of a namespace
 node. If the most recent event was anything other than <tag kind="see">net.sf.saxon.pull.PullEvent#START_ELEMENT</tag>, <tag kind="see">net.sf.saxon.pull.PullEvent#TEXT</tag>,
 <tag kind="see">net.sf.saxon.pull.PullEvent#PROCESSING_INSTRUCTION</tag>, or <tag kind="see">net.sf.saxon.pull.PullEvent#ATOMIC_VALUE</tag>, the result is undefined.</div></body><sentence>Get the string value of the current attribute, text node, processing-instruction,
 or atomic value.</sentence><return><body><div>the string value of the current node, if defined</div></body></return></comment></method><method fulltype="java.lang.String" id="getSystemId" type="String" visibility="public"><comment><body><div>Return the system identifier for the current document event.
 <p>The return value is the system identifier of the document
 entity or of the external parsed entity in which the markup that
 triggered the event appears.</p>
 <p>If the system identifier is a URL, the parser must resolve it
 fully before passing it to the application.</p></div></body><sentence>Return the system identifier for the current document event.</sentence><return><body><div>A string containing the system identifier, or null
         if none is available.</div></body></return><attribute name="@see" see="java">#getPublicId</attribute></comment></method><method fulltype="java.util.List" id="getUnparsedEntities" type="List" visibility="public"><type fulltype="net.sf.saxon.pull.UnparsedEntity" type="UnparsedEntity"/><comment><sentence>Get a list of unparsed entities.</sentence><return><body><div>a list of unparsed entities, or null if the information is not available, or
         an empty list if there are no unparsed entities.</div></body></return></comment></method><method fulltype="net.sf.saxon.pull.UnfailingPullProvider" id="makeTreeWalker" static="true" type="UnfailingPullProvider" visibility="public"><comment><sentence>Factory method to get a tree walker starting an a given node</sentence><return><body><div>a PullProvider that delivers events associated with the subtree starting at the given node</div></body></return></comment><params><param fulltype="net.sf.saxon.om.NodeInfo" name="startNode" type="NodeInfo"><body><div>the start node</div></body></param></params></method><method fulltype="net.sf.saxon.pull.PullEvent" id="next" type="PullEvent" visibility="public"><comment><sentence>Get the next event</sentence><return><body><div>an Event object indicating the type of event. The code
         <tag kind="see">net.sf.saxon.pull.PullEvent#END_OF_INPUT</tag> is returned if there are no more events to return.</div></body></return></comment><exceptions><exception fulltype="net.sf.saxon.trans.XPathException" id="XPathException"/></exceptions></method><method fulltype="net.sf.saxon.s9api.Location" id="saveLocation" type="Location" visibility="public"><comment><body><div>Get an immutable copy of this Location object. By default Location objects may be mutable, so they
 should not be saved for later use. The result of this operation holds the same location information,
 but in an immutable form.</div></body><sentence>Get an immutable copy of this Location object.</sentence></comment></method><method fulltype="void" id="setPipelineConfiguration" type="void" visibility="public"><comment><body><div>Set configuration information. This must only be called before any events
 have been read.</div></body><sentence>Set configuration information.</sentence></comment><params><param fulltype="net.sf.saxon.event.PipelineConfiguration" name="pipe" type="PipelineConfiguration"/></params></method><method fulltype="net.sf.saxon.pull.PullEvent" id="skipToMatchingEnd" type="PullEvent" visibility="public"><comment><body><div>Skip the current subtree. This method may be called only immediately after
 a START_DOCUMENT or START_ELEMENT event. This call returns the matching
 END_DOCUMENT or END_ELEMENT event; the next call on next() will return
 the event following the END_DOCUMENT or END_ELEMENT.</div></body><sentence>Skip the current subtree.</sentence></comment></method></methods></class></package>