<?xml version="1.0" encoding="UTF-8"?><package id="com.saxonica.ee.extfn"><class id="CompileXPath" fulltype="com.saxonica.ee.extfn.CompileXPath" superclass="SystemFunction" superclassfulltype="net.sf.saxon.functions.SystemFunction" visibility="public"><extends><interface fulltype="net.sf.saxon.functions.SystemFunction" type="SystemFunction"><extends><inherits><interface fulltype="net.sf.saxon.om.Function" type="Function"/></inherits><interface fulltype="net.sf.saxon.functions.AbstractFunction" type="AbstractFunction"/></extends></interface></extends><comment><body><div>This class implements the saxon:compile-XPath() extension function,
 which is specially-recognized by the system because it needs access
 to parts of the static context.
 <p>The compile-XPath() extension function compiles an XPath expression to a SEF
 representation. It was originally defined for Saxon-JS to allow free-standing compilation
 and execution of dynamic XPath expressions in the browser; this is a back-port to
 Saxon-Java so that the same code can be executed in either environment, which
 facilitates testing.</p></div></body><sentence>This class implements the saxon:compile-XPath() extension function,
 which is specially-recognized by the system because it needs access
 to parts of the static context.</sentence></comment><fields/><methods><constructor id="CompileXPath" visibility="public"/><method fulltype="net.sf.saxon.ma.map.MapItem" id="call" type="MapItem" visibility="public"><comment><sentence>Evaluate this function call at run-time</sentence><return><body><div>an iterator over the results of the function. If the result is a single item, it can be
 returned in the form of a <tag kind="see">net.sf.saxon.tree.iter.SingletonIterator</tag>. If the result is an empty sequence,
 the method should return <code>EmptyIterator.getInstance()</code></div></body></return></comment><params><param fulltype="net.sf.saxon.expr.XPathContext" name="context" type="XPathContext"><body><div>The XPath dynamic evaluation context</div></body></param><param fulltype="net.sf.saxon.om.Sequence[]" name="arguments" type="Sequence[]"><body><div>The values of the arguments to the function call. Each argument value (which is in general
                  a sequence) is supplied in the form of an iterator over the items in the sequence. If required, the
                  supplied sequence can be materialized by calling, for example, <code>new SequenceExtent(arguments[i])</code>.
                  If the argument is always a singleton, then the single item may be obtained by calling
                  <code>arguments[i].next()</code>. The implementation is not obliged to read all the items in each
                  <code>SequenceIterator</code> if they are not required to compute the result; but if any SequenceIterator is not read
                  to completion, it is good practice to call its close() method.</div></body></param></params><exceptions><exception fulltype="net.sf.saxon.trans.XPathException" id="XPathException"><sentence>XPathException if a dynamic error occurs during evaluation of the function.</sentence></exception></exceptions></method><method fulltype="net.sf.saxon.expr.Expression" id="make" static="true" type="Expression" visibility="public"><comment><body><div>Upgraded from ExpressionTool.make() to permit 'in-catch' conversion of error variables
 to calls on saxon:dynamic-error-info()
 <p>
 Parse an XPath expression. This performs the basic analysis of the expression against the
 grammar, it binds variable references and function calls to variable definitions and
 function definitions, and it performs context-independent expression rewriting for
 optimization purposes.</p></div></body><sentence>Upgraded from ExpressionTool.make() to permit 'in-catch' conversion of error variables
 to calls on saxon:dynamic-error-info()</sentence><return><body><div>an object of type Expression</div></body></return></comment><params><param fulltype="java.lang.String" name="expression" type="String"><body><div>The expression (as a character string)</div></body></param><param fulltype="net.sf.saxon.expr.StaticContext" name="env" type="StaticContext"><body><div>An object giving information about the compile-time
                     context of the expression</div></body></param><param fulltype="int" name="start" type="int"><body><div>position of the first significant character in the expression</div></body></param><param fulltype="int" name="terminator" type="int"><body><div>The token that marks the end of this expression; typically
                     Token.EOF, but may for example be a right curly brace</div></body></param><param fulltype="net.sf.saxon.expr.parser.CodeInjector" name="codeInjector" type="CodeInjector"><body><div>true  allows injection of tracing, debugging, or performance monitoring code; null if
                     not required</div></body></param><param fulltype="boolean" name="inCatch" type="boolean"><body><div>The Xpath is considered to be in the context of an xsl:catch</div></body></param></params><exceptions><exception fulltype="net.sf.saxon.trans.XPathException" id="XPathException"><sentence>XPathException if the expression contains a static error</sentence></exception></exceptions></method></methods></class><class id="ExperimentalSequenceTypeMarshaller" fulltype="com.saxonica.ee.extfn.ExperimentalSequenceTypeMarshaller" superclass="Object" superclassfulltype="java.lang.Object" visibility="public"><fields/><methods><constructor id="ExperimentalSequenceTypeMarshaller" visibility="public"/><method fulltype="void" id="main" static="true" type="void" visibility="public"><params><param fulltype="java.lang.String[]" name="args" type="String[]"/></params><exceptions><exception fulltype="java.lang.Exception" id="Exception"/></exceptions></method><method fulltype="net.sf.saxon.ma.map.MapItem" id="marshal" static="true" type="MapItem" visibility="public"><params><param fulltype="net.sf.saxon.value.StringValue" name="type" type="StringValue"/></params></method><method fulltype="net.sf.saxon.value.StringValue" id="unmarshal" static="true" type="StringValue" visibility="public"><params><param fulltype="net.sf.saxon.ma.map.MapItem" name="type" type="MapItem"/></params></method></methods></class><class id="ExperimentalXPathCompiler" fulltype="com.saxonica.ee.extfn.ExperimentalXPathCompiler" superclass="Object" superclassfulltype="java.lang.Object" visibility="public"><comment><body><div>This class provides support to the xslt-in-xslt compiler. The XSLT compiler obtains a single
 instance of the ExperimentalXPathCompiler for a compilation episode, initializes it with global
 context information that applies to the package-being-compiled as a whole, and then invokes its
 compileXPath() method to compile each XPath expression encountered.</div></body><sentence>This class provides support to the xslt-in-xslt compiler.</sentence></comment><fields/><methods><method fulltype="int" id="allocateSlots" static="true" type="int" visibility="public"><comment><body><div>Allocate slot numbers to range variables. This is a variant of <tag kind="see">net.sf.saxon.expr.parser.ExpressionTool#allocateSlots(Expression, int, SlotManager)</tag>,
 which takes into account that variable references may have no target binding, and that some
 variables will already have slot numbers.

 <p>This method is only concerned with allocating slot numbers to variables that are declared
 within the expression itself.</p></div></body><sentence>Allocate slot numbers to range variables.</sentence><return><body><div>the next unallocated slot number.</div></body></return></comment><params><param fulltype="net.sf.saxon.expr.Expression" name="exp" type="Expression"><body><div>the expression whose range variables need to have slot numbers assigned</div></body></param><param fulltype="int" name="nextFree" type="int"><body><div>the next slot number that is available for allocation</div></body></param><param fulltype="net.sf.saxon.expr.instruct.SlotManager" name="frame" type="SlotManager"><body><div>a SlotManager object that is used to track the mapping of slot numbers
                 to variable names for debugging purposes. May be null.</div></body></param></params></method><method fulltype="void" id="breakpoint" static="true" type="void" visibility="public"><comment><sentence>Method that can be called from the XSLT code to trigger a debugger breakpoint</sentence></comment><params><param fulltype="java.lang.String" name="s" type="String"><body><div>an identifying string</div></body></param></params></method><method fulltype="net.sf.saxon.ma.map.MapItem" id="compileXPath" type="MapItem" visibility="public"><comment><sentence>Compile an XPath expression on behalf of the XX XSLT compiler</sentence><return><body><div>a map representing the compiled expression, with two entries: "expr" for the SEF
 tree of the expression, and "type" for the static type of the expression.</div></body></return></comment><params><param fulltype="net.sf.saxon.expr.XPathContext" name="context" type="XPathContext"><body><div>the evaluation context</div></body></param><param fulltype="java.lang.String" name="exprText" type="String"><body><div>the text of the XPath expression</div></body></param><param fulltype="net.sf.saxon.om.NodeInfo" name="sefElement" type="NodeInfo"><body><div>the element node in the SEF tree containing the XPath expression</div></body></param><param fulltype="net.sf.saxon.ma.map.MapItem" name="localVariableMap" type="MapItem"><body><div>map containing information about local variables in the static context.
                         The key of the map is the name of the variable as a QName. The associated
                         value is a sequence of three items: the declaring element in the SEF
                         tree, the slot number, and the declared type of the variable.</div></body></param><param fulltype="net.sf.saxon.om.NodeInfo" name="nsAttribute" type="NodeInfo"><body><div>the nearest in-scope ns attribute, containing a whitespace-separated
                         list of prefix=uri namespace bindings</div></body></param></params><exceptions><exception fulltype="net.sf.saxon.trans.XPathException" id="XPathException"><sentence>XPathException if XPath parsing fails with a static error</sentence></exception></exceptions></method><method fulltype="net.sf.saxon.value.SequenceType" id="fromMap" static="true" type="SequenceType" visibility="public"><params><param fulltype="net.sf.saxon.ma.map.MapItem" name="typeAsMap" type="MapItem"/></params></method><method fulltype="com.saxonica.ee.extfn.ExperimentalXPathCompiler" id="make" static="true" type="ExperimentalXPathCompiler" visibility="public"><params><param fulltype="net.sf.saxon.expr.XPathContext" name="context" type="XPathContext"/><param fulltype="net.sf.saxon.ma.map.MapItem" name="globalFunctions" type="MapItem"/><param fulltype="net.sf.saxon.ma.map.MapItem" name="globalVariables" type="MapItem"/></params></method><method fulltype="net.sf.saxon.ma.map.MapItem" id="makeMap" static="true" type="MapItem" visibility="public"><params><param fulltype="net.sf.saxon.value.SequenceType" name="st" type="SequenceType"/></params></method><method fulltype="net.sf.saxon.ma.map.MapItem" id="parseSequenceType" static="true" type="MapItem" visibility="public"><comment><sentence>Parse a SequenceType</sentence></comment><params><param fulltype="net.sf.saxon.expr.XPathContext" name="context" type="XPathContext"/><param fulltype="java.lang.String" name="input" type="String"/><param fulltype="net.sf.saxon.om.NodeInfo" name="nsContext" type="NodeInfo"/><param fulltype="java.lang.String" name="xpathDefaultNamespace" type="String"/></params><exceptions><exception fulltype="net.sf.saxon.trans.XPathException" id="XPathException"/></exceptions></method><method fulltype="void" id="stackTrace" static="true" type="void" visibility="public"><comment><sentence>Method to output a stack trace</sentence></comment><params><param fulltype="net.sf.saxon.expr.XPathContext" name="context" type="XPathContext"/></params></method><method fulltype="com.saxonica.ee.extfn.ExperimentalXPathCompiler" id="withUniformStaticContext" type="ExperimentalXPathCompiler" visibility="public"><params><param fulltype="net.sf.saxon.expr.XPathContext" name="context" type="XPathContext"/><param fulltype="net.sf.saxon.om.NodeInfo" name="sefElement" type="NodeInfo"/><param fulltype="net.sf.saxon.om.NodeInfo" name="nsAttribute" type="NodeInfo"/></params></method></methods></class><class id="SchemaFn" fulltype="com.saxonica.ee.extfn.SchemaFn" superclass="SystemFunction" superclassfulltype="net.sf.saxon.functions.SystemFunction" visibility="public"><extends><interface fulltype="net.sf.saxon.functions.SystemFunction" type="SystemFunction"><extends><inherits><interface fulltype="net.sf.saxon.om.Function" type="Function"/></inherits><interface fulltype="net.sf.saxon.functions.AbstractFunction" type="AbstractFunction"/></extends></interface></extends><comment><body><div>This class implements the saxon:schema() extension function.
 <p>There are two forms:
 (a) saxon:schema() returns a function that can be called to get top-level schema information
 (b) saxon:schema(component-kind, name) returns a function that can be called to get information about
 a specific named schema component</p></div></body><sentence>This class implements the saxon:schema() extension function.</sentence></comment><fields/><methods><constructor id="SchemaFn" visibility="public"/><method fulltype="net.sf.saxon.om.Sequence" id="call" type="Sequence" visibility="public"><comment><sentence>Evaluate this function call at run-time</sentence><return><body><div>an iterator over the results of the function. If the result is a single item, it can be
 returned in the form of a <tag kind="see">net.sf.saxon.tree.iter.SingletonIterator</tag>. If the result is an empty sequence,
 the method should return <code>EmptyIterator.getInstance()</code></div></body></return></comment><params><param fulltype="net.sf.saxon.expr.XPathContext" name="context" type="XPathContext"><body><div>The XPath dynamic evaluation context</div></body></param><param fulltype="net.sf.saxon.om.Sequence[]" name="arguments" type="Sequence[]"><body><div>The values of the arguments to the function call. Each argument value (which is in general
                  a sequence) is supplied in the form of an iterator over the items in the sequence. If required, the
                  supplied sequence can be materialized by calling, for example, <code>new SequenceExtent(arguments[i])</code>.
                  If the argument is always a singleton, then the single item may be obtained by calling
                  <code>arguments[i].next()</code>. The implementation is not obliged to read all the items in each
                  <code>SequenceIterator</code> if they are not required to compute the result; but if any SequenceIterator is not read
                  to completion, it is good practice to call its close() method.</div></body></param></params><exceptions><exception fulltype="net.sf.saxon.trans.XPathException" id="XPathException"><sentence>net.sf.saxon.trans.XPathException if a dynamic error occurs during evaluation of the function.</sentence></exception></exceptions></method></methods></class><class id="SchemaTypeFn" fulltype="com.saxonica.ee.extfn.SchemaTypeFn" superclass="SystemFunction" superclassfulltype="net.sf.saxon.functions.SystemFunction" visibility="public"><extends><interface fulltype="net.sf.saxon.functions.SystemFunction" type="SystemFunction"><extends><inherits><interface fulltype="net.sf.saxon.om.Function" type="Function"/></inherits><interface fulltype="net.sf.saxon.functions.AbstractFunction" type="AbstractFunction"/></extends></interface></extends><comment><sentence>Extension function saxon:schema-type</sentence></comment><fields/><methods><constructor id="SchemaTypeFn" visibility="public"/><method fulltype="net.sf.saxon.om.Sequence" id="call" type="Sequence" visibility="public"><comment><sentence>Evaluate this function call at run-time</sentence><return><body><div>an iterator over the results of the function. If the result is a single item, it can be
 returned in the form of a <tag kind="see">net.sf.saxon.tree.iter.SingletonIterator</tag>. If the result is an empty sequence,
 the method should return <code>EmptyIterator.getInstance()</code></div></body></return></comment><params><param fulltype="net.sf.saxon.expr.XPathContext" name="context" type="XPathContext"><body><div>The XPath dynamic evaluation context</div></body></param><param fulltype="net.sf.saxon.om.Sequence[]" name="arguments" type="Sequence[]"><body><div>The values of the arguments to the function call. Each argument value (which is in general
                  a sequence) is supplied in the form of an iterator over the items in the sequence. If required, the
                  supplied sequence can be materialized by calling, for example, <code>new SequenceExtent(arguments[i])</code>.
                  If the argument is always a singleton, then the single item may be obtained by calling
                  <code>arguments[i].next()</code>. The implementation is not obliged to read all the items in each
                  <code>SequenceIterator</code> if they are not required to compute the result; but if any SequenceIterator is not read
                  to completion, it is good practice to call its close() method.</div></body></param></params><exceptions><exception fulltype="net.sf.saxon.trans.XPathException" id="XPathException"><sentence>net.sf.saxon.trans.XPathException if a dynamic error occurs during evaluation of the function.</sentence></exception></exceptions></method></methods></class><class id="StreamFn" fulltype="com.saxonica.ee.extfn.StreamFn" superclass="SystemFunction" superclassfulltype="net.sf.saxon.functions.SystemFunction" visibility="public"><extends><interface fulltype="net.sf.saxon.functions.SystemFunction" type="SystemFunction"><extends><inherits><interface fulltype="net.sf.saxon.om.Function" type="Function"/></inherits><interface fulltype="net.sf.saxon.functions.AbstractFunction" type="AbstractFunction"/></extends></interface></extends><comment><body><div>This class implements the saxon:stream() extension function.
 <p>This is a pseudo-function which translates at compile time into a streaming copy instruction</p></div></body><sentence>This class implements the saxon:stream() extension function.</sentence></comment><fields/><methods><constructor id="StreamFn" visibility="public"/><method fulltype="net.sf.saxon.om.Sequence" id="call" type="Sequence" visibility="public"><comment><sentence>Evaluate this function call at run-time</sentence><return><body><div>an iterator over the results of the function. If the result is a single item, it can be
 returned in the form of a <tag kind="see">net.sf.saxon.tree.iter.SingletonIterator</tag>. If the result is an empty sequence,
 the method should return <code>EmptyIterator.getInstance()</code></div></body></return></comment><params><param fulltype="net.sf.saxon.expr.XPathContext" name="context" type="XPathContext"><body><div>The XPath dynamic evaluation context</div></body></param><param fulltype="net.sf.saxon.om.Sequence[]" name="arguments" type="Sequence[]"><body><div>The values of the arguments to the function call. Each argument value (which is in general
                  a sequence) is supplied in the form of an iterator over the items in the sequence. If required, the
                  supplied sequence can be materialized by calling, for example, <code>new SequenceExtent(arguments[i])</code>.
                  If the argument is always a singleton, then the single item may be obtained by calling
                  <code>arguments[i].next()</code>. The implementation is not obliged to read all the items in each
                  <code>SequenceIterator</code> if they are not required to compute the result; but if any SequenceIterator is not read
                  to completion, it is good practice to call its close() method.</div></body></param></params><exceptions><exception fulltype="net.sf.saxon.trans.XPathException" id="XPathException"><sentence>net.sf.saxon.trans.XPathException if a dynamic error occurs during evaluation of the function.</sentence></exception></exceptions></method><method fulltype="net.sf.saxon.expr.Expression" id="makeFunctionCall" type="Expression" visibility="public"><comment><sentence>Make an expression that either calls this function, or that is equivalent to a call
 on this function</sentence><return><body><div>either a function call on this function, or an expression that delivers
 the same result</div></body></return></comment><override-of fulltype="net.sf.saxon.functions.SystemFunction" method="makeFunctionCall(net.sf.saxon.expr.Expression...)" type="SystemFunction"/><params><param fulltype="net.sf.saxon.expr.Expression[]" name="arguments" type="Expression[]"><body><div>the supplied arguments to the function call</div></body></param></params></method><method fulltype="net.sf.saxon.expr.Expression" id="makeOptimizedFunctionCall" type="Expression" visibility="public"><comment><sentence>Allow the function to create an optimized call based on the values of the actual arguments</sentence><return><body><div>either a function call on this function, or an expression that delivers
 the same result, or null indicating that no optimization has taken place</div></body></return></comment><override-of fulltype="net.sf.saxon.functions.SystemFunction" method="makeOptimizedFunctionCall(net.sf.saxon.expr.parser.ExpressionVisitor, net.sf.saxon.expr.parser.ContextItemStaticInfo, net.sf.saxon.expr.Expression...)" type="SystemFunction"/><params><param fulltype="net.sf.saxon.expr.parser.ExpressionVisitor" name="visitor" type="ExpressionVisitor"><body><div>the expression visitor</div></body></param><param fulltype="net.sf.saxon.expr.parser.ContextItemStaticInfo" name="contextInfo" type="ContextItemStaticInfo"><body><div>information about the context item</div></body></param><param fulltype="net.sf.saxon.expr.Expression[]" name="arguments" type="Expression[]"><body><div>the supplied arguments to the function call. Note: modifying the contents
                    of this array should not be attempted, it is likely to have no effect.</div></body></param></params><exceptions><exception fulltype="net.sf.saxon.trans.XPathException" id="XPathException"><sentence>XPathException if an error is detected</sentence></exception></exceptions></method></methods></class><class id="ValidateFn" fulltype="com.saxonica.ee.extfn.ValidateFn" superclass="SystemFunction" superclassfulltype="net.sf.saxon.functions.SystemFunction" visibility="public"><extends><interface fulltype="net.sf.saxon.functions.SystemFunction" type="SystemFunction"><extends><inherits><interface fulltype="net.sf.saxon.om.Function" type="Function"/></inherits><interface fulltype="net.sf.saxon.functions.AbstractFunction" type="AbstractFunction"/></extends></interface></extends><comment><body><div>This class implements the saxon:validate() extension function.
 <p>There are three arguments:
 (a) the node to be validated (element, document, or attribute)
 (b) (optional) a map containing validation options
 (c) (optional) a map containing validation parameters (values for saxon:param)</p>
 <p>The result of the function is a map containing the possible entries:
 (a) "valid: a boolean indicating whether validation succeeded
 (b) "node": the validated node, with type annotations (a copy of the original)
 (c) "errors": a list of error objects, each of which is a map with various
 entries holding details of the error</p></div></body><sentence>This class implements the saxon:validate() extension function.</sentence></comment><fields/><methods><constructor id="ValidateFn" visibility="public"/><method fulltype="net.sf.saxon.om.Sequence" id="call" type="Sequence" visibility="public"><comment><sentence>Evaluate this function call at run-time</sentence><return><body><div>the results of the function.</div></body></return></comment><params><param fulltype="net.sf.saxon.expr.XPathContext" name="context" type="XPathContext"><body><div>The XPath dynamic evaluation context</div></body></param><param fulltype="net.sf.saxon.om.Sequence[]" name="arguments" type="Sequence[]"><body><div>The values of the arguments to the function call. Each argument value (which is in general
                  a sequence) is supplied in the form of an iterator over the items in the sequence. If required, the
                  supplied sequence can be materialized by calling, for example, <code>new SequenceExtent(arguments[i])</code>.
                  If the argument is always a singleton, then the single item may be obtained by calling
                  <code>arguments[i].next()</code>. The implementation is not obliged to read all the items in each
                  <code>SequenceIterator</code> if they are not required to compute the result; but if any SequenceIterator is not read
                  to completion, it is good practice to call its close() method.</div></body></param></params><exceptions><exception fulltype="net.sf.saxon.trans.XPathException" id="XPathException"><sentence>net.sf.saxon.trans.XPathException if a dynamic error occurs during evaluation of the function.</sentence></exception></exceptions></method></methods></class><class id="VendorFunctionSetEE" fulltype="com.saxonica.ee.extfn.VendorFunctionSetEE" superclass="BuiltInFunctionSet" superclassfulltype="net.sf.saxon.functions.registry.BuiltInFunctionSet" visibility="public"><extends><inherits><interface fulltype="net.sf.saxon.functions.FunctionLibrary" type="FunctionLibrary"/></inherits><interface fulltype="net.sf.saxon.functions.registry.BuiltInFunctionSet" type="BuiltInFunctionSet"/></extends><comment><sentence>The VendorFunctionLibraryEE represents additions to the set of Saxon vendor-supplied
 extension functions that are available only with the Saxon-EE edition</sentence></comment><fields><field fulltype="com.saxonica.config.EnterpriseConfiguration" id="config" type="EnterpriseConfiguration" visibility="protected"/></fields><methods><constructor id="VendorFunctionSetEE" visibility="public"><params><param fulltype="com.saxonica.config.EnterpriseConfiguration" name="config" type="EnterpriseConfiguration"/></params></constructor><method fulltype="java.lang.String" id="getConventionalPrefix" type="String" visibility="public"><override-of fulltype="net.sf.saxon.functions.registry.BuiltInFunctionSet" method="getConventionalPrefix()" type="BuiltInFunctionSet"/></method><method fulltype="java.lang.String" id="getNamespace" type="String" visibility="public"><comment><sentence>Return the namespace URI for the functions local to this function set.</sentence><return><body><div>the namespace URI of the functions local to this function set.
 Note that functions imported from another function set may have a different
 namespace URI.</div></body></return></comment><override-of fulltype="net.sf.saxon.functions.registry.BuiltInFunctionSet" method="getNamespace()" type="BuiltInFunctionSet"/></method></methods></class></package>