<?xml version="1.0" encoding="UTF-8"?><package id="com.saxonica.xsltextn.pedigree"><class id="DelegatingArrayItem" abstract="true" fulltype="com.saxonica.xsltextn.pedigree.DelegatingArrayItem" superclass="AbstractArrayItem" superclassfulltype="net.sf.saxon.ma.arrays.AbstractArrayItem" visibility="public"><extends><interface fulltype="net.sf.saxon.ma.arrays.AbstractArrayItem" type="AbstractArrayItem"><extends><inherits><interface fulltype="net.sf.saxon.om.Function" type="Function"/></inherits><interface fulltype="net.sf.saxon.ma.arrays.ArrayItem" type="ArrayItem"/></extends></interface></extends><comment><body><div>A <code>DelegatingArrayItem</code> is an abstract class representing an array that
 is implemented by delegating all array-related functionality to a base class.
 Unless any methods are overridden, the functionality is identical to that
 of the wrapped array item.
 <p>Note that methods such as <tag kind="see">#put</tag> that create a new array will
 (unless overridden) simply delegate to the base array, and the new array will
 therefore not be a delegating array.</p></div></body><sentence>A DelegatingArrayItem is an abstract class representing an array that
 is implemented by delegating all array-related functionality to a base class.</sentence></comment><fields/><methods><constructor id="DelegatingArrayItem" visibility="public"><params><param fulltype="net.sf.saxon.ma.arrays.ArrayItem" name="base" type="ArrayItem"/></params></constructor><method fulltype="int" id="arrayLength" type="int" visibility="public"><override-of fulltype="net.sf.saxon.ma.arrays.ArrayItem" method="arrayLength()" type="ArrayItem"/></method><method fulltype="net.sf.saxon.ma.arrays.ArrayItem" id="concat" type="ArrayItem" visibility="public"><override-of fulltype="net.sf.saxon.ma.arrays.ArrayItem" method="concat(net.sf.saxon.ma.arrays.ArrayItem)" type="ArrayItem"/><params><param fulltype="net.sf.saxon.ma.arrays.ArrayItem" name="other" type="ArrayItem"/></params></method><method fulltype="net.sf.saxon.om.GroundedValue" id="get" type="GroundedValue" visibility="public"><override-of fulltype="net.sf.saxon.ma.arrays.ArrayItem" method="get(int)" type="ArrayItem"/><params><param fulltype="int" name="index" type="int"/></params></method><method fulltype="net.sf.saxon.ma.arrays.ArrayItem" id="getBaseItem" type="ArrayItem" visibility="public"/><method fulltype="net.sf.saxon.ma.arrays.ArrayItem" id="insert" type="ArrayItem" visibility="public"><override-of fulltype="net.sf.saxon.ma.arrays.ArrayItem" method="insert(int, net.sf.saxon.om.GroundedValue)" type="ArrayItem"/><params><param fulltype="int" name="position" type="int"/><param fulltype="net.sf.saxon.om.GroundedValue" name="member" type="GroundedValue"/></params></method><method fulltype="boolean" id="isEmpty" type="boolean" visibility="public"><override-of fulltype="net.sf.saxon.ma.arrays.ArrayItem" method="isEmpty()" type="ArrayItem"/></method><method fulltype="java.lang.Iterable" id="members" type="Iterable" visibility="public"><type fulltype="net.sf.saxon.om.GroundedValue" type="GroundedValue"/><override-of fulltype="net.sf.saxon.ma.arrays.ArrayItem" method="members()" type="ArrayItem"/></method><method fulltype="net.sf.saxon.ma.arrays.ArrayItem" id="put" type="ArrayItem" visibility="public"><override-of fulltype="net.sf.saxon.ma.arrays.ArrayItem" method="put(int, net.sf.saxon.om.GroundedValue)" type="ArrayItem"/><params><param fulltype="int" name="index" type="int"/><param fulltype="net.sf.saxon.om.GroundedValue" name="newValue" type="GroundedValue"/></params></method><method fulltype="net.sf.saxon.ma.arrays.ArrayItem" id="remove" type="ArrayItem" visibility="public"><override-of fulltype="net.sf.saxon.ma.arrays.ArrayItem" method="remove(int)" type="ArrayItem"/><params><param fulltype="int" name="index" type="int"/></params></method><method fulltype="net.sf.saxon.ma.arrays.ArrayItem" id="removeSeveral" type="ArrayItem" visibility="public"><override-of fulltype="net.sf.saxon.ma.arrays.ArrayItem" method="removeSeveral(net.sf.saxon.z.IntSet)" type="ArrayItem"/><params><param fulltype="net.sf.saxon.z.IntSet" name="positions" type="IntSet"/></params></method><method fulltype="net.sf.saxon.ma.arrays.ArrayItem" id="subArray" type="ArrayItem" visibility="public"><override-of fulltype="net.sf.saxon.ma.arrays.ArrayItem" method="subArray(int, int)" type="ArrayItem"/><params><param fulltype="int" name="start" type="int"/><param fulltype="int" name="end" type="int"/></params></method></methods><subclasses><class fulltype="com.saxonica.xsltextn.pedigree.PedigreeArrayItem" type="PedigreeArrayItem"/></subclasses></class><class id="DelegatingMapItem" abstract="true" fulltype="com.saxonica.xsltextn.pedigree.DelegatingMapItem" superclass="MapItem" superclassfulltype="net.sf.saxon.ma.map.MapItem" visibility="public"><extends><inherits><interface fulltype="net.sf.saxon.om.Function" type="Function"/></inherits><interface fulltype="net.sf.saxon.ma.map.MapItem" type="MapItem"/></extends><comment><body><div>A <code>DelegatingMapItem</code> is an abstract class representing a map that
 is implemented by delegating all map-related functionality to another map.
 Unless any methods are overridden, the functionality is identical to that
 of the wrapped map item.
 <p>Note that methods such as <tag kind="see">#addEntry</tag> that create a new map will
 (unless overridden) simply delegate to the base map, and the new map will
 therefore not be a delegating map.</p></div></body><sentence>A DelegatingMapItem is an abstract class representing a map that
 is implemented by delegating all map-related functionality to another map.</sentence></comment><fields/><methods><constructor id="DelegatingMapItem" visibility="public"><comment><sentence>Create a <code>DelegatingMapItem</code> that delegates all map-related access
 to a specified base map.</sentence></comment><params><param fulltype="net.sf.saxon.ma.map.MapItem" name="base" type="MapItem"><body><div>the map item to which this implementation delegates</div></body></param></params></constructor><method fulltype="net.sf.saxon.ma.map.MapItem" id="addEntry" type="MapItem" visibility="public"><override-of fulltype="net.sf.saxon.ma.map.MapItem" method="addEntry(net.sf.saxon.value.AtomicValue, net.sf.saxon.om.GroundedValue)" type="MapItem"/><params><param fulltype="net.sf.saxon.value.AtomicValue" name="key" type="AtomicValue"/><param fulltype="net.sf.saxon.om.GroundedValue" name="value" type="GroundedValue"/></params></method><method fulltype="boolean" id="conforms" type="boolean" visibility="public"><override-of fulltype="net.sf.saxon.ma.map.MapItem" method="conforms(net.sf.saxon.type.AtomicType, net.sf.saxon.value.SequenceType, net.sf.saxon.type.TypeHierarchy)" type="MapItem"/><params><param fulltype="net.sf.saxon.type.AtomicType" name="keyType" type="AtomicType"/><param fulltype="net.sf.saxon.value.SequenceType" name="valueType" type="SequenceType"/><param fulltype="net.sf.saxon.type.TypeHierarchy" name="th" type="TypeHierarchy"/></params></method><method fulltype="net.sf.saxon.om.GroundedValue" id="get" type="GroundedValue" visibility="public"><override-of fulltype="net.sf.saxon.ma.map.MapItem" method="get(net.sf.saxon.value.AtomicValue)" type="MapItem"/><params><param fulltype="net.sf.saxon.value.AtomicValue" name="key" type="AtomicValue"/></params></method><method fulltype="net.sf.saxon.ma.map.MapItem" id="getBaseItem" type="MapItem" visibility="public"/><method fulltype="net.sf.saxon.ma.map.MapType" id="getItemType" type="MapType" visibility="public"><override-of fulltype="net.sf.saxon.ma.map.MapItem" method="getItemType(net.sf.saxon.type.TypeHierarchy)" type="MapItem"/><params><param fulltype="net.sf.saxon.type.TypeHierarchy" name="th" type="TypeHierarchy"/></params></method><method fulltype="net.sf.saxon.type.UType" id="getKeyUType" type="UType" visibility="public"><override-of fulltype="net.sf.saxon.ma.map.MapItem" method="getKeyUType()" type="MapItem"/></method><method fulltype="boolean" id="isEmpty" type="boolean" visibility="public"><override-of fulltype="net.sf.saxon.ma.map.MapItem" method="isEmpty()" type="MapItem"/></method><method fulltype="net.sf.saxon.tree.iter.AtomicIterator" id="keys" type="AtomicIterator" visibility="public"><override-of fulltype="net.sf.saxon.ma.map.MapItem" method="keys()" type="MapItem"/></method><method fulltype="java.lang.Iterable" id="keyValuePairs" type="Iterable" visibility="public"><type fulltype="net.sf.saxon.ma.map.KeyValuePair" type="KeyValuePair"/><override-of fulltype="net.sf.saxon.ma.map.MapItem" method="keyValuePairs()" type="MapItem"/></method><method fulltype="net.sf.saxon.ma.map.MapItem" id="remove" type="MapItem" visibility="public"><override-of fulltype="net.sf.saxon.ma.map.MapItem" method="remove(net.sf.saxon.value.AtomicValue)" type="MapItem"/><params><param fulltype="net.sf.saxon.value.AtomicValue" name="key" type="AtomicValue"/></params></method><method fulltype="int" id="size" type="int" visibility="public"><override-of fulltype="net.sf.saxon.ma.map.MapItem" method="size()" type="MapItem"/></method><method fulltype="java.lang.String" id="toString" type="String" visibility="public"><override-of fulltype="java.lang.Object" method="toString()" type="Object"/></method></methods><subclasses><class fulltype="com.saxonica.xsltextn.pedigree.PedigreeMapItem" type="PedigreeMapItem"/></subclasses></class><class id="Pedigree" fulltype="com.saxonica.xsltextn.pedigree.Pedigree" superclass="Object" superclassfulltype="java.lang.Object" visibility="public"><comment><body><div>A <code>Pedigree</code> is transient information relating to a map or array indicating
 the route by which it was reached; it thus compensates for the absence of parent
 pointers in a JSON-like tree, by allowing the steps used to reach a map or array
 in such a structure to be retraced.
 <p>A map or array that has a <tag kind="code">Pedigree</tag> is represented by a <tag kind="see">com.saxonica.xsltextn.pedigree.PedigreeValue</tag>,
 which is a combination of the map/array and the <tag kind="code">Pedigree</tag>. The <tag kind="code">Pedigree</tag>
 holds a reference to the "container" <tag kind="code">PedigreeValue</tag> from which this map or
 array was reached, and the key or index value within that container.</p>
 <p>Note that maps and arrays have no externally visible identity. It is not meaningful
 to ask whether the same map can be reached by two different routes, because there
 is no way to establish "sameness".</p>
 <p>A map or array will have a <tag kind="code">Pedigree</tag> if it is found by downwards selection
 from a map or array that itself has a <tag kind="code">Pedigree</tag>, or if it was explicitly
 created with a <tag kind="code">Pedigree</tag>.</p></div></body><sentence>A Pedigree is transient information relating to a map or array indicating
 the route by which it was reached; it thus compensates for the absence of parent
 pointers in a JSON-like tree, by allowing the steps used to reach a map or array
 in such a structure to be retraced.</sentence></comment><fields><field final="true" fulltype="com.saxonica.xsltextn.pedigree.Pedigree" id="PEDIGREE_ROOT" static="true" type="Pedigree" visibility="public"><comment><sentence>An empty <code>Pedigree</code>: that is, the <code>Pedigree</code> of a map or array that
 was created as the root of a pedigree tree.</sentence></comment></field></fields><methods><constructor id="Pedigree" visibility="public"><comment><sentence>Create a pedigree for a map or array obtained by selection
 from a map, using a key value</sentence></comment><params><param fulltype="com.saxonica.xsltextn.pedigree.PedigreeValue" name="container" type="PedigreeValue"><body><div>the containing map</div></body></param><param fulltype="net.sf.saxon.value.AtomicValue" name="key" type="AtomicValue"><body><div>the key value used to select an entry in the containing map</div></body></param></params></constructor><constructor id="Pedigree" visibility="public"><comment><sentence>Create a pedigree for a map or array obtained by selection
 from an array, using an index value as a subscript into the array</sentence></comment><params><param fulltype="com.saxonica.xsltextn.pedigree.PedigreeValue" name="container" type="PedigreeValue"><body><div>the containing map</div></body></param><param fulltype="int" name="index" type="int"><body><div>the zero-based index value used to select a member of the containing array</div></body></param></params></constructor><method fulltype="com.saxonica.xsltextn.pedigree.PedigreeValue" id="getContainer" type="PedigreeValue" visibility="public"><comment><sentence>Get the containing map or array</sentence><return><body><div>the containing map or array</div></body></return></comment></method><method fulltype="int" id="getIndex" type="int" visibility="public"><comment><sentence>Get the index if this item was obtained by selection from an array</sentence><return><body><div>the zero-based index if this item was obtained by selection from an array,
 otherwise -1.</div></body></return></comment></method><method fulltype="net.sf.saxon.value.AtomicValue" id="getKey" type="AtomicValue" visibility="public"><comment><sentence>Get the key if this item was obtained by selection from a map</sentence><return><body><div>the key if this item was obtained by selection from a map,
 otherwise null.</div></body></return></comment></method><method fulltype="net.sf.saxon.om.GroundedValue" id="makePedigreeValue" type="GroundedValue" visibility="public"><comment><sentence>Make a map or array that combines a supplied map or array with this pedigree</sentence><return><body><div>if the supplied value is a map or array, returns a map or array
 augmented with this pedigree. Otherwise, returns the supplied value unchanged.</div></body></return></comment><params><param fulltype="net.sf.saxon.om.GroundedValue" name="value" type="GroundedValue"><body><div>the supplied value</div></body></param></params></method></methods></class><class id="PedigreeArrayItem" fulltype="com.saxonica.xsltextn.pedigree.PedigreeArrayItem" superclass="DelegatingArrayItem" superclassfulltype="com.saxonica.xsltextn.pedigree.DelegatingArrayItem" visibility="public"><implements><interface fulltype="com.saxonica.xsltextn.pedigree.PedigreeValue" type="PedigreeValue"/></implements><extends><interface fulltype="com.saxonica.xsltextn.pedigree.DelegatingArrayItem" type="DelegatingArrayItem"><extends><interface fulltype="net.sf.saxon.ma.arrays.AbstractArrayItem" type="AbstractArrayItem"><extends><inherits><interface fulltype="net.sf.saxon.om.Function" type="Function"/></inherits><interface fulltype="net.sf.saxon.ma.arrays.ArrayItem" type="ArrayItem"/></extends></interface></extends></interface></extends><comment><sentence>A PedigreeArrayItem represents an XDM array together with a <tag kind="see">com.saxonica.xsltextn.pedigree.Pedigree</tag>:
 that is, retained information about how the array was selected with a JSON-like tree.</sentence></comment><fields/><methods><constructor id="PedigreeArrayItem" visibility="public"><comment><sentence>Create a PedigreeArrayItem with an empty pedigree</sentence></comment><params><param fulltype="net.sf.saxon.ma.arrays.ArrayItem" name="base" type="ArrayItem"><body><div>the underlying array item</div></body></param></params></constructor><constructor id="PedigreeArrayItem" visibility="public"><comment><sentence>Create a PedigreeArrayItem with a known pedigree</sentence></comment><params><param fulltype="net.sf.saxon.ma.arrays.ArrayItem" name="base" type="ArrayItem"><body><div>the underlying array item</div></body></param><param fulltype="com.saxonica.xsltextn.pedigree.Pedigree" name="pedigree" type="Pedigree"/></params></constructor><method fulltype="net.sf.saxon.om.GroundedValue" id="get" type="GroundedValue" visibility="public"><comment><sentence>Get the member of the array at a specified index, retaining information
 about how that member was selected</sentence><return><body><div>the requested array member, which will itself have a pedigree if it is
 a singleton map or array.</div></body></return></comment><override-of fulltype="com.saxonica.xsltextn.pedigree.DelegatingArrayItem" method="get(int)" type="DelegatingArrayItem"/><params><param fulltype="int" name="index" type="int"><body><div>the zero-based subscript of the selected member of the array</div></body></param></params></method><method fulltype="net.sf.saxon.ma.arrays.ArrayItem" id="getBaseItem" type="ArrayItem" visibility="public"><override-of fulltype="com.saxonica.xsltextn.pedigree.DelegatingArrayItem" method="getBaseItem()" type="DelegatingArrayItem"/></method><method fulltype="com.saxonica.xsltextn.pedigree.Pedigree" id="getPedigree" type="Pedigree" visibility="public"><comment><sentence>Get the pedigree of this array item, providing information as to how it was selected.</sentence><return><body><div>the pedigree of this array item</div></body></return></comment></method><method fulltype="java.lang.Iterable" id="members" type="Iterable" visibility="public"><type fulltype="net.sf.saxon.om.GroundedValue" type="GroundedValue"/><comment><sentence>Return the members of the array as an iterable collection</sentence><return><body><div>the members of the array as an iterable collection. Any members
 that are singleton maps or arrays will have a pedigree indicating
 how they were selected.</div></body></return></comment><override-of fulltype="com.saxonica.xsltextn.pedigree.DelegatingArrayItem" method="members()" type="DelegatingArrayItem"/></method><method fulltype="net.sf.saxon.ma.arrays.ArrayItem" id="remove" type="ArrayItem" visibility="public"><comment><sentence>Get all members of the array except that at a specified position, retaining information
 about how the remaining members were selected</sentence><return><body><div>the remaining array members, which will themselves have a pedigree (indicating
 their original position in the original array) in the case of members that are singleton
 maps or arrays.</div></body></return></comment><override-of fulltype="com.saxonica.xsltextn.pedigree.DelegatingArrayItem" method="remove(int)" type="DelegatingArrayItem"/><params><param fulltype="int" name="index" type="int"><body><div>the zero-based subscript of the member of the array that is to be removed</div></body></param></params></method><method fulltype="net.sf.saxon.ma.arrays.ArrayItem" id="subArray" type="ArrayItem" visibility="public"><override-of fulltype="com.saxonica.xsltextn.pedigree.DelegatingArrayItem" method="subArray(int, int)" type="DelegatingArrayItem"/><params><param fulltype="int" name="start" type="int"/><param fulltype="int" name="end" type="int"/></params></method></methods></class><class id="PedigreeMapItem" fulltype="com.saxonica.xsltextn.pedigree.PedigreeMapItem" superclass="DelegatingMapItem" superclassfulltype="com.saxonica.xsltextn.pedigree.DelegatingMapItem" visibility="public"><implements><interface fulltype="com.saxonica.xsltextn.pedigree.PedigreeValue" type="PedigreeValue"/></implements><extends><interface fulltype="com.saxonica.xsltextn.pedigree.DelegatingMapItem" type="DelegatingMapItem"><extends><inherits><interface fulltype="net.sf.saxon.om.Function" type="Function"/></inherits><interface fulltype="net.sf.saxon.ma.map.MapItem" type="MapItem"/></extends></interface></extends><comment><sentence>A PedigreeMapItem represents an XDM map together with a <tag kind="see">com.saxonica.xsltextn.pedigree.Pedigree</tag>:
 that is, retained information about how the map was selected within a JSON-like tree.</sentence></comment><fields/><methods><constructor id="PedigreeMapItem" visibility="public"><comment><sentence>Create a PedigreeMapItem with an empty pedigree</sentence></comment><params><param fulltype="net.sf.saxon.ma.map.MapItem" name="base" type="MapItem"><body><div>the underlying map item</div></body></param></params></constructor><constructor id="PedigreeMapItem" visibility="public"><comment><sentence>Create a PedigreeMapItem with a known pedigree</sentence></comment><params><param fulltype="net.sf.saxon.ma.map.MapItem" name="base" type="MapItem"><body><div>the underlying array item</div></body></param><param fulltype="com.saxonica.xsltextn.pedigree.Pedigree" name="pedigree" type="Pedigree"/></params></constructor><method fulltype="net.sf.saxon.om.GroundedValue" id="get" type="GroundedValue" visibility="public"><comment><sentence>Get the value of the entry in the map with a specified key, retaining information
 about how that value was selected</sentence><return><body><div>the corresponding value, which will itself have a pedigree if it is
 a singleton map or array; or null if there is no entry with this key</div></body></return></comment><override-of fulltype="com.saxonica.xsltextn.pedigree.DelegatingMapItem" method="get(net.sf.saxon.value.AtomicValue)" type="DelegatingMapItem"/><params><param fulltype="net.sf.saxon.value.AtomicValue" name="key" type="AtomicValue"><body><div>the key of the required entry</div></body></param></params></method><method fulltype="com.saxonica.xsltextn.pedigree.Pedigree" id="getPedigree" type="Pedigree" visibility="public"><comment><sentence>Get the pedigree of this map item, providing information as to how it was selected.</sentence><return><body><div>the pedigree of this map item</div></body></return></comment></method><method fulltype="java.lang.Iterable" id="keyValuePairs" type="Iterable" visibility="public"><type fulltype="net.sf.saxon.ma.map.KeyValuePair" type="KeyValuePair"/><comment><sentence>Get an iterable collection of key-value pairs representing the entries
 in this map; any entry whose value is a singleton array or map will
 itself have a pedigree indicating how it was selected</sentence><return><body><div>the entries in this map as an iterable collection</div></body></return></comment><override-of fulltype="com.saxonica.xsltextn.pedigree.DelegatingMapItem" method="keyValuePairs()" type="DelegatingMapItem"/></method></methods></class><class id="PedigreeValue" abstract="true" fulltype="com.saxonica.xsltextn.pedigree.PedigreeValue" interface="true" visibility="public"><comment><body><div>A <code>PedigreeValue</code> is a map or array together with a <tag kind="see">com.saxonica.xsltextn.pedigree.Pedigree</tag>
 indicating how that map or array was selected within a JSON-like tree structure.
 <p>The <tag kind="code">PedigreeValue</tag> delegates all map and array operations to the wrapped
 map or array (called the base item), and in addition offers the ability to
 retrace the selection steps to establish the containing maps or arrays in the
 tree.</p></div></body><sentence>A PedigreeValue is a map or array together with a <tag kind="see">com.saxonica.xsltextn.pedigree.Pedigree</tag>
 indicating how that map or array was selected within a JSON-like tree structure.</sentence></comment><fields/><methods><method fulltype="com.saxonica.xsltextn.pedigree.PedigreeValue" id="getOrigin" type="PedigreeValue" visibility="public"><comment><sentence>Get the root of the pedigree tree: that is, retrace the steps used to select this
 map or array until a map or array with an empty <code>Pedigree</code> is found.</sentence><return><body><div>the root of the pedigree tree.</div></body></return></comment></method><method abstract="true" fulltype="com.saxonica.xsltextn.pedigree.Pedigree" id="getPedigree" type="Pedigree" visibility="public"><comment><sentence>Get the <code>Pedigree</code> of this value, that is, information about
 the containing maps and arrays in the containing tree</sentence><return><body><div>the associated <tag kind="code">Pedigree</tag>.</div></body></return></comment></method></methods><implemented-by><class fulltype="com.saxonica.xsltextn.pedigree.PedigreeArrayItem" type="PedigreeArrayItem"/><class fulltype="com.saxonica.xsltextn.pedigree.PedigreeMapItem" type="PedigreeMapItem"/></implemented-by></class></package>