<?xml version="1.0" encoding="UTF-8"?><package id="com.saxonica.ee.schema.fsa"><class id="AutomatonState" abstract="true" fulltype="com.saxonica.ee.schema.fsa.AutomatonState" superclass="Object" superclassfulltype="java.lang.Object" visibility="public"><implements><interface fulltype="com.saxonica.ee.schema.fsa.State" type="State"/></implements><comment><body><div>Defines a state of a finite state machine used when validating an instance against
 a complex type. Each State knows about the possible
 transitions to other states, and knows whether it is a final state. The initial
 state is referenced from the FiniteStateMachine object, which is itself a property
 of the UserComplexType against which validation is being performed.
 <p>This class is designed for internal use only.</p></div></body><sentence>Defines a state of a finite state machine used when validating an instance against
 a complex type.</sentence></comment><fields><field final="true" fulltype="com.saxonica.ee.schema.fsa.Edge[]" id="EMPTY_EDGE_ARRAY" static="true" type="Edge" visibility="public"/><field fulltype="com.saxonica.ee.schema.fsa.Edge[]" id="wildcardEdges" type="Edge" visibility="protected"/></fields><methods><constructor id="AutomatonState" visibility="public"><comment><sentence>Create a new state</sentence></comment><params><param fulltype="com.saxonica.ee.schema.fsa.FiniteStateMachine" name="machine" type="FiniteStateMachine"><body><div>the finite state machine to which this State belongs</div></body></param></params></constructor><method fulltype="void" id="addSpecificTransition" type="void" visibility="public"><comment><body><div>Add a specific transition from this state to another state. This
 transition accepts a specific element name only.</div></body><sentence>Add a specific transition from this state to another state.</sentence></comment><params><param fulltype="com.saxonica.ee.schema.fsa.Edge" name="edge" type="Edge"><body><div>the transition to be added</div></body></param><param fulltype="com.saxonica.ee.schema.SchemaCompiler" name="compiler" type="SchemaCompiler"><body><div>the schema compiler</div></body></param></params><exceptions><exception fulltype="net.sf.saxon.type.SchemaException" id="SchemaException"><sentence>SchemaException if there are two transitions for the same element
                         declaration, that is, if the content model is ambiguous</sentence></exception></exceptions></method><method fulltype="void" id="addWildcardTransition" type="void" visibility="public"><comment><sentence>Add a wildcard transition from this state to another state.</sentence></comment><params><param fulltype="com.saxonica.ee.schema.SchemaCompiler" name="compiler" type="SchemaCompiler"><body><div>the schema compiler</div></body></param><param fulltype="com.saxonica.ee.schema.fsa.Edge" name="transition" type="Edge"><body><div>the edge representing the transition</div></body></param></params><exceptions><exception fulltype="net.sf.saxon.type.SchemaException" id="SchemaException"><sentence>net.sf.saxon.type.SchemaException
          if the transition cannot be added because
          it would generate an inconsistency</sentence></exception></exceptions></method><method fulltype="void" id="display" type="void" visibility="public"><comment><body><div>Display the finite state machine reachable from this state. This is a diagnostic method for
 internal use. Output is written to System.err. At present, wildcard transitions are not shown.</div></body><sentence>Display the finite state machine reachable from this state.</sentence></comment><params><param fulltype="java.util.HashMap" name="map" type="HashMap"><type fulltype="com.saxonica.ee.schema.fsa.AutomatonState" type="AutomatonState"/><type fulltype="java.lang.Integer" type="Integer"/><body><div>a Hashmap mapping states already processed to the integer values used to represent that state.
            The method should be called initially with an empty map.</div></body></param></params></method><method fulltype="void" id="displayLambdaTransitions" type="void" visibility="public"><comment><sentence>Display the lambda transitions available from this state</sentence></comment></method><method fulltype="void" id="displayState" type="void" visibility="public"><comment><body><div>Display the finite state machine reachable from this state. This is a diagnostic method for
 internal use. Output is written to System.err. At present, wildcard transitions are not shown.</div></body><sentence>Display the finite state machine reachable from this state.</sentence></comment><params><param fulltype="net.sf.saxon.lib.Logger" name="err" type="Logger"><body><div>the output destination destination</div></body></param></params></method><method fulltype="java.lang.Iterable" id="getEdges" type="Iterable" visibility="public"><type fulltype="com.saxonica.ee.schema.fsa.Edge" type="Edge"/><comment><sentence>Get an iterator over all the transitions (edges) allowed from this state</sentence><return><body><div>an Iterator over all the edges from this state. The objects
         returned by this Iterator are <tag kind="see">com.saxonica.ee.schema.fsa.Edge[]</tag> objects.</div></body></return></comment></method><method fulltype="com.saxonica.ee.schema.fsa.Edge" id="getMaxTransition" type="Edge" visibility="public"><comment><sentence>Get the transition to be used when the maxOccurs value is reached for a counting state.</sentence><return><body><div>the max transition if there is one, else null.</div></body></return></comment></method><method fulltype="int" id="getStateNumber" type="int" visibility="public"><comment><sentence>Get the state number</sentence><return><body><div>the state number</div></body></return></comment></method><method fulltype="com.saxonica.ee.schema.fsa.Edge" id="getTransition" type="Edge" visibility="public"><comment><sentence>Find the edge representing the transition from this state to another state, that is
 triggered by a given input token</sentence><return><body><div>the Edge representing the selected transition of the finite state machine,
         or null if this token is not accepted when in this State (which implies a validation error).</div></body></return></comment><params><param fulltype="int" name="token" type="int"><body><div>the input token, specifically the fingerprint of an element name</div></body></param><param fulltype="com.saxonica.ee.schema.UserComplexType" name="type" type="UserComplexType"><body><div>the complex type we are validating against</div></body></param></params></method><method fulltype="com.saxonica.ee.schema.fsa.Edge[]" id="getWildcardEdges" type="Edge[]" visibility="public"><comment><sentence>Get an iterator over the wildcard transitions (edges) allowed from this state.</sentence><return><body><div>an Iterator over the edges that represent element wildcards. The objects
         returned by this Iterator are <tag kind="see">com.saxonica.ee.schema.fsa.Edge[]</tag> objects.</div></body></return></comment></method><method fulltype="boolean" id="isConditionallyFinalState" type="boolean" visibility="public"><comment><sentence>Test whether this state is a final state assuming the counter has reached its minimum value</sentence><return><body><div>true if this state is a final state when the minimum number of occurrences is reached</div></body></return></comment></method><method fulltype="boolean" id="isFinalState" type="boolean" visibility="public"><comment><sentence>Test whether this state is a final state</sentence><return><body><div>true if this is a final state</div></body></return></comment></method><method fulltype="java.lang.String" id="listAllowedElements" type="String" visibility="public"><comment><sentence>List the allowed elements in this state as a string, for use in error messages</sentence><return><body><div>the list of permitted elements as a string containing comma-separated element names</div></body></return></comment></method><method fulltype="boolean" id="requiresCounter" type="boolean" visibility="public"><comment><sentence>Ask whether this is a counting state</sentence><return><body><div>true if this state requires a counter to be maintained</div></body></return></comment></method><method fulltype="void" id="serialize" type="void" visibility="public"><comment><sentence>Serialize this state as part of the serialization of a schema component model</sentence></comment><params><param fulltype="com.saxonica.ee.schema.SchemaModelSerializer" name="serializer" type="SchemaModelSerializer"><body><div>used to output the model</div></body></param></params><exceptions><exception fulltype="net.sf.saxon.trans.XPathException" id="XPathException"><sentence>XPathException if any failure occurs</sentence></exception></exceptions></method><method fulltype="void" id="setFinalState" type="void" visibility="public"><comment><sentence>Set this state to be (or not to be) a final state</sentence></comment><params><param fulltype="boolean" name="finalState" type="boolean"><body><div>true if this state is final</div></body></param></params></method><method fulltype="void" id="setLimits" type="void" visibility="public"><comment><sentence>Set the counter limits</sentence></comment><params><param fulltype="int" name="min" type="int"><body><div>the minimum number of occurrences of counting edges before a non-counting edge is used</div></body></param><param fulltype="int" name="max" type="int"><body><div>the maximum number of occurrences of counting edges before a non-counting edge is used;
            the value -1 means unbounded</div></body></param></params></method><method fulltype="void" id="setMaxTransition" type="void" visibility="public"><comment><body><div>A counting state may have a special Edge that is used when the maxOccurs value is reached.
 This method sets this edge.</div></body><sentence>A counting state may have a special Edge that is used when the maxOccurs value is reached.</sentence></comment><params><param fulltype="com.saxonica.ee.schema.fsa.Edge" name="edge" type="Edge"><body><div>the transition to be used when the maxOccurs value is reached</div></body></param></params></method></methods><subclasses><class fulltype="com.saxonica.ee.schema.fsa.DeterminizedState" type="DeterminizedState"/><class fulltype="com.saxonica.ee.schema.fsa.NonDeterminizedState" type="NonDeterminizedState"/></subclasses></class><class id="CountingState" fulltype="com.saxonica.ee.schema.fsa.CountingState" superclass="Object" superclassfulltype="java.lang.Object" visibility="public"><implements><interface fulltype="com.saxonica.ee.schema.fsa.State" type="State"/></implements><comment><sentence>A counting state is a dynamic object representing the combination of an AutomatonState and a counter value</sentence></comment><fields/><methods><constructor id="CountingState" visibility="public"><params><param fulltype="com.saxonica.ee.schema.fsa.AutomatonState" name="as" type="AutomatonState"/><param fulltype="int" name="startFrom" type="int"/></params></constructor><method fulltype="boolean" id="equals" type="boolean" visibility="public"><override-of fulltype="java.lang.Object" method="equals(java.lang.Object)" type="Object"/><params><param fulltype="java.lang.Object" name="obj" type="Object"/></params></method><method fulltype="java.lang.Iterable" id="getEdges" type="Iterable" visibility="public"><type fulltype="com.saxonica.ee.schema.fsa.Edge" type="Edge"/><comment><sentence>Get an iterator over all the transitions (edges) allowed from this state</sentence><return><body><div>an Iterator over all the edges from this state. The objects
         returned by this Iterator are <tag kind="see">com.saxonica.ee.schema.fsa.Edge</tag> objects.</div></body></return></comment></method><method fulltype="com.saxonica.ee.schema.fsa.Edge" id="getTransition" type="Edge" visibility="public"><params><param fulltype="int" name="token" type="int"/><param fulltype="com.saxonica.ee.schema.UserComplexType" name="type" type="UserComplexType"/></params></method><method fulltype="com.saxonica.ee.schema.fsa.AutomatonState" id="getUnderlyingState" type="AutomatonState" visibility="public"/><method fulltype="com.saxonica.ee.schema.fsa.Edge[]" id="getWildcardEdges" type="Edge[]" visibility="public"><comment><sentence>Get an iterator over the wildcard transitions (edges) allowed from this state.</sentence><return><body><div>an Iterator over the edges that represent element wildcards. The objects
         returned by this Iterator are <tag kind="see">com.saxonica.ee.schema.fsa.Edge</tag> objects.</div></body></return></comment></method><method fulltype="int" id="hashCode" type="int" visibility="public"><override-of fulltype="java.lang.Object" method="hashCode()" type="Object"/></method><method fulltype="com.saxonica.ee.schema.fsa.State" id="incrementCounter" type="State" visibility="public"><exceptions><exception fulltype="net.sf.saxon.type.ValidationException" id="ValidationException"/></exceptions></method><method fulltype="boolean" id="isFinalState" type="boolean" visibility="public"/><method fulltype="java.lang.CharSequence" id="listAllowedElements" type="CharSequence" visibility="public"/><method fulltype="void" id="testMinimumReached" type="void" visibility="public"><exceptions><exception fulltype="net.sf.saxon.type.ValidationException" id="ValidationException"/></exceptions></method></methods></class><class id="DeterminizedState" fulltype="com.saxonica.ee.schema.fsa.DeterminizedState" superclass="AutomatonState" superclassfulltype="com.saxonica.ee.schema.fsa.AutomatonState" visibility="public"><extends><inherits><interface fulltype="com.saxonica.ee.schema.fsa.State" type="State"/></inherits><interface fulltype="com.saxonica.ee.schema.fsa.AutomatonState" type="AutomatonState"/></extends><comment><sentence>A state in a determinized finite state machine</sentence></comment><fields/><methods><constructor id="DeterminizedState" visibility="public"><comment><sentence>Create a new state</sentence></comment><params><param fulltype="com.saxonica.ee.schema.fsa.FiniteStateMachine" name="machine" type="FiniteStateMachine"><body><div>the finite state machine to which this state belongs</div></body></param></params></constructor><method fulltype="net.sf.saxon.z.IntSet" id="getProvenance" type="IntSet" visibility="public"><comment><body><div>Get the provenance of a state in a determinized finite state machine. This is the set of
 corresponding states in the non-determinized FSA</div></body><sentence>Get the provenance of a state in a determinized finite state machine.</sentence><return><body><div>the set of states in the non-deterministic FSA to which this state in the
         may be null is ininitially null indicating unknown or not relevant.</div></body></return></comment></method><method fulltype="void" id="setProvenance" type="void" visibility="public"><comment><body><div>Set the provenance of a state in a determinized finite state machine. This is the set of
 corresponding states in the non-determinized FSA</div></body><sentence>Set the provenance of a state in a determinized finite state machine.</sentence></comment><params><param fulltype="net.sf.saxon.z.IntSet" name="provenance" type="IntSet"><body><div>the set of states in the non-deterministic FSA to which this state in the
                   deterministic FSA corresponds. May be set to null when the information is no longer needed
                   (specifically, once construction is complete).</div></body></param></params></method></methods></class><class id="Edge" fulltype="com.saxonica.ee.schema.fsa.Edge" superclass="Object" superclassfulltype="java.lang.Object" visibility="public"><implements><interface fulltype="java.lang.Iterable" type="Iterable"><type fulltype="T" type="T"/><paramtypes><type name="T"/></paramtypes></interface></implements><comment><sentence>Internal class to represent the data associated with a transition:
 the element that triggers the transition, and the new state that results
 from the transition.</sentence></comment><fields><field final="true" fulltype="com.saxonica.ee.schema.fsa.Edge.MaxOccursParticle" id="MAX_OCCURS_PARTICLE" static="true" type="Edge.MaxOccursParticle" visibility="public"><comment><body><div>Special singular Term identifying a transition to be used when the maxOccurs value of
 a counting state is reached. This enables content models like a(2,2)a to be treated as non-ambiguous.
 See test case modelGroups mg005.</div></body><sentence>Special singular Term identifying a transition to be used when the maxOccurs value of
 a counting state is reached.</sentence></comment></field></fields><methods><constructor id="Edge" visibility="public"/><method fulltype="com.saxonica.ee.schema.Particle" id="getParticle" type="Particle" visibility="public"><comment><sentence>Get the element or wildcard particle causing this transition</sentence><return><body><div>the particle that causes this transition if known, otherwise null</div></body></return></comment></method><method fulltype="com.saxonica.ee.schema.fsa.AutomatonState" id="getTargetState" type="AutomatonState" visibility="public"><comment><sentence>Get the (fixed) state that is the target of this edge</sentence><return><body><div>the state at the end of this edge</div></body></return></comment></method><method fulltype="com.saxonica.ee.schema.Term" id="getTerm" type="Term" visibility="public"><comment><sentence>Get the element or wildcard particle causing this transition</sentence><return><body><div>the term that causes this transition</div></body></return></comment></method><method fulltype="java.util.Iterator" id="iterator" type="Iterator" visibility="public"><type fulltype="com.saxonica.ee.schema.fsa.Edge" type="Edge"/></method><method fulltype="com.saxonica.ee.schema.fsa.State" id="makeTransition" type="State" visibility="public"><comment><sentence>Get the dynamic state that results from a transition using this edge,
 updating any counters that need to be updated</sentence><return><body><div>the dynamic state that results from applying this transition</div></body></return></comment><params><param fulltype="com.saxonica.ee.schema.fsa.State" name="previousState" type="State"><body><div>the previous dynamic state before making this transition</div></body></param></params><exceptions><exception fulltype="net.sf.saxon.type.ValidationException" id="ValidationException"><sentence>ValidationException if this transition is not possible because the occurrence limits are violated</sentence></exception></exceptions></method><method fulltype="java.lang.String" id="matches" type="String" visibility="public"><comment><body><div>Test whether edges in two different finite state machines match each other. This is called
 while establishing whether one type subsumes another.
 <p>From Thompson &amp; Tobin 2003: an edge BE matches another edge DE iff one of the following three
 conditions holds: (1) they are labelled as element declarations with the same expanded name;
 (2) BE is labelled with a wildcard and DE is labelled with an element declaration in a namespace
 allowed by the wildcard; (3) BE and DE are both wildcards and DE's label is an intensional subset
 of BE's. In case (3) we add the rule, not in Thompson and Tobin, that the processContents of DE must
 be at least as strong as the processContents of BE.</p>
 <p>It is also necessary that the types of B and D are compatible, and that their nillability
 is compatible, and that their value constraints are compatible, and that the disallowed
 substitutions of D is a superset of those of B.</p></div></body><sentence>Test whether edges in two different finite state machines match each other.</sentence><return><body><div>null if the edges match, or a string explaining the reason for the non-match if not.</div></body></return></comment><params><param fulltype="com.saxonica.ee.schema.fsa.Edge" name="de" type="Edge"><body><div>the edge in a finite state machine representing a derived type, and which corresponds
                 to this edge in the finite state machine for the base type</div></body></param><param fulltype="com.saxonica.ee.schema.SchemaCompiler" name="compiler" type="SchemaCompiler"><body><div>user for error reporting</div></body></param></params><exceptions><exception fulltype="net.sf.saxon.type.MissingComponentException" id="MissingComponentException"/></exceptions></method><method fulltype="void" id="serialize" type="void" visibility="public"><comment><sentence>Serialize this Edge as part of the serialization of a schema component model</sentence></comment><params><param fulltype="com.saxonica.ee.schema.SchemaModelSerializer" name="serializer" type="SchemaModelSerializer"><body><div>object that formats the model output</div></body></param></params><exceptions><exception fulltype="net.sf.saxon.trans.XPathException" id="XPathException"><sentence>XPathException if a serialization error occur</sentence></exception></exceptions></method><method fulltype="void" id="setParticle" type="void" visibility="public"><comment><sentence>Set the element or wildcard particle causing this transition</sentence></comment><params><param fulltype="com.saxonica.ee.schema.Particle" name="particle" type="Particle"><body><div>the particle that causes this transition</div></body></param></params></method><method fulltype="void" id="setTargetState" type="void" visibility="public"><comment><sentence>Set the state resulting from this transition</sentence></comment><params><param fulltype="com.saxonica.ee.schema.fsa.AutomatonState" name="targetState" type="AutomatonState"><body><div>the state at the end of this edge</div></body></param></params></method><method fulltype="void" id="setTerm" type="void" visibility="public"><comment><sentence>Set the element or wildcard particle causing this transition</sentence></comment><params><param fulltype="com.saxonica.ee.schema.Term" name="term" type="Term"><body><div>the term that causes this transition</div></body></param></params></method></methods><class id="Edge.MaxOccursParticle" fulltype="com.saxonica.ee.schema.fsa.Edge.MaxOccursParticle" static="true" superclass="ModelGroupParticle" superclassfulltype="com.saxonica.ee.schema.ModelGroupParticle" visibility="public"><extends><interface fulltype="com.saxonica.ee.schema.ModelGroupParticle" type="ModelGroupParticle"><extends><inherits><interface fulltype="com.saxonica.ee.schema.UserSchemaComponent" type="UserSchemaComponent"/></inherits><interface fulltype="com.saxonica.ee.schema.Particle" type="Particle"><extends><inherits><interface fulltype="com.saxonica.ee.schema.ComponentReference" type="ComponentReference"/></inherits><interface fulltype="com.saxonica.ee.schema.SimpleComponentReference" type="SimpleComponentReference"><extends><inherits><interface fulltype="com.saxonica.ee.schema.UserSchemaComponent" type="UserSchemaComponent"/><interface fulltype="net.sf.saxon.s9api.Location" type="Location"/></inherits><interface fulltype="com.saxonica.ee.schema.SchemaStructure" type="SchemaStructure"/></extends></interface></extends></interface></extends></interface></extends><fields/><methods><constructor id="MaxOccursParticle" visibility="public"/><method fulltype="com.saxonica.ee.schema.fsa.Edge.MaxOccursParticle" id="getInstance" static="true" type="Edge.MaxOccursParticle" visibility="public"/><method fulltype="com.saxonica.ee.schema.Term" id="getTerm" type="Term" visibility="public"><override-of fulltype="com.saxonica.ee.schema.ModelGroupParticle" method="getTerm()" type="ModelGroupParticle"/></method></methods></class><class id="Edge.MaxOccursTerm" fulltype="com.saxonica.ee.schema.fsa.Edge.MaxOccursTerm" static="true" superclass="Object" superclassfulltype="java.lang.Object" visibility="public"><implements><interface fulltype="com.saxonica.ee.schema.Term" type="Term"/></implements><comment><body><div>Special singular Term identifying a transition to be used when the maxOccurs value of
 a counting state is reached. This enables content models like a(2,2)a to be treated as non-ambiguous.
 See test case modelGroups mg005.</div></body><sentence>Special singular Term identifying a transition to be used when the maxOccurs value of
 a counting state is reached.</sentence></comment><fields/><methods><method fulltype="com.saxonica.ee.schema.fsa.Edge.MaxOccursTerm" id="getInstance" static="true" type="Edge.MaxOccursTerm" visibility="public"/></methods></class></class><class id="FiniteStateMachine" fulltype="com.saxonica.ee.schema.fsa.FiniteStateMachine" superclass="Object" superclassfulltype="java.lang.Object" visibility="public"><comment><body><div>Class representing a finite state machine, as a collection of states with transitions between them.
 <p>The finite state machine allows states with counters. The static machine created by the schema compiler
 contains states of type AutomatonState; these may have a minOccurs and maxOccurs value. When such a state
 is entered at validation time, a CountingState is dynamically created that contains a pointer to the fixed
 AutomatonState plus an integer counter. Any transition that goes from the state to itself causes a new
 CountingState to be created with an incremented value of the counter (provided it does not exceed the maxOccurs());
 any transition to a different state causes the counter to be checked against the minOccurs value.</p></div></body><sentence>Class representing a finite state machine, as a collection of states with transitions between them.</sentence></comment><fields/><methods><constructor id="FiniteStateMachine" visibility="public"><comment><sentence>Create a finite state machine</sentence></comment><params><param fulltype="com.saxonica.ee.schema.UserComplexType" name="type" type="UserComplexType"><body><div>the type whose content model is implemented by this finite state machine</div></body></param><param fulltype="boolean" name="determinized" type="boolean"><body><div>true if this machine is determinized</div></body></param></params></constructor><method fulltype="com.saxonica.ee.schema.fsa.NonDeterminizedState" id="compileParticle" static="true" type="NonDeterminizedState" visibility="public"><comment><body><div>Static method to translate a particle to a Finite State Automaton, returning
 the start state of the FSA. This precisely follows Henry Thompson's and Richard Tobin's algorithm,
 <a href="http://www.ltg.ed.ac.uk/~ht/XML_Europe_2003.html" shape="rect">published here</a></div></body><sentence>Static method to translate a particle to a Finite State Automaton, returning
 the start state of the FSA.</sentence><return><body><div>the initial state of the new Automaton</div></body></return></comment><params><param fulltype="com.saxonica.ee.schema.SchemaCompiler" name="compiler" type="SchemaCompiler"><body><div>user for error reporting</div></body></param><param fulltype="com.saxonica.ee.schema.Particle" name="particle" type="Particle"><body><div>the particle to be compiled, which is either an ElementDeclaration,
                    a WildCard, a choice, or a sequence</div></body></param><param fulltype="com.saxonica.ee.schema.fsa.NonDeterminizedState" name="endState" type="NonDeterminizedState"><body><div>the State representing the final state of the automaton</div></body></param><param fulltype="com.saxonica.ee.schema.UserComplexType" name="subjectType" type="UserComplexType"><body><div>the complex type to which this particle belongs</div></body></param><param fulltype="com.saxonica.ee.schema.fsa.FiniteStateMachine" name="machine" type="FiniteStateMachine"><body><div>the finite state machine to which the state belongs</div></body></param></params><exceptions><exception fulltype="net.sf.saxon.type.SchemaException" id="SchemaException"><sentence>net.sf.saxon.type.SchemaException
          if XSD constraints are violated</sentence></exception><exception fulltype="net.sf.saxon.type.MissingComponentException" id="MissingComponentException"><sentence>MissingComponentException
          if unresolved references in the schema are found</sentence></exception></exceptions></method><method fulltype="com.saxonica.ee.schema.fsa.FiniteStateMachine" id="determinize" static="true" type="FiniteStateMachine" visibility="public"><comment><body><div>Determinize the finite state machine: that is, ensure that there are no ambiguous
 transitions from this state. When presented with an input token, the
 FSA can then examine the specific transitions from this state and either
 choose one of them, or throw an error.
 <p>This is a revised implementation, based more closely on Aho and Ullman p93,
 to try to eliminate the rare problems that occur when a state has two transitions
 for the same symbol. (Given UPA, this should occur only with nested loops, e.g.
 (a{10,11}){1,3} which allows a sequence of 10, 20, 30, 11, 22, or 33 a's.)</p></div></body><sentence>Determinize the finite state machine: that is, ensure that there are no ambiguous
 transitions from this state.</sentence><return><body><div>the new deterministic finite state machine</div></body></return></comment><params><param fulltype="com.saxonica.ee.schema.SchemaCompiler" name="compiler" type="SchemaCompiler"><body><div>the schema compiler</div></body></param><param fulltype="com.saxonica.ee.schema.fsa.FiniteStateMachine" name="nfsa" type="FiniteStateMachine"><body><div>the finite state machine to be determinized</div></body></param></params><exceptions><exception fulltype="net.sf.saxon.type.SchemaException" id="SchemaException"><sentence>net.sf.saxon.type.SchemaException
          if an XSD constraint is violated</sentence></exception></exceptions></method><method fulltype="void" id="display" type="void" visibility="public"><comment><body><div>Display the finite state machine. This is a diagnostic method for
 internal use.</div></body><sentence>Display the finite state machine.</sentence></comment><params><param fulltype="net.sf.saxon.lib.Logger" name="err" type="Logger"><body><div>the output destination</div></body></param></params></method><method fulltype="com.saxonica.ee.schema.UserComplexType" id="getComplexType" type="UserComplexType" visibility="public"/><method fulltype="com.saxonica.ee.schema.fsa.AutomatonState" id="getInitialState" type="AutomatonState" visibility="public"><comment><sentence>Get the initial state of this finite state machine</sentence><return><body><div>the initial state</div></body></return></comment></method><method fulltype="int" id="getNumberOfStates" type="int" visibility="public"><comment><sentence>Determine the number of states in this finite state machine</sentence><return><body><div>the number of states</div></body></return></comment></method><method fulltype="com.saxonica.ee.schema.Wildcard" id="getOpenContentWildcard" type="Wildcard" visibility="public"><comment><sentence>Get the open content wildcard, if any</sentence><return><body><div>the open content wildcard for this finite state machine, if one is defined</div></body></return></comment></method><method fulltype="com.saxonica.ee.schema.fsa.AutomatonState" id="getState" type="AutomatonState" visibility="public"><comment><sentence>Get the state with a given unique state number</sentence><return><body><div>the state with this unique state number</div></body></return></comment><params><param fulltype="int" name="number" type="int"><body><div>the number of the state</div></body></param></params></method><method fulltype="boolean" id="isOpenContentInterleaved" type="boolean" visibility="public"><comment><sentence>Ask whether the open content wildcard for this finite state machine (assuming there is one)
 permits interleaved content (as opposed to suffixed content only)</sentence><return><body><div>true if the open content wildcard permits interleaved content.</div></body></return></comment></method><method fulltype="void" id="serialize" type="void" visibility="public"><comment><sentence>Output a representation of this finite state machine</sentence></comment><params><param fulltype="com.saxonica.ee.schema.SchemaModelSerializer" name="serializer" type="SchemaModelSerializer"><body><div>the schema model serializer to which this representation is to be written</div></body></param></params><exceptions><exception fulltype="net.sf.saxon.trans.XPathException" id="XPathException"><sentence>XPathException if any error occurs during serialization</sentence></exception></exceptions></method><method fulltype="void" id="setInitialState" type="void" visibility="public"><comment><sentence>Set the initial state of this finite state machine</sentence></comment><params><param fulltype="com.saxonica.ee.schema.fsa.AutomatonState" name="initialState" type="AutomatonState"><body><div>the initial state</div></body></param></params></method><method fulltype="void" id="setOpenContentWildcard" type="void" visibility="public"><comment><sentence>Set the open content wildcard for this machine</sentence></comment><params><param fulltype="com.saxonica.ee.schema.Wildcard" name="wildcard" type="Wildcard"><body><div>the open content wildcard (may be null)</div></body></param><param fulltype="boolean" name="interleaved" type="boolean"><body><div>true if open content may be interleaved, false if it must be suffixed</div></body></param></params></method><method fulltype="java.lang.String" id="subsumesMachine" static="true" type="String" visibility="public"><comment><body><div>Test whether one finite state machine subsumes another FSM: that is, whether for each path through
 the second FSM, there is a corresponding path through the first FSM.  The algorithm
 used is as published by Thompson and Tobin, XML Europe 2003.</div></body><sentence>Test whether one finite state machine subsumes another FSM: that is, whether for each path through
 the second FSM, there is a corresponding path through the first FSM.</sentence><return><body><div>null indicating that the first machine does indeed subsume the other; or a string indicating
         why it doesn't.</div></body></return></comment><params><param fulltype="com.saxonica.ee.schema.fsa.FiniteStateMachine" name="base" type="FiniteStateMachine"><body><div>the first FSM (representing the base type)</div></body></param><param fulltype="com.saxonica.ee.schema.fsa.FiniteStateMachine" name="sub" type="FiniteStateMachine"><body><div>the other FSM (representing the type that is derived by restriction, validly or otherwise)</div></body></param><param fulltype="com.saxonica.ee.schema.SchemaCompiler" name="compiler" type="SchemaCompiler"><body><div>used for error reporting</div></body></param></params></method></methods><class id="FiniteStateMachine.TermParticlePair" fulltype="com.saxonica.ee.schema.fsa.FiniteStateMachine.TermParticlePair" static="true" superclass="Object" superclassfulltype="java.lang.Object" visibility="protected"><fields><field fulltype="com.saxonica.ee.schema.Particle" id="particle" type="Particle" visibility="public"/><field fulltype="com.saxonica.ee.schema.Term" id="term" type="Term" visibility="public"/></fields><methods><method fulltype="boolean" id="equals" type="boolean" visibility="public"><override-of fulltype="java.lang.Object" method="equals(java.lang.Object)" type="Object"/><params><param fulltype="java.lang.Object" name="obj" type="Object"/></params></method><method fulltype="int" id="hashCode" type="int" visibility="public"><override-of fulltype="java.lang.Object" method="hashCode()" type="Object"/></method></methods></class></class><class id="NonDeterminizedState" fulltype="com.saxonica.ee.schema.fsa.NonDeterminizedState" superclass="AutomatonState" superclassfulltype="com.saxonica.ee.schema.fsa.AutomatonState" visibility="public"><extends><inherits><interface fulltype="com.saxonica.ee.schema.fsa.State" type="State"/></inherits><interface fulltype="com.saxonica.ee.schema.fsa.AutomatonState" type="AutomatonState"/></extends><comment><sentence>A state in the non-determinized finite state machine</sentence></comment><fields/><methods><constructor id="NonDeterminizedState" visibility="public"><comment><sentence>Create a new state in a non-determinized finite state machine</sentence></comment><params><param fulltype="com.saxonica.ee.schema.fsa.FiniteStateMachine" name="machine" type="FiniteStateMachine"><body><div>the finite state machine to which this state belongs</div></body></param></params></constructor><method fulltype="void" id="addLambdaTransition" type="void" visibility="public"><comment><body><div>Add a lambda transition from this state to another state. This
 is a transition that can take place when no symbol is read.</div></body><sentence>Add a lambda transition from this state to another state.</sentence></comment><params><param fulltype="com.saxonica.ee.schema.fsa.AutomatonState" name="newState" type="AutomatonState"><body><div>the state that results from this event</div></body></param></params></method><method fulltype="void" id="displayLambdaTransitions" type="void" visibility="public"><override-of fulltype="com.saxonica.ee.schema.fsa.AutomatonState" method="displayLambdaTransitions()" type="AutomatonState"/></method><method fulltype="java.util.List" id="getLambdaTransitions" type="List" visibility="public"><type fulltype="com.saxonica.ee.schema.fsa.AutomatonState" type="AutomatonState"/><comment><sentence>Get the lambda transitions from this state</sentence><return><body><div>the set of lambda transitions; a null return value is equivalent to an empty list</div></body></return></comment></method></methods></class><class id="State" abstract="true" fulltype="com.saxonica.ee.schema.fsa.State" interface="true" visibility="public"><comment><body><div>A State is a dynamic state of the finite state machine. It may either be a static (non-counting) AutomatonState,
 or a dynamically-created CountingState, which represents the combination of an AutomatonState and a counter value</div></body><sentence>A State is a dynamic state of the finite state machine.</sentence></comment><fields/><methods><method abstract="true" fulltype="java.lang.Iterable" id="getEdges" type="Iterable" visibility="public"><type fulltype="com.saxonica.ee.schema.fsa.Edge" type="Edge"/><comment><sentence>Get an iterator over all the transitions (edges) allowed from this state</sentence><return><body><div>an Iterator over all the edges from this state. The objects
         returned by this Iterator are <tag kind="see">com.saxonica.ee.schema.fsa.Edge</tag> objects.</div></body></return></comment></method><method abstract="true" fulltype="com.saxonica.ee.schema.fsa.Edge" id="getTransition" type="Edge" visibility="public"><comment><sentence>Find the edge representing the transition from this state to another state, that is
 triggered by a given input token</sentence><return><body><div>the Edge representing the selected transition of the finite state machine,
         or null if this token is not accepted when in this State (which implies a validation error).</div></body></return></comment><params><param fulltype="int" name="token" type="int"><body><div>the input token, specifically the fingerprint of an element name</div></body></param><param fulltype="com.saxonica.ee.schema.UserComplexType" name="type" type="UserComplexType"><body><div>the complex type whose content model we are validating against</div></body></param></params></method><method abstract="true" fulltype="com.saxonica.ee.schema.fsa.Edge[]" id="getWildcardEdges" type="Edge[]" visibility="public"><comment><sentence>Get an array of the wildcard transitions (edges) allowed from this state.</sentence><return><body><div>an array containing all the edges that represent element wildcards.</div></body></return></comment></method><method abstract="true" fulltype="boolean" id="isFinalState" type="boolean" visibility="public"><comment><sentence>Ask whether this state is a valid final state, that is, no further transitions are needed
 to complete a successful path through the finite state machine</sentence><return><body><div>true if this is a valid final state</div></body></return></comment></method><method abstract="true" fulltype="java.lang.CharSequence" id="listAllowedElements" type="CharSequence" visibility="public"><comment><sentence>Construct a human-readable message explaining what elements are permitted
 as transitions from this state</sentence><return><body><div>A message indicating what elements may come next</div></body></return></comment></method></methods><implemented-by><class fulltype="com.saxonica.ee.schema.fsa.AutomatonState" type="AutomatonState"/><class fulltype="com.saxonica.ee.schema.fsa.CountingState" type="CountingState"/><class fulltype="com.saxonica.ee.schema.fsa.DeterminizedState" type="DeterminizedState"/><class fulltype="com.saxonica.ee.schema.fsa.NonDeterminizedState" type="NonDeterminizedState"/><class fulltype="com.saxonica.ee.schema.fsa.SuffixState" type="SuffixState"/></implemented-by></class><class id="SuffixState" fulltype="com.saxonica.ee.schema.fsa.SuffixState" superclass="Object" superclassfulltype="java.lang.Object" visibility="public"><implements><interface fulltype="com.saxonica.ee.schema.fsa.State" type="State"/></implements><comment><body><div>The state of a finite state machine that is processing "suffix" open content. In this state
 no terms from the original content model are accepted.</div></body><sentence>The state of a finite state machine that is processing "suffix" open content.</sentence></comment><fields/><methods><method fulltype="java.lang.Iterable" id="getEdges" type="Iterable" visibility="public"><type fulltype="com.saxonica.ee.schema.fsa.Edge" type="Edge"/><comment><sentence>Get an iterator over all the transitions (edges) allowed from this state</sentence><return><body><div>an Iterator over all the edges from this state. The objects
         returned by this Iterator are <tag kind="see">com.saxonica.ee.schema.fsa.Edge</tag> objects.</div></body></return></comment></method><method fulltype="com.saxonica.ee.schema.fsa.SuffixState" id="getInstance" static="true" type="SuffixState" visibility="public"/><method fulltype="com.saxonica.ee.schema.fsa.Edge" id="getTransition" type="Edge" visibility="public"><comment><sentence>Find the edge representing the transition from this state to another state, that is
 triggered by a given input token</sentence><return><body><div>the Edge representing the selected transition of the finite state machine,
         or null if this token is not accepted when in this State (which implies a validation error).</div></body></return></comment><params><param fulltype="int" name="token" type="int"><body><div>the input token, specifically the fingerprint of an element name</div></body></param><param fulltype="com.saxonica.ee.schema.UserComplexType" name="type" type="UserComplexType"><body><div>the complex type we are validating against</div></body></param></params></method><method fulltype="com.saxonica.ee.schema.fsa.Edge[]" id="getWildcardEdges" type="Edge[]" visibility="public"><comment><sentence>Get all the wildcard transitions (edges) allowed from this state.</sentence><return><body><div>an array of the edges that represent element wildcards. The objects
         returned by this Iterator are <tag kind="see">com.saxonica.ee.schema.fsa.Edge</tag> objects.</div></body></return></comment></method><method fulltype="boolean" id="isFinalState" type="boolean" visibility="public"/><method fulltype="java.lang.CharSequence" id="listAllowedElements" type="CharSequence" visibility="public"/></methods></class></package>