<?xml version="1.0" encoding="UTF-8"?><package id="com.saxonica.functions.registry"><class id="XQUpdate10FunctionSet" fulltype="com.saxonica.functions.registry.XQUpdate10FunctionSet" superclass="BuiltInFunctionSet" superclassfulltype="net.sf.saxon.functions.registry.BuiltInFunctionSet" visibility="public"><extends><inherits><interface fulltype="net.sf.saxon.functions.FunctionLibrary" type="FunctionLibrary"/></inherits><interface fulltype="net.sf.saxon.functions.registry.BuiltInFunctionSet" type="BuiltInFunctionSet"/></extends><comment><sentence>Function signatures (and pointers to implementations) of the functions defined in XQuery Update 1.0</sentence></comment><fields><field fulltype="com.saxonica.functions.registry.XQUpdate10FunctionSet" id="THE_INSTANCE" static="true" type="XQUpdate10FunctionSet" visibility="public"/></fields><methods><constructor id="XQUpdate10FunctionSet" visibility="public"/><method fulltype="com.saxonica.functions.registry.XQUpdate10FunctionSet" id="getInstance" static="true" type="XQUpdate10FunctionSet" visibility="public"/></methods></class></package>