<?xml version="1.0" encoding="UTF-8"?><package id="com.saxonica"><class id="Idempotency" fulltype="com.saxonica.Idempotency" superclass="Object" superclassfulltype="java.lang.Object" visibility="public"><fields/><methods><constructor id="Idempotency" visibility="public"/><method fulltype="void" id="main" static="true" type="void" visibility="public"><params><param fulltype="java.lang.String[]" name="args" type="String[]"/></params><exceptions><exception fulltype="java.lang.Exception" id="Exception"/></exceptions></method></methods></class><class id="Query" fulltype="com.saxonica.Query" superclass="Query" superclassfulltype="net.sf.saxon.Query" visibility="public"><extends><interface fulltype="net.sf.saxon.Query" type="Query"/></extends><comment><body><div>This is a synonym of net.sf.saxon.Query, the command line interface for running XQuery. It is
 provided for backwards compatibility with previous releases; since Saxon 9.2 there are no differences
 from the base command.</div></body><sentence>This is a synonym of net.sf.saxon.Query, the command line interface for running XQuery.</sentence></comment><fields/><methods><constructor id="Query" visibility="public"/></methods></class><class id="Transform" fulltype="com.saxonica.Transform" superclass="Transform" superclassfulltype="net.sf.saxon.Transform" visibility="public"><extends><interface fulltype="net.sf.saxon.Transform" type="Transform"/></extends><comment><body><div>This is a synonym of the command line interface net.sf.saxon.Transform for running
 XSLT transformations. It is provided for backwards compatibility: since Saxon 9.2
 there are no differences from the base command.</div></body><sentence>This is a synonym of the command line interface net.sf.saxon.Transform for running
 XSLT transformations.</sentence></comment><fields/><methods><constructor id="Transform" visibility="public"/></methods></class><class id="Validate" fulltype="com.saxonica.Validate" superclass="Object" superclassfulltype="java.lang.Object" visibility="public"><comment><body><div>This <b>Validate</b> class provides a command line interface that allows validation of a source
 document against a schema, and/or checking that a source schema is a valid schema.
 <p>Apart from error and optional progress messages, no output is produced.</p></div></body><sentence>This Validate class provides a command line interface that allows validation of a source
 document against a schema, and/or checking that a source schema is a valid schema.</sentence></comment><fields/><methods><constructor id="Validate" visibility="public"/><method fulltype="void" id="applyLocalOptions" type="void" visibility="protected"><comment><sentence>Customisation hook: apply options defined locally in a subclass</sentence></comment><params><param fulltype="net.sf.saxon.trans.CommandLineOptions" name="options" type="CommandLineOptions"><body><div>the CommandLineOptions</div></body></param><param fulltype="net.sf.saxon.Configuration" name="config" type="Configuration"><body><div>the Saxon Configuration</div></body></param></params></method><method fulltype="void" id="badUsage" type="void" visibility="protected"><comment><sentence>Report incorrect usage of the command line, with a list of the options and arguments that are available</sentence></comment><params><param fulltype="java.lang.String" name="message" type="String"><body><div>The error message</div></body></param></params></method><method fulltype="int" id="doValidate" type="int" visibility="public"><comment><body><div>Support method for main program. This support method can also be invoked from subclasses
 that support the same command line interface. It also provides a surrogate for the command line
 interface that is amenable to JUnit testing. Calling this method never throws a checked Exception
 and never does a System.exit();</div></body><sentence>Support method for main program.</sentence><return><body><div>a return code to be returned. Zero indicates success, +1 indicates that validation completed
         successfully and found the schema or instance to be invalid, +2 indicates that validation was not
         carried out successfully.</div></body></return></comment><params><param fulltype="java.lang.String[]" name="args" type="String[]"><body><div>the command-line arguments</div></body></param></params></method><method fulltype="javax.xml.transform.Source" id="loadDocument" static="true" type="Source" visibility="public"><comment><sentence>Load a document, given a filename or URL</sentence><return><body><div>the Source object that results from loading the document</div></body></return></comment><params><param fulltype="java.lang.String" name="sourceFileName" type="String"><body><div>the name of the source file</div></body></param><param fulltype="boolean" name="useURLs" type="boolean"><body><div>true if name is to be treated as a URI</div></body></param><param fulltype="net.sf.saxon.Configuration" name="config" type="Configuration"><body><div>the Saxon configuration</div></body></param></params><exceptions><exception fulltype="net.sf.saxon.trans.XPathException" id="XPathException"><sentence>XPathException if a document cannot be loaded</sentence></exception></exceptions></method><method fulltype="void" id="main" static="true" type="void" visibility="public"><comment><sentence>Main program, can be used directly from the command line.</sentence></comment><params><param fulltype="java.lang.String[]" name="args" type="String[]"><body><div>List of arguments supplied on operating system command line</div></body></param></params></method><method fulltype="long" id="now" static="true" type="long" visibility="protected"><comment><sentence>Get current time in nanoseconds</sentence><return><body><div>the current time in nanoseconds (since VM startup)</div></body></return></comment></method><method fulltype="void" id="processFile" type="void" visibility="public"><comment><sentence>Process a single file using a supplied schema</sentence></comment><params><param fulltype="javax.xml.transform.Source" name="source" type="Source"><body><div>The source XML document to be validated</div></body></param><param fulltype="net.sf.saxon.s9api.SchemaValidator" name="validator" type="SchemaValidator"><body><div>The schema validator used to perform the validation</div></body></param></params><exceptions><exception fulltype="net.sf.saxon.s9api.SaxonApiException" id="SaxonApiException"><sentence>SaxonApiException If the validation fails (or if validation could not be attempted)</sentence></exception></exceptions></method><method fulltype="int" id="quit" type="int" visibility="protected"><comment><sentence>Exit with a message</sentence><return><body><div>the requested return code</div></body></return></comment><params><param fulltype="java.lang.String" name="message" type="String"><body><div>The message to be output</div></body></param><param fulltype="int" name="code" type="int"><body><div>The result code to be returned to the operating
                system shell</div></body></param></params></method><method fulltype="void" id="setConfiguration" type="void" visibility="protected"><comment><body><div>Create the configuration. This method is intended to be overridden in a subclass</div></body><sentence>Create the configuration.</sentence></comment></method><method fulltype="void" id="setPermittedOptions" type="void" visibility="protected"><comment><body><div>Set the options that are recognized on the command line. This method can be overridden in a subclass
 to define additional command line options.</div></body><sentence>Set the options that are recognized on the command line.</sentence></comment><params><param fulltype="net.sf.saxon.trans.CommandLineOptions" name="options" type="CommandLineOptions"><body><div>the CommandLineOptions in which the recognized options are to be registered.</div></body></param></params></method></methods></class></package>