<?xml version="1.0" encoding="UTF-8"?><package id="net.sf.saxon.option.exslt"><class id="Date" final="true" fulltype="net.sf.saxon.option.exslt.Date" superclass="Object" superclassfulltype="java.lang.Object" visibility="public"><comment><sentence>This class implements extension functions in the
 http://exslt.org/dates-and-times namespace.</sentence></comment><fields/><methods><method fulltype="java.lang.String" id="add" static="true" type="String" visibility="public"><comment><body><div>The date:add function returns the date/time resulting from adding a duration to a date/time.
 The first argument must be right-truncated date/time strings in one of the formats defined in
 [XML Schema Part 2: Datatypes].
 <p>The permitted formats are as follows:</p>
 <ul><li>xs:dateTime (CCYY-MM-DDThh:mm:ss)</li><li>xs:date (CCYY-MM-DD)</li><li>xs:gYearMonth (CCYY-MM)</li><li>xs:gYear (CCYY)</li></ul>
 <p>The second argument is a string in the format defined for xs:duration in [3.2.6 duration] of
 [XML Schema Part 2: Datatypes].</p>
 <p>The return value is a right-truncated date/time strings in one of the formats defined in
 [XML Schema Part 2: Datatypes] and listed above.
 This value is calculated using the algorithm described in
 [Appendix E Adding durations to dateTimes] of [XML Schema Part 2: Datatypes].</p></div></body><sentence>The date:add function returns the date/time resulting from adding a duration to a date/time.</sentence><return><body><div>the result of the addition, as a string representing a dateTimeValue</div></body></return></comment><params><param fulltype="net.sf.saxon.expr.XPathContext" name="context" type="XPathContext"><body><div>the XPath dynamic context</div></body></param><param fulltype="net.sf.saxon.value.StringValue" name="datetimeIn" type="StringValue"><body><div>the supplied date/time in ISO date/time format</div></body></param><param fulltype="net.sf.saxon.value.StringValue" name="durationIn" type="StringValue"><body><div>the supplied duration in ISO duration format</div></body></param></params><exceptions><exception fulltype="net.sf.saxon.trans.XPathException" id="XPathException"><sentence>XPathException if the supplied date or duration is invalid</sentence></exception></exceptions></method><method fulltype="java.lang.String" id="addDuration" type="String" visibility="public"><comment><body><div>The date:add-duration function returns the duration resulting from adding two durations together.
 <p>Both arguments are strings in the format defined for xs:duration in [3.2.6 duration] of
 [XML Schema Part 2: Datatypes]. If either argument is not in this format, the function returns
 an empty string (''). The return value is a string in the format defined for xs:duration in
 [3.2.6 duration] of [XML Schema Part 2: Datatypes]. The durations can usually be added by
 summing the numbers given for each of the components in the durations. However, if the durations
 are differently signed, then this sometimes results in durations that are impossible to express
 in this syntax (e.g. 'P1M' + '-P1D'). In these cases, the function returns an empty string ('').</p></div></body><sentence>The date:add-duration function returns the duration resulting from adding two durations together.</sentence><return><body><div>a string representation of the total duration, or "" if the input is invalid or the
         total is inexpressible</div></body></return></comment><params><param fulltype="net.sf.saxon.value.StringValue" name="duration0" type="StringValue"><body><div>the first operand, a string in the format of an ISO duration</div></body></param><param fulltype="net.sf.saxon.value.StringValue" name="duration1" type="StringValue"><body><div>the second operand, a string in the format of an ISO duration</div></body></param></params></method><method fulltype="java.lang.String" id="date" static="true" type="String" visibility="public"><comment><sentence>The date:date function returns the current date.</sentence><return><body><div>the current date as a string</div></body></return></comment><params><param fulltype="net.sf.saxon.expr.XPathContext" name="context" type="XPathContext"><body><div>the XPath dynamic context</div></body></param></params><exceptions><exception fulltype="net.sf.saxon.trans.XPathException" id="XPathException"><sentence>XPathException if the context does not allow the date and time to be established</sentence></exception></exceptions></method><method fulltype="java.lang.String" id="date" static="true" type="String" visibility="public"><comment><body><div>The date:date function returns the date specified in the date/time string given
 as the argument. If no argument is given, then the current local date/time, as
 returned by date:date-time is used as a default argument.
 <p>The date/time string that's returned must be a string in the format defined as the
 lexical representation of xs:dateTime in
 <a href="http://www.w3.org/TR/xmlschema-2/#dateTime" shape="rect">[3.2.7 dateTime]</a> of
 <a href="http://www.w3.org/TR/xmlschema-2/" shape="rect">[XML Schema Part 2: Datatypes]</a>.</p>
 <p>If the argument is not in either of these formats, date:date returns an empty string ('').</p>
 <p>The date/time format is basically CCYY-MM-DDThh:mm:ss, although implementers should consult
 <a href="http://www.w3.org/TR/xmlschema-2/" shape="rect">[XML Schema Part 2: Datatypes]</a> and
 <a href="http://www.iso.ch/markete/8601.pdf" shape="rect">[ISO 8601]</a> for details.</p>
 <p>The date is returned as a string with a lexical representation as defined for xs:date in
 [3.2.9 date] of [XML Schema Part 2: Datatypes]. The date format is basically CCYY-MM-DD,
 although implementers should consult [XML Schema Part 2: Datatypes] and [ISO 8601] for details.
 If no argument is given or the argument date/time specifies a time zone, then the date string
 format must include a time zone, either a Z to indicate Coordinated Universal Time or a + or -
 followed by the difference between the difference from UTC represented as hh:mm. If an argument
 is specified and it does not specify a time zone, then the date string format must not include
 a time zone.</p></div></body><sentence>The date:date function returns the date specified in the date/time string given
 as the argument.</sentence><return><body><div>the date part of the dateTime supplied, or "" if invalid</div></body></return></comment><params><param fulltype="net.sf.saxon.expr.XPathContext" name="context" type="XPathContext"><body><div>the XPath dynamic context</div></body></param><param fulltype="net.sf.saxon.value.StringValue" name="datetimeIn" type="StringValue"><body><div>the date and time as a date/time string</div></body></param></params></method><method fulltype="net.sf.saxon.value.StringValue" id="dateTime" static="true" type="StringValue" visibility="public"><comment><body><div>The date:date-time function returns the current date and time as a date/time string.
 <p>The date/time string that's returned must be a string in the format defined as the
 lexical representation of xs:dateTime in [3.2.7 dateTime] of [XML Schema Part 2: Datatypes].</p>
 <p>The date/time format is basically CCYY-MM-DDThh:mm:ss+hh:mm.</p>
 <p>The date/time string format must include a time zone, either a Z to indicate
 Coordinated Universal Time or a + or - followed by the difference between the
 difference from UTC represented as hh:mm.</p></div></body><sentence>The date:date-time function returns the current date and time as a date/time string.</sentence><return><body><div>the current date and time as a date/time string</div></body></return></comment><params><param fulltype="net.sf.saxon.expr.XPathContext" name="context" type="XPathContext"><body><div>the XPath dynamic context</div></body></param></params><exceptions><exception fulltype="net.sf.saxon.trans.XPathException" id="XPathException"><sentence>XPathException if the context does not allow a date and time to be obtained</sentence></exception></exceptions></method><method fulltype="java.lang.String" id="dayAbbreviation" static="true" type="String" visibility="public"><comment><sentence>Return the day of the week given in the current date as an English day abbreviation:
 one of 'Sun', 'Mon', 'Tue', 'Wed', 'Thu', 'Fri', or 'Sat'.</sentence><return><body><div>the English day abbreviation</div></body></return></comment><params><param fulltype="net.sf.saxon.expr.XPathContext" name="context" type="XPathContext"><body><div>the XPath dynamic context</div></body></param></params><exceptions><exception fulltype="net.sf.saxon.trans.XPathException" id="XPathException"><sentence>XPathException if the context does not allow a date/time to be established</sentence></exception></exceptions></method><method fulltype="java.lang.String" id="dayAbbreviation" static="true" type="String" visibility="public"><comment><sentence>Return the day of the week given in a date as an English day abbreviation:
 one of 'Sun', 'Mon', 'Tue', 'Wed', 'Thu', 'Fri', or 'Sat'.</sentence><return><body><div>the English day abbreviation</div></body></return></comment><params><param fulltype="net.sf.saxon.expr.XPathContext" name="context" type="XPathContext"><body><div>the XPath dynamic context</div></body></param><param fulltype="net.sf.saxon.value.StringValue" name="dateTime" type="StringValue"><body><div>must start with CCYY-MM-DD</div></body></param></params></method><method fulltype="double" id="dayInMonth" static="true" type="double" visibility="public"><comment><sentence>Return the day number of the current date within the month</sentence><return><body><div>the current day number, as a double</div></body></return></comment><params><param fulltype="net.sf.saxon.expr.XPathContext" name="context" type="XPathContext"><body><div>the XPath dynamic context</div></body></param></params><exceptions><exception fulltype="net.sf.saxon.trans.XPathException" id="XPathException"><sentence>XPathException if the context does not allow a date/time to be established</sentence></exception></exceptions></method><method fulltype="double" id="dayInMonth" static="true" type="double" visibility="public"><comment><sentence>Return the day number of a specified date within the month</sentence><return><body><div>the day number within the month, as a double</div></body></return></comment><params><param fulltype="net.sf.saxon.expr.XPathContext" name="context" type="XPathContext"><body><div>the XPath dynamic context</div></body></param><param fulltype="net.sf.saxon.value.StringValue" name="dateTime" type="StringValue"><body><div>must start with CCYY-MM-DD, or --MM-DD, or ---DD</div></body></param></params></method><method fulltype="double" id="dayInWeek" static="true" type="double" visibility="public"><comment><body><div>Return the day of the week in the current date as a number.
 The numbering of days of the week starts at 1 for Sunday, 2 for Monday
 and so on up to 7 for Saturday.</div></body><sentence>Return the day of the week in the current date as a number.</sentence><return><body><div>the day of the week as a number</div></body></return></comment><params><param fulltype="net.sf.saxon.expr.XPathContext" name="context" type="XPathContext"><body><div>the XPath dynamic context</div></body></param></params><exceptions><exception fulltype="net.sf.saxon.trans.XPathException" id="XPathException"><sentence>XPathException if the context does not allow a date/time to be established</sentence></exception></exceptions></method><method fulltype="double" id="dayInWeek" static="true" type="double" visibility="public"><comment><body><div>Return the day of the week given in a date as a number.
 The numbering of days of the week starts at 1 for Sunday, 2 for Monday
 and so on up to 7 for Saturday.</div></body><sentence>Return the day of the week given in a date as a number.</sentence><return><body><div>the day of the week as a number</div></body></return></comment><params><param fulltype="net.sf.saxon.expr.XPathContext" name="context" type="XPathContext"><body><div>the XPath dynamic context</div></body></param><param fulltype="net.sf.saxon.value.StringValue" name="dateTime" type="StringValue"><body><div>must start with CCYY-MM-DD</div></body></param></params></method><method fulltype="double" id="dayInYear" static="true" type="double" visibility="public"><comment><sentence>Return the day number of the current date within the year</sentence><return><body><div>the day number within the year, as a double</div></body></return></comment><params><param fulltype="net.sf.saxon.expr.XPathContext" name="context" type="XPathContext"><body><div>the XPath dynamic context</div></body></param></params><exceptions><exception fulltype="net.sf.saxon.trans.XPathException" id="XPathException"><sentence>XPathException if the context does not allow a date/time to be established</sentence></exception></exceptions></method><method fulltype="double" id="dayInYear" static="true" type="double" visibility="public"><comment><sentence>Return the day number of a specified date within the year</sentence><return><body><div>the day number within the year, as a double</div></body></return></comment><params><param fulltype="net.sf.saxon.expr.XPathContext" name="context" type="XPathContext"><body><div>the XPath dynamic context</div></body></param><param fulltype="net.sf.saxon.value.StringValue" name="dateTime" type="StringValue"><body><div>the date starting with CCYY-MM-DD</div></body></param></params></method><method fulltype="java.lang.String" id="dayName" static="true" type="String" visibility="public"><comment><sentence>Return the day of the week given in the current date as an English day name:
 one of 'Sunday', 'Monday', 'Tuesday', 'Wednesday', 'Thursday' or 'Friday'.</sentence><return><body><div>the English name of the day of the week</div></body></return></comment><params><param fulltype="net.sf.saxon.expr.XPathContext" name="context" type="XPathContext"><body><div>the XPath dynamic context</div></body></param></params><exceptions><exception fulltype="net.sf.saxon.trans.XPathException" id="XPathException"><sentence>XPathException if the context does not allow a date/time to be established</sentence></exception></exceptions></method><method fulltype="java.lang.String" id="dayName" static="true" type="String" visibility="public"><comment><sentence>Return the day of the week given in a date as an English day name:
 one of 'Sunday', 'Monday', 'Tuesday', 'Wednesday', 'Thursday' or 'Friday'.</sentence><return><body><div>the English name of the day of the week</div></body></return></comment><params><param fulltype="net.sf.saxon.expr.XPathContext" name="context" type="XPathContext"><body><div>the XPath dynamic context</div></body></param><param fulltype="net.sf.saxon.value.StringValue" name="dateTime" type="StringValue"><body><div>must start with CCYY-MM-DD</div></body></param></params></method><method fulltype="double" id="dayOfWeekInMonth" static="true" type="double" visibility="public"><comment><sentence>Return the day-of-the-week in a month of the current date as a number
 (for example 3 for the 3rd Tuesday in May).</sentence><return><body><div>the the day-of-the-week in a month of the current date as a number
         (for example 3 for the 3rd Tuesday in May).</div></body></return></comment><params><param fulltype="net.sf.saxon.expr.XPathContext" name="context" type="XPathContext"><body><div>the XPath dynamic context</div></body></param></params><exceptions><exception fulltype="net.sf.saxon.trans.XPathException" id="XPathException"><sentence>XPathException if the context does not allow a date/time to be established</sentence></exception></exceptions></method><method fulltype="double" id="dayOfWeekInMonth" static="true" type="double" visibility="public"><comment><sentence>Return the day-of-the-week in a month of a date as a number
 (for example 3 for the 3rd Tuesday in May).</sentence><return><body><div>the the day-of-the-week in a month of a date as a number
         (for example 3 for the 3rd Tuesday in May).</div></body></return></comment><params><param fulltype="net.sf.saxon.expr.XPathContext" name="context" type="XPathContext"><body><div>the XPath dynamic context</div></body></param><param fulltype="net.sf.saxon.value.StringValue" name="dateTime" type="StringValue"><body><div>must start with CCYY-MM-DD</div></body></param></params></method><method fulltype="java.lang.String" id="difference" static="true" type="String" visibility="public"><comment><body><div>The date:difference function returns the duration between the first date and the second date.
 <p>If the first date occurs before the second date, then the result is a positive duration;
 if it occurs after the second date, the result is a negative duration.</p>
 <p>The two dates must both be right-truncated date/time strings in one of the formats defined in
 [XML Schema Part 2: Datatypes].</p>
 <p>The date/time with the most specific format (i.e. the least truncation) is converted into the
 same format as the date with the most specific format (i.e. the most truncation).</p>
 <p>The permitted formats are as follows, from most specific to least specific:</p>
 <ul><li>xs:dateTime (CCYY-MM-DDThh:mm:ss)</li><li>xs:date (CCYY-MM-DD)</li><li>xs:gYearMonth (CCYY-MM)</li><li>xs:gYear (CCYY)</li></ul>
 <p>If either of the arguments is not in one of these formats, date:difference
 returns the empty string ('').</p>
 <p>The difference between the date/times is returned as a string in the format defined for
 xs:duration in [3.2.6 duration] of [XML Schema Part 2: Datatypes].</p>
 <p>If the date/time string with the least specific format is in either xs:gYearMonth or xs:gYear format,
 then the number of days, hours, minutes and seconds in the duration string must be equal to zero.
 (The format of the string will be PnYnM.)
 The number of months specified in the duration must be less than 12.
 Otherwise, the number of years and months in the duration string must be equal to zero.
 (The format of the string will be PnDTnHnMnS.)
 The number of seconds specified in the duration string must be less than 60;
 the number of minutes must be less than 60; the number of hours must be less than 24.</p></div></body><sentence>The date:difference function returns the duration between the first date and the second date.</sentence><return><body><div>a string representation of the difference as an ISO duration, or "" if the input is invalid or the
         difference is inexpressible</div></body></return></comment><params><param fulltype="net.sf.saxon.expr.XPathContext" name="context" type="XPathContext"><body><div>the XPath dynamic context</div></body></param><param fulltype="net.sf.saxon.value.StringValue" name="dateLeftIn" type="StringValue"><body><div>the first operand, a string in the format of an ISO dateTime, date, yearMonth, or year</div></body></param><param fulltype="net.sf.saxon.value.StringValue" name="dateRightIn" type="StringValue"><body><div>the second operand, a string in the format of an ISO dateTime, date, yearMonth, or year</div></body></param></params></method><method fulltype="java.lang.String" id="duration" static="true" type="String" visibility="public"><comment><body><div>The date:duration function returns a duration string representing the number of seconds
 specified by the argument string. If no argument is given, then the result of calling
 date:seconds without any arguments is used as a default argument. The duration is returned
 as a string in the format defined for xs:duration in [3.2.6 duration] of
 [XML Schema Part 2: Datatypes]. The number of years and months in the duration string
 must be equal to zero. (The format of the string will be PnDTnHnMnS.)
 The number of seconds specified in the duration string must be less than 60;
 the number of minutes must be less than 60; the number of hours must be less than 24.
 If the argument is Infinity, -Infinity or NaN, then date:duration returns an empty string ('').</div></body><sentence>The date:duration function returns a duration string representing the number of seconds
 specified by the argument string.</sentence><return><body><div>the duration as a string in ISO format</div></body></return></comment><params><param fulltype="double" name="seconds" type="double"><body><div>the input number of seconds</div></body></param></params></method><method fulltype="double" id="hourInDay" static="true" type="double" visibility="public"><comment><sentence>Return the current hour of the day</sentence><return><body><div>the hour</div></body></return></comment><params><param fulltype="net.sf.saxon.expr.XPathContext" name="context" type="XPathContext"><body><div>the XPath dynamic context</div></body></param></params><exceptions><exception fulltype="net.sf.saxon.trans.XPathException" id="XPathException"><sentence>XPathException if the context does not allow a date/time to be established</sentence></exception></exceptions></method><method fulltype="double" id="hourInDay" static="true" type="double" visibility="public"><comment><sentence>Return the hour of the day in the specified date or date/time</sentence><return><body><div>the hour</div></body></return></comment><params><param fulltype="net.sf.saxon.expr.XPathContext" name="context" type="XPathContext"><body><div>the XPath dynamic context</div></body></param><param fulltype="net.sf.saxon.value.StringValue" name="dateTime" type="StringValue"><body><div>must start with CCYY-MM-DDThh:mm:ss or hh:mm:ss</div></body></param></params></method><method fulltype="boolean" id="leapYear" static="true" type="boolean" visibility="public"><comment><sentence>Returns true if the current year is a leap year</sentence><return><body><div>true if the current year is a leap year (false if not, or if input is invalid)</div></body></return></comment><params><param fulltype="net.sf.saxon.expr.XPathContext" name="context" type="XPathContext"><body><div>the XPath dynamic context</div></body></param></params><exceptions><exception fulltype="net.sf.saxon.trans.XPathException" id="XPathException"><sentence>XPathException if the context does not allow a date/time to be established</sentence></exception></exceptions></method><method fulltype="boolean" id="leapYear" static="true" type="boolean" visibility="public"><comment><sentence>Return true if the year specified in the date/time string
 given as the argument is a leap year.</sentence><return><body><div>true if the year is a leap year (false if not, or if input is invalid)</div></body></return></comment><params><param fulltype="net.sf.saxon.expr.XPathContext" name="context" type="XPathContext"><body><div>the XPath dynamic context</div></body></param><param fulltype="net.sf.saxon.value.StringValue" name="dateTime" type="StringValue"><body><div>a dateTime as a string</div></body></param></params></method><method fulltype="double" id="minuteInHour" static="true" type="double" visibility="public"><comment><sentence>Return the current minute of the hour</sentence><return><body><div>the minute</div></body></return></comment><params><param fulltype="net.sf.saxon.expr.XPathContext" name="context" type="XPathContext"><body><div>the XPath dynamic context</div></body></param></params><exceptions><exception fulltype="net.sf.saxon.trans.XPathException" id="XPathException"><sentence>XPathException if the context does not allow a date/time to be established</sentence></exception></exceptions></method><method fulltype="double" id="minuteInHour" static="true" type="double" visibility="public"><comment><sentence>Return the minute of the hour in the specified date or date/time</sentence><return><body><div>the minute</div></body></return></comment><params><param fulltype="net.sf.saxon.expr.XPathContext" name="context" type="XPathContext"><body><div>the XPath dynamic context</div></body></param><param fulltype="net.sf.saxon.value.StringValue" name="dateTime" type="StringValue"><body><div>must start with CCYY-MM-DDThh:mm:ss or hh:mm:ss</div></body></param></params></method><method fulltype="java.lang.String" id="monthAbbreviation" static="true" type="String" visibility="public"><comment><sentence>Return the month abbreviation from the current date.</sentence><return><body><div>the English month abbreviation, for example "Jan", "Feb"</div></body></return></comment><params><param fulltype="net.sf.saxon.expr.XPathContext" name="context" type="XPathContext"><body><div>the XPath dynamic context</div></body></param></params><exceptions><exception fulltype="net.sf.saxon.trans.XPathException" id="XPathException"><sentence>XPathException if the context does not allow a date/time to be established</sentence></exception></exceptions></method><method fulltype="java.lang.String" id="monthAbbreviation" static="true" type="String" visibility="public"><comment><sentence>Return the month abbreviation from a date.</sentence><return><body><div>the English month abbreviation, for example "Jan", "Feb"</div></body></return></comment><params><param fulltype="net.sf.saxon.expr.XPathContext" name="context" type="XPathContext"><body><div>the XPath dynamic context</div></body></param><param fulltype="net.sf.saxon.value.StringValue" name="date" type="StringValue"><body><div>The date must start with either "CCYY-MM" or "--MM"</div></body></param></params></method><method fulltype="double" id="monthInYear" static="true" type="double" visibility="public"><comment><sentence>Return the month number from the current date.</sentence><return><body><div>the current month number</div></body></return></comment><params><param fulltype="net.sf.saxon.expr.XPathContext" name="context" type="XPathContext"><body><div>the XPath dynamic context</div></body></param></params><exceptions><exception fulltype="net.sf.saxon.trans.XPathException" id="XPathException"><sentence>XPathException if the context does not allow a date/time to be established</sentence></exception></exceptions></method><method fulltype="double" id="monthInYear" static="true" type="double" visibility="public"><comment><body><div>Return the month number from a date.
 The date must start with either "CCYY-MM" or "--MM"</div></body><sentence>Return the month number from a date.</sentence><return><body><div>the month extracted from the dateTime</div></body></return></comment><params><param fulltype="net.sf.saxon.expr.XPathContext" name="context" type="XPathContext"><body><div>the XPath dynamic context</div></body></param><param fulltype="net.sf.saxon.value.StringValue" name="dateTime" type="StringValue"><body><div>a dateTime as a string</div></body></param></params></method><method fulltype="java.lang.String" id="monthName" static="true" type="String" visibility="public"><comment><sentence>Return the month name from the current date.</sentence><return><body><div>the English month name, for example "January", "February"</div></body></return></comment><params><param fulltype="net.sf.saxon.expr.XPathContext" name="context" type="XPathContext"><body><div>the XPath dynamic context</div></body></param></params><exceptions><exception fulltype="net.sf.saxon.trans.XPathException" id="XPathException"><sentence>XPathException if the context does not allow a date/time to be established</sentence></exception></exceptions></method><method fulltype="java.lang.String" id="monthName" static="true" type="String" visibility="public"><comment><body><div>Return the month name from a date.
 The date must start with either "CCYY-MM" or "--MM"</div></body><sentence>Return the month name from a date.</sentence><return><body><div>the English month name, for example "January", "February"</div></body></return></comment><params><param fulltype="net.sf.saxon.expr.XPathContext" name="context" type="XPathContext"><body><div>the XPath dynamic context</div></body></param><param fulltype="net.sf.saxon.value.StringValue" name="date" type="StringValue"><body><div>the date/time as a string</div></body></param></params></method><method fulltype="double" id="secondInMinute" static="true" type="double" visibility="public"><comment><sentence>Return the current second of the minute</sentence><return><body><div>the second</div></body></return></comment><params><param fulltype="net.sf.saxon.expr.XPathContext" name="context" type="XPathContext"><body><div>the XPath dynamic context</div></body></param></params><exceptions><exception fulltype="net.sf.saxon.trans.XPathException" id="XPathException"><sentence>XPathException if the context does not allow a date/time to be established</sentence></exception></exceptions></method><method fulltype="double" id="secondInMinute" static="true" type="double" visibility="public"><comment><sentence>Return the second of the minute in the specified date or date/time</sentence><return><body><div>the second</div></body></return></comment><params><param fulltype="net.sf.saxon.expr.XPathContext" name="context" type="XPathContext"><body><div>the XPath dynamic context</div></body></param><param fulltype="net.sf.saxon.value.StringValue" name="dateTime" type="StringValue"><body><div>must start with CCYY-MM-DDThh:mm:ss or hh:mm:ss</div></body></param></params></method><method fulltype="double" id="seconds" static="true" type="double" visibility="public"><comment><sentence>Return the number of seconds since 1 Jan 1970</sentence><return><body><div>the number of seconds since 1 Jan 1970 (the "epoch" according to Java and Unix)</div></body></return></comment><params><param fulltype="net.sf.saxon.expr.XPathContext" name="context" type="XPathContext"><body><div>the XPath dynamic context</div></body></param></params><exceptions><exception fulltype="net.sf.saxon.trans.XPathException" id="XPathException"><sentence>XPathException if the context does not allow a date/time to be established</sentence></exception></exceptions></method><method fulltype="double" id="seconds" static="true" type="double" visibility="public"><comment><body><div>The date:seconds function returns the number of seconds specified by the argument string.
 If no argument is given, then the current local date/time, as returned by date:date-time
 is used as a default argument.
 <p>The argument string may be in one of the following formats:</p>
 <ol><li>A right-truncated date/time string in one of the formats defined in
 <a href="http://www.w3.org/TR/xmlschema-2/" shape="rect">[XML Schema Part 2: Datatypes]</a>.
 In these cases, the difference between the date/time string and 1970-01-01T00:00:00Z
 is calculated as with date:difference and the result is converted to seconds with
 date:seconds.
 The legal formats are as follows:
 <ul><li>xs:dateTime (CCYY-MM-DDThh:mm:ss)</li><li>xs:date (CCYY-MM-DD)</li><li>xs:gYearMonth (CCYY-MM)</li><li>xs:gYear (CCYY)</li></ul>
 </li><li>A duration specified in days, hours, minutes and seconds in the format defined for
 xs:duration in
 <a href="http://www.w3.org/TR/xmlschema-2/#duration" shape="rect">[3.2.6 duration]</a>
 of
 <a href="http://www.w3.org/TR/xmlschema-2/" shape="rect">[XML Schema Part 2: Datatypes]</a>.
 The number of years and months in the duration string must both be equal to zero:
 either P0Y0M120D or P120D are permitted, but P3M is not.
 If the argument to date:seconds is defined as a duration, the number returned is the
 result of converting the duration to seconds by assuming that
 1 day = 24 hours, 1 hour = 60 minutes and 1 minute = 60 seconds.
 The permitted duration format is basically PnDTnHnMnS, although implementers should
 consult
 <a href="http://www.w3.org/TR/xmlschema-2/" shape="rect">[XML Schema Part 2: Datatypes]</a>
 and
 <a href="http://www.iso.ch/markete/8601.pdf" shape="rect">[ISO 8601]</a>
 for details.
 </li></ol>
 <p>If the argument is not in any of these formats, date:seconds returns NaN.</p></div></body><sentence>The date:seconds function returns the number of seconds specified by the argument string.</sentence><return><body><div>the number of seconds since 1 Jan 1970 (the "epoch" according to Java and Unix)</div></body></return></comment><params><param fulltype="net.sf.saxon.expr.XPathContext" name="context" type="XPathContext"><body><div>the XPath dynamic context</div></body></param><param fulltype="net.sf.saxon.value.StringValue" name="datetimeIn" type="StringValue"><body><div>the input dateTime, date, yearMonth, or year as an ISO string</div></body></param></params></method><method fulltype="java.lang.String" id="sum" static="true" type="String" visibility="public"><comment><body><div>The date:sum function adds a set of durations together.
 <p>The string values of the nodes in the node set passed as an argument
 are interpreted as durations and added together as if using the date:add-duration
 function. The string values of the nodes in the node set passed as the argument
 must be in the format defined for xs:duration in [3.2.6 duration] of
 [XML Schema Part 2: Datatypes]. If any of the string values of these nodes
 are not in this format, or if the node set is empty, the function returns an
 empty string (''). The result is a string in the format defined for xs:duration
 in [3.2.6 duration] of [XML Schema Part 2: Datatypes].</p>
 <p>The durations can be summed by summing the numbers given for each of the components in the durations.</p></div></body><sentence>The date:sum function adds a set of durations together.</sentence><return><body><div>a string representation of the total duration, or "" if any input is invalid or if the
         input is an empty sequence</div></body></return></comment><params><param fulltype="net.sf.saxon.om.SequenceIterator" name="durations" type="SequenceIterator"><body><div>a sequence which when atomized and converted to strings using the string()
                  function yields a sequence of strings representing the input durations in ISO format</div></body></param></params><exceptions><exception fulltype="net.sf.saxon.trans.XPathException" id="XPathException"><sentence>XPathException if the input sequence cannot be evaluated</sentence></exception></exceptions></method><method fulltype="java.lang.String" id="time" static="true" type="String" visibility="public"><comment><sentence>The date:time function returns the current time.</sentence><return><body><div>the current time as a string</div></body></return></comment><params><param fulltype="net.sf.saxon.expr.XPathContext" name="context" type="XPathContext"><body><div>the XPath dynamic context</div></body></param></params><exceptions><exception fulltype="net.sf.saxon.trans.XPathException" id="XPathException"><sentence>XPathException if the context does not allow a date/time to be established</sentence></exception></exceptions></method><method fulltype="java.lang.String" id="time" static="true" type="String" visibility="public"><comment><sentence>The date:time function returns the time specified in the date/time string given as the
 argument.</sentence><return><body><div>the time part of the string, or "" if invalid</div></body></return></comment><params><param fulltype="net.sf.saxon.expr.XPathContext" name="context" type="XPathContext"><body><div>the XPath dynamic context</div></body></param><param fulltype="net.sf.saxon.value.StringValue" name="dateTime" type="StringValue"><body><div>must start with [+|-]CCYY-MM-DDThh:mm:ss</div></body></param></params></method><method fulltype="double" id="weekInMonth" static="true" type="double" visibility="public"><comment><sentence>Return the ISO week number of the current date within the month</sentence><return><body><div>the week number within the month</div></body></return></comment><params><param fulltype="net.sf.saxon.expr.XPathContext" name="context" type="XPathContext"><body><div>the XPath dynamic context</div></body></param></params><exceptions><exception fulltype="net.sf.saxon.trans.XPathException" id="XPathException"><sentence>XPathException if the context does not allow a date/time to be established</sentence></exception></exceptions></method><method fulltype="double" id="weekInMonth" static="true" type="double" visibility="public"><comment><sentence>Return the week number of a specified date within the month
 (Note, this function is underspecified in EXSLT)</sentence><return><body><div>the week number within the month</div></body></return></comment><params><param fulltype="net.sf.saxon.expr.XPathContext" name="context" type="XPathContext"><body><div>the XPath dynamic context</div></body></param><param fulltype="net.sf.saxon.value.StringValue" name="dateTime" type="StringValue"><body><div>the date starting CCYY-MM-DD</div></body></param></params></method><method fulltype="double" id="weekInYear" static="true" type="double" visibility="public"><comment><sentence>Return the ISO week number of the current date
 (Note, this returns the ISO week number: the result in EXSLT is underspecified)</sentence><return><body><div>the ISO week number</div></body></return></comment><params><param fulltype="net.sf.saxon.expr.XPathContext" name="context" type="XPathContext"><body><div>the XPath dynamic context</div></body></param></params><exceptions><exception fulltype="net.sf.saxon.trans.XPathException" id="XPathException"><sentence>XPathException if the context does not allow a date/time to be established</sentence></exception></exceptions></method><method fulltype="double" id="weekInYear" static="true" type="double" visibility="public"><comment><sentence>Return the ISO week number of a specified date within the year
 (Note, this returns the ISO week number: the result in EXSLT is underspecified)</sentence><return><body><div>the ISO week number</div></body></return></comment><params><param fulltype="net.sf.saxon.expr.XPathContext" name="context" type="XPathContext"><body><div>the XPath dynamic context</div></body></param><param fulltype="net.sf.saxon.value.StringValue" name="dateTime" type="StringValue"><body><div>the current date starting CCYY-MM-DD</div></body></param></params></method><method fulltype="double" id="year" static="true" type="double" visibility="public"><comment><sentence>The date:year function returns the current year.</sentence><return><body><div>the current year as a double</div></body></return></comment><params><param fulltype="net.sf.saxon.expr.XPathContext" name="context" type="XPathContext"><body><div>the XPath dynamic context</div></body></param></params><exceptions><exception fulltype="net.sf.saxon.trans.XPathException" id="XPathException"><sentence>XPathException if the context does not allow a date/time to be established</sentence></exception></exceptions></method><method fulltype="double" id="year" static="true" type="double" visibility="public"><comment><body><div>The date:year function returns the year of a date as a number. If no
 argument is given, then the current local date/time, as returned by
 date:date-time is used as a default argument.
 <p>The date/time string specified as the first argument must be a right-truncated
 string in the format defined as the lexical representation of xs:dateTime in one
 of the formats defined in
 <a href="http://www.w3.org/TR/xmlschema-2/" shape="rect">[XML Schema Part 2: Datatypes]</a>.</p>
 <p>The permitted formats are as follows:</p>
 <ul><li>xs:dateTime (CCYY-MM-DDThh:mm:ss)</li><li>xs:date (CCYY-MM-DD)</li><li>xs:gYearMonth (CCYY-MM)</li><li>xs:gYear (CCYY)</li></ul>
 <p>If the date/time string is not in one of these formats, then NaN is returned.</p>
 <p>Note: although not specifically permitted in the EXSLT specification, the Saxon
 implementation also allows the input value to contain a timezone</p></div></body><sentence>The date:year function returns the year of a date as a number.</sentence><return><body><div>the year component of the supplied date time, or NaN if invalid</div></body></return></comment><params><param fulltype="net.sf.saxon.expr.XPathContext" name="context" type="XPathContext"><body><div>the XPath dynamic context</div></body></param><param fulltype="net.sf.saxon.value.StringValue" name="datetimeIn" type="StringValue"><body><div>the supplied date/time in ISO format</div></body></param></params></method></methods></class><class id="Math" abstract="true" fulltype="net.sf.saxon.option.exslt.Math" superclass="Object" superclassfulltype="java.lang.Object" visibility="public"><comment><sentence>This class implements extension functions in the
 http://exslt.org/math namespace.</sentence></comment><fields/><methods><constructor id="Math" visibility="public"/><method fulltype="double" id="abs" static="true" type="double" visibility="public"><comment><sentence>Get the absolute value of a numeric value (SStL)</sentence><return><body><div>the result</div></body></return></comment><params><param fulltype="double" name="x" type="double"><body><div>the input value</div></body></param></params></method><method fulltype="double" id="acos" static="true" type="double" visibility="public"><comment><sentence>Get the arccosine of a numeric value  (SStL)</sentence><return><body><div>the result</div></body></return></comment><params><param fulltype="double" name="x" type="double"><body><div>the input value</div></body></param></params></method><method fulltype="double" id="asin" static="true" type="double" visibility="public"><comment><sentence>Get the arcsine of a numeric value  (SStL)</sentence><return><body><div>the result</div></body></return></comment><params><param fulltype="double" name="x" type="double"><body><div>the input value</div></body></param></params></method><method fulltype="double" id="atan" static="true" type="double" visibility="public"><comment><sentence>Get the arctangent of a numeric value  (SStL)</sentence><return><body><div>the result</div></body></return></comment><params><param fulltype="double" name="x" type="double"><body><div>the input value</div></body></param></params></method><method fulltype="double" id="atan2" static="true" type="double" visibility="public"><comment><sentence>Converts rectangular coordinates to polar  (SStL)</sentence><return><body><div>the result</div></body></return></comment><params><param fulltype="double" name="x" type="double"><body><div>the first input value</div></body></param><param fulltype="double" name="y" type="double"><body><div>the second input value</div></body></param></params></method><method fulltype="double" id="constant" static="true" type="double" visibility="public"><comment><sentence>Get a named constant to a given precision  (SStL)</sentence></comment><params><param fulltype="net.sf.saxon.expr.XPathContext" name="context" type="XPathContext"><body><div>the XPath dynamic context</div></body></param><param fulltype="java.lang.String" name="name" type="String"><body><div>the name of the constant</div></body></param><param fulltype="double" name="precision" type="double"><body><div>the required precision</div></body></param></params><exceptions><exception fulltype="net.sf.saxon.trans.XPathException" id="XPathException"/></exceptions></method><method fulltype="double" id="cos" static="true" type="double" visibility="public"><comment><sentence>Get the cosine of a numeric value (SStL)</sentence><return><body><div>the result</div></body></return></comment><params><param fulltype="double" name="x" type="double"><body><div>the input value</div></body></param></params></method><method fulltype="double" id="exp" static="true" type="double" visibility="public"><comment><sentence>Get the exponential of a numeric value  (SStL)</sentence><return><body><div>the result</div></body></return></comment><params><param fulltype="double" name="x" type="double"><body><div>the input value</div></body></param></params></method><method fulltype="net.sf.saxon.om.Sequence" id="highest" static="true" type="Sequence" visibility="public"><comment><body><div>Get the items with maximum numeric value of the string-value of each of a sequence of items.
 The items are returned in the order of the original sequence.</div></body><sentence>Get the items with maximum numeric value of the string-value of each of a sequence of items.</sentence></comment><params><param fulltype="net.sf.saxon.expr.XPathContext" name="context" type="XPathContext"><body><div>the XPath dynamic context</div></body></param><param fulltype="net.sf.saxon.om.SequenceIterator" name="nsv" type="SequenceIterator"><body><div>the input sequence</div></body></param></params><exceptions><exception fulltype="net.sf.saxon.trans.XPathException" id="XPathException"/></exceptions></method><method fulltype="double" id="log" static="true" type="double" visibility="public"><comment><sentence>Get the logarithm of a numeric value (SStL)</sentence><return><body><div>the result</div></body></return></comment><params><param fulltype="double" name="x" type="double"><body><div>the input value</div></body></param></params></method><method fulltype="net.sf.saxon.om.Sequence" id="lowest" static="true" type="Sequence" visibility="public"><comment><sentence>Get the items with minimum numeric value of the string-value of each of a sequence of items
 The items are returned in the order of the original sequence.</sentence></comment><params><param fulltype="net.sf.saxon.expr.XPathContext" name="context" type="XPathContext"><body><div>the XPath dynamic context</div></body></param><param fulltype="net.sf.saxon.om.SequenceIterator" name="nsv" type="SequenceIterator"><body><div>the input sequence</div></body></param></params><exceptions><exception fulltype="net.sf.saxon.trans.XPathException" id="XPathException"/></exceptions></method><method fulltype="double" id="max" static="true" type="double" visibility="public"><comment><sentence>Get the maximum numeric value of the string-value of each of a set of nodes</sentence></comment><params><param fulltype="net.sf.saxon.expr.XPathContext" name="context" type="XPathContext"><body><div>the XPath dynamic context</div></body></param><param fulltype="net.sf.saxon.om.SequenceIterator" name="nsv" type="SequenceIterator"><body><div>the values whose maximum is required</div></body></param></params><exceptions><exception fulltype="net.sf.saxon.trans.XPathException" id="XPathException"/></exceptions></method><method fulltype="double" id="min" static="true" type="double" visibility="public"><comment><sentence>Get the minimum numeric value of the string-value of each of a set of nodes</sentence></comment><params><param fulltype="net.sf.saxon.expr.XPathContext" name="context" type="XPathContext"><body><div>the XPath dynamic context</div></body></param><param fulltype="net.sf.saxon.om.SequenceIterator" name="nsv" type="SequenceIterator"><body><div>the values whose minimum is required</div></body></param></params><exceptions><exception fulltype="net.sf.saxon.trans.XPathException" id="XPathException"/></exceptions></method><method fulltype="net.sf.saxon.value.NumericValue" id="power" static="true" type="NumericValue" visibility="public"><comment><body><div>Get a number n raised to the power of another number e.
 <p>If e is a non-negative integer, then the result will have the same type as n, except
 that a float is always promoted to double.</p>
 <p>If e is a negative integer, then the result will have the same type as n except that a float
 is treated as a double and an integer is treated as a decimal.</p>
 <p>If e is not an integer (or an xs:decimal representing an integer),
 the result will be a double.</p></div></body><sentence>Get a number n raised to the power of another number e.</sentence><return><body><div>the result of n^e</div></body></return></comment><params><param fulltype="net.sf.saxon.value.NumericValue" name="n" type="NumericValue"><body><div>the first argument.</div></body></param><param fulltype="net.sf.saxon.value.NumericValue" name="e" type="NumericValue"><body><div>the second argument. M</div></body></param></params><exceptions><exception fulltype="net.sf.saxon.trans.XPathException" id="XPathException"><sentence>XPathException if an arithmetic overflow is detected.</sentence></exception></exceptions></method><method fulltype="double" id="random" static="true" type="double" visibility="public"><comment><sentence>Get a random numeric value (SStL)</sentence><return><body><div>the result</div></body></return></comment></method><method fulltype="double" id="sin" static="true" type="double" visibility="public"><comment><sentence>Get the sine of a numeric value (SStL)</sentence><return><body><div>the result</div></body></return></comment><params><param fulltype="double" name="x" type="double"><body><div>the input value</div></body></param></params></method><method fulltype="double" id="sqrt" static="true" type="double" visibility="public"><comment><sentence>Get the square root of a numeric value (SStL)</sentence><return><body><div>the result</div></body></return></comment><params><param fulltype="double" name="x" type="double"><body><div>the input value</div></body></param></params></method><method fulltype="double" id="tan" static="true" type="double" visibility="public"><comment><sentence>Get the tangent of a numeric value  (SStL)</sentence><return><body><div>the result</div></body></return></comment><params><param fulltype="double" name="x" type="double"><body><div>the input value</div></body></param></params></method></methods></class><class id="Random" abstract="true" fulltype="net.sf.saxon.option.exslt.Random" superclass="Object" superclassfulltype="java.lang.Object" visibility="public"><comment><sentence>This class implements extension functions in the
 http://exslt.org/random namespace.</sentence><attribute name="@author"><body><div>Martin Szugat</div></body></attribute><attribute name="@version"><body><div>1.0, 30.06.2004
          Rewritten by Michael Kay to generate a SequenceIterator</div></body></attribute></comment><fields/><methods><constructor id="Random" visibility="public"/><method fulltype="net.sf.saxon.value.DoubleValue" id="randomSequence" static="true" type="DoubleValue" visibility="public"><comment><sentence>Returns a single random number                                                               X
 between 0 and 1.</sentence><return><body><div>sequence random number.</div></body></return></comment><exceptions><exception fulltype="net.sf.saxon.trans.XPathException" id="XPathException"/></exceptions></method><method fulltype="net.sf.saxon.om.SequenceIterator" id="randomSequence" static="true" type="SequenceIterator" visibility="public"><comment><sentence>Returns a sequence of random numbers
 between 0 and 1.</sentence><return><body><div>sequence of random numbers.</div></body></return></comment><params><param fulltype="int" name="numberOfItems" type="int"><body><div>number of random items
                      in the sequence.</div></body></param></params><exceptions><exception fulltype="java.lang.IllegalArgumentException" id="IllegalArgumentException"><sentence>IllegalArgumentException numberOfItems is not positive.</sentence></exception></exceptions></method><method fulltype="net.sf.saxon.om.SequenceIterator" id="randomSequence" static="true" type="SequenceIterator" visibility="public"><comment><sentence>Returns a sequence of random numbers
 between 0 and 1.</sentence><return><body><div>sequence of random numbers as an iterator.</div></body></return></comment><params><param fulltype="int" name="numberOfItems" type="int"><body><div>number of random items
                      in the sequence.</div></body></param><param fulltype="double" name="seed" type="double"><body><div>the initial seed.</div></body></param></params><exceptions><exception fulltype="java.lang.IllegalArgumentException" id="IllegalArgumentException"><sentence>IllegalArgumentException numberOfItems is not positive.</sentence></exception></exceptions></method></methods></class><class id="Sets" abstract="true" fulltype="net.sf.saxon.option.exslt.Sets" superclass="Object" superclassfulltype="java.lang.Object" visibility="public"><comment><sentence>This class implements extension functions in the
 http://exslt.org/sets namespace.</sentence></comment><fields/><methods><method fulltype="net.sf.saxon.om.SequenceIterator" id="difference" static="true" type="SequenceIterator" visibility="public"><comment><sentence>Return the difference of two node-sets (interpreted as sequences of nodes that must be supplied
 in document order)</sentence><return><body><div>A node-set containing all nodes that are in p1 and not in p2</div></body></return></comment><params><param fulltype="net.sf.saxon.om.SequenceIterator" name="p1" type="SequenceIterator"><body><div>The first node-set</div></body></param><param fulltype="net.sf.saxon.om.SequenceIterator" name="p2" type="SequenceIterator"><body><div>The second node-set</div></body></param></params><exceptions><exception fulltype="net.sf.saxon.trans.XPathException" id="XPathException"/></exceptions></method><method fulltype="boolean" id="hasSameNode" static="true" type="boolean" visibility="public"><comment><sentence>Determine whether two node-sets (interpreted as sequences of nodes that must be supplied
 in document order) contain at least one node in common</sentence><return><body><div>true if p1 and p2 contain at least one node in common (i.e. if the intersection
         is not empty)</div></body></return></comment><params><param fulltype="net.sf.saxon.om.SequenceIterator" name="p1" type="SequenceIterator"><body><div>The first node-set</div></body></param><param fulltype="net.sf.saxon.om.SequenceIterator" name="p2" type="SequenceIterator"><body><div>The second node-set</div></body></param></params><exceptions><exception fulltype="net.sf.saxon.trans.XPathException" id="XPathException"/></exceptions></method><method fulltype="net.sf.saxon.om.SequenceIterator" id="intersection" static="true" type="SequenceIterator" visibility="public"><comment><sentence>Return the intersection of two node-sets (interpreted as sequences of nodes that must be supplied
 in document order)</sentence><return><body><div>A node-set containing all nodes that are in both p1 and p2</div></body></return></comment><params><param fulltype="net.sf.saxon.om.SequenceIterator" name="p1" type="SequenceIterator"><body><div>The first node-set</div></body></param><param fulltype="net.sf.saxon.om.SequenceIterator" name="p2" type="SequenceIterator"><body><div>The second node-set</div></body></param></params><exceptions><exception fulltype="net.sf.saxon.trans.XPathException" id="XPathException"/></exceptions></method><method fulltype="net.sf.saxon.om.SequenceIterator" id="leading" static="true" type="SequenceIterator" visibility="public"><comment><body><div>Find all the nodes in ns1 that are before the first node in ns2.
 Return empty set if ns2 is empty. For this function, Saxon does not assume that the two sequences
 of nodes are supplied in document order.</div></body><sentence>Find all the nodes in ns1 that are before the first node in ns2.</sentence><return><body><div>the nodes in the node set passed as the first argument that precede,
         in document order, the first node in the node set passed as the second argument.</div></body></return></comment><params><param fulltype="net.sf.saxon.expr.XPathContext" name="context" type="XPathContext"/><param fulltype="net.sf.saxon.om.SequenceIterator" name="ns1" type="SequenceIterator"><body><div>The first node-set</div></body></param><param fulltype="net.sf.saxon.om.SequenceIterator" name="ns2" type="SequenceIterator"><body><div>The second node-set</div></body></param></params><exceptions><exception fulltype="net.sf.saxon.trans.XPathException" id="XPathException"/></exceptions></method><method fulltype="net.sf.saxon.om.SequenceIterator" id="trailing" static="true" type="SequenceIterator" visibility="public"><comment><body><div>Find all the nodes in ns1 that are after the first node in ns2.
 Return ns1 if ns2 is empty,</div></body><sentence>Find all the nodes in ns1 that are after the first node in ns2.</sentence><return><body><div>the nodes in the node set passed as the first argument that follow,
         in document order, the first node in the node set passed as the second argument.</div></body></return></comment><params><param fulltype="net.sf.saxon.expr.XPathContext" name="context" type="XPathContext"/><param fulltype="net.sf.saxon.om.SequenceIterator" name="ns1" type="SequenceIterator"><body><div>The first node-set</div></body></param><param fulltype="net.sf.saxon.om.SequenceIterator" name="ns2" type="SequenceIterator"><body><div>The second node-set</div></body></param></params><exceptions><exception fulltype="net.sf.saxon.trans.XPathException" id="XPathException"/></exceptions></method></methods></class></package>