<?xml version="1.0" encoding="UTF-8"?><package id="net.sf.saxon.java"><class id="JavaCollationFactory" abstract="true" fulltype="net.sf.saxon.java.JavaCollationFactory" superclass="Object" superclassfulltype="java.lang.Object" visibility="public"><comment><body><div>A JavaCollationFactory allows a Collation to be created given
 a set of properties that the collation should have. This class creates a collator using
 the facilities of the Java platform; there is a corresponding class that uses the .NET
 platform.</div></body><sentence>A JavaCollationFactory allows a Collation to be created given
 a set of properties that the collation should have.</sentence></comment><fields/><methods><method fulltype="net.sf.saxon.lib.StringCollator" id="makeCollation" static="true" type="StringCollator" visibility="public"><comment><sentence>Make a collator with given properties</sentence><return><body><div>a collation with these properties</div></body></return></comment><params><param fulltype="net.sf.saxon.Configuration" name="config" type="Configuration"><body><div>the Configuration</div></body></param><param fulltype="java.lang.String" name="uri" type="String"><body><div>the Collation URI</div></body></param><param fulltype="java.util.Properties" name="props" type="Properties"><body><div>the desired properties of the collation</div></body></param></params><exceptions><exception fulltype="net.sf.saxon.trans.XPathException" id="XPathException"><sentence>XPathException if any error occurs</sentence></exception></exceptions></method></methods></class><class id="JavaPlatform" fulltype="net.sf.saxon.java.JavaPlatform" superclass="Object" superclassfulltype="java.lang.Object" visibility="public"><implements><interface fulltype="net.sf.saxon.Platform" type="Platform"/></implements><comment><body><div>Implementation of the Platform class containing methods specific to the Java platform
 (as distinct from .NET). This is a singleton class with no instance data.</div></body><sentence>Implementation of the Platform class containing methods specific to the Java platform
 (as distinct from .NET).</sentence></comment><fields/><methods><constructor id="JavaPlatform" visibility="public"><comment><sentence>The constructor is called during the static initialization of the Configuration</sentence></comment></constructor><method fulltype="void" id="addFunctionLibraries" type="void" visibility="public"><comment><body><div>Add the platform-specific function libraries to a function library list. This version
 of the method does nothing</div></body><sentence>Add the platform-specific function libraries to a function library list.</sentence></comment><params><param fulltype="net.sf.saxon.functions.FunctionLibraryList" name="list" type="FunctionLibraryList"><body><div>the function library list that is to be extended</div></body></param><param fulltype="net.sf.saxon.Configuration" name="config" type="Configuration"><body><div>the Configuration</div></body></param><param fulltype="int" name="hostLanguage" type="int"><body><div>the host language, for example Configuration.XQUERY</div></body></param></params></method><method fulltype="boolean" id="canReturnCollationKeys" type="boolean" visibility="public"><comment><body><div>Given a collation, determine whether it is capable of returning collation keys.
 The essential property of collation keys
 is that if two values are equal under the collation, then the collation keys are
 equal under the equals() method.</div></body><sentence>Given a collation, determine whether it is capable of returning collation keys.</sentence><return><body><div>true if this collation can supply collation keys</div></body></return></comment><params><param fulltype="net.sf.saxon.lib.StringCollator" name="collation" type="StringCollator"><body><div>the collation, provided as a Comparator</div></body></param></params></method><method fulltype="net.sf.saxon.regex.RegularExpression" id="compileRegularExpression" type="RegularExpression" visibility="public"><comment><sentence>Compile a regular expression</sentence><return><body><div>the compiled regular expression</div></body></return></comment><params><param fulltype="net.sf.saxon.Configuration" name="config" type="Configuration"><body><div>the Saxon configuration</div></body></param><param fulltype="net.sf.saxon.str.UnicodeString" name="regex" type="UnicodeString"><body><div>the regular expression as a string</div></body></param><param fulltype="java.lang.String" name="flags" type="String"><body><div>the value of the flags attribute</div></body></param><param fulltype="java.lang.String" name="hostLanguage" type="String"><body><div>one of "XSD10", "XSD11", "XP20" or "XP30". Also allow combinations, e.g. "XP20/XSD11".</div></body></param><param fulltype="java.util.List" name="warnings" type="List"><type fulltype="java.lang.String" type="String"/><body><div>if supplied, may capture warnings from the regular expression compiler</div></body></param></params><exceptions><exception fulltype="net.sf.saxon.trans.XPathException" id="XPathException"><sentence>net.sf.saxon.trans.XPathException if the regular expression or the flags are invalid</sentence></exception></exceptions></method><method fulltype="net.sf.saxon.expr.sort.AtomicMatchKey" id="getCollationKey" type="AtomicMatchKey" visibility="public"><comment><body><div>Given a collation, get a collation key. The essential property of collation keys
 is that if two values are equal under the collation, then the collation keys are
 compare correctly under the equals() method.</div></body><sentence>Given a collation, get a collation key.</sentence></comment><params><param fulltype="net.sf.saxon.expr.sort.SimpleCollation" name="namedCollation" type="SimpleCollation"/><param fulltype="java.lang.String" name="value" type="String"/></params></method><method fulltype="java.lang.String" id="getDefaultCountry" type="String" visibility="public"><comment><sentence>Get the default country for localization.</sentence><return><body><div>the default country</div></body></return></comment></method><method fulltype="net.sf.saxon.lib.IDynamicLoader" id="getDefaultDynamicLoader" type="IDynamicLoader" visibility="public"><comment><sentence>Get the default DynamicLoader for the platform</sentence><return><body><div>the default DynamicLoader</div></body></return></comment></method><method fulltype="java.lang.String" id="getDefaultLanguage" type="String" visibility="public"><comment><sentence>Get the default language for localization.</sentence><return><body><div>the default language</div></body></return></comment></method><method fulltype="net.sf.saxon.type.ExternalObjectType" id="getExternalObjectType" type="ExternalObjectType" visibility="public"><params><param fulltype="net.sf.saxon.Configuration" name="config" type="Configuration"/><param fulltype="java.lang.String" name="uri" type="String"/><param fulltype="java.lang.String" name="localName" type="String"/></params></method><method fulltype="java.lang.String" id="getInstallationDirectory" type="String" visibility="public"><comment><sentence>Return the name of the directory in which the software is installed (if available)</sentence><return><body><div>the name of the directory in which Saxon is installed, if available, or null otherwise</div></body></return></comment><params><param fulltype="java.lang.String" name="edition" type="String"><body><div>The edition of the software that is loaded ("HE", "PE", or "EE")</div></body></param><param fulltype="net.sf.saxon.Configuration" name="config" type="Configuration"><body><div>the Saxon configuration</div></body></param></params></method><method fulltype="java.lang.String" id="getPlatformSuffix" type="String" visibility="public"><comment><sentence>Get a suffix letter to add to the Saxon version number to identify the platform</sentence></comment></method><method fulltype="java.lang.String" id="getPlatformVersion" type="String" visibility="public"><comment><sentence>Get the platform version</sentence></comment></method><method fulltype="boolean" id="hasICUCollator" type="boolean" visibility="public"><comment><sentence>No ICU features</sentence></comment></method><method fulltype="boolean" id="hasICUNumberer" type="boolean" visibility="public"/><method fulltype="void" id="initialize" type="void" visibility="public"><comment><sentence>Perform platform-specific initialization of the configuration</sentence></comment><params><param fulltype="net.sf.saxon.Configuration" name="config" type="Configuration"/></params></method><method fulltype="boolean" id="isDotNet" type="boolean" visibility="public"><comment><sentence>Return true if this is the .NET platform</sentence></comment></method><method fulltype="boolean" id="isJava" type="boolean" visibility="public"><comment><sentence>Return true if this is the Java platform</sentence></comment></method><method fulltype="boolean" id="JAXPStaticContextCheck" type="boolean" visibility="public"><comment><body><div>Checks if the supplied static context is an instance of the JAXP static context.
 On Java we create namespace information from the JAXP XPath static context.
 On the .NET platform we do nothing.</div></body><sentence>Checks if the supplied static context is an instance of the JAXP static context.</sentence><return><body><div>boolean</div></body></return><attribute name="@since"><body><div>9.7.0.5</div></body></attribute></comment><params><param fulltype="net.sf.saxon.expr.parser.RetainedStaticContext" name="retainedStaticContext" type="RetainedStaticContext"><body><div>the retained static context</div></body></param><param fulltype="net.sf.saxon.expr.StaticContext" name="sc" type="StaticContext"><body><div>the supplied static context</div></body></param></params></method><method fulltype="org.xml.sax.XMLReader" id="loadParser" type="XMLReader" visibility="public"><comment><sentence>Get a parser by instantiating the SAXParserFactory</sentence><return><body><div>the parser (XMLReader)</div></body></return></comment></method><method fulltype="org.xml.sax.XMLReader" id="loadParserForXmlFragments" type="XMLReader" visibility="public"><comment><body><div>Get a parser suitable for parsing XML fragments

 <p>For background, see bugs 4127 and 4253. The problem is that to implement parse-xml-fragment(),
 we need to set an EntityResolver on the returned parser. But if an Apache catalog resolver is
 in use, the JAXP system properties may be set so that JAXP returns a custom XMLReader supplied
 by the catalog resolver, and that XMLReader ignores any attempt to set an EntityResolver. So
 we bypass JAXP and try to load the built-in parser within the JDK, which we know we can trust;
 only if this fails (presumably because this is not the Oracle JDK) do we fall back to using a
 JAXP-supplied parser. And if this turns out to ignore <tag kind="code">setEntityResolver()</tag> calls, we're
 hosed.
 </p></div></body><sentence>Get a parser suitable for parsing XML fragments</sentence><return><body><div>the parser (XMLReader)</div></body></return></comment></method><method fulltype="java.io.InputStream" id="locateResource" type="InputStream" visibility="public"><comment><sentence>Read a resource file issued with the Saxon product</sentence><return><body><div>an InputStream for reading the file/resource</div></body></return></comment><params><param fulltype="java.lang.String" name="filename" type="String"><body><div>the filename of the file to be read</div></body></param><param fulltype="java.util.List" name="messages" type="List"><type fulltype="java.lang.String" type="String"/><body><div>List to be populated with messages in the event of failure</div></body></param></params></method><method fulltype="net.sf.saxon.lib.StringCollator" id="makeCollation" type="StringCollator" visibility="public"><comment><body><div>Obtain a collation with a given set of properties. The set of properties is extensible
 and variable across platforms. Common properties with example values include lang=ed-GB,
 strength=primary, case-order=upper-first, ignore-modifiers=yes, alphanumeric=yes.
 Properties that are not supported are generally ignored; however some errors, such as
 failing to load a requested class, are fatal.</div></body><sentence>Obtain a collation with a given set of properties.</sentence><return><body><div>a collation with these properties</div></body></return></comment><params><param fulltype="net.sf.saxon.Configuration" name="config" type="Configuration"><body><div>the configuration object</div></body></param><param fulltype="java.util.Properties" name="props" type="Properties"><body><div>the desired properties of the collation</div></body></param><param fulltype="java.lang.String" name="uri" type="String"><body><div>the collation URI</div></body></param></params><exceptions><exception fulltype="net.sf.saxon.trans.XPathException" id="XPathException"><sentence>XPathException if a fatal error occurs</sentence></exception></exceptions></method><method fulltype="java.lang.ClassLoader" id="makeGeneratedClassLoader" type="ClassLoader" visibility="public"><comment><sentence>Return the class loader required to load the bytecode generated classes</sentence><return><body><div>the class loader object</div></body></return><attribute name="@since"><body><div>9.6.0.3</div></body></attribute></comment><params><param fulltype="net.sf.saxon.Configuration" name="config" type="Configuration"><body><div>The saxon configuration</div></body></param><param fulltype="java.lang.Class" name="thisClass" type="Class"><type fulltype="?" type="?"/><body><div>The class object generated</div></body></param></params></method><method fulltype="net.sf.saxon.lib.ModuleURIResolver" id="makeStandardModuleURIResolver" type="ModuleURIResolver" visibility="public"><params><param fulltype="net.sf.saxon.Configuration" name="config" type="Configuration"/></params></method><method fulltype="net.sf.saxon.lib.StringCollator" id="makeUcaCollator" type="StringCollator" visibility="public"><comment><sentence>If available, make a collation using the ICU-J Library</sentence><return><body><div>the collation, or null if not available</div></body></return></comment><params><param fulltype="java.lang.String" name="uri" type="String"><body><div>the collation URI (which will always be a UCA collation URI as defined in XSLT 3.0)</div></body></param><param fulltype="net.sf.saxon.Configuration" name="config" type="Configuration"><body><div>the Saxon configuration</div></body></param></params><exceptions><exception fulltype="net.sf.saxon.trans.XPathException" id="XPathException"><sentence>XPathException if the URI is malformed in some way</sentence></exception></exceptions></method><method fulltype="void" id="registerAllBuiltInObjectModels" type="void" visibility="public"><comment><sentence>Register all the external object models that are provided as standard
 with the relevant edition of Saxon for this Configuration</sentence><attribute name="@since"><body><div>9.3</div></body></attribute></comment><params><param fulltype="net.sf.saxon.Configuration" name="config" type="Configuration"/></params></method><method fulltype="net.sf.saxon.lib.ActiveSource" id="resolveSource" type="ActiveSource" visibility="public"><comment><body><div>Convert a Source to an ActiveSource. This method is present in the Platform
 because different Platforms accept different kinds of Source object.</div></body><sentence>Convert a Source to an ActiveSource.</sentence><return><body><div>a source object that Saxon knows how to process. Return null if the Source object is not
 recognized</div></body></return></comment><params><param fulltype="javax.xml.transform.Source" name="source" type="Source"><body><div>A source object, typically the source supplied as the first
               argument to <tag kind="see">javax.xml.transform.Transformer#transform(Source, Result)</tag>
               or similar methods.</div></body></param><param fulltype="net.sf.saxon.Configuration" name="config" type="Configuration"><body><div>The Configuration. This provides the SourceResolver with access to
               configuration information; it also allows the SourceResolver to invoke the
               resolveSource() method on the Configuration object as a fallback implementation.</div></body></param></params><exceptions><exception fulltype="net.sf.saxon.trans.XPathException" id="XPathException"><sentence>XPathException if the Source object is recognized but cannot be processed</sentence></exception></exceptions></method><method fulltype="void" id="setDefaultSAXParserFactory" type="void" visibility="public"><comment><body><div>Set the default XML parser to be loaded by the SAXParserFactory on this platform.
 Needed because the Apache catalog resolver uses the SAXParserFactory to instantiate
 a parser, and if not customized this causes a failure on the .NET platform.</div></body><sentence>Set the default XML parser to be loaded by the SAXParserFactory on this platform.</sentence><attribute name="@since"><body><div>9.4</div></body></attribute></comment><params><param fulltype="net.sf.saxon.Configuration" name="config" type="Configuration"/></params></method></methods><subclasses><class fulltype="com.saxonica.config.JavaPlatformPE" type="JavaPlatformPE"/></subclasses></class></package>