<?xml version="1.0" encoding="UTF-8"?><package id="net.sf.saxon.option.dom4j"><class id="DOM4JDocumentWrapper" fulltype="net.sf.saxon.option.dom4j.DOM4JDocumentWrapper" superclass="GenericTreeInfo" superclassfulltype="net.sf.saxon.om.GenericTreeInfo" visibility="public"><implements><interface fulltype="net.sf.saxon.lib.ActiveSource" type="ActiveSource"/></implements><extends><inherits><interface fulltype="net.sf.saxon.om.TreeInfo" type="TreeInfo"/><interface fulltype="javax.xml.transform.Source" type="Source"/></inherits><interface fulltype="net.sf.saxon.om.GenericTreeInfo" type="GenericTreeInfo"/></extends><comment><sentence>TreeInfo class for a virtual tree that wraps a DOM4J tree</sentence></comment><fields/><methods><constructor id="DOM4JDocumentWrapper" visibility="public"><comment><sentence>Create a Saxon wrapper for a dom4j document</sentence></comment><params><param fulltype="org.dom4j.Document" name="doc" type="Document"><body><div>The dom4j document</div></body></param><param fulltype="java.lang.String" name="baseURI" type="String"><body><div>The base URI for all the nodes in the document</div></body></param><param fulltype="net.sf.saxon.Configuration" name="config" type="Configuration"><body><div>The Saxon configuration</div></body></param></params></constructor><method fulltype="void" id="deliver" type="void" visibility="public"><comment><sentence>Implement ActiveSource by delivering the document to a supplied receiver</sentence></comment><params><param fulltype="net.sf.saxon.event.Receiver" name="receiver" type="Receiver"><body><div>the receiver to which events representing the parsed XML document will be sent</div></body></param><param fulltype="net.sf.saxon.lib.ParseOptions" name="options" type="ParseOptions"><body><div>options for parsing the source</div></body></param></params><exceptions><exception fulltype="net.sf.saxon.trans.XPathException" id="XPathException"><sentence>XPathException if things don't work out</sentence></exception></exceptions></method><method fulltype="org.dom4j.Branch" id="searchForParent" static="true" type="Branch" visibility="public"><comment><body><div>DOM4J does not guarantee to provide the parent of a node, but XDM requires this. In extremis,
 if we need the parent of a node and it is not known, we search the document looking for it.
 This is (fortunately!) very rarely necessary. One situation where we know it is needed is to find the parent of a
 processing instruction whose parent is in fact the document node.</div></body><sentence>DOM4J does not guarantee to provide the parent of a node, but XDM requires this.</sentence><return><body><div>the parent of the sought node if it is found; otherwise null</div></body></return></comment><params><param fulltype="org.dom4j.Branch" name="subtree" type="Branch"><body><div>the root of a subtree to be searched</div></body></param><param fulltype="org.dom4j.Node" name="node" type="Node"><body><div>a node to be sought within this subtree</div></body></param></params></method><method fulltype="net.sf.saxon.om.NodeInfo" id="selectID" type="NodeInfo" visibility="public"><comment><sentence>Get the element with a given ID, if any</sentence><return><body><div>null: dom4j does not provide any information about attribute types.</div></body></return></comment><override-of fulltype="net.sf.saxon.om.GenericTreeInfo" method="selectID(java.lang.String, boolean)" type="GenericTreeInfo"/><params><param fulltype="java.lang.String" name="id" type="String"><body><div>the required ID value</div></body></param><param fulltype="boolean" name="getParent" type="boolean"><body><div>true if the parent of the element having ID type is required</div></body></param></params></method><method fulltype="net.sf.saxon.om.NodeInfo" id="wrap" type="NodeInfo" visibility="public"><comment><sentence>Wrap a node in the dom4j document.</sentence><return><body><div>the wrapping NodeInfo object</div></body></return></comment><params><param fulltype="org.dom4j.Node" name="node" type="Node"><body><div>The node to be wrapped. This must be a node in the same document
             (the system does not check for this).</div></body></param></params></method></methods></class><class id="DOM4JNodeWrapper" fulltype="net.sf.saxon.option.dom4j.DOM4JNodeWrapper" superclass="AbstractNodeWrapper" superclassfulltype="net.sf.saxon.tree.wrapper.AbstractNodeWrapper" visibility="public"><implements><interface fulltype="net.sf.saxon.tree.wrapper.SiblingCountingNode" type="SiblingCountingNode"/><interface fulltype="net.sf.saxon.tree.util.SteppingNode" type="SteppingNode"/></implements><extends><inherits><interface fulltype="net.sf.saxon.om.NodeInfo" type="NodeInfo"/><interface fulltype="net.sf.saxon.tree.wrapper.VirtualNode" type="VirtualNode"/></inherits><interface fulltype="net.sf.saxon.tree.wrapper.AbstractNodeWrapper" type="AbstractNodeWrapper"/></extends><comment><body><div>A node in the XML parse tree representing an XML element, character content, or attribute.
 <p>This is the implementation of the NodeInfo interface used as a wrapper for DOM4J nodes.</p></div></body><sentence>A node in the XML parse tree representing an XML element, character content, or attribute.</sentence></comment><fields><field fulltype="int" id="index" type="int" visibility="protected"/><field fulltype="org.dom4j.Node" id="node" type="Node" visibility="protected"/><field fulltype="short" id="nodeKind" type="short" visibility="protected"/></fields><methods><constructor id="DOM4JNodeWrapper" visibility="protected"><comment><sentence>This constructor is protected: nodes should be created using the wrap
 factory method on the DocumentWrapper class</sentence></comment><params><param fulltype="org.dom4j.Node" name="node" type="Node"><body><div>The DOM4J node to be wrapped</div></body></param><param fulltype="net.sf.saxon.option.dom4j.DOM4JNodeWrapper" name="parent" type="DOM4JNodeWrapper"><body><div>The NodeWrapper that wraps the parent of this node</div></body></param><param fulltype="int" name="index" type="int"><body><div>Position of this node among its siblings</div></body></param></params></constructor><method fulltype="int" id="compareOrder" type="int" visibility="public"><comment><body><div>Determine the relative position of this node and another node, in document order.
 The other node will always be in the same document.</div></body><sentence>Determine the relative position of this node and another node, in document order.</sentence><return><body><div>-1 if this node precedes the other node, +1 if it follows the other
         node, or 0 if they are the same node. (In this case, isSameNode() will always
         return true, and the two nodes will produce the same result for generateId())</div></body></return></comment><params><param fulltype="net.sf.saxon.om.NodeInfo" name="other" type="NodeInfo"><body><div>The other node, whose position is to be compared with this node</div></body></param></params></method><method fulltype="boolean" id="equals" type="boolean" visibility="public"><comment><body><div>Determine whether this is the same node as another node.
 Note: a.equals(b) if and only if generateId(a)==generateId(b).
 This method has the same semantics as isSameNode() in DOM Level 3, but
 works on Saxon NodeInfo objects rather than DOM Node objects.</div></body><sentence>Determine whether this is the same node as another node.</sentence><return><body><div>true if this NodeInfo object and the supplied NodeInfo object represent
         the same node in the tree.</div></body></return></comment><override-of fulltype="net.sf.saxon.tree.wrapper.AbstractNodeWrapper" method="equals(java.lang.Object)" type="AbstractNodeWrapper"/><params><param fulltype="java.lang.Object" name="other" type="Object"><body><div>the node to be compared with this node</div></body></param></params></method><method fulltype="void" id="generateId" type="void" visibility="public"><comment><body><div>Get a character string that uniquely identifies this node.
 Note: a.isSameNode(b) if and only if generateId(a)==generateId(b)</div></body><sentence>Get a character string that uniquely identifies this node.</sentence></comment><params><param fulltype="java.lang.StringBuilder" name="buffer" type="StringBuilder"><body><div>a Buffer to contain a string that uniquely identifies this node, across all
               documents</div></body></param></params></method><method fulltype="net.sf.saxon.om.NamespaceMap" id="getAllNamespaces" type="NamespaceMap" visibility="public"><comment><body><div>Get all the namespace bindings that are in-scope for this element.
 <p>For an element return all the prefix-to-uri bindings that are in scope. This may include
 a binding to the default namespace (represented by a prefix of ""). It will never include
 "undeclarations" - that is, the namespace URI will never be empty; the effect of an undeclaration
 is to remove a binding from the in-scope namespaces, not to add anything.</p>
 <p>For a node other than an element, returns null.</p></div></body><sentence>Get all the namespace bindings that are in-scope for this element.</sentence><return><body><div>the in-scope namespaces for an element, or null for any other kind of node.</div></body></return></comment><override-of fulltype="net.sf.saxon.tree.wrapper.AbstractNodeWrapper" method="getAllNamespaces()" type="AbstractNodeWrapper"/></method><method fulltype="java.lang.String" id="getAttributeValue" type="String" visibility="public"><comment><sentence>Get the string value of a given attribute of this node</sentence><return><body><div>the attribute value if it exists, or null if it does not exist. Always returns null
         if this node is not an element.</div></body></return><attribute name="@since"><body><div>9.4</div></body></attribute></comment><override-of fulltype="net.sf.saxon.tree.wrapper.AbstractNodeWrapper" method="getAttributeValue(java.lang.String, java.lang.String)" type="AbstractNodeWrapper"/><params><param fulltype="java.lang.String" name="uri" type="String"><body><div>the namespace URI of the attribute name. Supply the empty string for an attribute
              that is in no namespace</div></body></param><param fulltype="java.lang.String" name="local" type="String"><body><div>the local part of the attribute name.</div></body></param></params></method><method fulltype="net.sf.saxon.om.NamespaceBinding[]" id="getDeclaredNamespaces" type="NamespaceBinding[]" visibility="public"><comment><sentence>Get all namespace undeclarations and undeclarations defined on this element.</sentence><return><body><div>An array of integers representing the namespace declarations and undeclarations present on
         this element. For a node other than an element, return null. Otherwise, the returned array is a
         sequence of namespace codes, whose meaning may be interpreted by reference to the name pool. The
         top half word of each namespace code represents the prefix, the bottom half represents the URI.
         If the bottom half is zero, then this is a namespace undeclaration rather than a declaration.
         The XML namespace is never included in the list. If the supplied array is larger than required,
         then the first unused entry will be set to -1.
         <p>For a node other than an element, the method returns null.</p></div></body></return></comment><override-of fulltype="net.sf.saxon.tree.wrapper.AbstractNodeWrapper" method="getDeclaredNamespaces(net.sf.saxon.om.NamespaceBinding[])" type="AbstractNodeWrapper"/><params><param fulltype="net.sf.saxon.om.NamespaceBinding[]" name="buffer" type="NamespaceBinding[]"><body><div>If this is non-null, and the result array fits in this buffer, then the result
               may overwrite the contents of this array, to avoid the cost of allocating a new array on the heap.</div></body></param></params></method><method fulltype="java.lang.String" id="getDisplayName" type="String" visibility="public"><comment><body><div>Get the display name of this node. For elements and attributes this is [prefix:]localname.
 For unnamed nodes, it is an empty string.</div></body><sentence>Get the display name of this node.</sentence><return><body><div>The display name of this node.
         For a node with no name, return an empty string.</div></body></return></comment><override-of fulltype="net.sf.saxon.tree.wrapper.AbstractNodeWrapper" method="getDisplayName()" type="AbstractNodeWrapper"/></method><method fulltype="net.sf.saxon.option.dom4j.DOM4JNodeWrapper" id="getFirstChild" type="DOM4JNodeWrapper" visibility="public"/><method fulltype="java.lang.String" id="getLocalPart" type="String" visibility="public"><comment><body><div>Get the local part of the name of this node. This is the name after the ":" if any.</div></body><sentence>Get the local part of the name of this node.</sentence><return><body><div>the local part of the name. For an unnamed node, returns "".</div></body></return></comment></method><method fulltype="net.sf.saxon.option.dom4j.DOM4JNodeWrapper" id="getNextSibling" type="DOM4JNodeWrapper" visibility="public"/><method fulltype="int" id="getNodeKind" type="int" visibility="public"><comment><sentence>Return the type of node.</sentence><return><body><div>one of the values Node.ELEMENT, Node.TEXT, Node.ATTRIBUTE, etc.</div></body></return></comment></method><method fulltype="net.sf.saxon.option.dom4j.DOM4JNodeWrapper" id="getParent" type="DOM4JNodeWrapper" visibility="public"><comment><sentence>Get the NodeInfo object representing the parent of this node</sentence></comment></method><method fulltype="java.lang.String" id="getPrefix" type="String" visibility="public"><comment><body><div>Get the prefix part of the name of this node. This is the name before the ":" if any.
 (Note, this method isn't required as part of the NodeInfo interface.)</div></body><sentence>Get the prefix part of the name of this node.</sentence><return><body><div>the prefix part of the name. For an unnamed node, return an empty string.</div></body></return></comment></method><method fulltype="net.sf.saxon.option.dom4j.DOM4JNodeWrapper" id="getPreviousSibling" type="DOM4JNodeWrapper" visibility="public"/><method fulltype="net.sf.saxon.om.NodeInfo" id="getRoot" type="NodeInfo" visibility="public"><comment><sentence>Get the root node - always a document node with this tree implementation</sentence><return><body><div>the NodeInfo representing the containing document</div></body></return></comment><override-of fulltype="net.sf.saxon.tree.wrapper.AbstractNodeWrapper" method="getRoot()" type="AbstractNodeWrapper"/></method><method fulltype="int" id="getSiblingPosition" type="int" visibility="public"><comment><sentence>Get the index position of this node among its siblings (starting from 0)</sentence></comment></method><method fulltype="net.sf.saxon.tree.util.SteppingNode" id="getSuccessorElement" type="SteppingNode" visibility="public"><params><param fulltype="net.sf.saxon.tree.util.SteppingNode" name="anchor" type="SteppingNode"/><param fulltype="java.lang.String" name="uri" type="String"/><param fulltype="java.lang.String" name="local" type="String"/></params></method><method fulltype="java.lang.String" id="getSystemId" type="String" visibility="public"><comment><sentence>Get the System ID for the node.</sentence><return><body><div>the System Identifier of the entity in the source document containing the node,
         or null if not known. Note this is not the same as the base URI: the base URI can be
         modified by xml:base, but the system ID cannot.</div></body></return></comment><override-of fulltype="net.sf.saxon.tree.wrapper.AbstractNodeWrapper" method="getSystemId()" type="AbstractNodeWrapper"/></method><method fulltype="net.sf.saxon.option.dom4j.DOM4JDocumentWrapper" id="getTreeInfo" type="DOM4JDocumentWrapper" visibility="public"><override-of fulltype="net.sf.saxon.tree.wrapper.AbstractNodeWrapper" method="getTreeInfo()" type="AbstractNodeWrapper"/></method><method fulltype="org.dom4j.Node" id="getUnderlyingNode" type="Node" visibility="public"><comment><sentence>Get the underlying DOM4J node, to implement the VirtualNode interface</sentence></comment></method><method fulltype="net.sf.saxon.str.UnicodeString" id="getUnicodeStringValue" type="UnicodeString" visibility="public"/><method fulltype="java.lang.String" id="getURI" type="String" visibility="public"><comment><body><div>Get the URI part of the name of this node. This is the URI corresponding to the
 prefix, or the URI of the default namespace if appropriate.</div></body><sentence>Get the URI part of the name of this node.</sentence><return><body><div>The URI of the namespace of this node. For an unnamed node, return null.
         For a node with an empty prefix, return an empty string.</div></body></return></comment></method><method fulltype="boolean" id="hasChildNodes" type="boolean" visibility="public"><comment><body><div>Determine whether the node has any children.
 <p>Note: the result is equivalent to
 <code>getEnumeration(Axis.CHILD, AnyNodeTest.getInstance()).hasNext()</code></p></div></body><sentence>Determine whether the node has any children.</sentence></comment><override-of fulltype="net.sf.saxon.tree.wrapper.AbstractNodeWrapper" method="hasChildNodes()" type="AbstractNodeWrapper"/></method><method fulltype="net.sf.saxon.tree.iter.AxisIterator" id="iterateAttributes" type="AxisIterator" visibility="protected"><comment><sentence>Return an iteration over the nodes reached by the given axis from this node

 //@param axisNumber the axis to be used</sentence><return><body><div>a SequenceIterator that scans the nodes reached by the axis in turn.</div></body></return></comment><override-of fulltype="net.sf.saxon.tree.wrapper.AbstractNodeWrapper" method="iterateAttributes(net.sf.saxon.pattern.NodeTest)" type="AbstractNodeWrapper"/><params><param fulltype="net.sf.saxon.pattern.NodeTest" name="nodeTest" type="NodeTest"><body><div>A pattern to be matched by the returned nodes</div></body></param></params></method><method fulltype="net.sf.saxon.tree.iter.AxisIterator" id="iterateChildren" type="AxisIterator" visibility="protected"><override-of fulltype="net.sf.saxon.tree.wrapper.AbstractNodeWrapper" method="iterateChildren(net.sf.saxon.pattern.NodeTest)" type="AbstractNodeWrapper"/><params><param fulltype="net.sf.saxon.pattern.NodeTest" name="nodeTest" type="NodeTest"/></params></method><method fulltype="net.sf.saxon.tree.iter.AxisIterator" id="iterateDescendants" type="AxisIterator" visibility="protected"><override-of fulltype="net.sf.saxon.tree.wrapper.AbstractNodeWrapper" method="iterateDescendants(net.sf.saxon.pattern.NodeTest, boolean)" type="AbstractNodeWrapper"/><params><param fulltype="net.sf.saxon.pattern.NodeTest" name="nodeTest" type="NodeTest"/><param fulltype="boolean" name="includeSelf" type="boolean"/></params></method><method fulltype="net.sf.saxon.tree.iter.AxisIterator" id="iterateSiblings" type="AxisIterator" visibility="protected"><override-of fulltype="net.sf.saxon.tree.wrapper.AbstractNodeWrapper" method="iterateSiblings(net.sf.saxon.pattern.NodeTest, boolean)" type="AbstractNodeWrapper"/><params><param fulltype="net.sf.saxon.pattern.NodeTest" name="nodeTest" type="NodeTest"/><param fulltype="boolean" name="forwards" type="boolean"/></params></method><method fulltype="net.sf.saxon.option.dom4j.DOM4JNodeWrapper" id="makeWrapper" static="true" type="DOM4JNodeWrapper" visibility="protected"><comment><sentence>Factory method to wrap a DOM4J node with a wrapper that implements the Saxon
 NodeInfo interface.</sentence><return><body><div>The new wrapper for the supplied node</div></body></return></comment><params><param fulltype="org.dom4j.Node" name="node" type="Node"><body><div>The DOM4J node</div></body></param><param fulltype="net.sf.saxon.option.dom4j.DOM4JDocumentWrapper" name="docWrapper" type="DOM4JDocumentWrapper"><body><div>The wrapper for the Document containing this node</div></body></param></params></method><method fulltype="net.sf.saxon.option.dom4j.DOM4JNodeWrapper" id="makeWrapper" static="true" type="DOM4JNodeWrapper" visibility="protected"><comment><sentence>Factory method to wrap a DOM4J node with a wrapper that implements the Saxon
 NodeInfo interface.</sentence><return><body><div>The new wrapper for the supplied node</div></body></return></comment><params><param fulltype="org.dom4j.Node" name="node" type="Node"><body><div>The DOM4J node</div></body></param><param fulltype="net.sf.saxon.option.dom4j.DOM4JDocumentWrapper" name="docWrapper" type="DOM4JDocumentWrapper"><body><div>The wrapper for the Document containing this node</div></body></param><param fulltype="net.sf.saxon.option.dom4j.DOM4JNodeWrapper" name="parent" type="DOM4JNodeWrapper"><body><div>The wrapper for the parent of the DOM4J node</div></body></param><param fulltype="int" name="index" type="int"><body><div>The position of this node relative to its siblings</div></body></param></params></method><method fulltype="void" id="setSystemId" type="void" visibility="public"><override-of fulltype="net.sf.saxon.tree.wrapper.AbstractNodeWrapper" method="setSystemId(java.lang.String)" type="AbstractNodeWrapper"/><params><param fulltype="java.lang.String" name="uri" type="String"/></params></method></methods></class><class id="DOM4JObjectModel" fulltype="net.sf.saxon.option.dom4j.DOM4JObjectModel" superclass="TreeModel" superclassfulltype="net.sf.saxon.om.TreeModel" visibility="public"><implements><interface fulltype="net.sf.saxon.lib.ExternalObjectModel" type="ExternalObjectModel"/></implements><extends><interface fulltype="net.sf.saxon.om.TreeModel" type="TreeModel"/></extends><comment><sentence>This class is the DOM4J implementation of Saxon's ExternalObjectModel interface; it supports
 the wrapping of DOM4J documents as instances of the Saxon NodeInfo interface.</sentence></comment><fields/><methods><constructor id="DOM4JObjectModel" visibility="public"/><method fulltype="net.sf.saxon.event.Receiver" id="getDocumentBuilder" type="Receiver" visibility="public"><comment><body><div>Test whether this object model recognizes a particular kind of JAXP Result object,
 and if it does, return a Receiver that builds an instance of this data model from
 a sequence of events. If the Result is not recognised, return null.</div></body><sentence>Test whether this object model recognizes a particular kind of JAXP Result object,
 and if it does, return a Receiver that builds an instance of this data model from
 a sequence of events.</sentence><return><body><div>a Receiver that can be used to build a DOM4J Document</div></body></return></comment><params><param fulltype="javax.xml.transform.Result" name="result" type="Result"/></params></method><method fulltype="java.lang.String" id="getDocumentClassName" type="String" visibility="public"><comment><sentence>Get the name of a characteristic class, which, if it can be loaded, indicates that the supporting libraries
 for this object model implementation are available on the classpath</sentence><return><body><div>by convention (but not necessarily) the class that implements a document node in the relevant
 external model</div></body></return></comment></method><method fulltype="java.lang.String" id="getIdentifyingURI" type="String" visibility="public"><comment><sentence>Get the URI of the external object model as used in the JAXP factory interfaces for obtaining
 an XPath implementation</sentence></comment></method><method fulltype="net.sf.saxon.option.dom4j.DOM4JObjectModel" id="getInstance" static="true" type="DOM4JObjectModel" visibility="public"><comment><sentence>Get a singular instance of this class</sentence><return><body><div>a singular instance of this class</div></body></return></comment></method><method fulltype="net.sf.saxon.expr.JPConverter" id="getJPConverter" type="JPConverter" visibility="public"><params><param fulltype="java.lang.Class" name="sourceClass" type="Class"/><param fulltype="net.sf.saxon.Configuration" name="config" type="Configuration"/></params></method><method fulltype="java.lang.String" id="getName" type="String" visibility="public"><override-of fulltype="net.sf.saxon.om.TreeModel" method="getName()" type="TreeModel"/></method><method fulltype="net.sf.saxon.expr.PJConverter" id="getNodeListCreator" type="PJConverter" visibility="public"><comment><sentence>Get a converter that converts a sequence of XPath nodes to this model's representation
 of a node list.</sentence><return><body><div>if the model does not recognize this node as one of its own, return null. Otherwise
         return a PJConverter that takes a list of XPath nodes (represented as NodeInfo objects) and
         returns a collection of nodes in this object model</div></body></return></comment><params><param fulltype="java.lang.Object" name="node" type="Object"><body><div>an example of the kind of node used in this model</div></body></param></params></method><method fulltype="net.sf.saxon.expr.PJConverter" id="getPJConverter" type="PJConverter" visibility="public"><params><param fulltype="java.lang.Class" name="targetClass" type="Class"><type fulltype="?" type="?"/></param></params></method><method fulltype="net.sf.saxon.event.Builder" id="makeBuilder" type="Builder" visibility="public"><override-of fulltype="net.sf.saxon.om.TreeModel" method="makeBuilder(net.sf.saxon.event.PipelineConfiguration)" type="TreeModel"/><params><param fulltype="net.sf.saxon.event.PipelineConfiguration" name="pipe" type="PipelineConfiguration"/></params></method><method fulltype="net.sf.saxon.om.NodeInfo" id="unravel" type="NodeInfo" visibility="public"><comment><body><div>Wrap or unwrap a node using this object model to return the corresponding Saxon node. If the supplied
 source does not belong to this object model, return null</div></body><sentence>Wrap or unwrap a node using this object model to return the corresponding Saxon node.</sentence></comment><params><param fulltype="javax.xml.transform.Source" name="source" type="Source"/><param fulltype="net.sf.saxon.Configuration" name="config" type="Configuration"/></params></method><method fulltype="net.sf.saxon.om.TreeInfo" id="wrapDocument" type="TreeInfo" visibility="public"><comment><sentence>Wrap a document node in the external object model in a document wrapper that implements
 the Saxon DocumentInfo interface</sentence><return><body><div>the wrapper, which must implement DocumentInfo</div></body></return></comment><params><param fulltype="java.lang.Object" name="node" type="Object"><body><div>a node (any node) in the third party document</div></body></param><param fulltype="java.lang.String" name="baseURI" type="String"><body><div>the base URI of the node (supply "" if unknown)</div></body></param><param fulltype="net.sf.saxon.Configuration" name="config" type="Configuration"><body><div>the Saxon configuration (which among other things provides access to the NamePool)</div></body></param></params></method><method fulltype="net.sf.saxon.om.NodeInfo" id="wrapNode" type="NodeInfo" visibility="public"><comment><sentence>Wrap a node within the external object model in a node wrapper that implements the Saxon
 VirtualNode interface (which is an extension of NodeInfo)</sentence><return><body><div>the wrapper for the node, as an instance of VirtualNode</div></body></return></comment><params><param fulltype="net.sf.saxon.om.TreeInfo" name="document" type="TreeInfo"><body><div>the document wrapper, as a DocumentInfo object</div></body></param><param fulltype="org.dom4j.Node" name="node" type="Node"><body><div>the node to be wrapped. This must be a node within the document wrapped by the
                 DocumentInfo provided in the first argument</div></body></param></params></method></methods></class><class id="DOM4JWriter" fulltype="net.sf.saxon.option.dom4j.DOM4JWriter" superclass="Builder" superclassfulltype="net.sf.saxon.event.Builder" visibility="public"><extends><inherits><interface fulltype="net.sf.saxon.event.Receiver" type="Receiver"/></inherits><interface fulltype="net.sf.saxon.event.Builder" type="Builder"/></extends><comment><sentence>JDOMWriter is a Receiver that constructs a DOM4J document from the stream of events</sentence></comment><fields/><methods><constructor id="DOM4JWriter" visibility="public"><comment><sentence>Create a JDOMWriter using the default node factory</sentence></comment><params><param fulltype="net.sf.saxon.event.PipelineConfiguration" name="pipe" type="PipelineConfiguration"><body><div>the pipeline configuration</div></body></param></params></constructor><method fulltype="void" id="characters" type="void" visibility="public"><comment><sentence>Character data.</sentence></comment><params><param fulltype="net.sf.saxon.str.UnicodeString" name="chars" type="UnicodeString"/><param fulltype="net.sf.saxon.s9api.Location" name="locationId" type="Location"/><param fulltype="int" name="properties" type="int"/></params><exceptions><exception fulltype="net.sf.saxon.trans.XPathException" id="XPathException"/></exceptions></method><method fulltype="void" id="close" type="void" visibility="public"><comment><sentence>End of the document.</sentence></comment><override-of fulltype="net.sf.saxon.event.Builder" method="close()" type="Builder"/></method><method fulltype="void" id="comment" type="void" visibility="public"><comment><sentence>Handle a comment.</sentence></comment><params><param fulltype="net.sf.saxon.str.UnicodeString" name="chars" type="UnicodeString"/><param fulltype="net.sf.saxon.s9api.Location" name="locationId" type="Location"/><param fulltype="int" name="properties" type="int"/></params><exceptions><exception fulltype="net.sf.saxon.trans.XPathException" id="XPathException"/></exceptions></method><method fulltype="void" id="endDocument" type="void" visibility="public"><comment><sentence>Notify the end of a document node</sentence></comment><exceptions><exception fulltype="net.sf.saxon.trans.XPathException" id="XPathException"/></exceptions></method><method fulltype="void" id="endElement" type="void" visibility="public"><comment><sentence>End of an element.</sentence></comment><exceptions><exception fulltype="net.sf.saxon.trans.XPathException" id="XPathException"/></exceptions></method><method fulltype="net.sf.saxon.om.NodeInfo" id="getCurrentRoot" type="NodeInfo" visibility="public"><comment><sentence>Get the current root node.</sentence><return><body><div>a Saxon wrapper around the constructed XOM document node</div></body></return></comment><override-of fulltype="net.sf.saxon.event.Builder" method="getCurrentRoot()" type="Builder"/></method><method fulltype="org.dom4j.Document" id="getDocument" type="Document" visibility="public"><comment><sentence>Get the constructed document node</sentence><return><body><div>the document node of the constructed XOM tree</div></body></return></comment></method><method fulltype="void" id="open" type="void" visibility="public"><comment><sentence>Start of the document.</sentence></comment><override-of fulltype="net.sf.saxon.event.Builder" method="open()" type="Builder"/></method><method fulltype="void" id="processingInstruction" type="void" visibility="public"><comment><sentence>Handle a processing instruction.</sentence></comment><params><param fulltype="java.lang.String" name="target" type="String"/><param fulltype="net.sf.saxon.str.UnicodeString" name="data" type="UnicodeString"/><param fulltype="net.sf.saxon.s9api.Location" name="locationId" type="Location"/><param fulltype="int" name="properties" type="int"/></params><exceptions><exception fulltype="net.sf.saxon.trans.XPathException" id="XPathException"/></exceptions></method><method fulltype="void" id="setUnparsedEntity" type="void" visibility="public"><comment><sentence>Notify an unparsed entity URI.</sentence></comment><params><param fulltype="java.lang.String" name="name" type="String"><body><div>The name of the unparsed entity</div></body></param><param fulltype="java.lang.String" name="systemID" type="String"><body><div>The system identifier of the unparsed entity</div></body></param><param fulltype="java.lang.String" name="publicID" type="String"><body><div>The public identifier of the unparsed entity</div></body></param></params><exceptions><exception fulltype="net.sf.saxon.trans.XPathException" id="XPathException"/></exceptions></method><method fulltype="void" id="startDocument" type="void" visibility="public"><comment><sentence>Start of a document node.</sentence></comment><params><param fulltype="int" name="properties" type="int"><body><div>any special properties of the node (none currently defined)</div></body></param></params><exceptions><exception fulltype="net.sf.saxon.trans.XPathException" id="XPathException"/></exceptions></method><method fulltype="void" id="startElement" type="void" visibility="public"><comment><sentence>Start of an element.</sentence></comment><params><param fulltype="net.sf.saxon.om.NodeName" name="elemName" type="NodeName"/><param fulltype="net.sf.saxon.type.SchemaType" name="type" type="SchemaType"/><param fulltype="net.sf.saxon.om.AttributeMap" name="attributes" type="AttributeMap"/><param fulltype="net.sf.saxon.om.NamespaceMap" name="namespaces" type="NamespaceMap"/><param fulltype="net.sf.saxon.s9api.Location" name="location" type="Location"/><param fulltype="int" name="properties" type="int"/></params><exceptions><exception fulltype="net.sf.saxon.trans.XPathException" id="XPathException"/></exceptions></method><method fulltype="boolean" id="usesTypeAnnotations" type="boolean" visibility="public"><comment><sentence>Ask whether this Receiver (or the downstream pipeline) makes any use of the type annotations
 supplied on element and attribute events</sentence><return><body><div>true if the Receiver makes any use of this information. If false, the caller
         may supply untyped nodes instead of supplying the type annotation</div></body></return></comment><override-of fulltype="net.sf.saxon.event.Builder" method="usesTypeAnnotations()" type="Builder"/></method></methods></class></package>