<?xml version="1.0" encoding="UTF-8"?><package id="net.sf.saxon.tree"><class id="AttributeLocation" fulltype="net.sf.saxon.tree.AttributeLocation" superclass="Object" superclassfulltype="java.lang.Object" visibility="public"><implements><interface fulltype="net.sf.saxon.s9api.Location" type="Location"/></implements><comment><sentence>A Location corresponding to an attribute in a document (often a stylesheet)</sentence></comment><fields/><methods><constructor id="AttributeLocation" visibility="public"><params><param fulltype="net.sf.saxon.om.NodeInfo" name="element" type="NodeInfo"/><param fulltype="net.sf.saxon.om.StructuredQName" name="attributeName" type="StructuredQName"/></params></constructor><constructor id="AttributeLocation" visibility="public"><params><param fulltype="net.sf.saxon.om.StructuredQName" name="elementName" type="StructuredQName"/><param fulltype="net.sf.saxon.om.StructuredQName" name="attributeName" type="StructuredQName"/><param fulltype="net.sf.saxon.s9api.Location" name="location" type="Location"/></params></constructor><method fulltype="net.sf.saxon.om.StructuredQName" id="getAttributeName" type="StructuredQName" visibility="public"><comment><sentence>Get the name of the containing attribute</sentence><return><body><div>the name of the containing attribute in the stylesheet. May be null
 if the XPath expression is contained in a text node</div></body></return></comment></method><method fulltype="int" id="getColumnNumber" type="int" visibility="public"><comment><body><div>Get the column number. This column number is relative to the line identified by the line number.
 Column numbers start at 1.</div></body><sentence>Get the column number.</sentence><return><body><div>the column number, or -1 if the information is not available.</div></body></return></comment></method><method fulltype="net.sf.saxon.om.StructuredQName" id="getElementName" type="StructuredQName" visibility="public"><comment><sentence>Get the name of the containing element</sentence><return><body><div>the name of the containing element in the stylesheet</div></body></return></comment></method><method fulltype="net.sf.saxon.om.NodeInfo" id="getElementNode" type="NodeInfo" visibility="public"><comment><sentence>Get the reference to the containing element node, if available.</sentence><return><body><div>the containing element node, or null if not available or not applicable.</div></body></return></comment></method><method fulltype="int" id="getLineNumber" type="int" visibility="public"><comment><body><div>Get the line number. This line number is relative to the external entity identified by the system identifier.
 Line numbers start at 1. The value may be an approximation; SAX parsers only provide line number information
 at the level of element nodes.</div></body><sentence>Get the line number.</sentence><return><body><div>the line number, or -1 if the information is not available.</div></body></return></comment></method><method fulltype="java.lang.String" id="getPublicId" type="String" visibility="public"><comment><sentence>Get the Public ID</sentence><return><body><div>usually null</div></body></return></comment></method><method fulltype="java.lang.String" id="getSystemId" type="String" visibility="public"><comment><body><div>Get the system ID. This should be the system identifier of an XML external entity; if a stylesheet module
 comprises multiple external entities, the distinction should be retained. This means, for example, that
 an instruction in a stylesheet can have a different system identifier from its parent instruction. However,
 SAX parsers only provide location information at the element level, so when part of an XPath expression
 is in a different external entity from other parts of the same expression, this distinction is lost.
 <p>The system identifier of a node is in general not the same as its base URI. The base URI is affected
 by xml:base attributes; the system identifier is not.</p></div></body><sentence>Get the system ID.</sentence><return><body><div>the system ID, or null if the information is not available.</div></body></return></comment></method><method fulltype="net.sf.saxon.s9api.Location" id="saveLocation" type="Location" visibility="public"><comment><body><div>Get an immutable copy of this Location object. By default Location objects may be mutable, so they
 should not be saved for later use. The result of this operation holds the same location information,
 but in an immutable form.</div></body><sentence>Get an immutable copy of this Location object.</sentence></comment></method><method fulltype="void" id="setElementNode" type="void" visibility="public"><comment><body><div>Add a reference to the containing element node. This needs care because we don't want to retain
 links to the source stylesheet at run-time; it is therefore done only for static errors</div></body><sentence>Add a reference to the containing element node.</sentence></comment><params><param fulltype="net.sf.saxon.om.NodeInfo" name="node" type="NodeInfo"><body><div>the containing element node</div></body></param></params></method></methods></class><class id="NamespaceNode" fulltype="net.sf.saxon.tree.NamespaceNode" superclass="Object" superclassfulltype="java.lang.Object" visibility="public"><implements><interface fulltype="net.sf.saxon.om.NodeInfo" type="NodeInfo"/></implements><comment><sentence>This class represents a namespace node; it is used in several tree models.</sentence></comment><fields/><methods><constructor id="NamespaceNode" visibility="public"><comment><sentence>Create a namespace node</sentence></comment><params><param fulltype="net.sf.saxon.om.NodeInfo" name="element" type="NodeInfo"><body><div>the parent element of the namespace node</div></body></param><param fulltype="net.sf.saxon.om.NamespaceBinding" name="nscode" type="NamespaceBinding"><body><div>the namespace code, representing the prefix and URI of the namespace binding</div></body></param><param fulltype="int" name="position" type="int"><body><div>maintains document order among namespace nodes for the same element</div></body></param></params></constructor><method fulltype="net.sf.saxon.om.AtomicSequence" id="atomize" type="AtomicSequence" visibility="public"><comment><sentence>Get the typed value.</sentence><return><body><div>the typed value.</div></body></return><attribute name="@since"><body><div>8.5</div></body></attribute></comment><exceptions><exception fulltype="net.sf.saxon.trans.XPathException" id="XPathException"/></exceptions></method><method fulltype="int" id="compareOrder" type="int" visibility="public"><comment><body><div>Determine the relative position of this node and another node, in document order.
 The other node will always be in the same document.</div></body><sentence>Determine the relative position of this node and another node, in document order.</sentence><return><body><div>-1 if this node precedes the other node, +1 if it follows the
         other node, or 0 if they are the same node. (In this case,
         isSameNode() will always return true, and the two nodes will
         produce the same result for generateId())</div></body></return></comment><params><param fulltype="net.sf.saxon.om.NodeInfo" name="other" type="NodeInfo"><body><div>The other node, whose position is to be compared with this
              node</div></body></param></params></method><method fulltype="void" id="copy" type="void" visibility="public"><comment><sentence>Copy this node to a given outputter</sentence></comment><params><param fulltype="net.sf.saxon.event.Receiver" name="out" type="Receiver"><body><div>the Receiver to which the node should be copied</div></body></param><param fulltype="int" name="copyOptions" type="int"><body><div>a selection of the options defined in <tag kind="see">net.sf.saxon.om.CopyOptions</tag></div></body></param><param fulltype="net.sf.saxon.s9api.Location" name="locationId" type="Location"><body><div>If non-zero, identifies the location of the instruction</div></body></param></params><exceptions><exception fulltype="net.sf.saxon.trans.XPathException" id="XPathException"/></exceptions></method><method fulltype="boolean" id="equals" type="boolean" visibility="public"><comment><body><div>Determine whether this is the same node as another node.
 Note: a.equals(b) if and only if generateId(a)==generateId(b).
 This method has the same semantics as isSameNode() in DOM Level 3, but
 works on Saxon NodeInfo objects rather than DOM Node objects.</div></body><sentence>Determine whether this is the same node as another node.</sentence><return><body><div>true if this NodeInfo object and the supplied NodeInfo object represent
         the same node in the tree.</div></body></return></comment><override-of fulltype="java.lang.Object" method="equals(java.lang.Object)" type="Object"/><params><param fulltype="java.lang.Object" name="other" type="Object"><body><div>the node to be compared with this node</div></body></param></params></method><method fulltype="void" id="generateId" type="void" visibility="public"><comment><body><div>Get a character string that uniquely identifies this node.
 Note: a.isSameNode(b) if and only if generateId(a)==generateId(b)</div></body><sentence>Get a character string that uniquely identifies this node.</sentence></comment><params><param fulltype="java.lang.StringBuilder" name="buffer" type="StringBuilder"><body><div>buffer to hold a string that uniquely identifies this node, across all
               documents.</div></body></param></params></method><method fulltype="net.sf.saxon.om.NamespaceMap" id="getAllNamespaces" type="NamespaceMap" visibility="public"><comment><body><div>Get all the namespace bindings that are in-scope for this element.
 <p>For an element return all the prefix-to-uri bindings that are in scope. This may include
 a binding to the default namespace (represented by a prefix of ""). It will never include
 "undeclarations" - that is, the namespace URI will never be empty; the effect of an undeclaration
 is to remove a binding from the in-scope namespaces, not to add anything.</p>
 <p>For a node other than an element, returns null.</p></div></body><sentence>Get all the namespace bindings that are in-scope for this element.</sentence><return><body><div>the in-scope namespaces for an element, or null for any other kind of node.</div></body></return></comment></method><method fulltype="java.lang.String" id="getAttributeValue" type="String" visibility="public"><comment><sentence>Get the string value of a given attribute of this node</sentence><return><body><div>the attribute value if it exists, or null if it does not exist. Always returns null
         if this node is not an element.</div></body></return><attribute name="@since"><body><div>9.4</div></body></attribute></comment><params><param fulltype="java.lang.String" name="uri" type="String"><body><div>the namespace URI of the attribute name. Supply the empty string for an attribute
              that is in no namespace</div></body></param><param fulltype="java.lang.String" name="local" type="String"><body><div>the local part of the attribute name.</div></body></param></params></method><method fulltype="java.lang.String" id="getBaseURI" type="String" visibility="public"><comment><body><div>Get the Base URI for the node, that is, the URI used for resolving a relative URI contained
 in the node. This will be the same as the System ID unless xml:base has been used.</div></body><sentence>Get the Base URI for the node, that is, the URI used for resolving a relative URI contained
 in the node.</sentence><return><body><div>the base URI of the node</div></body></return></comment></method><method fulltype="int" id="getColumnNumber" type="int" visibility="public"><comment><sentence>Get column number</sentence><return><body><div>the column number of the node in its original source document; or
         -1 if not available</div></body></return></comment></method><method fulltype="net.sf.saxon.Configuration" id="getConfiguration" type="Configuration" visibility="public"><comment><sentence>Get the configuration</sentence></comment></method><method fulltype="net.sf.saxon.om.NamespaceBinding[]" id="getDeclaredNamespaces" type="NamespaceBinding[]" visibility="public"><comment><sentence>Get all namespace undeclarations and undeclarations defined on this element.</sentence><return><body><div>An array of integers representing the namespace declarations and undeclarations present on
         this element. For a node other than an element, return null. Otherwise, the returned array is a
         sequence of namespace codes, whose meaning may be interpreted by reference to the name pool. The
         top half word of each namespace code represents the prefix, the bottom half represents the URI.
         If the bottom half is zero, then this is a namespace undeclaration rather than a declaration.
         The XML namespace is never included in the list. If the supplied array is larger than required,
         then the first unused entry will be set to -1.
         <p>For a node other than an element, the method returns null.</p></div></body></return></comment><params><param fulltype="net.sf.saxon.om.NamespaceBinding[]" name="buffer" type="NamespaceBinding[]"><body><div>If this is non-null, and the result array fits in this buffer, then the result
               may overwrite the contents of this array, to avoid the cost of allocating a new array on the heap.</div></body></param></params></method><method fulltype="java.lang.String" id="getDisplayName" type="String" visibility="public"><comment><body><div>Get the display name of this node. For elements and attributes this is [prefix:]localname.
 For unnamed nodes, it is an empty string.</div></body><sentence>Get the display name of this node.</sentence><return><body><div>The display name of this node. For a node with no name, return
         an empty string.</div></body></return></comment></method><method fulltype="int" id="getFingerprint" type="int" visibility="public"><comment><body><div>Get fingerprint. The fingerprint is a coded form of the expanded name
 of the node: two nodes
 with the same name code have the same namespace URI and the same local name.
 A fingerprint of -1 should be returned for a node with no name.</div></body><sentence>Get fingerprint.</sentence><return><body><div>an integer fingerprint; two nodes with the same fingerprint have
         the same expanded QName</div></body></return></comment></method><method fulltype="int" id="getLineNumber" type="int" visibility="public"><comment><sentence>Get line number</sentence><return><body><div>the line number of the node in its original source document; or
         -1 if not available</div></body></return></comment></method><method fulltype="java.lang.String" id="getLocalPart" type="String" visibility="public"><comment><body><div>Get the local part of the name of this node. This is the name after the ":" if any.</div></body><sentence>Get the local part of the name of this node.</sentence><return><body><div>the local part of the name. For an unnamed node, returns "". Unlike the DOM
         interface, this returns the full name in the case of a non-namespaced name.</div></body></return></comment></method><method fulltype="net.sf.saxon.om.NamePool" id="getNamePool" type="NamePool" visibility="public"><comment><sentence>Get the NamePool that holds the namecode for this node</sentence><return><body><div>the namepool</div></body></return></comment></method><method fulltype="int" id="getNodeKind" type="int" visibility="public"><comment><body><div>Get the kind of node. This will be a value such as Type.ELEMENT or Type.ATTRIBUTE</div></body><sentence>Get the kind of node.</sentence><return><body><div>an integer identifying the kind of node. These integer values are the
         same as those used in the DOM</div></body></return><attribute name="@see" see="java">net.sf.saxon.type.Type</attribute></comment></method><method fulltype="net.sf.saxon.om.NodeInfo" id="getParent" type="NodeInfo" visibility="public"><comment><sentence>Get the NodeInfo object representing the parent of this node</sentence><return><body><div>the parent of this node; null if this node has no parent</div></body></return></comment></method><method fulltype="java.lang.String" id="getPrefix" type="String" visibility="public"><comment><body><div>Get the prefix of the name of the node. This is defined only for elements and attributes.
 If the node has no prefix, or for other kinds of node, return a zero-length string.</div></body><sentence>Get the prefix of the name of the node.</sentence><return><body><div>The prefix of the name of the node.</div></body></return></comment></method><method fulltype="java.lang.String" id="getPublicId" type="String" visibility="public"><comment><sentence>Get the Public ID of the entity containing the node.</sentence><return><body><div>the Public Identifier of the entity in the source document
 containing the node, or null if not known or not applicable</div></body></return><attribute name="@since"><body><div>9.7</div></body></attribute></comment></method><method fulltype="net.sf.saxon.om.NodeInfo" id="getRoot" type="NodeInfo" visibility="public"><comment><sentence>Get the root node of the tree containing this node</sentence><return><body><div>the NodeInfo representing the top-level ancestor of this node.
         This will not necessarily be a document node</div></body></return></comment></method><method fulltype="net.sf.saxon.type.SchemaType" id="getSchemaType" type="SchemaType" visibility="public"><comment><body><div>Get the type annotation of this node, if any. The type annotation is represented as
 SchemaType object.
 <p>Types derived from a DTD are not reflected in the result of this method.</p></div></body><sentence>Get the type annotation of this node, if any.</sentence><return><body><div>For element and attribute nodes: the type annotation derived from schema
         validation (defaulting to xs:untyped and xs:untypedAtomic in the absence of schema
         validation). For comments, text nodes, processing instructions, and namespaces: null.
         For document nodes, either xs:untyped if the document has not been validated, or
         xs:anyType if it has.</div></body></return><attribute name="@since"><body><div>9.4</div></body></attribute></comment></method><method fulltype="java.lang.String" id="getStringValue" type="String" visibility="public"/><method fulltype="java.lang.String" id="getSystemId" type="String" visibility="public"><comment><sentence>Get the System ID for the node.</sentence><return><body><div>the System Identifier of the entity in the source document
         containing the node, or null if not known. Note this is not the
         same as the base URI: the base URI can be modified by xml:base, but
         the system ID cannot.</div></body></return></comment></method><method fulltype="net.sf.saxon.om.TreeInfo" id="getTreeInfo" type="TreeInfo" visibility="public"><comment><sentence>Get information about the tree to which this NodeInfo belongs</sentence><return><body><div>the TreeInfo</div></body></return><attribute name="@since"><body><div>9.7</div></body></attribute></comment></method><method fulltype="net.sf.saxon.str.UnicodeString" id="getUnicodeStringValue" type="UnicodeString" visibility="public"><comment><body><div>Return the string value of the node. The interpretation of this depends on the type
 of node. For a namespace node, it is the namespace URI.</div></body><sentence>Return the string value of the node.</sentence><return><body><div>the string value of the node</div></body></return></comment></method><method fulltype="java.lang.String" id="getURI" type="String" visibility="public"><comment><body><div>Get the URI part of the name of this node. This is the URI corresponding to the
 prefix, or the URI of the default namespace if appropriate.</div></body><sentence>Get the URI part of the name of this node.</sentence><return><body><div>The URI of the namespace of this node. Since the name of a namespace
         node is always an NCName (the namespace prefix), this method always returns "".</div></body></return></comment></method><method fulltype="boolean" id="hasChildNodes" type="boolean" visibility="public"><comment><body><div>Determine whether the node has any children.
 <p>Note: the result is equivalent to
 <code>getEnumeration(Axis.CHILD, AnyNodeTest.getInstance()).hasNext()</code></p></div></body><sentence>Determine whether the node has any children.</sentence><return><body><div>True if the node has one or more children</div></body></return></comment></method><method fulltype="boolean" id="hasFingerprint" type="boolean" visibility="public"><comment><body><div>Ask whether this NodeInfo implementation holds a fingerprint identifying the name of the
 node in the NamePool. If the answer is true, then the <tag kind="see">#getFingerprint</tag> method must
 return the fingerprint of the node. If the answer is false, then the <tag kind="see">#getFingerprint</tag>
 method should throw an <tag kind="code">UnsupportedOperationException</tag>. In the case of unnamed nodes
 such as text nodes, the result can be either true (in which case getFingerprint() should
 return -1) or false (in which case getFingerprint may throw an exception).</div></body><sentence>Ask whether this NodeInfo implementation holds a fingerprint identifying the name of the
 node in the NamePool.</sentence><return><body><div>true if the implementation of this node provides fingerprints.</div></body></return><attribute name="@since"><body><div>9.8; previously Saxon relied on using <code>FingerprintedNode</code> as a marker interface.</div></body></attribute></comment></method><method fulltype="int" id="hashCode" type="int" visibility="public"><comment><sentence>The hashCode() method obeys the contract for hashCode(): that is, if two objects are equal
 (represent the same node) then they must have the same hashCode()</sentence><attribute name="@since"><body><div>8.7 Previously, the effect of the equals() and hashCode() methods was not defined. Callers
        should therefore be aware that third party implementations of the NodeInfo interface may
        not implement the correct semantics.</div></body></attribute></comment><override-of fulltype="java.lang.Object" method="hashCode()" type="Object"/></method><method fulltype="net.sf.saxon.om.NodeInfo" id="head" type="NodeInfo" visibility="public"><comment><sentence>To implement <tag kind="see">net.sf.saxon.om.Sequence</tag>, this method returns the item itself</sentence><return><body><div>this item</div></body></return></comment></method><method fulltype="boolean" id="isStreamed" type="boolean" visibility="public"/><method fulltype="net.sf.saxon.tree.iter.AxisIterator" id="iterateAxis" type="AxisIterator" visibility="public"><comment><sentence>Return an iteration over all the nodes reached by the given axis from this node
 that match a given NodeTest</sentence><return><body><div>a NodeEnumeration that scans the nodes reached by the axis in
         turn.</div></body></return><attribute name="@see" see="java">net.sf.saxon.om.AxisInfo</attribute></comment><params><param fulltype="int" name="axisNumber" type="int"><body><div>an integer identifying the axis; one of the constants
                   defined in class net.sf.saxon.om.Axis</div></body></param><param fulltype="net.sf.saxon.pattern.NodePredicate" name="predicate" type="NodePredicate"><body><div>A pattern to be matched by the returned nodes; nodes
                   that do not match this pattern are not included in the result</div></body></param></params></method><method fulltype="net.sf.saxon.tree.iter.AxisIterator" id="makeIterator" static="true" type="AxisIterator" visibility="public"><comment><sentence>Factory method to create an iterator over the in-scope namespace nodes of an element</sentence><return><body><div>an iterator over the namespace nodes that satisfy the test</div></body></return></comment><params><param fulltype="net.sf.saxon.om.NodeInfo" name="element" type="NodeInfo"><body><div>the node whose namespaces are required</div></body></param><param fulltype="net.sf.saxon.pattern.NodePredicate" name="test" type="NodePredicate"><body><div>used to filter the returned nodes</div></body></param></params></method><method fulltype="net.sf.saxon.s9api.Location" id="saveLocation" type="Location" visibility="public"><comment><body><div>Get an immutable copy of this Location object. By default Location objects may be mutable, so they
 should not be saved for later use. The result of this operation holds the same location information,
 but in an immutable form.</div></body><sentence>Get an immutable copy of this Location object.</sentence></comment></method><method fulltype="void" id="setSystemId" type="void" visibility="public"><comment><body><div>Set the system identifier for this Source.
 <p>The system identifier is optional if the source does not
 get its data from a URL, but it may still be useful to provide one.
 The application can use a system identifier, for example, to resolve
 relative URIs and to include in error messages and warnings.</p></div></body><sentence>Set the system identifier for this Source.</sentence></comment><params><param fulltype="java.lang.String" name="systemId" type="String"><body><div>The system identifier as a URL string.</div></body></param></params></method></methods></class></package>