<?xml version="1.0" encoding="UTF-8"?><package id="net.sf.saxon.ma.parray"><class id="ImmList" abstract="true" fulltype="net.sf.saxon.ma.parray.ImmList" superclass="Object" superclassfulltype="java.lang.Object" visibility="public"><type fulltype="E" type="E"/><paramtypes><type name="E"/></paramtypes><paramtags><tag comment="the type of the elements in the list">E</tag></paramtags><implements><interface fulltype="java.lang.Iterable" type="Iterable"><type fulltype="T" type="T"/><paramtypes><type name="T"/></paramtypes></interface></implements><comment><sentence>An immutable list of elements</sentence></comment><fields/><methods><constructor id="ImmList" visibility="public"/><method abstract="true" fulltype="net.sf.saxon.ma.parray.ImmList" id="append" type="ImmList" visibility="public"><type fulltype="E" type="E"/><comment><sentence>Append an element at the end of the list</sentence><return><body><div>a new list, identical to the old except for the addition of one member</div></body></return></comment><params><param fulltype="E" name="member" type="E"><body><div>the new member to be included in the new list</div></body></param></params></method><method abstract="true" fulltype="net.sf.saxon.ma.parray.ImmList" id="appendList" type="ImmList" visibility="public"><type fulltype="E" type="E"/><comment><sentence>Append multiple elements at the end of the list</sentence><return><body><div>a new list, identical to the old except for the addition of new members</div></body></return></comment><params><param fulltype="net.sf.saxon.ma.parray.ImmList" name="members" type="ImmList"><type fulltype="E" type="E"/><body><div>the new members to be included in the new list</div></body></param></params></method><method fulltype="net.sf.saxon.ma.parray.ImmList" id="empty" static="true" type="ImmList" visibility="public"><type fulltype="E" type="E"/><comment><sentence>Return an empty list</sentence><return><body><div>an empty immutable list</div></body></return></comment><paramtypes><type name="E"/></paramtypes><paramtags><tag comment="the (nominal) type of the list element">E</tag></paramtags></method><method fulltype="net.sf.saxon.ma.parray.ImmList" id="fromList" static="true" type="ImmList" visibility="public"><type fulltype="E" type="E"/><comment><sentence>Construct an immutable list from a Java list of members</sentence><return><body><div>the immutable list</div></body></return></comment><params><param fulltype="java.util.List" name="members" type="List"><type fulltype="E" type="E"/><body><div>the members to be added to the list</div></body></param></params><paramtypes><type name="E"/></paramtypes><paramtags><tag comment="the type of the list members">E</tag></paramtags></method><method abstract="true" fulltype="E" id="get" type="E" visibility="public"><comment><sentence>Get the element at a given index</sentence><return><body><div>the element at the given index</div></body></return></comment><params><param fulltype="int" name="index" type="int"><body><div>the required index (zero-based)</div></body></param></params></method><method fulltype="E" id="head" type="E" visibility="public"><comment><sentence>Get the first element in the list</sentence><return><body><div>the result of get(0)</div></body></return></comment></method><method abstract="true" fulltype="net.sf.saxon.ma.parray.ImmList" id="insert" type="ImmList" visibility="public"><type fulltype="E" type="E"/><comment><sentence>Insert an element at a given position</sentence><return><body><div>a new list, identical to the old except for the addition of one member</div></body></return></comment><params><param fulltype="int" name="index" type="int"><body><div>the position (zero-based) for the insertion. The new element will
               be inserted before the existing element at this position. If the index
               is equal to the list size, the new element is inserted at the end.</div></body></param><param fulltype="E" name="member" type="E"><body><div>the new member to be included in the new list</div></body></param></params></method><method abstract="true" fulltype="boolean" id="isEmpty" type="boolean" visibility="public"><comment><sentence>Ask if the list is empty</sentence><return><body><div>true if the list contains no elements, otherwise false</div></body></return></comment></method><method fulltype="java.lang.IndexOutOfBoundsException" id="outOfBounds" type="IndexOutOfBoundsException" visibility="protected"><comment><sentence>Convenience method for use by subclasses to throw an IndexOutOfBounds exception when needed</sentence><return><body><div>an <tag kind="code">IndexOutOfBoundsException</tag> with suitable message text</div></body></return></comment><params><param fulltype="int" name="requested" type="int"><body><div>the index value that was requested by the caller</div></body></param><param fulltype="int" name="actual" type="int"><body><div>the actual size of the list</div></body></param></params></method><method fulltype="net.sf.saxon.ma.parray.ImmList" id="pair" static="true" type="ImmList" visibility="public"><type fulltype="E" type="E"/><comment><sentence>Return a list of length 2 (two)</sentence><return><body><div>the two-member list</div></body></return></comment><params><param fulltype="E" name="first" type="E"><body><div>the first member of the list</div></body></param><param fulltype="E" name="second" type="E"><body><div>the second member of the list</div></body></param></params><paramtypes><type name="E"/></paramtypes><paramtags><tag comment="the type of the list members">E</tag></paramtags></method><method fulltype="net.sf.saxon.ma.parray.ImmList" id="rebalance" type="ImmList" visibility="protected"><type fulltype="E" type="E"/><comment><sentence>Return a list containing the same elements as this list, but optimized for efficient access</sentence><return><body><div>either this list, or a copy containing the same elements in the same order</div></body></return></comment></method><method abstract="true" fulltype="net.sf.saxon.ma.parray.ImmList" id="remove" type="ImmList" visibility="public"><type fulltype="E" type="E"/><comment><sentence>Remove the member at a given position</sentence><return><body><div>a new list, identical to the old except for the removal of one member</div></body></return></comment><params><param fulltype="int" name="index" type="int"><body><div>the zero-based index position of the member to be removed</div></body></param></params></method><method abstract="true" fulltype="net.sf.saxon.ma.parray.ImmList" id="replace" type="ImmList" visibility="public"><type fulltype="E" type="E"/><comment><sentence>Replace the element at a given index</sentence><return><body><div>a new list, identical to the old except for the replacement of one member</div></body></return></comment><params><param fulltype="int" name="index" type="int"><body><div>the index (zero-based) of the element to be replaced</div></body></param><param fulltype="E" name="member" type="E"><body><div>the replacement member to be included in the new list</div></body></param></params></method><method fulltype="net.sf.saxon.ma.parray.ImmList" id="singleton" static="true" type="ImmList" visibility="public"><type fulltype="E" type="E"/><comment><sentence>Return a singleton list (a list containing one item)</sentence><return><body><div>the singleton list</div></body></return></comment><params><param fulltype="E" name="member" type="E"><body><div>the single member of the list</div></body></param></params><paramtypes><type name="E"/></paramtypes><paramtags><tag comment="the type of the list members">E</tag></paramtags></method><method abstract="true" fulltype="int" id="size" type="int" visibility="public"><comment><sentence>Get the size of the list</sentence><return><body><div>the number of members in the list</div></body></return></comment></method><method abstract="true" fulltype="net.sf.saxon.ma.parray.ImmList" id="subList" type="ImmList" visibility="public"><type fulltype="E" type="E"/><comment><sentence>Return a sub-sequence with a given start and end position</sentence><return><body><div>a new list containing the elements from the specified range of positions</div></body></return></comment><params><param fulltype="int" name="start" type="int"><body><div>the zero-based index position of the first member to be extracted</div></body></param><param fulltype="int" name="end" type="int"><body><div>the zero-based index position of the first member after the sub-sequence
            to be extracted</div></body></param></params></method><method fulltype="net.sf.saxon.ma.parray.ImmList" id="tail" type="ImmList" visibility="public"><type fulltype="E" type="E"/><comment><sentence>Get a list containing all elements of the list except the first</sentence><return><body><div>the result of <tag kind="code">subList(1, size())</tag>, or equivalently <tag kind="code">remove(0)</tag></div></body></return></comment></method></methods><subclasses><class fulltype="net.sf.saxon.ma.parray.ImmList0" type="ImmList0"/><class fulltype="net.sf.saxon.ma.parray.ImmList1" type="ImmList1"/><class fulltype="net.sf.saxon.ma.parray.ImmList2" type="ImmList2"/></subclasses></class><class id="ImmList0" fulltype="net.sf.saxon.ma.parray.ImmList0" superclass="ImmList" superclassfulltype="net.sf.saxon.ma.parray.ImmList" visibility="public"><type fulltype="E" type="E"/><paramtypes><type name="E"/></paramtypes><paramtags><tag comment="the (nominal) type of the list elements">E</tag></paramtags><extends><inherits><interface fulltype="java.lang.Iterable" type="Iterable"><type fulltype="T" type="T"/><paramtypes><type name="T"/></paramtypes></interface></inherits><interface fulltype="net.sf.saxon.ma.parray.ImmList" type="ImmList"><type fulltype="E" type="E"/><paramtypes><type name="E"/></paramtypes><paramtags><tag comment="the type of the elements in the list">E</tag></paramtags></interface></extends><comment><sentence>Implementation of an immutable empty list</sentence></comment><fields/><methods><method fulltype="net.sf.saxon.ma.parray.ImmList" id="append" type="ImmList" visibility="public"><type fulltype="E" type="E"/><override-of fulltype="net.sf.saxon.ma.parray.ImmList" method="append(E)" type="ImmList"><type fulltype="E" type="E"/></override-of><params><param fulltype="E" name="member" type="E"/></params></method><method fulltype="net.sf.saxon.ma.parray.ImmList" id="appendList" type="ImmList" visibility="public"><type fulltype="E" type="E"/><override-of fulltype="net.sf.saxon.ma.parray.ImmList" method="appendList(net.sf.saxon.ma.parray.ImmList&lt;E&gt;)" type="ImmList"><type fulltype="E" type="E"/></override-of><params><param fulltype="net.sf.saxon.ma.parray.ImmList" name="members" type="ImmList"><type fulltype="E" type="E"/></param></params></method><method fulltype="E" id="get" type="E" visibility="public"><override-of fulltype="net.sf.saxon.ma.parray.ImmList" method="get(int)" type="ImmList"><type fulltype="E" type="E"/></override-of><params><param fulltype="int" name="index" type="int"/></params></method><method fulltype="net.sf.saxon.ma.parray.ImmList0" id="getInstance" static="true" type="ImmList0" visibility="public"><type fulltype="E" type="E"/><paramtypes><type name="E"/></paramtypes></method><method fulltype="net.sf.saxon.ma.parray.ImmList" id="insert" type="ImmList" visibility="public"><type fulltype="E" type="E"/><override-of fulltype="net.sf.saxon.ma.parray.ImmList" method="insert(int, E)" type="ImmList"><type fulltype="E" type="E"/></override-of><params><param fulltype="int" name="index" type="int"/><param fulltype="E" name="member" type="E"/></params></method><method fulltype="boolean" id="isEmpty" type="boolean" visibility="public"><override-of fulltype="net.sf.saxon.ma.parray.ImmList" method="isEmpty()" type="ImmList"><type fulltype="E" type="E"/></override-of></method><method fulltype="java.util.Iterator" id="iterator" type="Iterator" visibility="public"><type fulltype="E" type="E"/></method><method fulltype="net.sf.saxon.ma.parray.ImmList" id="remove" type="ImmList" visibility="public"><type fulltype="E" type="E"/><override-of fulltype="net.sf.saxon.ma.parray.ImmList" method="remove(int)" type="ImmList"><type fulltype="E" type="E"/></override-of><params><param fulltype="int" name="index" type="int"/></params></method><method fulltype="net.sf.saxon.ma.parray.ImmList" id="replace" type="ImmList" visibility="public"><type fulltype="E" type="E"/><override-of fulltype="net.sf.saxon.ma.parray.ImmList" method="replace(int, E)" type="ImmList"><type fulltype="E" type="E"/></override-of><params><param fulltype="int" name="index" type="int"/><param fulltype="E" name="member" type="E"/></params></method><method fulltype="int" id="size" type="int" visibility="public"><override-of fulltype="net.sf.saxon.ma.parray.ImmList" method="size()" type="ImmList"><type fulltype="E" type="E"/></override-of></method><method fulltype="net.sf.saxon.ma.parray.ImmList" id="subList" type="ImmList" visibility="public"><type fulltype="E" type="E"/><override-of fulltype="net.sf.saxon.ma.parray.ImmList" method="subList(int, int)" type="ImmList"><type fulltype="E" type="E"/></override-of><params><param fulltype="int" name="start" type="int"/><param fulltype="int" name="end" type="int"/></params></method></methods></class><class id="ImmList1" fulltype="net.sf.saxon.ma.parray.ImmList1" superclass="ImmList" superclassfulltype="net.sf.saxon.ma.parray.ImmList" visibility="public"><type fulltype="E" type="E"/><paramtypes><type name="E"/></paramtypes><paramtags><tag comment="the type of the list element">E</tag></paramtags><extends><inherits><interface fulltype="java.lang.Iterable" type="Iterable"><type fulltype="T" type="T"/><paramtypes><type name="T"/></paramtypes></interface></inherits><interface fulltype="net.sf.saxon.ma.parray.ImmList" type="ImmList"><type fulltype="E" type="E"/><paramtypes><type name="E"/></paramtypes><paramtags><tag comment="the type of the elements in the list">E</tag></paramtags></interface></extends><comment><sentence>Implementation of an immutable list of length 1 (one)</sentence></comment><fields/><methods><constructor id="ImmList1" visibility="public"><params><param fulltype="E" name="member" type="E"/></params></constructor><method fulltype="net.sf.saxon.ma.parray.ImmList" id="append" type="ImmList" visibility="public"><type fulltype="E" type="E"/><override-of fulltype="net.sf.saxon.ma.parray.ImmList" method="append(E)" type="ImmList"><type fulltype="E" type="E"/></override-of><params><param fulltype="E" name="member" type="E"/></params></method><method fulltype="net.sf.saxon.ma.parray.ImmList" id="appendList" type="ImmList" visibility="public"><type fulltype="E" type="E"/><override-of fulltype="net.sf.saxon.ma.parray.ImmList" method="appendList(net.sf.saxon.ma.parray.ImmList&lt;E&gt;)" type="ImmList"><type fulltype="E" type="E"/></override-of><params><param fulltype="net.sf.saxon.ma.parray.ImmList" name="members" type="ImmList"><type fulltype="E" type="E"/></param></params></method><method fulltype="E" id="get" type="E" visibility="public"><override-of fulltype="net.sf.saxon.ma.parray.ImmList" method="get(int)" type="ImmList"><type fulltype="E" type="E"/></override-of><params><param fulltype="int" name="index" type="int"/></params></method><method fulltype="net.sf.saxon.ma.parray.ImmList" id="insert" type="ImmList" visibility="public"><type fulltype="E" type="E"/><override-of fulltype="net.sf.saxon.ma.parray.ImmList" method="insert(int, E)" type="ImmList"><type fulltype="E" type="E"/></override-of><params><param fulltype="int" name="index" type="int"/><param fulltype="E" name="member" type="E"/></params></method><method fulltype="boolean" id="isEmpty" type="boolean" visibility="public"><override-of fulltype="net.sf.saxon.ma.parray.ImmList" method="isEmpty()" type="ImmList"><type fulltype="E" type="E"/></override-of></method><method fulltype="java.util.Iterator" id="iterator" type="Iterator" visibility="public"><type fulltype="E" type="E"/></method><method fulltype="net.sf.saxon.ma.parray.ImmList" id="remove" type="ImmList" visibility="public"><type fulltype="E" type="E"/><override-of fulltype="net.sf.saxon.ma.parray.ImmList" method="remove(int)" type="ImmList"><type fulltype="E" type="E"/></override-of><params><param fulltype="int" name="index" type="int"/></params></method><method fulltype="net.sf.saxon.ma.parray.ImmList" id="replace" type="ImmList" visibility="public"><type fulltype="E" type="E"/><override-of fulltype="net.sf.saxon.ma.parray.ImmList" method="replace(int, E)" type="ImmList"><type fulltype="E" type="E"/></override-of><params><param fulltype="int" name="index" type="int"/><param fulltype="E" name="member" type="E"/></params></method><method fulltype="int" id="size" type="int" visibility="public"><override-of fulltype="net.sf.saxon.ma.parray.ImmList" method="size()" type="ImmList"><type fulltype="E" type="E"/></override-of></method><method fulltype="net.sf.saxon.ma.parray.ImmList" id="subList" type="ImmList" visibility="public"><type fulltype="E" type="E"/><override-of fulltype="net.sf.saxon.ma.parray.ImmList" method="subList(int, int)" type="ImmList"><type fulltype="E" type="E"/></override-of><params><param fulltype="int" name="start" type="int"/><param fulltype="int" name="end" type="int"/></params></method></methods></class><class id="ImmList2" fulltype="net.sf.saxon.ma.parray.ImmList2" superclass="ImmList" superclassfulltype="net.sf.saxon.ma.parray.ImmList" visibility="public"><type fulltype="E" type="E"/><paramtypes><type name="E"/></paramtypes><paramtags><tag comment="the type of the elements of the list">E</tag></paramtags><extends><inherits><interface fulltype="java.lang.Iterable" type="Iterable"><type fulltype="T" type="T"/><paramtypes><type name="T"/></paramtypes></interface></inherits><interface fulltype="net.sf.saxon.ma.parray.ImmList" type="ImmList"><type fulltype="E" type="E"/><paramtypes><type name="E"/></paramtypes><paramtags><tag comment="the type of the elements in the list">E</tag></paramtags></interface></extends><comment><sentence>Implementation of an immutable list of arbitrary length, implemented as a binary tree</sentence></comment><fields/><methods><constructor id="ImmList2" visibility="protected"><params><param fulltype="net.sf.saxon.ma.parray.ImmList" name="left" type="ImmList"><type fulltype="E" type="E"/></param><param fulltype="net.sf.saxon.ma.parray.ImmList" name="right" type="ImmList"><type fulltype="E" type="E"/></param></params></constructor><method fulltype="net.sf.saxon.ma.parray.ImmList" id="append" type="ImmList" visibility="public"><type fulltype="E" type="E"/><override-of fulltype="net.sf.saxon.ma.parray.ImmList" method="append(E)" type="ImmList"><type fulltype="E" type="E"/></override-of><params><param fulltype="E" name="member" type="E"/></params></method><method fulltype="net.sf.saxon.ma.parray.ImmList" id="appendList" type="ImmList" visibility="public"><type fulltype="E" type="E"/><override-of fulltype="net.sf.saxon.ma.parray.ImmList" method="appendList(net.sf.saxon.ma.parray.ImmList&lt;E&gt;)" type="ImmList"><type fulltype="E" type="E"/></override-of><params><param fulltype="net.sf.saxon.ma.parray.ImmList" name="members" type="ImmList"><type fulltype="E" type="E"/></param></params></method><method fulltype="E" id="get" type="E" visibility="public"><override-of fulltype="net.sf.saxon.ma.parray.ImmList" method="get(int)" type="ImmList"><type fulltype="E" type="E"/></override-of><params><param fulltype="int" name="index" type="int"/></params></method><method fulltype="net.sf.saxon.ma.parray.ImmList" id="insert" type="ImmList" visibility="public"><type fulltype="E" type="E"/><override-of fulltype="net.sf.saxon.ma.parray.ImmList" method="insert(int, E)" type="ImmList"><type fulltype="E" type="E"/></override-of><params><param fulltype="int" name="index" type="int"/><param fulltype="E" name="member" type="E"/></params></method><method fulltype="boolean" id="isEmpty" type="boolean" visibility="public"><override-of fulltype="net.sf.saxon.ma.parray.ImmList" method="isEmpty()" type="ImmList"><type fulltype="E" type="E"/></override-of></method><method fulltype="java.util.Iterator" id="iterator" type="Iterator" visibility="public"><type fulltype="E" type="E"/></method><method fulltype="net.sf.saxon.ma.parray.ImmList" id="rebalance" type="ImmList" visibility="protected"><type fulltype="E" type="E"/><override-of fulltype="net.sf.saxon.ma.parray.ImmList" method="rebalance()" type="ImmList"><type fulltype="E" type="E"/></override-of></method><method fulltype="net.sf.saxon.ma.parray.ImmList" id="remove" type="ImmList" visibility="public"><type fulltype="E" type="E"/><override-of fulltype="net.sf.saxon.ma.parray.ImmList" method="remove(int)" type="ImmList"><type fulltype="E" type="E"/></override-of><params><param fulltype="int" name="index" type="int"/></params></method><method fulltype="net.sf.saxon.ma.parray.ImmList" id="replace" type="ImmList" visibility="public"><type fulltype="E" type="E"/><override-of fulltype="net.sf.saxon.ma.parray.ImmList" method="replace(int, E)" type="ImmList"><type fulltype="E" type="E"/></override-of><params><param fulltype="int" name="index" type="int"/><param fulltype="E" name="member" type="E"/></params></method><method fulltype="int" id="size" type="int" visibility="public"><override-of fulltype="net.sf.saxon.ma.parray.ImmList" method="size()" type="ImmList"><type fulltype="E" type="E"/></override-of></method><method fulltype="net.sf.saxon.ma.parray.ImmList" id="subList" type="ImmList" visibility="public"><type fulltype="E" type="E"/><override-of fulltype="net.sf.saxon.ma.parray.ImmList" method="subList(int, int)" type="ImmList"><type fulltype="E" type="E"/></override-of><params><param fulltype="int" name="start" type="int"/><param fulltype="int" name="end" type="int"/></params></method></methods></class></package>