<?xml version="1.0" encoding="UTF-8"?><package id="net.sf.saxon.trans.packages"><class id="IPackageLoader" abstract="true" fulltype="net.sf.saxon.trans.packages.IPackageLoader" interface="true" visibility="public"><fields/><methods><method abstract="true" fulltype="net.sf.saxon.style.StylesheetPackage" id="loadPackage" type="StylesheetPackage" visibility="public"><params><param fulltype="javax.xml.transform.Source" name="source" type="Source"/></params><exceptions><exception fulltype="net.sf.saxon.trans.XPathException" id="XPathException"/></exceptions></method><method abstract="true" fulltype="net.sf.saxon.style.StylesheetPackage" id="loadPackageDoc" type="StylesheetPackage" visibility="public"><params><param fulltype="net.sf.saxon.om.NodeInfo" name="doc" type="NodeInfo"/></params><exceptions><exception fulltype="net.sf.saxon.trans.XPathException" id="XPathException"/></exceptions></method></methods><implemented-by><class fulltype="com.saxonica.ee.trans.PackageLoaderEE" type="PackageLoaderEE"/><class fulltype="net.sf.saxon.trans.PackageLoaderHE" type="PackageLoaderHE"/><class fulltype="com.saxonica.trans.PackageLoaderPE" type="PackageLoaderPE"/></implemented-by></class><class id="PackageDetails" fulltype="net.sf.saxon.trans.packages.PackageDetails" superclass="Object" superclassfulltype="java.lang.Object" visibility="public"><comment><sentence>Information about a package held in a package library; the package may or may not be loaded in memory</sentence></comment><fields><field fulltype="java.lang.String" id="baseName" type="String" visibility="public"><comment><body><div>The original package name, as defined by the <code>@base</code> attribute in the
 configuration file.

 <p>Required only if the package name defined in the name attribute differs from the
 package name in the XSLT source. If present, the value must match the package name
 defined in the XSLT source. Using this attribute allows packages to be renamed.
 This is useful when a package has static parameters whose values are bound in child
 withParam elements: it allows two instances of a package to be made available (under
 different names) with different bindings for the static parameters.</p></div></body><sentence>The original package name, as defined by the @base attribute in the
 configuration file.</sentence></comment></field><field fulltype="java.lang.Thread" id="beingProcessed" type="Thread" visibility="public"><comment><body><div>During processing (compilation) of a package, the <code>beingProcessed</code> field
 indicates the thread in which this processing is taking place; at other times, the field
 is null. This field is used when checking for cycles of package dependencies.</div></body><sentence>During processing (compilation) of a package, the beingProcessed field
 indicates the thread in which this processing is taking place; at other times, the field
 is null.</sentence></comment></field><field fulltype="javax.xml.transform.Source" id="exportLocation" type="Source" visibility="public"><comment><body><div>A Source object identifying a location where the compiled SEF code of the package
 is to be found. Note that in general a Source is consumed by use (so it can only
 be read once); the exportLocation is therefore typically useless once a loadedPackage
 exists.</div></body><sentence>A Source object identifying a location where the compiled SEF code of the package
 is to be found.</sentence></comment></field><field fulltype="net.sf.saxon.style.StylesheetPackage" id="loadedPackage" type="StylesheetPackage" visibility="public"><comment><sentence>The executable form of the compiled package</sentence></comment></field><field fulltype="net.sf.saxon.trans.packages.VersionedPackageName" id="nameAndVersion" type="VersionedPackageName" visibility="public"><comment><sentence>The name and version number of the package</sentence></comment></field><field fulltype="int" id="priority" type="int" visibility="public"><comment><body><div>The priority of this version of a package relative to other versions of the same
 package. By default (if two versions have the same priority), the higher version
 is used. This attribute allows (for example) version 2.0.10 to be marked as the preferred
 release even if a version 3.0-beta is available, by giving the two versions different
 priority. A numerically higher value indicates a higher priority. The value Integer.MIN_VALUE
 acts as a default if no explicit priority is specified.</div></body><sentence>The priority of this version of a package relative to other versions of the same
 package.</sentence></comment></field><field fulltype="java.lang.String" id="shortName" type="String" visibility="public"><comment><body><div>A short name for the package. Useful when nominating the package as the value of
 the -xsl option on the command line.

 <p>Any convenient short name for the package name/version combination.
 This can be used for convenience as the value of the -xsl option on the Transform
 command line. (We suggest using a value that is unlikely to be confused with a
 filename, for example * if the same stylesheet package is used all the time.)</p></div></body><sentence>A short name for the package.</sentence></comment></field><field fulltype="javax.xml.transform.Source" id="sourceLocation" type="Source" visibility="public"><comment><body><div>A Source object identifying a location where the source XSLT code of the package
 is to be found. Note that in general a Source is consumed by use (so it can only
 be read once); the sourceLocation is therefore typically useless once a loadedPackage
 exists.</div></body><sentence>A Source object identifying a location where the source XSLT code of the package
 is to be found.</sentence></comment></field><field fulltype="java.util.Map" id="staticParams" type="Map" visibility="public"><type fulltype="net.sf.saxon.om.StructuredQName" type="StructuredQName"/><type fulltype="net.sf.saxon.om.GroundedValue" type="GroundedValue"/><comment><body><div>The values of static stylesheet parameters for this package instance. In a function
 library, two instances of the same package may exist with different settings for
 stylesheet parameters, but they must then be given an alias package name. The nameAndVersion
 contains this alias; the baseName contains the original name as defined in the XSLT source
 code.</div></body><sentence>The values of static stylesheet parameters for this package instance.</sentence></comment></field></fields><methods><constructor id="PackageDetails" visibility="public"/></methods></class><class id="PackageInspector" fulltype="net.sf.saxon.trans.packages.PackageInspector" superclass="ProxyReceiver" superclassfulltype="net.sf.saxon.event.ProxyReceiver" visibility="public"><extends><interface fulltype="net.sf.saxon.event.ProxyReceiver" type="ProxyReceiver"><extends><inherits><interface fulltype="net.sf.saxon.event.Receiver" type="Receiver"/></inherits><interface fulltype="net.sf.saxon.event.SequenceReceiver" type="SequenceReceiver"/></extends></interface></extends><comment><sentence>The PackageInspector class is a Receiver that looks at an incoming stylesheet document
 and extracts the package name and version from the root element; parsing is then
 abandoned.</sentence></comment><fields/><methods><method fulltype="java.lang.String" id="getDiagnostics" type="String" visibility="public"/><method fulltype="net.sf.saxon.trans.packages.PackageDetails" id="getPackageDetails" type="PackageDetails" visibility="public"><params><param fulltype="java.io.File" name="top" type="File"/><param fulltype="net.sf.saxon.Configuration" name="config" type="Configuration"/></params><exceptions><exception fulltype="net.sf.saxon.trans.XPathException" id="XPathException"/></exceptions></method><method fulltype="void" id="startElement" type="void" visibility="public"><comment><sentence>Abort the parse when the first start element tag is found</sentence></comment><override-of fulltype="net.sf.saxon.event.ProxyReceiver" method="startElement(net.sf.saxon.om.NodeName, net.sf.saxon.type.SchemaType, net.sf.saxon.om.AttributeMap, net.sf.saxon.om.NamespaceMap, net.sf.saxon.s9api.Location, int)" type="ProxyReceiver"/><params><param fulltype="net.sf.saxon.om.NodeName" name="elemName" type="NodeName"/><param fulltype="net.sf.saxon.type.SchemaType" name="type" type="SchemaType"/><param fulltype="net.sf.saxon.om.AttributeMap" name="attributes" type="AttributeMap"/><param fulltype="net.sf.saxon.om.NamespaceMap" name="namespaces" type="NamespaceMap"/><param fulltype="net.sf.saxon.s9api.Location" name="location" type="Location"/><param fulltype="int" name="properties" type="int"/></params><exceptions><exception fulltype="net.sf.saxon.trans.XPathException" id="XPathException"/></exceptions></method></methods></class><class id="PackageLibrary" fulltype="net.sf.saxon.trans.packages.PackageLibrary" superclass="Object" superclassfulltype="java.lang.Object" visibility="public"><comment><body><div>A PackageLibrary represents a collection of packages that can be searched, typically to satisfy
 an xsl:use-package declaration. Packages are indexed by their package name and version. It is
 possible to index a package under a different name and/or version than appears in the source code;
 this allows the same source package to be compiled into two different variants with different
 settings for static parameters, so that the xsl:use-package declaration can pick up one or the other
 by a suitable choice of package name or version. A package can also have a short-form alias,
 which is ignored by xsl:use-package, but can be used to identify the package in the -xsl option
 of the Transform command line (this is only useful when the package is set up from a configuration
 file).</div></body><sentence>A PackageLibrary represents a collection of packages that can be searched, typically to satisfy
 an xsl:use-package declaration.</sentence></comment><fields/><methods><constructor id="PackageLibrary" visibility="public"><comment><sentence>Create an empty package library</sentence></comment><params><param fulltype="net.sf.saxon.trans.CompilerInfo" name="compilerInfo" type="CompilerInfo"><body><div>the compiler options to be used if any package from the library
                     needs to be compiled. The package library retains a reference
                     to the CompilerInfo, so any subsequent changes to the options in the
                     CompilerInfo will take effect.</div></body></param></params></constructor><constructor id="PackageLibrary" visibility="public"><comment><sentence>Create a package library as a copy of an existing package library</sentence></comment><params><param fulltype="net.sf.saxon.trans.packages.PackageLibrary" name="library" type="PackageLibrary"><body><div>the existing package library to be copied. The new package
                library will contain a reference to the same CompilerInfo
                as the supplied package library, and any subsequent changes
                to this CompilerInfo will take effect.</div></body></param></params></constructor><constructor id="PackageLibrary" visibility="public"><comment><sentence>Create a package library from a set of source files (being either the source XSLT of the
 top-level modules of the packages in question, or the exported SEF file representing the
 compiled package)</sentence></comment><params><param fulltype="net.sf.saxon.trans.CompilerInfo" name="info" type="CompilerInfo"><body><div>the compiler to which this library belongs</div></body></param><param fulltype="java.util.Set" name="files" type="Set"><type fulltype="java.io.File" type="File"/><body><div>the files making up the package library</div></body></param></params><exceptions><exception fulltype="net.sf.saxon.trans.XPathException" id="XPathException"><sentence>XPathException if any of the files doesn't have a top-level xsl:package element
                        containing the package name and package-version attributes.</sentence></exception></exceptions></constructor><method fulltype="void" id="addPackage" synchronized="true" type="void" visibility="public"><comment><body><div>Add a compiled and loaded package to this package library. This will replace
 any existing package with the same name and version.</div></body><sentence>Add a compiled and loaded package to this package library.</sentence></comment><params><param fulltype="net.sf.saxon.style.StylesheetPackage" name="packageIn" type="StylesheetPackage"><body><div>The stylesheet package to be added</div></body></param></params></method><method fulltype="void" id="addPackage" synchronized="true" type="void" visibility="public"><comment><sentence>Add an entry for a package to the library</sentence></comment><params><param fulltype="net.sf.saxon.trans.packages.PackageDetails" name="details" type="PackageDetails"><body><div>details of the package to be added. The package
                referenced in these details may exist in either
                source or compiled form. No static processing
                or validation takes place at this stage.</div></body></param></params></method><method fulltype="void" id="addPackage" type="void" visibility="public"><comment><sentence>Add a package supplied in the form of a file: either a source XSLT package, or
 an exported package</sentence></comment><params><param fulltype="java.io.File" name="file" type="File"><body><div>a file to be added to the package library</div></body></param></params><exceptions><exception fulltype="net.sf.saxon.trans.XPathException" id="XPathException"/></exceptions></method><method fulltype="net.sf.saxon.trans.packages.PackageDetails" id="findDetailsForAlias" synchronized="true" type="PackageDetails" visibility="public"><comment><sentence>Find the entry with a given shortName.</sentence><return><body><div>the PackageDetails for this shortName if present, or null otherwise.</div></body></return></comment><params><param fulltype="java.lang.String" name="shortName" type="String"><body><div>the shortName of the entry</div></body></param></params></method><method fulltype="net.sf.saxon.trans.packages.PackageDetails" id="findPackage" synchronized="true" type="PackageDetails" visibility="public"><comment><body><div>Find a package from the library that has the given name and whose version lies in the given ranges.
 If multiple versions exist, select the one with highest priority or version number.</div></body><sentence>Find a package from the library that has the given name and whose version lies in the given ranges.</sentence><return><body><div>Details of the package that best meets the criteria, or null if none can be found.
 The name of the package must match; if there are multiple versions, then the
 version chosen is based first on the priority attached to this package/version
 in the library, and if the priorities are equal (or there are no explicit priorities)
 then the one with highest version number is taken.</div></body></return></comment><params><param fulltype="java.lang.String" name="name" type="String"><body><div>The name of the package. This must match the name under which the
               package is registered in the library, which is not necessarily the same
               as the package name appearing in the source code.</div></body></param><param fulltype="net.sf.saxon.style.PackageVersionRanges" name="ranges" type="PackageVersionRanges"><body><div>The ranges of versions of that package that are acceptable</div></body></param></params></method><method fulltype="net.sf.saxon.trans.CompilerInfo" id="getCompilerInfo" type="CompilerInfo" visibility="public"/><method fulltype="java.util.List" id="getPackages" synchronized="true" type="List" visibility="public"><type fulltype="net.sf.saxon.style.StylesheetPackage" type="StylesheetPackage"/><comment><sentence>Supply all the packages that currently exist in this library</sentence><return><body><div>every package indexed</div></body></return></comment></method><method fulltype="net.sf.saxon.style.StylesheetPackage" id="obtainLoadedPackage" type="StylesheetPackage" visibility="public"><comment><body><div>Obtain a loaded package, given details of the package.
 This will return the package if it is already loaded; otherwise it will attempt to
 compile and/or load the package from XSLT source or from an export file.
 It will also load all the packages on which it depends, recursively, and will report
 an error if any cycles are found.</div></body><sentence>Obtain a loaded package, given details of the package.</sentence><return><body><div>the loaded package</div></body></return><attribute name="@since"><body><div>9.8</div></body></attribute></comment><params><param fulltype="net.sf.saxon.trans.packages.PackageDetails" name="details" type="PackageDetails"><body><div>the package details for the required package, as previously returned
                   (perhaps) using <tag kind="see">#findPackage(String, PackageVersionRanges)</tag></div></body></param><param fulltype="java.util.List" name="disallowed" type="List"><type fulltype="net.sf.saxon.trans.packages.VersionedPackageName" type="VersionedPackageName"/><body><div>the names/versions of packages that reference this package, and that
                   therefore cannot be referenced by this package without creating a cycle of dependencies.</div></body></param></params><exceptions><exception fulltype="net.sf.saxon.trans.XPathException" id="XPathException"><sentence>XPathException if loading the package fails, typically either because (a) a package
                        contains static XSLT errors, or (b) because there is a cycle of package dependencies</sentence></exception></exceptions></method></methods></class><class id="UsePack" fulltype="net.sf.saxon.trans.packages.UsePack" superclass="Object" superclassfulltype="java.lang.Object" visibility="public"><comment><sentence>Describes an xsl:use-package requirement from within a package,
 in terms of a name and a set of version ranges</sentence></comment><fields><field fulltype="net.sf.saxon.s9api.Location" id="location" type="Location" visibility="public"/><field fulltype="java.lang.String" id="packageName" type="String" visibility="public"/><field fulltype="net.sf.saxon.style.PackageVersionRanges" id="ranges" type="PackageVersionRanges" visibility="public"/></fields><methods><constructor id="UsePack" visibility="public"><params><param fulltype="java.lang.String" name="name" type="String"/><param fulltype="java.lang.String" name="version" type="String"/><param fulltype="net.sf.saxon.s9api.Location" name="location" type="Location"/></params><exceptions><exception fulltype="net.sf.saxon.trans.XPathException" id="XPathException"/></exceptions></constructor></methods></class><class id="VersionedPackageName" fulltype="net.sf.saxon.trans.packages.VersionedPackageName" superclass="Object" superclassfulltype="java.lang.Object" visibility="public"><comment><sentence>This class represents the combination of an XSLT package name (that is, a URI) and a version
 number</sentence></comment><fields><field fulltype="java.lang.String" id="packageName" type="String" visibility="public"/><field fulltype="net.sf.saxon.style.PackageVersion" id="packageVersion" type="PackageVersion" visibility="public"/></fields><methods><constructor id="VersionedPackageName" visibility="public"><params><param fulltype="java.lang.String" name="packageName" type="String"/><param fulltype="net.sf.saxon.style.PackageVersion" name="version" type="PackageVersion"/></params></constructor><constructor id="VersionedPackageName" visibility="public"><params><param fulltype="java.lang.String" name="packageName" type="String"/><param fulltype="java.lang.String" name="version" type="String"/></params><exceptions><exception fulltype="net.sf.saxon.trans.XPathException" id="XPathException"/></exceptions></constructor><method fulltype="boolean" id="equals" type="boolean" visibility="public"><override-of fulltype="java.lang.Object" method="equals(java.lang.Object)" type="Object"/><params><param fulltype="java.lang.Object" name="obj" type="Object"/></params></method><method fulltype="boolean" id="equalsIgnoringSuffix" type="boolean" visibility="public"><comment><body><div>Compare two package name/version pairs for equality, ignoring the suffix part
 of the version number. For example (http://package-one/, 2.1-alpha) compares equal
 to (http://package-one/, 2.1-beta)</div></body><sentence>Compare two package name/version pairs for equality, ignoring the suffix part
 of the version number.</sentence><return><body><div>true if the values are equal in all respects other than the alphanumeric
 suffix of the version number.</div></body></return></comment><params><param fulltype="net.sf.saxon.trans.packages.VersionedPackageName" name="other" type="VersionedPackageName"><body><div>the other name/version pair</div></body></param></params></method><method fulltype="int" id="hashCode" type="int" visibility="public"><override-of fulltype="java.lang.Object" method="hashCode()" type="Object"/></method><method fulltype="java.lang.String" id="toString" type="String" visibility="public"><override-of fulltype="java.lang.Object" method="toString()" type="Object"/></method></methods></class></package>