<?xml version="1.0" encoding="UTF-8"?><package id="net.sf.saxon.tree.iter"><class id="AdjacentTextNodeMergingIterator" fulltype="net.sf.saxon.tree.iter.AdjacentTextNodeMergingIterator" superclass="Object" superclassfulltype="java.lang.Object" visibility="public"><implements><interface fulltype="net.sf.saxon.tree.iter.LookaheadIterator" type="LookaheadIterator"/><interface fulltype="java.io.Closeable" type="Closeable"/></implements><comment><sentence>AdjacentTextNodeMergingIterator is an iterator that eliminates zero-length text nodes
 and merges adjacent text nodes from the underlying iterator</sentence></comment><fields/><methods><constructor id="AdjacentTextNodeMergingIterator" visibility="public"><params><param fulltype="net.sf.saxon.om.SequenceIterator" name="base" type="SequenceIterator"/></params><exceptions><exception fulltype="net.sf.saxon.trans.XPathException" id="XPathException"/></exceptions></constructor><method fulltype="void" id="close" type="void" visibility="public"/><method fulltype="void" id="discharge" type="void" visibility="public"/><method fulltype="boolean" id="hasNext" type="boolean" visibility="public"/><method fulltype="net.sf.saxon.om.Item" id="next" type="Item" visibility="public"/><method fulltype="boolean" id="supportsHasNext" type="boolean" visibility="public"/></methods></class><class id="ArrayIterator" abstract="true" fulltype="net.sf.saxon.tree.iter.ArrayIterator" superclass="Object" superclassfulltype="java.lang.Object" visibility="public"><implements><interface fulltype="net.sf.saxon.om.SequenceIterator" type="SequenceIterator"/><interface fulltype="net.sf.saxon.expr.LastPositionFinder" type="LastPositionFinder"/><interface fulltype="net.sf.saxon.tree.iter.LookaheadIterator" type="LookaheadIterator"/><interface fulltype="net.sf.saxon.tree.iter.GroundedIterator" type="GroundedIterator"/><interface fulltype="net.sf.saxon.tree.iter.ReversibleIterator" type="ReversibleIterator"/></implements><comment><body><div>ArrayIterator is used to enumerate items held in an array.
 The items are always held in the correct sorted order for the sequence.

 The challenge here is getting the generics right, especially in a way
 that works for C#, which is less tolerant of generic abuse. The solution
 is to have a non-generic <tag kind="code">ArrayIterator</tag> class, with
 <tag kind="code">ArrayIterator.Of<T extends="extends" item="item"/></tag> as a subclass. A further subtlety
 is that we need an ArrayIterator of nodes to implement <tag kind="code">AxisIterator</tag>,
 so we have another subclass <tag kind="code">ArrayIterator.OfNodes<N extends="extends" nodeinfo="nodeinfo"/></tag>
 for that purpose.</div></body><sentence>ArrayIterator is used to enumerate items held in an array.</sentence></comment><fields><field fulltype="int" id="end" type="int" visibility="protected"/><field fulltype="int" id="index" type="int" visibility="protected"/><field fulltype="int" id="start" type="int" visibility="protected"/></fields><methods><constructor id="ArrayIterator" visibility="public"/><method fulltype="boolean" id="isActuallyGrounded" type="boolean" visibility="public"/><method abstract="true" fulltype="net.sf.saxon.om.SequenceIterator" id="makeSliceIterator" type="SequenceIterator" visibility="public"><comment><sentence>Create a new ArrayIterator over the same items,
 with a different start point and end point</sentence><return><body><div>an iterator over the items between the min and max positions</div></body></return></comment><params><param fulltype="int" name="min" type="int"><body><div>the start position (1-based) of the new ArrayIterator
            relative to the original</div></body></param><param fulltype="int" name="max" type="int"><body><div>the end position (1-based) of the last item to be delivered
            by the new ArrayIterator, relative to the original. For example, min=2, max=3
            delivers the two items ($base[2], $base[3]). Set this to Integer.MAX_VALUE if
            there is no end limit.</div></body></param></params></method><method fulltype="boolean" id="supportsHasNext" type="boolean" visibility="public"/></methods><class id="ArrayIterator.Of" fulltype="net.sf.saxon.tree.iter.ArrayIterator.Of" static="true" superclass="ArrayIterator" superclassfulltype="net.sf.saxon.tree.iter.ArrayIterator" visibility="public"><type extendby="T" fulltype="net.sf.saxon.om.Item" type="Item"/><paramtypes><type name="T"><bounds><limit fulltype="net.sf.saxon.om.Item" type="Item"/></bounds></type></paramtypes><paramtags><tag comment="the item type of the items returned by the ArrayIterator">T</tag></paramtags><extends><inherits><interface fulltype="net.sf.saxon.om.SequenceIterator" type="SequenceIterator"/><interface fulltype="net.sf.saxon.expr.LastPositionFinder" type="LastPositionFinder"/><interface fulltype="net.sf.saxon.tree.iter.LookaheadIterator" type="LookaheadIterator"/><interface fulltype="net.sf.saxon.tree.iter.GroundedIterator" type="GroundedIterator"/><interface fulltype="net.sf.saxon.tree.iter.ReversibleIterator" type="ReversibleIterator"/></inherits><interface fulltype="net.sf.saxon.tree.iter.ArrayIterator" type="ArrayIterator"/></extends><comment><sentence>Parameterised subclass to accept items of a particular item type</sentence></comment><fields><field fulltype="T[]" id="items" type="T" visibility="protected"/></fields><methods><constructor id="Of" visibility="public"><params><param fulltype="T[]" name="items" type="T[]"/></params></constructor><constructor id="Of" visibility="public"><comment><body><div>Create an iterator over a range of an array. Note that the start position is zero-based</div></body><sentence>Create an iterator over a range of an array.</sentence></comment><params><param fulltype="T[]" name="items" type="T[]"><body><div>the array (of nodes or simple values) to be processed by
              the iterator</div></body></param><param fulltype="int" name="start" type="int"><body><div>the position of the first item to be processed
              (numbering from zero). Must be between zero and nodes.length-1; if not,
              undefined exceptions are likely to occur.</div></body></param><param fulltype="int" name="end" type="int"><body><div>position of first item that is NOT returned, zero-based. Must be
              between 1 and nodes.length; if not, undefined exceptions are likely to occur.</div></body></param></params></constructor><method fulltype="T[]" id="getArray" type="T[]" visibility="public"><comment><sentence>Get the underlying array</sentence><return><body><div>the underlying array being processed by the iterator</div></body></return></comment></method><method fulltype="int" id="getEndPosition" type="int" visibility="public"><comment><sentence>Get the end position in the array</sentence><return><body><div>the position in the array (zero-based) of the first item not included
 in the iteration</div></body></return></comment></method><method fulltype="int" id="getLength" type="int" visibility="public"><comment><sentence>Get the number of items in the part of the array being processed</sentence><return><body><div>the number of items; equivalently, the position of the last
 item</div></body></return></comment></method><method fulltype="net.sf.saxon.om.GroundedValue" id="getResidue" type="GroundedValue" visibility="public"/><method fulltype="net.sf.saxon.om.SequenceIterator" id="getReverseIterator" type="SequenceIterator" visibility="public"/><method fulltype="int" id="getStartPosition" type="int" visibility="public"><comment><sentence>Get the initial start position</sentence><return><body><div>the start position of the iterator in the array (zero-based)</div></body></return></comment></method><method fulltype="boolean" id="hasNext" type="boolean" visibility="public"><comment><sentence>Test whether there are any more items</sentence><return><body><div>true if there are more items</div></body></return></comment></method><method fulltype="net.sf.saxon.om.SequenceIterator" id="makeSliceIterator" type="SequenceIterator" visibility="public"><comment><sentence>Create a new ArrayIterator over the same items,
 with a different start point and end point</sentence><return><body><div>an iterator over the items between the min and max positions</div></body></return></comment><override-of fulltype="net.sf.saxon.tree.iter.ArrayIterator" method="makeSliceIterator(int, int)" type="ArrayIterator"/><params><param fulltype="int" name="min" type="int"><body><div>the start position (1-based) of the new ArrayIterator
            relative to the original</div></body></param><param fulltype="int" name="max" type="int"><body><div>the end position (1-based) of the last item to be delivered
            by the new ArrayIterator, relative to the original. For example, min=2, max=3
            delivers the two items ($base[2], $base[3]). Set this to Integer.MAX_VALUE if
            there is no end limit.</div></body></param></params></method><method fulltype="net.sf.saxon.om.GroundedValue" id="materialize" type="GroundedValue" visibility="public"><comment><sentence>Return a SequenceValue containing all the items in the sequence returned by this
 SequenceIterator</sentence><return><body><div>the corresponding SequenceValue</div></body></return></comment></method><method fulltype="net.sf.saxon.om.Item" id="next" type="Item" visibility="public"><comment><sentence>Get the next item in the array</sentence><return><body><div>the next item in the array</div></body></return></comment></method><method fulltype="boolean" id="supportsGetLength" type="boolean" visibility="public"/></methods><subclasses><class fulltype="net.sf.saxon.tree.iter.ArrayIterator.OfNodes" type="ArrayIterator.OfNodes"/></subclasses></class><class id="ArrayIterator.OfNodes" fulltype="net.sf.saxon.tree.iter.ArrayIterator.OfNodes" static="true" superclass="ArrayIterator.Of" superclassfulltype="net.sf.saxon.tree.iter.ArrayIterator.Of" visibility="public"><type extendby="N" fulltype="net.sf.saxon.om.NodeInfo" type="NodeInfo"/><paramtypes><type name="N"><bounds><limit fulltype="net.sf.saxon.om.NodeInfo" type="NodeInfo"/></bounds></type></paramtypes><implements><interface fulltype="net.sf.saxon.tree.iter.AxisIterator" type="AxisIterator"/></implements><extends><interface fulltype="net.sf.saxon.tree.iter.ArrayIterator.Of" type="ArrayIterator.Of"><type extendby="T" fulltype="net.sf.saxon.om.Item" type="Item"/><paramtypes><type name="T"><bounds><limit fulltype="net.sf.saxon.om.Item" type="Item"/></bounds></type></paramtypes><paramtags><tag comment="the item type of the items returned by the ArrayIterator">T</tag></paramtags><extends><inherits><interface fulltype="net.sf.saxon.om.SequenceIterator" type="SequenceIterator"/><interface fulltype="net.sf.saxon.expr.LastPositionFinder" type="LastPositionFinder"/><interface fulltype="net.sf.saxon.tree.iter.LookaheadIterator" type="LookaheadIterator"/><interface fulltype="net.sf.saxon.tree.iter.GroundedIterator" type="GroundedIterator"/><interface fulltype="net.sf.saxon.tree.iter.ReversibleIterator" type="ReversibleIterator"/></inherits><interface fulltype="net.sf.saxon.tree.iter.ArrayIterator" type="ArrayIterator"/></extends></interface></extends><comment><sentence>ArrayIterator.OfNodes is a subclass of ArrayIterator where the array always
 contains Nodes; it therefore implements the AxisIterator interface.</sentence></comment><fields/><methods><constructor id="OfNodes" visibility="public"><params><param fulltype="N[]" name="nodes" type="N[]"/></params></constructor><method fulltype="net.sf.saxon.om.NodeInfo" id="next" type="NodeInfo" visibility="public"><override-of fulltype="net.sf.saxon.tree.iter.ArrayIterator.Of" method="next()" type="ArrayIterator.Of"><type extendby="T" fulltype="net.sf.saxon.om.Item" type="Item"/></override-of></method></methods></class><subclasses><class fulltype="net.sf.saxon.tree.iter.ArrayIterator.Of" type="ArrayIterator.Of"/></subclasses></class><class id="AtomicIterator" abstract="true" fulltype="net.sf.saxon.tree.iter.AtomicIterator" interface="true" visibility="public"><implements><interface fulltype="net.sf.saxon.om.SequenceIterator" type="SequenceIterator"/></implements><comment><body><div>A SequenceIterator is used to iterate over a sequence. An AtomicIterator
 is a SequenceIterator that returns atomic values and throws no checked exceptions.</div></body><sentence>A SequenceIterator is used to iterate over a sequence.</sentence></comment><fields/><methods><method abstract="true" fulltype="net.sf.saxon.value.AtomicValue" id="next" type="AtomicValue" visibility="public"><comment><body><div>Get the next atomic value in the sequence. <br clear="none"/></div></body><sentence>Get the next atomic value in the sequence.</sentence><return><body><div>the next Item. If there are no more items, return null.</div></body></return></comment></method></methods><implemented-by><class fulltype="net.sf.saxon.expr.AscendingRangeIterator" type="AscendingRangeIterator"/><class fulltype="net.sf.saxon.regex.ATokenIterator" type="ATokenIterator"/><class fulltype="net.sf.saxon.expr.BigRangeIterator" type="BigRangeIterator"/><class fulltype="net.sf.saxon.str.CodepointIterator" type="CodepointIterator"/><class fulltype="net.sf.saxon.expr.DescendingRangeIterator" type="DescendingRangeIterator"/><class fulltype="net.sf.saxon.regex.JTokenIterator" type="JTokenIterator"/><class fulltype="net.sf.saxon.tree.iter.ListIterator.OfAtomic" type="ListIterator.OfAtomic"/><class fulltype="net.sf.saxon.tree.iter.SingleAtomicIterator" type="SingleAtomicIterator"/><class fulltype="net.sf.saxon.value.StringValue.CharacterIterator" type="StringValue.CharacterIterator"/><class fulltype="net.sf.saxon.value.Whitespace.Tokenizer" type="Whitespace.Tokenizer"/></implemented-by></class><class id="AtomizingIterator" fulltype="net.sf.saxon.tree.iter.AtomizingIterator" superclass="Object" superclassfulltype="java.lang.Object" visibility="public"><implements><interface fulltype="net.sf.saxon.om.SequenceIterator" type="SequenceIterator"/></implements><comment><body><div>AtomizingIterator returns the atomization of an underlying sequence supplied
 as an iterator.  We use a specialist class rather than a general-purpose
 MappingIterator for performance, especially as the relationship of items
 in the result sequence to those in the base sequence is often one-to-one.
 <p>This AtomizingIterator is capable of handling list-typed nodes whose atomized value
 is a sequence of more than one item. When it is known that all input will be untyped,
 an <tag kind="see">net.sf.saxon.tree.iter.UntypedAtomizingIterator</tag> is used in preference.</p></div></body><sentence>AtomizingIterator returns the atomization of an underlying sequence supplied
 as an iterator.</sentence></comment><fields/><methods><constructor id="AtomizingIterator" visibility="public"><comment><sentence>Construct an AtomizingIterator that will atomize the values returned by the base iterator.</sentence></comment><params><param fulltype="net.sf.saxon.om.SequenceIterator" name="base" type="SequenceIterator"><body><div>the base iterator</div></body></param></params></constructor><method fulltype="void" id="close" type="void" visibility="public"/><method fulltype="void" id="discharge" type="void" visibility="public"/><method fulltype="net.sf.saxon.value.AtomicValue" id="next" type="AtomicValue" visibility="public"/><method fulltype="void" id="setRoleDiagnostic" type="void" visibility="public"><params><param fulltype="net.sf.saxon.expr.parser.RoleDiagnostic" name="role" type="RoleDiagnostic"/></params></method></methods></class><class id="AxisIterator" abstract="true" fulltype="net.sf.saxon.tree.iter.AxisIterator" interface="true" visibility="public"><implements><interface fulltype="net.sf.saxon.om.SequenceIterator" type="SequenceIterator"/></implements><comment><body><div>A SequenceIterator is used to iterate over a sequence of items. An AxisIterator
 is a SequenceIterator that throws no exceptions, and that always returns
 nodes. The nodes should all be in the same document (though there are
 some cases, such as PrependIterator, where this is the responsibility of the
 user of the class and is not enforced.)</div></body><sentence>A SequenceIterator is used to iterate over a sequence of items.</sentence></comment><fields/><methods><method abstract="true" fulltype="net.sf.saxon.om.NodeInfo" id="next" type="NodeInfo" visibility="public"/></methods><implemented-by><class fulltype="net.sf.saxon.tree.tiny.AncestorIterator" type="AncestorIterator"/><class fulltype="net.sf.saxon.tree.iter.ArrayIterator.OfNodes" type="ArrayIterator.OfNodes"/><class fulltype="com.saxonica.ee.stream.om.AttributeIterator" type="AttributeIterator"/><class fulltype="net.sf.saxon.option.axiom.AxiomDocument.FollowingSiblingIterator" type="AxiomDocument.FollowingSiblingIterator"/><class fulltype="net.sf.saxon.option.axiom.AxiomDocument.PrecedingSiblingIterator" type="AxiomDocument.PrecedingSiblingIterator"/><class fulltype="net.sf.saxon.option.axiom.AxiomDocumentNodeWrapper.FollowingSiblingIterator" type="AxiomDocumentNodeWrapper.FollowingSiblingIterator"/><class fulltype="net.sf.saxon.option.axiom.AxiomDocumentNodeWrapper.PrecedingSiblingIterator" type="AxiomDocumentNodeWrapper.PrecedingSiblingIterator"/><class fulltype="net.sf.saxon.option.axiom.AxiomParentNodeWrapper.ChildWrappingIterator" type="AxiomParentNodeWrapper.ChildWrappingIterator"/><class fulltype="net.sf.saxon.option.axiom.AxiomParentNodeWrapper.DescendantWrappingIterator" type="AxiomParentNodeWrapper.DescendantWrappingIterator"/><class fulltype="net.sf.saxon.tree.iter.ConcatenatingAxisIterator" type="ConcatenatingAxisIterator"/><class fulltype="net.sf.saxon.tree.util.Navigator.AncestorEnumeration" type="Navigator.AncestorEnumeration"/><class fulltype="net.sf.saxon.tree.util.Navigator.AxisFilter" type="Navigator.AxisFilter"/><class fulltype="net.sf.saxon.tree.util.Navigator.DescendantEnumeration" type="Navigator.DescendantEnumeration"/><class fulltype="net.sf.saxon.tree.util.Navigator.EmptyTextFilter" type="Navigator.EmptyTextFilter"/><class fulltype="net.sf.saxon.tree.util.Navigator.FollowingEnumeration" type="Navigator.FollowingEnumeration"/><class fulltype="net.sf.saxon.tree.util.Navigator.PrecedingEnumeration" type="Navigator.PrecedingEnumeration"/><class fulltype="net.sf.saxon.tree.iter.NodeListIterator" type="NodeListIterator"/><class fulltype="net.sf.saxon.tree.iter.NodeWrappingAxisIterator" type="NodeWrappingAxisIterator"/><class fulltype="net.sf.saxon.tree.iter.PrependAxisIterator" type="PrependAxisIterator"/><class fulltype="net.sf.saxon.tree.iter.SingleNodeIterator" type="SingleNodeIterator"/><class fulltype="net.sf.saxon.tree.util.SteppingNavigator.DescendantAxisIterator" type="SteppingNavigator.DescendantAxisIterator"/><class fulltype="net.sf.saxon.tree.wrapper.VirtualCopy.VirtualCopier" type="VirtualCopy.VirtualCopier"/><class fulltype="net.sf.saxon.tree.wrapper.WrappingIterator" type="WrappingIterator"/></implemented-by></class><class id="ConcatenatingAxisIterator" fulltype="net.sf.saxon.tree.iter.ConcatenatingAxisIterator" superclass="Object" superclassfulltype="java.lang.Object" visibility="public"><implements><interface fulltype="net.sf.saxon.tree.iter.AxisIterator" type="AxisIterator"/></implements><comment><sentence>An iterator over nodes, that concatenates the nodes returned by two supplied iterators.</sentence></comment><fields/><methods><constructor id="ConcatenatingAxisIterator" visibility="public"><params><param fulltype="net.sf.saxon.tree.iter.AxisIterator" name="first" type="AxisIterator"/><param fulltype="net.sf.saxon.tree.iter.AxisIterator" name="second" type="AxisIterator"/></params></constructor><method fulltype="void" id="close" type="void" visibility="public"/><method fulltype="net.sf.saxon.om.NodeInfo" id="next" type="NodeInfo" visibility="public"><comment><body><div>Get the next item in the sequence. <br clear="none"/></div></body><sentence>Get the next item in the sequence.</sentence><return><body><div>the next Item. If there are no more nodes, return null.</div></body></return></comment></method></methods></class><class id="EmptyIterator" fulltype="net.sf.saxon.tree.iter.EmptyIterator" superclass="Object" superclassfulltype="java.lang.Object" visibility="public"><implements><interface fulltype="net.sf.saxon.om.SequenceIterator" type="SequenceIterator"/><interface fulltype="net.sf.saxon.tree.iter.ReversibleIterator" type="ReversibleIterator"/><interface fulltype="net.sf.saxon.expr.LastPositionFinder" type="LastPositionFinder"/><interface fulltype="net.sf.saxon.tree.iter.GroundedIterator" type="GroundedIterator"/><interface fulltype="net.sf.saxon.tree.iter.LookaheadIterator" type="LookaheadIterator"/><interface fulltype="net.sf.saxon.om.AtomizedValueIterator" type="AtomizedValueIterator"/></implements><comment><body><div>EmptyIterator: an iterator over an empty sequence. Since such an iterator has no state,
 only one instance is required; therefore a singleton instance is available via the static
 getInstance() method.</div></body><sentence>EmptyIterator: an iterator over an empty sequence.</sentence></comment><fields/><methods><constructor id="EmptyIterator" visibility="protected"><comment><sentence>Protected constructor</sentence></comment></constructor><method fulltype="net.sf.saxon.tree.iter.EmptyIterator" id="emptyIterator" static="true" type="EmptyIterator" visibility="public"/><method fulltype="net.sf.saxon.tree.iter.EmptyIterator" id="getInstance" static="true" type="EmptyIterator" visibility="public"><comment><sentence>Get an EmptyIterator, an iterator over an empty sequence.</sentence><return><body><div>an EmptyIterator (in practice, this always returns the same
         one)</div></body></return></comment></method><method fulltype="int" id="getLength" type="int" visibility="public"><comment><sentence>Get the position of the last item in the sequence.</sentence><return><body><div>the position of the last item in the sequence, always zero in
         this implementation</div></body></return></comment></method><method fulltype="net.sf.saxon.om.GroundedValue" id="getResidue" type="GroundedValue" visibility="public"/><method fulltype="net.sf.saxon.tree.iter.EmptyIterator" id="getReverseIterator" type="EmptyIterator" visibility="public"><comment><sentence>Get another iterator over the same items, in reverse order.</sentence><return><body><div>a reverse iterator over an empty sequence (in practice, it
         returns the same iterator each time)</div></body></return></comment></method><method fulltype="boolean" id="hasNext" type="boolean" visibility="public"><comment><body><div>Determine whether there are more items to come. Note that this operation
 is stateless and it is not necessary (or usual) to call it before calling
 next(). It is used only when there is an explicit need to tell if we
 are at the last element.</div></body><sentence>Determine whether there are more items to come.</sentence><return><body><div>true if there are more nodes</div></body></return></comment></method><method fulltype="boolean" id="isActuallyGrounded" type="boolean" visibility="public"/><method fulltype="net.sf.saxon.om.GroundedValue" id="materialize" type="GroundedValue" visibility="public"><comment><body><div>Return a Value containing all the items in the sequence returned by this
 SequenceIterator. This should be an "in-memory" value, not a Closure.</div></body><sentence>Return a Value containing all the items in the sequence returned by this
 SequenceIterator.</sentence><return><body><div>the corresponding Value</div></body></return></comment></method><method fulltype="net.sf.saxon.om.Item" id="next" type="Item" visibility="public"><comment><sentence>Get the next item.</sentence><return><body><div>the next item. For the EmptyIterator this is always null.</div></body></return></comment></method><method fulltype="net.sf.saxon.om.AtomicSequence" id="nextAtomizedValue" type="AtomicSequence" visibility="public"><comment><sentence>Deliver the atomic value that is next in the atomized result</sentence><return><body><div>the next atomic value</div></body></return></comment></method><method fulltype="net.sf.saxon.tree.iter.AtomicIterator" id="ofAtomic" static="true" type="AtomicIterator" visibility="public"><comment><sentence>Static method to get an empty AtomicIterator</sentence><return><body><div>an empty AtomicIterator</div></body></return></comment></method><method fulltype="net.sf.saxon.tree.iter.AxisIterator" id="ofNodes" static="true" type="AxisIterator" visibility="public"><comment><sentence>Static method to get an empty AxisIterator</sentence><return><body><div>an empty AxisIterator</div></body></return></comment></method><method fulltype="boolean" id="supportsGetLength" type="boolean" visibility="public"/><method fulltype="boolean" id="supportsHasNext" type="boolean" visibility="public"/></methods></class><class id="GroundedIterator" abstract="true" fulltype="net.sf.saxon.tree.iter.GroundedIterator" interface="true" visibility="public"><implements><interface fulltype="net.sf.saxon.om.SequenceIterator" type="SequenceIterator"/></implements><comment><body><div>This interface is an extension to the SequenceIterator interface; it represents
 a SequenceIterator that is based on an in-memory representation of a sequence,
 and that is therefore capable of returning a Sequence containing all the items
 in the sequence.

 <p>We stretch the concept to consider an iterator over a MemoClosure as a grounded
 iterator, on the basis that the in-memory sequence might exist already or might
 be created as a side-effect of navigating the iterator. This is why materializing
 the iterator can raise an exception.</p></div></body><sentence>This interface is an extension to the SequenceIterator interface; it represents
 a SequenceIterator that is based on an in-memory representation of a sequence,
 and that is therefore capable of returning a Sequence containing all the items
 in the sequence.</sentence></comment><fields/><methods><method abstract="true" fulltype="net.sf.saxon.om.GroundedValue" id="getResidue" type="GroundedValue" visibility="public"><comment><body><div>Return a GroundedValue containing all the remaining items in the sequence returned by this
 SequenceIterator, starting at the current position. This should be an "in-memory" value, not a
 Closure. This method does not change the state of the iterator (in particular, it does not
 consume the iterator).</div></body><sentence>Return a GroundedValue containing all the remaining items in the sequence returned by this
 SequenceIterator, starting at the current position.</sentence><return><body><div>the corresponding Value</div></body></return></comment></method><method abstract="true" fulltype="boolean" id="isActuallyGrounded" type="boolean" visibility="public"><comment><body><div>Ask if the iterator is actually grounded. This method must be called before calling
 <tag kind="see">#materialize()</tag> or <tag kind="see">#getResidue()</tag>, because the iterator might
 be grounded under some conditions and not others (usually when it delegates
 to another iterator)</div></body><sentence>Ask if the iterator is actually grounded.</sentence><return><body><div>true if this iterator is grounded</div></body></return></comment></method><method fulltype="net.sf.saxon.om.GroundedValue" id="materialize" type="GroundedValue" visibility="public"><comment><body><div>Create a GroundedValue (a sequence materialized in memory) containing all the values delivered
 by this SequenceIterator. The method must only be used when the SequenceIterator is positioned
 at the start. If it is not positioned at the start, then it is implementation-dependant whether
 the returned sequence contains all the nodes delivered by the SequenceIterator from the beginning,
 or only those delivered starting at the current position.
 <p>It is implementation-dependant whether this method consumes the SequenceIterator. (More specifically,
 in the current implementation: if the iterator is backed by a <tag kind="see">net.sf.saxon.om.GroundedValue</tag>, then that
 value is returned and the iterator is not consumed; otherwise, the iterator is consumed and the
 method returns the remaining items after the current position only).</p></div></body><sentence>Create a GroundedValue (a sequence materialized in memory) containing all the values delivered
 by this SequenceIterator.</sentence><return><body><div>a sequence containing all the items delivered by this SequenceIterator.</div></body></return></comment></method></methods><implemented-by><class fulltype="net.sf.saxon.tree.iter.ArrayIterator" type="ArrayIterator"/><class fulltype="net.sf.saxon.tree.iter.ArrayIterator.Of" type="ArrayIterator.Of"/><class fulltype="net.sf.saxon.tree.iter.ArrayIterator.OfNodes" type="ArrayIterator.OfNodes"/><class fulltype="net.sf.saxon.expr.AscendingRangeIterator" type="AscendingRangeIterator"/><class fulltype="net.sf.saxon.expr.BigRangeIterator" type="BigRangeIterator"/><class fulltype="net.sf.saxon.expr.DescendingRangeIterator" type="DescendingRangeIterator"/><class fulltype="net.sf.saxon.tree.iter.EmptyIterator" type="EmptyIterator"/><class fulltype="net.sf.saxon.om.FocusTrackingIterator" type="FocusTrackingIterator"/><class fulltype="net.sf.saxon.expr.sort.GroupByIterator.ManualGroupByIterator" type="GroupByIterator.ManualGroupByIterator"/><class fulltype="net.sf.saxon.tree.iter.ListIterator" type="ListIterator"/><class fulltype="net.sf.saxon.tree.iter.ListIterator.Of" type="ListIterator.Of"/><class fulltype="net.sf.saxon.tree.iter.ListIterator.OfAtomic" type="ListIterator.OfAtomic"/><class fulltype="com.saxonica.ee.stream.ManualGroupIterator" type="ManualGroupIterator"/><class fulltype="net.sf.saxon.tree.iter.ManualIterator" type="ManualIterator"/><class fulltype="com.saxonica.ee.stream.ManualRegexIterator" type="ManualRegexIterator"/><class fulltype="net.sf.saxon.om.MemoSequence.ProgressiveIterator" type="MemoSequence.ProgressiveIterator"/><class fulltype="net.sf.saxon.expr.sort.MergeGroupingIterator.ManualMergeGroupingIterator" type="MergeGroupingIterator.ManualMergeGroupingIterator"/><class fulltype="com.saxonica.ee.parallel.MultithreadedFocusTrackingIterator" type="MultithreadedFocusTrackingIterator"/><class fulltype="net.sf.saxon.tree.iter.NodeListIterator" type="NodeListIterator"/><class fulltype="net.sf.saxon.tree.iter.RangeIterator" type="RangeIterator"/><class fulltype="net.sf.saxon.tree.iter.SingleAtomicIterator" type="SingleAtomicIterator"/><class fulltype="net.sf.saxon.tree.iter.SingleNodeIterator" type="SingleNodeIterator"/><class fulltype="net.sf.saxon.tree.iter.SingletonIterator" type="SingletonIterator"/><class fulltype="net.sf.saxon.tree.iter.TwoItemIterator" type="TwoItemIterator"/><class fulltype="net.sf.saxon.expr.ValueTailIterator" type="ValueTailIterator"/><class fulltype="net.sf.saxon.ma.zeno.ZenoSequence.ZenoSequenceIterator" type="ZenoSequence.ZenoSequenceIterator"/></implemented-by></class><class id="HomogeneityCheckerIterator" fulltype="net.sf.saxon.tree.iter.HomogeneityCheckerIterator" superclass="Object" superclassfulltype="java.lang.Object" visibility="public"><implements><interface fulltype="net.sf.saxon.om.SequenceIterator" type="SequenceIterator"/></implements><comment><sentence>An iterator that returns the same items as its base iterator, checking to see that they are either
 all nodes, or all non-nodes; if they are all nodes, it delivers them in document order.</sentence></comment><fields/><methods><constructor id="HomogeneityCheckerIterator" visibility="public"><params><param fulltype="net.sf.saxon.om.SequenceIterator" name="base" type="SequenceIterator"/><param fulltype="net.sf.saxon.s9api.Location" name="loc" type="Location"/></params></constructor><method fulltype="void" id="close" type="void" visibility="public"/><method fulltype="void" id="discharge" type="void" visibility="public"/><method fulltype="net.sf.saxon.om.Item" id="next" type="Item" visibility="public"/></methods></class><class id="ListIterator" abstract="true" fulltype="net.sf.saxon.tree.iter.ListIterator" superclass="Object" superclassfulltype="java.lang.Object" visibility="public"><implements><interface fulltype="net.sf.saxon.om.SequenceIterator" type="SequenceIterator"/><interface fulltype="net.sf.saxon.expr.LastPositionFinder" type="LastPositionFinder"/><interface fulltype="net.sf.saxon.tree.iter.LookaheadIterator" type="LookaheadIterator"/><interface fulltype="net.sf.saxon.tree.iter.GroundedIterator" type="GroundedIterator"/><interface fulltype="net.sf.saxon.tree.iter.ReversibleIterator" type="ReversibleIterator"/></implements><comment><body><div>Class ListIterator, iterates over a sequence of items held in a Java List.

 <p>Note: There are three subclasses: <tag kind="code">ListIterator</tag>, which takes a general list of items,
 <tag kind="code">NodeListIterator</tag>, which takes a list of nodes, and <tag kind="code">AtomicListIterator</tag>, which takes
 a list of atomic values. It might seem simpler to implement this entirely using generics, but that
 design proves very difficult to translate to C#, where generics behave very differently. With this approach
 the generics are confined to this abstract class.</p></div></body><sentence>Class ListIterator, iterates over a sequence of items held in a Java List.</sentence></comment><fields/><methods><constructor id="ListIterator" visibility="public"/><method fulltype="boolean" id="supportsHasNext" type="boolean" visibility="public"/></methods><class id="ListIterator.Of" fulltype="net.sf.saxon.tree.iter.ListIterator.Of" static="true" superclass="ListIterator" superclassfulltype="net.sf.saxon.tree.iter.ListIterator" visibility="public"><type extendby="T" fulltype="net.sf.saxon.om.Item" type="Item"/><paramtypes><type name="T"><bounds><limit fulltype="net.sf.saxon.om.Item" type="Item"/></bounds></type></paramtypes><extends><inherits><interface fulltype="net.sf.saxon.om.SequenceIterator" type="SequenceIterator"/><interface fulltype="net.sf.saxon.expr.LastPositionFinder" type="LastPositionFinder"/><interface fulltype="net.sf.saxon.tree.iter.LookaheadIterator" type="LookaheadIterator"/><interface fulltype="net.sf.saxon.tree.iter.GroundedIterator" type="GroundedIterator"/><interface fulltype="net.sf.saxon.tree.iter.ReversibleIterator" type="ReversibleIterator"/></inherits><interface fulltype="net.sf.saxon.tree.iter.ListIterator" type="ListIterator"/></extends><fields><field fulltype="java.util.List" id="list" type="List" visibility="protected"><type fulltype="T" type="T"/></field></fields><methods><constructor id="Of" visibility="public"><comment><sentence>Create a ListIterator over a given List</sentence></comment><params><param fulltype="java.util.List" name="list" type="List"><type fulltype="T" type="T"/><body><div>the list: all objects in the list must be instances of <tag kind="see">net.sf.saxon.om.Item</tag></div></body></param></params></constructor><method fulltype="int" id="getLength" type="int" visibility="public"/><method fulltype="net.sf.saxon.om.GroundedValue" id="getResidue" type="GroundedValue" visibility="public"/><method fulltype="net.sf.saxon.om.SequenceIterator" id="getReverseIterator" type="SequenceIterator" visibility="public"/><method fulltype="boolean" id="hasNext" type="boolean" visibility="public"/><method fulltype="boolean" id="isActuallyGrounded" type="boolean" visibility="public"/><method fulltype="net.sf.saxon.om.GroundedValue" id="materialize" type="GroundedValue" visibility="public"><comment><sentence>Return a Sequence containing all the items in the sequence returned by this
 SequenceIterator</sentence><return><body><div>the corresponding GroundedValue</div></body></return></comment></method><method fulltype="net.sf.saxon.om.Item" id="next" type="Item" visibility="public"/><method fulltype="boolean" id="supportsGetLength" type="boolean" visibility="public"/></methods><subclasses><class fulltype="net.sf.saxon.tree.iter.ListIterator.OfAtomic" type="ListIterator.OfAtomic"/><class fulltype="net.sf.saxon.tree.iter.NodeListIterator" type="NodeListIterator"/></subclasses></class><class id="ListIterator.OfAtomic" fulltype="net.sf.saxon.tree.iter.ListIterator.OfAtomic" static="true" superclass="ListIterator.Of" superclassfulltype="net.sf.saxon.tree.iter.ListIterator.Of" visibility="public"><type extendby="A" fulltype="net.sf.saxon.value.AtomicValue" type="AtomicValue"/><paramtypes><type name="A"><bounds><limit fulltype="net.sf.saxon.value.AtomicValue" type="AtomicValue"/></bounds></type></paramtypes><implements><interface fulltype="net.sf.saxon.tree.iter.AtomicIterator" type="AtomicIterator"/></implements><extends><interface fulltype="net.sf.saxon.tree.iter.ListIterator.Of" type="ListIterator.Of"><type extendby="T" fulltype="net.sf.saxon.om.Item" type="Item"/><paramtypes><type name="T"><bounds><limit fulltype="net.sf.saxon.om.Item" type="Item"/></bounds></type></paramtypes><extends><inherits><interface fulltype="net.sf.saxon.om.SequenceIterator" type="SequenceIterator"/><interface fulltype="net.sf.saxon.expr.LastPositionFinder" type="LastPositionFinder"/><interface fulltype="net.sf.saxon.tree.iter.LookaheadIterator" type="LookaheadIterator"/><interface fulltype="net.sf.saxon.tree.iter.GroundedIterator" type="GroundedIterator"/><interface fulltype="net.sf.saxon.tree.iter.ReversibleIterator" type="ReversibleIterator"/></inherits><interface fulltype="net.sf.saxon.tree.iter.ListIterator" type="ListIterator"/></extends></interface></extends><comment><sentence>ListIterator.OfAtomic is a subclass of ListIterator where the list always
 contains atomic values; it therefore implements the AtomicIterator interface.</sentence></comment><fields/><methods><constructor id="OfAtomic" visibility="public"><params><param fulltype="java.util.List" name="nodes" type="List"><type fulltype="A" type="A"/></param></params></constructor><method fulltype="net.sf.saxon.value.AtomicValue" id="next" type="AtomicValue" visibility="public"><override-of fulltype="net.sf.saxon.tree.iter.ListIterator.Of" method="next()" type="ListIterator.Of"><type extendby="T" fulltype="net.sf.saxon.om.Item" type="Item"/></override-of></method></methods></class><subclasses><class fulltype="net.sf.saxon.tree.iter.ListIterator.Of" type="ListIterator.Of"/></subclasses></class><class id="LookaheadIterator" abstract="true" fulltype="net.sf.saxon.tree.iter.LookaheadIterator" interface="true" visibility="public"><implements><interface fulltype="net.sf.saxon.om.SequenceIterator" type="SequenceIterator"/></implements><comment><body><div>A SequenceIterator is used to iterate over a sequence. A LookaheadIterator
 is one that supports a hasNext() method to determine if there are more nodes
 after the current node.</div></body><sentence>A SequenceIterator is used to iterate over a sequence.</sentence></comment><fields/><methods><method abstract="true" fulltype="boolean" id="hasNext" type="boolean" visibility="public"><comment><body><div>Determine whether there are more items to come. Note that this operation
 is stateless and it is not necessary (or usual) to call it before calling
 next(). It is used only when there is an explicit need to tell if we
 are at the last element.
 <p>This method must not be called unless the result of <tag kind="see">#supportsHasNext()</tag>
 is true.</p></div></body><sentence>Determine whether there are more items to come.</sentence><return><body><div>true if there are more items in the sequence</div></body></return></comment></method><method abstract="true" fulltype="boolean" id="supportsHasNext" type="boolean" visibility="public"><comment><body><div>Ask whether the hasNext() method can be called. This method must
 be called before calling hasNext(), because some iterators
 implement this interface, but only support look-ahead under particular
 circumstances (this is usually because they delegate to another
 iterator)</div></body><sentence>Ask whether the hasNext() method can be called.</sentence><return><body><div>true if the <tag kind="see">#hasNext()</tag> method is available</div></body></return></comment></method></methods><implemented-by><class fulltype="net.sf.saxon.tree.iter.AdjacentTextNodeMergingIterator" type="AdjacentTextNodeMergingIterator"/><class fulltype="net.sf.saxon.tree.iter.ArrayIterator" type="ArrayIterator"/><class fulltype="net.sf.saxon.tree.iter.ArrayIterator.Of" type="ArrayIterator.Of"/><class fulltype="net.sf.saxon.tree.iter.ArrayIterator.OfNodes" type="ArrayIterator.OfNodes"/><class fulltype="net.sf.saxon.expr.AscendingRangeIterator" type="AscendingRangeIterator"/><class fulltype="com.saxonica.ee.stream.om.AttributeIterator" type="AttributeIterator"/><class fulltype="net.sf.saxon.expr.BigRangeIterator" type="BigRangeIterator"/><class fulltype="net.sf.saxon.expr.DescendingRangeIterator" type="DescendingRangeIterator"/><class fulltype="net.sf.saxon.tree.iter.EmptyIterator" type="EmptyIterator"/><class fulltype="net.sf.saxon.om.FocusTrackingIterator" type="FocusTrackingIterator"/><class fulltype="net.sf.saxon.expr.sort.GroupAdjacentIterator" type="GroupAdjacentIterator"/><class fulltype="net.sf.saxon.expr.sort.GroupBreakingIterator" type="GroupBreakingIterator"/><class fulltype="net.sf.saxon.expr.sort.GroupByIterator" type="GroupByIterator"/><class fulltype="net.sf.saxon.expr.sort.GroupByIterator.ManualGroupByIterator" type="GroupByIterator.ManualGroupByIterator"/><class fulltype="net.sf.saxon.expr.sort.GroupEndingIterator" type="GroupEndingIterator"/><class fulltype="net.sf.saxon.expr.sort.GroupMatchingIterator" type="GroupMatchingIterator"/><class fulltype="net.sf.saxon.expr.sort.GroupStartingIterator" type="GroupStartingIterator"/><class fulltype="net.sf.saxon.expr.ItemCheckingIterator" type="ItemCheckingIterator"/><class fulltype="net.sf.saxon.expr.ItemMappingIterator" type="ItemMappingIterator"/><class fulltype="net.sf.saxon.tree.iter.ListIterator" type="ListIterator"/><class fulltype="net.sf.saxon.tree.iter.ListIterator.Of" type="ListIterator.Of"/><class fulltype="net.sf.saxon.tree.iter.ListIterator.OfAtomic" type="ListIterator.OfAtomic"/><class fulltype="net.sf.saxon.tree.iter.LookaheadIteratorImpl" type="LookaheadIteratorImpl"/><class fulltype="com.saxonica.ee.stream.ManualGroupIterator" type="ManualGroupIterator"/><class fulltype="net.sf.saxon.tree.iter.ManualIterator" type="ManualIterator"/><class fulltype="com.saxonica.ee.stream.ManualRegexIterator" type="ManualRegexIterator"/><class fulltype="net.sf.saxon.expr.sort.MergeGroupingIterator" type="MergeGroupingIterator"/><class fulltype="net.sf.saxon.expr.sort.MergeGroupingIterator.ManualMergeGroupingIterator" type="MergeGroupingIterator.ManualMergeGroupingIterator"/><class fulltype="net.sf.saxon.expr.sort.MergeIterator" type="MergeIterator"/><class fulltype="com.saxonica.ee.optim.MultiIndex.SelectedItemsIterator" type="MultiIndex.SelectedItemsIterator"/><class fulltype="com.saxonica.ee.parallel.MultithreadedFocusTrackingIterator" type="MultithreadedFocusTrackingIterator"/><class fulltype="com.saxonica.ee.parallel.MultithreadedItemMappingIterator" type="MultithreadedItemMappingIterator"/><class fulltype="net.sf.saxon.tree.iter.NodeListIterator" type="NodeListIterator"/><class fulltype="net.sf.saxon.tree.iter.NodeWrappingAxisIterator" type="NodeWrappingAxisIterator"/><class fulltype="com.saxonica.ee.bytecode.iter.OneToOneMappingIterator" type="OneToOneMappingIterator"/><class fulltype="net.sf.saxon.tree.iter.SingleAtomicIterator" type="SingleAtomicIterator"/><class fulltype="net.sf.saxon.tree.iter.SingleNodeIterator" type="SingleNodeIterator"/><class fulltype="net.sf.saxon.tree.iter.SingletonIterator" type="SingletonIterator"/><class fulltype="net.sf.saxon.expr.sort.SortedGroupIterator" type="SortedGroupIterator"/><class fulltype="net.sf.saxon.expr.sort.SortedIterator" type="SortedIterator"/><class fulltype="net.sf.saxon.expr.SubsequenceIterator" type="SubsequenceIterator"/><class fulltype="net.sf.saxon.expr.TailIterator" type="TailIterator"/><class fulltype="net.sf.saxon.tree.iter.TwoItemIterator" type="TwoItemIterator"/><class fulltype="net.sf.saxon.expr.UnionEnumeration" type="UnionEnumeration"/><class fulltype="net.sf.saxon.expr.UnionIterator" type="UnionIterator"/><class fulltype="net.sf.saxon.tree.iter.UntypedAtomizingIterator" type="UntypedAtomizingIterator"/><class fulltype="net.sf.saxon.expr.ValueTailIterator" type="ValueTailIterator"/><class fulltype="net.sf.saxon.ma.zeno.ZenoSequence.ZenoSequenceIterator" type="ZenoSequence.ZenoSequenceIterator"/></implemented-by></class><class id="LookaheadIteratorImpl" fulltype="net.sf.saxon.tree.iter.LookaheadIteratorImpl" superclass="Object" superclassfulltype="java.lang.Object" visibility="public"><implements><interface fulltype="net.sf.saxon.tree.iter.LookaheadIterator" type="LookaheadIterator"/></implements><comment><sentence>This class wraps any sequence iterator, turning it into a lookahead iterator,
 by looking ahead one item</sentence></comment><fields/><methods><method fulltype="void" id="close" type="void" visibility="public"/><method fulltype="void" id="discharge" type="void" visibility="public"/><method fulltype="boolean" id="hasNext" type="boolean" visibility="public"/><method fulltype="net.sf.saxon.tree.iter.LookaheadIterator" id="makeLookaheadIterator" static="true" type="LookaheadIterator" visibility="public"><params><param fulltype="net.sf.saxon.om.SequenceIterator" name="base" type="SequenceIterator"/></params><exceptions><exception fulltype="net.sf.saxon.trans.XPathException" id="XPathException"/></exceptions></method><method fulltype="net.sf.saxon.om.Item" id="next" type="Item" visibility="public"/><method fulltype="boolean" id="supportsHasNext" type="boolean" visibility="public"/></methods></class><class id="ManualIterator" fulltype="net.sf.saxon.tree.iter.ManualIterator" superclass="Object" superclassfulltype="java.lang.Object" visibility="public"><implements><interface fulltype="net.sf.saxon.om.FocusIterator" type="FocusIterator"/><interface fulltype="net.sf.saxon.om.SequenceIterator" type="SequenceIterator"/><interface fulltype="net.sf.saxon.tree.iter.ReversibleIterator" type="ReversibleIterator"/><interface fulltype="net.sf.saxon.expr.LastPositionFinder" type="LastPositionFinder"/><interface fulltype="net.sf.saxon.tree.iter.GroundedIterator" type="GroundedIterator"/><interface fulltype="net.sf.saxon.tree.iter.LookaheadIterator" type="LookaheadIterator"/></implements><comment><body><div>ManualIterator: a pseudo-iterator used while streaming. It has a current node and a current position
 which are set manually. Calling last() is an error. Calling next() always returns null.</div></body><sentence>ManualIterator: a pseudo-iterator used while streaming.</sentence></comment><fields/><methods><constructor id="ManualIterator" visibility="public"><comment><sentence>Create an uninitialized ManualIterator: this is only usable after the context item, position, and size (if required)
 have been initialized using setter methods.</sentence></comment></constructor><constructor id="ManualIterator" visibility="public"><comment><sentence>Create a ManualIterator supplying the context item, and setting the value of
 both "position()" and "last()" implicitly to 1.</sentence></comment><params><param fulltype="net.sf.saxon.om.Item" name="value" type="Item"><body><div>the context item</div></body></param></params></constructor><constructor id="ManualIterator" visibility="public"><comment><body><div>Create a ManualIterator initializing the context item and position.
 The value of "last()" for such an iterator is unknown unless a LastPositionFinder is supplied.</div></body><sentence>Create a ManualIterator initializing the context item and position.</sentence></comment><params><param fulltype="net.sf.saxon.om.Item" name="value" type="Item"><body><div>the context item. May be null if the value is to be initialized later.</div></body></param><param fulltype="int" name="position" type="int"><body><div>the context position</div></body></param></params></constructor><method fulltype="net.sf.saxon.om.Item" id="current" type="Item" visibility="public"/><method fulltype="int" id="getLength" type="int" visibility="public"/><method fulltype="net.sf.saxon.om.GroundedValue" id="getResidue" type="GroundedValue" visibility="public"/><method fulltype="net.sf.saxon.tree.iter.ManualIterator" id="getReverseIterator" type="ManualIterator" visibility="public"/><method fulltype="boolean" id="hasNext" type="boolean" visibility="public"><comment><body><div>Determine whether there are more items to come. Note that this operation
 is stateless and it is not necessary (or usual) to call it before calling
 next(). It is used only when there is an explicit need to tell if we
 are at the last element.</div></body><sentence>Determine whether there are more items to come.</sentence><return><body><div>true if there are more items</div></body></return></comment></method><method fulltype="void" id="incrementPosition" type="void" visibility="public"/><method fulltype="boolean" id="isActuallyGrounded" type="boolean" visibility="public"/><method fulltype="net.sf.saxon.om.GroundedValue" id="materialize" type="GroundedValue" visibility="public"><comment><sentence>Return a Value containing all the items in the sequence returned by this
 SequenceIterator</sentence><return><body><div>the corresponding Value. If the value is a closure or a function call package, it will be
         evaluated and expanded.</div></body></return></comment></method><method fulltype="net.sf.saxon.om.Item" id="next" type="Item" visibility="public"/><method fulltype="int" id="position" type="int" visibility="public"><comment><sentence>Return the current position in the sequence.</sentence><return><body><div>0 before the first call on next(); 1 before the second call on next(); -1 after the second
         call on next().</div></body></return></comment></method><method fulltype="void" id="setContextItem" type="void" visibility="public"><params><param fulltype="net.sf.saxon.om.Item" name="value" type="Item"/></params></method><method fulltype="void" id="setLengthFinder" type="void" visibility="public"><params><param fulltype="java.util.function.Supplier" name="finder" type="Supplier"><type fulltype="java.lang.Integer" type="Integer"/></param></params></method><method fulltype="void" id="setPosition" type="void" visibility="public"><params><param fulltype="int" name="position" type="int"/></params></method><method fulltype="boolean" id="supportsGetLength" type="boolean" visibility="public"><comment><body><div>Ask whether this iterator supports use of the <tag kind="see">#getLength()</tag> method. This
 method should always be called before calling <tag kind="see">#getLength()</tag>, because an iterator
 that implements this interface may support use of <tag kind="see">#getLength()</tag> in some situations
 and not in others</div></body><sentence>Ask whether this iterator supports use of the <tag kind="see">#getLength()</tag> method.</sentence><return><body><div>true if the <tag kind="see">#getLength()</tag> method can be called to determine the length
 of the underlying sequence.</div></body></return></comment></method><method fulltype="boolean" id="supportsHasNext" type="boolean" visibility="public"/></methods><subclasses><class fulltype="com.saxonica.ee.stream.ManualGroupIterator" type="ManualGroupIterator"/><class fulltype="com.saxonica.ee.stream.ManualRegexIterator" type="ManualRegexIterator"/></subclasses></class><class id="NodeListIterator" fulltype="net.sf.saxon.tree.iter.NodeListIterator" superclass="ListIterator.Of" superclassfulltype="net.sf.saxon.tree.iter.ListIterator.Of" visibility="public"><implements><interface fulltype="net.sf.saxon.tree.iter.AxisIterator" type="AxisIterator"/></implements><extends><interface fulltype="net.sf.saxon.tree.iter.ListIterator.Of" type="ListIterator.Of"><type extendby="T" fulltype="net.sf.saxon.om.Item" type="Item"/><paramtypes><type name="T"><bounds><limit fulltype="net.sf.saxon.om.Item" type="Item"/></bounds></type></paramtypes><extends><inherits><interface fulltype="net.sf.saxon.om.SequenceIterator" type="SequenceIterator"/><interface fulltype="net.sf.saxon.expr.LastPositionFinder" type="LastPositionFinder"/><interface fulltype="net.sf.saxon.tree.iter.LookaheadIterator" type="LookaheadIterator"/><interface fulltype="net.sf.saxon.tree.iter.GroundedIterator" type="GroundedIterator"/><interface fulltype="net.sf.saxon.tree.iter.ReversibleIterator" type="ReversibleIterator"/></inherits><interface fulltype="net.sf.saxon.tree.iter.ListIterator" type="ListIterator"/></extends></interface></extends><comment><sentence>Class ListIterator, iterates over a sequence of items held in a Java List.</sentence></comment><fields/><methods><constructor id="NodeListIterator" visibility="public"><comment><sentence>Create a ListIterator over a given List</sentence></comment><params><param fulltype="java.util.List" name="list" type="List"><type fulltype="net.sf.saxon.om.NodeInfo" type="NodeInfo"/><body><div>the list: all objects in the list must be instances of <tag kind="see">net.sf.saxon.om.Item</tag></div></body></param></params></constructor><method fulltype="net.sf.saxon.om.NodeInfo" id="next" type="NodeInfo" visibility="public"><override-of fulltype="net.sf.saxon.tree.iter.ListIterator.Of" method="next()" type="ListIterator.Of"><type extendby="T" fulltype="net.sf.saxon.om.Item" type="Item"/></override-of></method></methods></class><class id="NodeWrappingAxisIterator" fulltype="net.sf.saxon.tree.iter.NodeWrappingAxisIterator" superclass="Object" superclassfulltype="java.lang.Object" visibility="public"><type fulltype="B" type="B"/><paramtypes><type name="B"/></paramtypes><paramtags><tag comment="the class of the external nodes being wrapped.">B</tag></paramtags><implements><interface fulltype="net.sf.saxon.tree.iter.AxisIterator" type="AxisIterator"/><interface fulltype="net.sf.saxon.tree.iter.LookaheadIterator" type="LookaheadIterator"/></implements><comment><sentence>An AxisIterator that wraps a Java Iterator.</sentence></comment><fields/><methods><constructor id="NodeWrappingAxisIterator" visibility="public"><comment><sentence>Create a SequenceIterator over a given iterator</sentence></comment><params><param fulltype="java.util.Iterator" name="base" type="Iterator"><type fulltype="B" extendby="?" type="B"/><body><div>the base Iterator</div></body></param><param fulltype="net.sf.saxon.tree.iter.NodeWrappingFunction" name="wrappingFunction" type="NodeWrappingFunction"><type fulltype="B" super="?" type="B"/><type fulltype="net.sf.saxon.om.NodeInfo" type="NodeInfo"/><body><div>a function that wraps objects of type B in a Saxon NodeInfo</div></body></param></params></constructor><method fulltype="java.util.Iterator" id="getBaseIterator" type="Iterator" visibility="public"><type fulltype="B" extendby="?" type="B"/></method><method fulltype="net.sf.saxon.tree.iter.NodeWrappingFunction" id="getNodeWrappingFunction" type="NodeWrappingFunction" visibility="public"><type fulltype="B" super="?" type="B"/><type fulltype="net.sf.saxon.om.NodeInfo" type="NodeInfo"/></method><method fulltype="boolean" id="hasNext" type="boolean" visibility="public"/><method fulltype="boolean" id="isIgnorable" type="boolean" visibility="public"><params><param fulltype="B" name="node" type="B"/></params></method><method fulltype="net.sf.saxon.om.NodeInfo" id="next" type="NodeInfo" visibility="public"/><method fulltype="boolean" id="supportsHasNext" type="boolean" visibility="public"/></methods></class><class id="NodeWrappingFunction" abstract="true" fulltype="net.sf.saxon.tree.iter.NodeWrappingFunction" interface="true" visibility="public"><type fulltype="B" type="B"/><type extendby="T" fulltype="net.sf.saxon.om.NodeInfo" type="NodeInfo"/><paramtypes><type name="B"/><type name="T"><bounds><limit fulltype="net.sf.saxon.om.NodeInfo" type="NodeInfo"/></bounds></type></paramtypes><paramtags><tag comment="the type of the node in the external object model">B</tag><tag comment="the type of the Saxon node">T</tag></paramtags><comment><sentence>Interface to a function that wraps nodes from an external object model in a Saxon NodeInfo
 representation</sentence></comment><fields/><methods><method abstract="true" extendby="T" fulltype="net.sf.saxon.om.NodeInfo" id="wrap" type="NodeInfo" visibility="public"><params><param fulltype="B" name="node" type="B"/></params></method></methods></class><class id="PrependAxisIterator" fulltype="net.sf.saxon.tree.iter.PrependAxisIterator" superclass="PrependSequenceIterator" superclassfulltype="net.sf.saxon.tree.iter.PrependSequenceIterator" visibility="public"><implements><interface fulltype="net.sf.saxon.tree.iter.AxisIterator" type="AxisIterator"/></implements><extends><inherits><interface fulltype="net.sf.saxon.om.SequenceIterator" type="SequenceIterator"/></inherits><interface fulltype="net.sf.saxon.tree.iter.PrependSequenceIterator" type="PrependSequenceIterator"/></extends><comment><body><div>An iterator over nodes, that prepends a given node to the nodes
 returned by another iterator. Used to modify an iterator over axis A
 to one that iterates over A-OR-SELF.</div></body><sentence>An iterator over nodes, that prepends a given node to the nodes
 returned by another iterator.</sentence></comment><fields/><methods><constructor id="PrependAxisIterator" visibility="public"><params><param fulltype="net.sf.saxon.om.NodeInfo" name="start" type="NodeInfo"/><param fulltype="net.sf.saxon.tree.iter.AxisIterator" name="base" type="AxisIterator"/></params></constructor><method fulltype="net.sf.saxon.om.NodeInfo" id="next" type="NodeInfo" visibility="public"><comment><body><div>Get the next item in the sequence. <br clear="none"/></div></body><sentence>Get the next item in the sequence.</sentence><return><body><div>the next Item. If there are no more nodes, return null.</div></body></return></comment><override-of fulltype="net.sf.saxon.tree.iter.PrependSequenceIterator" method="next()" type="PrependSequenceIterator"/></method></methods></class><class id="PrependSequenceIterator" fulltype="net.sf.saxon.tree.iter.PrependSequenceIterator" superclass="Object" superclassfulltype="java.lang.Object" visibility="public"><implements><interface fulltype="net.sf.saxon.om.SequenceIterator" type="SequenceIterator"/></implements><comment><body><div>An iterator over nodes, that prepends a given node to the nodes
 returned by another iterator. Used to modify an iterator over axis A
 to one that iterates over A-OR-SELF.</div></body><sentence>An iterator over nodes, that prepends a given node to the nodes
 returned by another iterator.</sentence></comment><fields/><methods><constructor id="PrependSequenceIterator" visibility="public"><params><param fulltype="net.sf.saxon.om.Item" name="start" type="Item"/><param fulltype="net.sf.saxon.om.SequenceIterator" name="base" type="SequenceIterator"/></params></constructor><method fulltype="void" id="close" type="void" visibility="public"/><method fulltype="void" id="discharge" type="void" visibility="public"/><method fulltype="net.sf.saxon.om.Item" id="next" type="Item" visibility="public"><comment><sentence>Get the next item in the sequence.</sentence><return><body><div>the next Item. If there are no more items, return null.</div></body></return></comment></method></methods><subclasses><class fulltype="net.sf.saxon.tree.iter.PrependAxisIterator" type="PrependAxisIterator"/></subclasses></class><class id="RangeIterator" abstract="true" fulltype="net.sf.saxon.tree.iter.RangeIterator" superclass="Object" superclassfulltype="java.lang.Object" visibility="public"><implements><interface fulltype="net.sf.saxon.tree.iter.GroundedIterator" type="GroundedIterator"/></implements><comment><body><div>This abstract class represents an iteration over the results of a range expression
 (A by B to C). There are implementations for ascending and descending iterators,
 implemented separately for integer ranges within the 64-bit long range, and
 for ranges that might include larger integers.

 <p>As well as being able to deliver a sequence of integers, these iterators also
 allow testing the length of the sequence returned, for the existence of a particular
 value, for the minimum and maximum values, for the first and last values, and for
 the Nth value.</p></div></body><sentence>This abstract class represents an iteration over the results of a range expression
 (A by B to C).</sentence></comment><fields/><methods><constructor id="RangeIterator" visibility="public"/><method fulltype="boolean" id="containsEq" type="boolean" visibility="public"><comment><sentence>Ask whether the iterator will deliver a value equal to a supplied value</sentence><return><body><div>true if the value is one of those that the iterator will deliver</div></body></return></comment><params><param fulltype="net.sf.saxon.value.NumericValue" name="val" type="NumericValue"><body><div>the supplied value</div></body></param></params></method><method abstract="true" fulltype="net.sf.saxon.value.IntegerValue" id="getFirst" type="IntegerValue" visibility="public"/><method abstract="true" fulltype="net.sf.saxon.value.IntegerValue" id="getLast" type="IntegerValue" visibility="public"/><method abstract="true" fulltype="net.sf.saxon.value.IntegerValue" id="getMax" type="IntegerValue" visibility="public"/><method abstract="true" fulltype="net.sf.saxon.value.IntegerValue" id="getMin" type="IntegerValue" visibility="public"/><method abstract="true" fulltype="net.sf.saxon.om.GroundedValue" id="getResidue" type="GroundedValue" visibility="public"><comment><body><div>Return a GroundedValue containing all the remaining items in the sequence returned by this
 SequenceIterator, starting at the current position. This should be an "in-memory" value, not a
 Closure. This method does not change the state of the iterator (in particular, it does not
 consume the iterator).</div></body><sentence>Return a GroundedValue containing all the remaining items in the sequence returned by this
 SequenceIterator, starting at the current position.</sentence><return><body><div>the corresponding Value</div></body></return></comment></method><method abstract="true" fulltype="net.sf.saxon.value.IntegerValue" id="getStep" type="IntegerValue" visibility="public"><comment><body><div>Get the increment between successive values. For a descending iterator this will be negatiive value.</div></body><sentence>Get the increment between successive values.</sentence><return><body><div>the increment between successive values</div></body></return></comment></method></methods><subclasses><class fulltype="net.sf.saxon.expr.BigRangeIterator" type="BigRangeIterator"/></subclasses></class><class id="ReversibleIterator" abstract="true" fulltype="net.sf.saxon.tree.iter.ReversibleIterator" interface="true" visibility="public"><implements><interface fulltype="net.sf.saxon.om.SequenceIterator" type="SequenceIterator"/></implements><comment><sentence>A ReversibleIterator is an interface implemented by any SequenceIterator that is
 able to deliver items in reverse order (or to supply another iterator that can
 do so).</sentence></comment><fields/><methods><method abstract="true" fulltype="net.sf.saxon.om.SequenceIterator" id="getReverseIterator" type="SequenceIterator" visibility="public"><comment><body><div>Get a new SequenceIterator that returns the same items in reverse order.
 If this SequenceIterator is an AxisIterator, then the returned SequenceIterator
 must also be an AxisIterator.</div></body><sentence>Get a new SequenceIterator that returns the same items in reverse order.</sentence><return><body><div>an iterator over the items in reverse order</div></body></return></comment></method></methods><implemented-by><class fulltype="net.sf.saxon.tree.iter.ArrayIterator" type="ArrayIterator"/><class fulltype="net.sf.saxon.tree.iter.ArrayIterator.Of" type="ArrayIterator.Of"/><class fulltype="net.sf.saxon.tree.iter.ArrayIterator.OfNodes" type="ArrayIterator.OfNodes"/><class fulltype="net.sf.saxon.expr.AscendingRangeIterator" type="AscendingRangeIterator"/><class fulltype="net.sf.saxon.expr.DescendingRangeIterator" type="DescendingRangeIterator"/><class fulltype="net.sf.saxon.tree.iter.EmptyIterator" type="EmptyIterator"/><class fulltype="net.sf.saxon.expr.sort.GroupByIterator.ManualGroupByIterator" type="GroupByIterator.ManualGroupByIterator"/><class fulltype="net.sf.saxon.tree.iter.ListIterator" type="ListIterator"/><class fulltype="net.sf.saxon.tree.iter.ListIterator.Of" type="ListIterator.Of"/><class fulltype="net.sf.saxon.tree.iter.ListIterator.OfAtomic" type="ListIterator.OfAtomic"/><class fulltype="com.saxonica.ee.stream.ManualGroupIterator" type="ManualGroupIterator"/><class fulltype="net.sf.saxon.tree.iter.ManualIterator" type="ManualIterator"/><class fulltype="com.saxonica.ee.stream.ManualRegexIterator" type="ManualRegexIterator"/><class fulltype="net.sf.saxon.expr.sort.MergeGroupingIterator.ManualMergeGroupingIterator" type="MergeGroupingIterator.ManualMergeGroupingIterator"/><class fulltype="net.sf.saxon.tree.iter.NodeListIterator" type="NodeListIterator"/><class fulltype="net.sf.saxon.functions.Reverse.ReverseListIterator" type="Reverse.ReverseListIterator"/><class fulltype="net.sf.saxon.tree.iter.SingleAtomicIterator" type="SingleAtomicIterator"/><class fulltype="net.sf.saxon.tree.iter.SingleNodeIterator" type="SingleNodeIterator"/><class fulltype="net.sf.saxon.tree.iter.SingletonIterator" type="SingletonIterator"/></implemented-by></class><class id="SequenceIteratorOverJavaIterator" fulltype="net.sf.saxon.tree.iter.SequenceIteratorOverJavaIterator" superclass="Object" superclassfulltype="java.lang.Object" visibility="public"><type fulltype="J" type="J"/><paramtypes><type name="J"/></paramtypes><implements><interface fulltype="net.sf.saxon.om.SequenceIterator" type="SequenceIterator"/></implements><fields/><methods><constructor id="SequenceIteratorOverJavaIterator" visibility="public"><params><param fulltype="java.util.Iterator" name="javaIterator" type="Iterator"><type fulltype="J" type="J"/></param><param fulltype="java.util.function.Function" name="mapper" type="Function"><type fulltype="J" type="J"/><type fulltype="net.sf.saxon.om.Item" type="Item"/></param></params></constructor><method fulltype="net.sf.saxon.om.Item" id="next" type="Item" visibility="public"/></methods></class><class id="SingleAtomicIterator" fulltype="net.sf.saxon.tree.iter.SingleAtomicIterator" superclass="SingletonIterator" superclassfulltype="net.sf.saxon.tree.iter.SingletonIterator" visibility="public"><implements><interface fulltype="net.sf.saxon.tree.iter.AtomicIterator" type="AtomicIterator"/><interface fulltype="net.sf.saxon.tree.iter.ReversibleIterator" type="ReversibleIterator"/><interface fulltype="net.sf.saxon.expr.LastPositionFinder" type="LastPositionFinder"/><interface fulltype="net.sf.saxon.tree.iter.GroundedIterator" type="GroundedIterator"/><interface fulltype="net.sf.saxon.tree.iter.LookaheadIterator" type="LookaheadIterator"/></implements><extends><inherits><interface fulltype="net.sf.saxon.om.SequenceIterator" type="SequenceIterator"/><interface fulltype="net.sf.saxon.tree.iter.ReversibleIterator" type="ReversibleIterator"/><interface fulltype="net.sf.saxon.expr.LastPositionFinder" type="LastPositionFinder"/><interface fulltype="net.sf.saxon.tree.iter.GroundedIterator" type="GroundedIterator"/><interface fulltype="net.sf.saxon.tree.iter.LookaheadIterator" type="LookaheadIterator"/></inherits><interface fulltype="net.sf.saxon.tree.iter.SingletonIterator" type="SingletonIterator"/></extends><comment><sentence>SingletonIterator: an iterator over a sequence of zero or one values</sentence></comment><fields/><methods><constructor id="SingleAtomicIterator" visibility="public"><comment><sentence>Private constructor: external classes should use the factory method</sentence></comment><params><param fulltype="net.sf.saxon.value.AtomicValue" name="value" type="AtomicValue"><body><div>the item to iterate over</div></body></param></params></constructor><method fulltype="net.sf.saxon.tree.iter.SingleAtomicIterator" id="getReverseIterator" type="SingleAtomicIterator" visibility="public"><override-of fulltype="net.sf.saxon.tree.iter.SingletonIterator" method="getReverseIterator()" type="SingletonIterator"/></method><method fulltype="net.sf.saxon.value.AtomicValue" id="next" type="AtomicValue" visibility="public"><override-of fulltype="net.sf.saxon.tree.iter.SingletonIterator" method="next()" type="SingletonIterator"/></method></methods></class><class id="SingleNodeIterator" fulltype="net.sf.saxon.tree.iter.SingleNodeIterator" superclass="Object" superclassfulltype="java.lang.Object" visibility="public"><implements><interface fulltype="net.sf.saxon.tree.iter.AxisIterator" type="AxisIterator"/><interface fulltype="net.sf.saxon.tree.iter.ReversibleIterator" type="ReversibleIterator"/><interface fulltype="net.sf.saxon.expr.LastPositionFinder" type="LastPositionFinder"/><interface fulltype="net.sf.saxon.tree.iter.GroundedIterator" type="GroundedIterator"/><interface fulltype="net.sf.saxon.tree.iter.LookaheadIterator" type="LookaheadIterator"/></implements><comment><sentence>SingleNodeIterator: an iterator over a sequence of zero or one nodes</sentence></comment><fields/><methods><method fulltype="int" id="getLength" type="int" visibility="public"/><method fulltype="net.sf.saxon.om.GroundedValue" id="getResidue" type="GroundedValue" visibility="public"/><method fulltype="net.sf.saxon.om.SequenceIterator" id="getReverseIterator" type="SequenceIterator" visibility="public"/><method fulltype="net.sf.saxon.om.NodeInfo" id="getValue" type="NodeInfo" visibility="public"/><method fulltype="boolean" id="hasNext" type="boolean" visibility="public"><comment><body><div>Determine whether there are more items to come. Note that this operation
 is stateless and it is not necessary (or usual) to call it before calling
 next(). It is used only when there is an explicit need to tell if we
 are at the last element.</div></body><sentence>Determine whether there are more items to come.</sentence><return><body><div>true if there are more items</div></body></return></comment></method><method fulltype="boolean" id="isActuallyGrounded" type="boolean" visibility="public"/><method fulltype="net.sf.saxon.tree.iter.AxisIterator" id="makeIterator" static="true" type="AxisIterator" visibility="public"><comment><sentence>Factory method.</sentence><return><body><div>a SingletonIterator over the supplied item, or an EmptyIterator
         if the supplied item is null.</div></body></return></comment><params><param fulltype="net.sf.saxon.om.NodeInfo" name="item" type="NodeInfo"><body><div>the item to iterate over</div></body></param></params></method><method fulltype="net.sf.saxon.om.GroundedValue" id="materialize" type="GroundedValue" visibility="public"><comment><sentence>Return a Value containing all the items in the sequence returned by this
 SequenceIterator</sentence><return><body><div>the corresponding Value. If the value is a closure or a function call package, it will be
         evaluated and expanded.</div></body></return></comment></method><method fulltype="net.sf.saxon.om.NodeInfo" id="next" type="NodeInfo" visibility="public"/><method fulltype="boolean" id="supportsGetLength" type="boolean" visibility="public"/><method fulltype="boolean" id="supportsHasNext" type="boolean" visibility="public"/></methods></class><class id="SingletonIterator" fulltype="net.sf.saxon.tree.iter.SingletonIterator" superclass="Object" superclassfulltype="java.lang.Object" visibility="public"><implements><interface fulltype="net.sf.saxon.om.SequenceIterator" type="SequenceIterator"/><interface fulltype="net.sf.saxon.tree.iter.ReversibleIterator" type="ReversibleIterator"/><interface fulltype="net.sf.saxon.expr.LastPositionFinder" type="LastPositionFinder"/><interface fulltype="net.sf.saxon.tree.iter.GroundedIterator" type="GroundedIterator"/><interface fulltype="net.sf.saxon.tree.iter.LookaheadIterator" type="LookaheadIterator"/></implements><comment><sentence>SingletonIterator: an iterator over a sequence of zero or one values</sentence></comment><fields/><methods><constructor id="SingletonIterator" visibility="public"><comment><sentence>Private constructor: external classes should use the factory method</sentence></comment><params><param fulltype="net.sf.saxon.om.Item" name="value" type="Item"><body><div>the item to iterate over</div></body></param></params></constructor><method fulltype="int" id="getLength" type="int" visibility="public"/><method fulltype="net.sf.saxon.om.GroundedValue" id="getResidue" type="GroundedValue" visibility="public"/><method fulltype="net.sf.saxon.tree.iter.SingletonIterator" id="getReverseIterator" type="SingletonIterator" visibility="public"/><method fulltype="net.sf.saxon.om.Item" id="getValue" type="Item" visibility="public"/><method fulltype="boolean" id="hasNext" type="boolean" visibility="public"><comment><body><div>Determine whether there are more items to come. Note that this operation
 is stateless and it is not necessary (or usual) to call it before calling
 next(). It is used only when there is an explicit need to tell if we
 are at the last element.</div></body><sentence>Determine whether there are more items to come.</sentence><return><body><div>true if there are more items</div></body></return></comment></method><method fulltype="boolean" id="isActuallyGrounded" type="boolean" visibility="public"/><method fulltype="net.sf.saxon.om.SequenceIterator" id="makeIterator" static="true" type="SequenceIterator" visibility="public"><comment><sentence>Factory method.</sentence><return><body><div>a SingletonIterator over the supplied item, or an EmptyIterator
         if the supplied item is null.</div></body></return></comment><params><param fulltype="net.sf.saxon.om.Item" name="item" type="Item"><body><div>the item to iterate over</div></body></param></params></method><method fulltype="net.sf.saxon.om.GroundedValue" id="materialize" type="GroundedValue" visibility="public"><comment><sentence>Return a Value containing all the items in the sequence returned by this
 SequenceIterator</sentence><return><body><div>the corresponding Value. If the value is a closure or a function call package, it will be
         evaluated and expanded.</div></body></return></comment></method><method fulltype="net.sf.saxon.om.Item" id="next" type="Item" visibility="public"/><method fulltype="net.sf.saxon.tree.iter.SingletonIterator" id="rawIterator" static="true" type="SingletonIterator" visibility="public"><comment><sentence>Factory method for use when it is known the item will not be null</sentence><return><body><div>a SingletonIterator over the supplied item</div></body></return></comment><params><param fulltype="net.sf.saxon.om.Item" name="item" type="Item"><body><div>the item to iterate over; must not be null</div></body></param></params></method><method fulltype="boolean" id="supportsGetLength" type="boolean" visibility="public"/><method fulltype="boolean" id="supportsHasNext" type="boolean" visibility="public"/></methods><subclasses><class fulltype="net.sf.saxon.tree.iter.SingleAtomicIterator" type="SingleAtomicIterator"/></subclasses></class><class id="TextLinesIterator" abstract="true" fulltype="net.sf.saxon.tree.iter.TextLinesIterator" superclass="Object" superclassfulltype="java.lang.Object" visibility="public"><implements><interface fulltype="net.sf.saxon.om.SequenceIterator" type="SequenceIterator"/></implements><comment><sentence>An iterator that iterates over a file line by line, returning each line as a <tag kind="see">net.sf.saxon.value.StringValue</tag></sentence></comment><fields><field fulltype="net.sf.saxon.z.IntPredicateProxy" id="checker" type="IntPredicateProxy" visibility="protected"/><field fulltype="net.sf.saxon.s9api.Location" id="location" type="Location" visibility="protected"/><field fulltype="java.io.LineNumberReader" id="reader" type="LineNumberReader" visibility="protected"/><field fulltype="java.net.URI" id="uri" type="URI" visibility="protected"/></fields><methods><constructor id="TextLinesIterator" visibility="protected"/><constructor id="TextLinesIterator" visibility="public"><comment><sentence>Create a TextLinesIterator over a given reader</sentence></comment><params><param fulltype="java.io.LineNumberReader" name="reader" type="LineNumberReader"><body><div>the reader that reads the file</div></body></param><param fulltype="net.sf.saxon.s9api.Location" name="location" type="Location"><body><div>the location of the instruction being executed, for diagnostics. May be null.</div></body></param><param fulltype="java.net.URI" name="uri" type="URI"><body><div>the URI of the file being read, for diagnostics</div></body></param><param fulltype="net.sf.saxon.z.IntPredicateProxy" name="checker" type="IntPredicateProxy"><body><div>checks that the characters in the file are legal XML characters</div></body></param></params><exceptions><exception fulltype="net.sf.saxon.trans.XPathException" id="XPathException"><sentence>net.sf.saxon.trans.XPathException
          if a dynamic error occurs</sentence></exception></exceptions></constructor><method fulltype="void" id="close" type="void" visibility="public"/><method fulltype="void" id="discharge" type="void" visibility="public"/><method fulltype="net.sf.saxon.trans.XPathException" id="handleIOError" type="XPathException" visibility="protected"><params><param fulltype="java.net.URI" name="uri" type="URI"/><param fulltype="java.io.IOException" name="err" type="IOException"/></params></method><method fulltype="net.sf.saxon.value.StringValue" id="next" type="StringValue" visibility="public"/></methods><subclasses><class fulltype="net.sf.saxon.tree.iter.UnparsedTextIterator" type="UnparsedTextIterator"/></subclasses></class><class id="TwoItemIterator" fulltype="net.sf.saxon.tree.iter.TwoItemIterator" superclass="Object" superclassfulltype="java.lang.Object" visibility="public"><implements><interface fulltype="net.sf.saxon.om.SequenceIterator" type="SequenceIterator"/><interface fulltype="net.sf.saxon.tree.iter.LookaheadIterator" type="LookaheadIterator"/><interface fulltype="net.sf.saxon.tree.iter.GroundedIterator" type="GroundedIterator"/><interface fulltype="net.sf.saxon.expr.LastPositionFinder" type="LastPositionFinder"/></implements><comment><sentence>An iterator over a pair of objects (typically sub-expressions of an expression)</sentence></comment><fields/><methods><constructor id="TwoItemIterator" visibility="public"><comment><sentence>Create an iterator over two objects</sentence></comment><params><param fulltype="net.sf.saxon.om.Item" name="one" type="Item"><body><div>the first object to be returned</div></body></param><param fulltype="net.sf.saxon.om.Item" name="two" type="Item"><body><div>the second object to be returned</div></body></param></params></constructor><method fulltype="int" id="getLength" type="int" visibility="public"/><method fulltype="net.sf.saxon.om.GroundedValue" id="getResidue" type="GroundedValue" visibility="public"/><method fulltype="boolean" id="hasNext" type="boolean" visibility="public"><comment><body><div>Returns <tt>true</tt> if the iteration has more elements. (In other
 words, returns <tt>true</tt> if <tt>next</tt> would return an element
 rather than throwing an exception.)</div></body><sentence>Returns true if the iteration has more elements.</sentence><return><body><div><tt>true</tt> if the iterator has more elements.</div></body></return></comment></method><method fulltype="boolean" id="isActuallyGrounded" type="boolean" visibility="public"/><method fulltype="net.sf.saxon.om.Item" id="next" type="Item" visibility="public"><comment><sentence>Returns the next element in the iteration.</sentence><return><body><div>the next element in the iteration, or null if there are no more</div></body></return></comment></method><method fulltype="boolean" id="supportsGetLength" type="boolean" visibility="public"/><method fulltype="boolean" id="supportsHasNext" type="boolean" visibility="public"/></methods></class><class id="UnparsedTextIterator" fulltype="net.sf.saxon.tree.iter.UnparsedTextIterator" superclass="TextLinesIterator" superclassfulltype="net.sf.saxon.tree.iter.TextLinesIterator" visibility="public"><extends><inherits><interface fulltype="net.sf.saxon.om.SequenceIterator" type="SequenceIterator"/></inherits><interface fulltype="net.sf.saxon.tree.iter.TextLinesIterator" type="TextLinesIterator"/></extends><comment><sentence>Class UnparsedTextIterator, iterates over a file line by line</sentence></comment><fields/><methods><constructor id="UnparsedTextIterator" visibility="public"><comment><sentence>Create a UnparsedTextIterator over a given file</sentence></comment><params><param fulltype="java.net.URI" name="absoluteURI" type="URI"><body><div>the URI identifying the file</div></body></param><param fulltype="net.sf.saxon.expr.XPathContext" name="context" type="XPathContext"><body><div>the dynamic evaluation context</div></body></param><param fulltype="java.lang.String" name="encoding" type="String"><body><div>the expected encoding of the file</div></body></param><param fulltype="net.sf.saxon.s9api.Location" name="location" type="Location"><body><div>the location of the instruction being executed</div></body></param></params><exceptions><exception fulltype="net.sf.saxon.trans.XPathException" id="XPathException"><sentence>XPathException if a dynamic error occurs</sentence></exception></exceptions></constructor><constructor id="UnparsedTextIterator" visibility="public"><params><param fulltype="java.io.LineNumberReader" name="reader" type="LineNumberReader"/><param fulltype="java.net.URI" name="absoluteURI" type="URI"/><param fulltype="net.sf.saxon.expr.XPathContext" name="context" type="XPathContext"/><param fulltype="java.lang.String" name="encoding" type="String"/></params><exceptions><exception fulltype="net.sf.saxon.trans.XPathException" id="XPathException"/></exceptions></constructor></methods></class><class id="UntypedAtomizingIterator" fulltype="net.sf.saxon.tree.iter.UntypedAtomizingIterator" superclass="Object" superclassfulltype="java.lang.Object" visibility="public"><implements><interface fulltype="net.sf.saxon.om.SequenceIterator" type="SequenceIterator"/><interface fulltype="net.sf.saxon.expr.LastPositionFinder" type="LastPositionFinder"/><interface fulltype="net.sf.saxon.tree.iter.LookaheadIterator" type="LookaheadIterator"/></implements><comment><body><div>AtomizingIterator returns the atomization of an underlying sequence supplied
 as an iterator.  We use a specialist class rather than a general-purpose
 MappingIterator for performance, especially as the relationship of items
 in the result sequence to those in the base sequence is often one-to-one.
 <p>This UntypedAtomizingIterator is used only when it is known that the input
 sequence consists entirely of nodes, and that all nodes will be untyped.</p></div></body><sentence>AtomizingIterator returns the atomization of an underlying sequence supplied
 as an iterator.</sentence></comment><fields/><methods><constructor id="UntypedAtomizingIterator" visibility="public"><comment><sentence>Construct an AtomizingIterator that will atomize the values returned by the base iterator.</sentence></comment><params><param fulltype="net.sf.saxon.om.SequenceIterator" name="base" type="SequenceIterator"><body><div>the base iterator</div></body></param></params></constructor><method fulltype="void" id="close" type="void" visibility="public"/><method fulltype="void" id="discharge" type="void" visibility="public"/><method fulltype="int" id="getLength" type="int" visibility="public"/><method fulltype="boolean" id="hasNext" type="boolean" visibility="public"/><method fulltype="net.sf.saxon.value.AtomicValue" id="next" type="AtomicValue" visibility="public"/><method fulltype="boolean" id="supportsGetLength" type="boolean" visibility="public"><comment><body><div>Ask whether this iterator supports use of the <tag kind="see">#getLength()</tag> method. This
 method should always be called before calling <tag kind="see">#getLength()</tag>, because an iterator
 that implements this interface may support use of <tag kind="see">#getLength()</tag> in some situations
 and not in others</div></body><sentence>Ask whether this iterator supports use of the <tag kind="see">#getLength()</tag> method.</sentence><return><body><div>true if the <tag kind="see">#getLength()</tag> method can be called to determine the length
 of the underlying sequence.</div></body></return></comment></method><method fulltype="boolean" id="supportsHasNext" type="boolean" visibility="public"/></methods></class></package>