<?xml version="1.0" encoding="UTF-8"?><package id="net.sf.saxon.sapling"><class id="SaplingComment" fulltype="net.sf.saxon.sapling.SaplingComment" superclass="SaplingNode" superclassfulltype="net.sf.saxon.sapling.SaplingNode" visibility="public"><extends><interface fulltype="net.sf.saxon.sapling.SaplingNode" type="SaplingNode"/></extends><comment><sentence>A comment node in a sapling tree</sentence></comment><fields/><methods><constructor id="SaplingComment" visibility="public"><comment><sentence>Construct a sapling comment node with a given string value</sentence></comment><params><param fulltype="java.lang.String" name="value" type="String"><body><div>the string value of the comment node. This should not contain "--" as a substring,
              but this condition is not checked.</div></body></param></params></constructor><method fulltype="void" id="deliver" type="void" visibility="public"><override-of fulltype="net.sf.saxon.sapling.SaplingNode" method="deliver(net.sf.saxon.event.Receiver, net.sf.saxon.lib.ParseOptions)" type="SaplingNode"/><params><param fulltype="net.sf.saxon.event.Receiver" name="receiver" type="Receiver"/><param fulltype="net.sf.saxon.lib.ParseOptions" name="options" type="ParseOptions"/></params><exceptions><exception fulltype="net.sf.saxon.trans.XPathException" id="XPathException"/></exceptions></method><method fulltype="int" id="getNodeKind" type="int" visibility="public"><override-of fulltype="net.sf.saxon.sapling.SaplingNode" method="getNodeKind()" type="SaplingNode"/></method><method fulltype="java.lang.String" id="getStringValue" type="String" visibility="public"><comment><sentence>Get the string value of the comment node</sentence><return><body><div>the string value of the node</div></body></return></comment></method></methods></class><class id="SaplingDocument" fulltype="net.sf.saxon.sapling.SaplingDocument" superclass="SaplingNode" superclassfulltype="net.sf.saxon.sapling.SaplingNode" visibility="public"><implements><interface fulltype="net.sf.saxon.lib.ActiveSource" type="ActiveSource"/></implements><extends><interface fulltype="net.sf.saxon.sapling.SaplingNode" type="SaplingNode"/></extends><comment><body><div>A document node in a sapling tree. A document node may have a sequence of children, each of which
 is an element, text, comment, or processing-instruction node. A document node has an optional base URI.

 <p>Like all sapling nodes, a <tag kind="code">SaplingDocument</tag> is immutable. All operations such as adding children
  deliver a new document node. A sapling node generally exists only transiently during tree
  construction; to make use of the constructed tree, it will usually be converted to a regular tree when
  construction is complete, using <tag kind="see">#toXdmNode(Processor)</tag> or <tag kind="see">#toNodeInfo(Configuration)</tag>.</p>

 <p><tag kind="code">SaplingDocument</tag> implements <tag kind="see">javax.xml.transform.Source</tag>, and a sapling document
 can therefore be supplied in most Saxon interfaces that expect a Source. However, third-party software
 that expects a <tag kind="code">Source</tag> as input is unlikely to recognize this class, unless explicitly
 stated to the contrary.</p></div></body><sentence>A document node in a sapling tree.</sentence></comment><fields/><methods><constructor id="SaplingDocument" visibility="public"><comment><sentence>Create a sapling document node with no children and no base URI</sentence></comment></constructor><constructor id="SaplingDocument" visibility="public"><comment><sentence>Create a sapling document node with no children, having a specified base URI</sentence></comment><params><param fulltype="java.lang.String" name="baseUri" type="String"><body><div>the base URI of the document node</div></body></param></params></constructor><method fulltype="void" id="deliver" type="void" visibility="public"><override-of fulltype="net.sf.saxon.sapling.SaplingNode" method="deliver(net.sf.saxon.event.Receiver, net.sf.saxon.lib.ParseOptions)" type="SaplingNode"/><params><param fulltype="net.sf.saxon.event.Receiver" name="receiver" type="Receiver"/><param fulltype="net.sf.saxon.lib.ParseOptions" name="options" type="ParseOptions"/></params><exceptions><exception fulltype="net.sf.saxon.trans.XPathException" id="XPathException"/></exceptions></method><method fulltype="int" id="getNodeKind" type="int" visibility="public"><override-of fulltype="net.sf.saxon.sapling.SaplingNode" method="getNodeKind()" type="SaplingNode"/></method><method fulltype="java.lang.String" id="getSystemId" type="String" visibility="public"><comment><body><div>Get the system identifier. This implementation of the
 method returns the base URI.</div></body><sentence>Get the system identifier.</sentence><return><body><div>The base URI of the document.</div></body></return></comment></method><method fulltype="void" id="send" type="void" visibility="public"><comment><sentence>Send the document to an arbitrary destination</sentence></comment><params><param fulltype="net.sf.saxon.s9api.Processor" name="processor" type="Processor"><body><div>the s9api processor</div></body></param><param fulltype="net.sf.saxon.s9api.Destination" name="destination" type="Destination"><body><div>the destination to which the document will be copied.</div></body></param></params><exceptions><exception fulltype="net.sf.saxon.s9api.SaxonApiException" id="SaxonApiException"><sentence>SaxonApiException if anything goes wrong</sentence></exception></exceptions></method><method fulltype="void" id="serialize" type="void" visibility="public"><comment><sentence>Serialize the document</sentence></comment><params><param fulltype="net.sf.saxon.s9api.Serializer" name="serializer" type="Serializer"><body><div>the serializer to be used; the serialized representation of the node
                   will be written to the serializer's destination.</div></body></param></params><exceptions><exception fulltype="net.sf.saxon.s9api.SaxonApiException" id="SaxonApiException"><sentence>SaxonApiException if anything goes wrong</sentence></exception></exceptions></method><method fulltype="void" id="setSystemId" type="void" visibility="public"><comment><body><div>Set the system identifier for this Source. This method is provided
 because it is needed to satisfy the <tag kind="see">javax.xml.transform.Source</tag> interface; however
 it always throws an exception, because <tag kind="code">SaplingDocument</tag> is immutable.</div></body><sentence>Set the system identifier for this Source.</sentence></comment><params><param fulltype="java.lang.String" name="systemId" type="String"><body><div>The system identifier as a URL string.</div></body></param></params></method><method fulltype="net.sf.saxon.om.NodeInfo" id="toNodeInfo" type="NodeInfo" visibility="public"><comment><sentence>Convert the sapling document to a regular document, returning the <tag kind="see">net.sf.saxon.om.NodeInfo</tag> object
 representing the document node of the resulting tree</sentence><return><body><div>the document node at the root of the constructed tree. The implementation model for the
 tree will be the default tree model of the Configuration</div></body></return></comment><params><param fulltype="net.sf.saxon.Configuration" name="config" type="Configuration"><body><div>the Saxon Configuration</div></body></param></params><exceptions><exception fulltype="net.sf.saxon.trans.XPathException" id="XPathException"><sentence>XPathException if construction fails; this could happen if constraints have been violated</sentence></exception></exceptions></method><method fulltype="net.sf.saxon.s9api.XdmNode" id="toXdmNode" type="XdmNode" visibility="public"><comment><sentence>Convert the sapling document to a regular document, returning the <tag kind="see">net.sf.saxon.s9api.XdmNode</tag> object
 representing the document node of the resulting tree</sentence><return><body><div>the document node at the root of the constructed tree. The implementation model for the
 tree will be the default tree model of the Processor's Configuration</div></body></return></comment><params><param fulltype="net.sf.saxon.s9api.Processor" name="processor" type="Processor"><body><div>the s9api Processor object that is to own the resulting tree</div></body></param></params><exceptions><exception fulltype="net.sf.saxon.s9api.SaxonApiException" id="SaxonApiException"><sentence>SaxonApiException if construction fails; this could happen if constraints have been violated</sentence></exception></exceptions></method><method fulltype="net.sf.saxon.sapling.SaplingDocument" id="withChild" type="SaplingDocument" visibility="public"><comment><body><div>Add a number of child nodes to a document node, returning a new document node
 with additional children beyond those already present. The target document is not modified,
 neither are the added children.</div></body><sentence>Add a number of child nodes to a document node, returning a new document node
 with additional children beyond those already present.</sentence><return><body><div>the new parent document node</div></body></return></comment><params><param fulltype="net.sf.saxon.sapling.SaplingNode[]" name="children" type="SaplingNode[]"><body><div>The nodes to be added as children.
 The supplied nodes are added in order after any existing children.</div></body></param></params></method></methods></class><class id="SaplingElement" fulltype="net.sf.saxon.sapling.SaplingElement" superclass="SaplingNode" superclassfulltype="net.sf.saxon.sapling.SaplingNode" visibility="public"><extends><interface fulltype="net.sf.saxon.sapling.SaplingNode" type="SaplingNode"/></extends><comment><body><div>An element node on a sapling tree. The node has the following properties:

 <ul><li>A name. This is a QName, potentially containing a prefix, URI, and local-name.</li><li>An ordered list of children. The children may be elements, text nodes, comments, or processing instructions.</li><li>A set of attributes. An attribute has a name (which is a QName), and a string value; attribute names must
 be distinct. The prefix and URI of an attribute must either both be empty or both non-empty. Attributes in this
 model are not nodes, they are simply properties of an element node. Attributes for an element are unordered.</li><li>A set of namespace bindings (prefix/URI pairs, where the prefix may be empty, and the URI may be empty
 if and only if the prefix is empty). The namespace bindings implicitly include the prefix/URI combination
 for the element name, and the prefix/URI combinations for all attributes. They may also include additional
 namespace bindings. As far as the sapling tree is concerned, namespace bindings are not inherited from parent
 nodes; each element must contain all the namespace bindings that it needs. When a sapling tree is converted
 to a full tree, however, namespace bindings on a parent node will propagate to its children.</li></ul>

 <p>Like all sapling nodes, a <tag kind="code">SaplingElement</tag> is immutable. All operations such as adding children
 or attributes deliver a new element node. A sapling node generally exists only transiently during tree
 construction; to make use of the constructed tree, it will usually be converted to a regular tree when
 construction is complete, using <tag kind="see">#toXdmNode(Processor)</tag> or <tag kind="see">#toNodeInfo(Configuration)</tag>.</p></div></body><sentence>An element node on a sapling tree.</sentence></comment><fields/><methods><constructor id="SaplingElement" visibility="public"><comment><sentence>Create an empty element, in no namespace</sentence></comment><params><param fulltype="java.lang.String" name="name" type="String"><body><div>the name of the element. This should take the form of an NCName, but the
             current implementation does not check this.</div></body></param></params></constructor><constructor id="SaplingElement" visibility="public"><comment><sentence>Create an empty element, with a name supplied as a QName.</sentence></comment><params><param fulltype="net.sf.saxon.s9api.QName" name="name" type="QName"><body><div>the name of the element, as a QName. If the prefix of the QName is non-empty,
             then the URI part must also be non-empty.</div></body></param></params></constructor><method fulltype="void" id="deliver" type="void" visibility="public"><override-of fulltype="net.sf.saxon.sapling.SaplingNode" method="deliver(net.sf.saxon.event.Receiver, net.sf.saxon.lib.ParseOptions)" type="SaplingNode"/><params><param fulltype="net.sf.saxon.event.Receiver" name="receiver" type="Receiver"/><param fulltype="net.sf.saxon.lib.ParseOptions" name="options" type="ParseOptions"/></params><exceptions><exception fulltype="net.sf.saxon.trans.XPathException" id="XPathException"/></exceptions></method><method fulltype="int" id="getNodeKind" type="int" visibility="public"><override-of fulltype="net.sf.saxon.sapling.SaplingNode" method="getNodeKind()" type="SaplingNode"/></method><method fulltype="net.sf.saxon.om.NodeInfo" id="toNodeInfo" type="NodeInfo" visibility="public"><comment><sentence>Convert the sapling element to a regular element node, returning the <tag kind="see">net.sf.saxon.om.NodeInfo</tag> object
 representing the parentless element node at the root of the resulting tree</sentence><return><body><div>the parentless element node at the root of the constructed tree. The implementation model for the
 tree will be the default tree model of the Configuration</div></body></return></comment><params><param fulltype="net.sf.saxon.Configuration" name="config" type="Configuration"><body><div>the Saxon Configuration</div></body></param></params><exceptions><exception fulltype="net.sf.saxon.trans.XPathException" id="XPathException"><sentence>XPathException if construction fails; this could happen if constraints have been violated</sentence></exception></exceptions></method><method fulltype="net.sf.saxon.s9api.XdmNode" id="toXdmNode" type="XdmNode" visibility="public"><comment><sentence>Convert the sapling element to a regular element node, returning the <tag kind="see">net.sf.saxon.s9api.XdmNode</tag> object
 representing the parentless element node at the root of the resulting tree</sentence><return><body><div>the element node at the root of the constructed tree. The implementation model for the
 tree will be the default tree model of the Processor's Configuration</div></body></return></comment><params><param fulltype="net.sf.saxon.s9api.Processor" name="processor" type="Processor"><body><div>the s9api Processor object that is to own the resulting tree</div></body></param></params><exceptions><exception fulltype="net.sf.saxon.s9api.SaxonApiException" id="SaxonApiException"><sentence>SaxonApiException if construction fails; this could happen if constraints have been violated</sentence></exception></exceptions></method><method fulltype="net.sf.saxon.sapling.SaplingElement" id="withAttr" type="SaplingElement" visibility="public"><comment><sentence>Add or replace an attribute of the element node, returning a new element node with a modified
 set of attributes</sentence><return><body><div>a new sapling element node, identical to the target node except for the added or replaced attribute</div></body></return></comment><params><param fulltype="java.lang.String" name="name" type="String"><body><div>the name of the attribute to be added or replaced; this represents the local part of
             a no-namespace QName. The name must be in the form of an NCName, but the current implementation
             does not check this.</div></body></param><param fulltype="java.lang.String" name="value" type="String"><body><div>the (new) value of the attribute</div></body></param></params></method><method fulltype="net.sf.saxon.sapling.SaplingElement" id="withAttr" type="SaplingElement" visibility="public"><comment><sentence>Add or replace an attribute of the element node, returning a new element node with a modified
 set of attributes</sentence><return><body><div>a new sapling element node, identical to the target node except for the added or replaced attribute</div></body></return></comment><params><param fulltype="net.sf.saxon.s9api.QName" name="name" type="QName"><body><div>the name of the attribute to be added or replaced, as a QName</div></body></param><param fulltype="java.lang.String" name="value" type="String"><body><div>the (new) value of the attribute</div></body></param></params></method><method fulltype="net.sf.saxon.sapling.SaplingElement" id="withChild" type="SaplingElement" visibility="public"><comment><body><div>Add a number of child nodes to a document node, returning a new document node
 with additional children beyond those already present. The target document is not modified,
 neither are the added children.
 <p>Note: because adding a child always creates a new parent element, it is impossible
 to create cycles by adding a node to itself, directly or indirectly.</p></div></body><sentence>Add a number of child nodes to a document node, returning a new document node
 with additional children beyond those already present.</sentence><return><body><div>the new parent element node</div></body></return></comment><params><param fulltype="net.sf.saxon.sapling.SaplingNode[]" name="children" type="SaplingNode[]"><body><div>The nodes to be added as children.
 The supplied nodes are added in order after any existing children.</div></body></param></params></method><method fulltype="net.sf.saxon.sapling.SaplingElement" id="withNamespace" type="SaplingElement" visibility="public"><comment><body><div>Add a namespace binding for a prefix/URI pair. Namespace bindings are added automatically for
 prefixes used in element and attribute names; they only need to be added explicitly if the binding
 is additional to those in element and attribute names. A namespace binding for the XML namespace
 is implicitly present on every element.</div></body><sentence>Add a namespace binding for a prefix/URI pair.</sentence><return><body><div>a new element node, identical to the original except for the additional namespace binding</div></body></return></comment><params><param fulltype="java.lang.String" name="prefix" type="String"><body><div>the namespace prefix. This must either be a zero length string, or it must take the
               form of an NCName, but this constraint is not currently enforced.</div></body></param><param fulltype="java.lang.String" name="uri" type="String"><body><div>the namespace URI. If this is the empty string, then (a) if the prefix is empty, the
            namespace binding is ignored; (b) otherwise, an exception is raised (namespace undeclarations
            are not permitted).</div></body></param></params></method><method fulltype="net.sf.saxon.sapling.SaplingElement" id="withText" type="SaplingElement" visibility="public"><comment><body><div>Add a text node as a child to this element, returning a new sapling element node.
 This is a convenience method: <code>e.withText("value")</code> is equavalent to
 <code>e.withChild(text("value"))</code></div></body><sentence>Add a text node as a child to this element, returning a new sapling element node.</sentence><return><body><div>a new element node, identical to this element but with the new text node as
 an additional child</div></body></return></comment><params><param fulltype="java.lang.String" name="value" type="String"><body><div>the string value of a new text node, which will be added as a child
              to this element after any existing children</div></body></param></params></method></methods></class><class id="SaplingNode" abstract="true" fulltype="net.sf.saxon.sapling.SaplingNode" superclass="Object" superclassfulltype="java.lang.Object" visibility="public"><comment><body><div>This class represents a sapling node. Sapling nodes represent transient nodes used in the course
 of tree construction; they are intended to have a very lightweight implementation, making construction
 as simple as possible, and they do not support any complex navigation or query interfaces. Typically
 when construction of a sapling tree is complete it will be converted to a regular <tag kind="see">net.sf.saxon.om.NodeInfo</tag>
 or <tag kind="see">net.sf.saxon.s9api.XdmNode</tag> for further processing, or it can be sent to a destination such as a <tag kind="see">net.sf.saxon.s9api.Serializer</tag>
 or <tag kind="see">net.sf.saxon.s9api.SchemaValidator</tag>.

 <p>The <tag kind="code">SaplingDocument</tag> node at the root of a constructed tree implements the JAXP <tag kind="see">javax.xml.transform.Source</tag> interface
 which is widely accepted by a variety of interfaces in Saxon: this means that it can readily be used as
 input to a query, a transformation, a document builder, or a schema validator.</p>

 <p>Sapling nodes are immutable objects; operations such as <tag kind="see">net.sf.saxon.sapling.SaplingElement#withChild</tag> create a
 new object and leave the original unchanged. This eliminates the need (found in other models such as
 the DOM) to make copies of nodes when attaching them to a tree.</p>

 <p>The data model supported by Sapling nodes is close to the XDM model, but with some limitations:</p>

 <ul><li>All nodes are untyped (elements are of type xs:untyped, attributes are xs:untypedAtomic).</li><li>The ID, IDREF, and NILLED properties cannot be set.</li><li>Some constraints on the model (for example, rules on the lexical form of names) are not enforced
     by the construction API.</li><li>Elements cannot have an independent base URI property, except to the extent that this can be
     defined using <code>xml:base</code> attributes; only document nodes have their own base URI</li><li>Zero length text nodes and adjacent text node siblings are permitted (they will be merged or
     eliminated when the sapling tree is converted to a regular node tree)</li></ul>

 <p>Attributes are not represented as nodes in their own right, but rather as properties of element nodes.</p>

 <p>The internal representation of document and element nodes include a list of the node's children; but there
 are no links back from a node to its parent. This enables a node to be attached as a child to many different
 parents. This does not create problems, because nodes are immutable, and there are no operations that depend
 on concepts of node identity or document order.</p>

 <p>As in XDM, an element node contains a set of in-scope namespaces. There is no requirement that the in-scope
 namespaces of an element should be in any way related to those of its child or parent elements. Operations
 that construct a regular tree from a sapling tree will introduce namespace inheritance, whereby namespaces defined
 on a parent element are inherited by its children. Namespace bindings for the (prefix, URI) pairs used in the
 names of elements and attributes are added to an element automatically; additional namespace bindings may be
 added by explicit API request.</p></div></body><sentence>This class represents a sapling node.</sentence></comment><fields/><methods><constructor id="SaplingNode" visibility="public"/><method abstract="true" fulltype="void" id="deliver" type="void" visibility="public"><comment><sentence>Send a sequence of events representing this node to a supplied Receiver</sentence></comment><params><param fulltype="net.sf.saxon.event.Receiver" name="receiver" type="Receiver"><body><div>the receiver to which the events are to be sent</div></body></param><param fulltype="net.sf.saxon.lib.ParseOptions" name="options" type="ParseOptions"><body><div>parse options (currently ignored)</div></body></param></params><exceptions><exception fulltype="net.sf.saxon.trans.XPathException" id="XPathException"><sentence>XPathException if the receiver throws an exception</sentence></exception></exceptions></method><method fulltype="net.sf.saxon.ma.trie.ImmutableList" id="emptyNodeList" type="ImmutableList" visibility="protected"><type fulltype="net.sf.saxon.sapling.SaplingNode" type="SaplingNode"/></method><method abstract="true" fulltype="int" id="getNodeKind" type="int" visibility="public"><comment><sentence>Get the kind of node (document, element, text, comment, or processing instruction)</sentence><return><body><div>the kind of node, for example <tag kind="see">net.sf.saxon.type.Type#ELEMENT</tag> for an element node.</div></body></return></comment></method></methods><subclasses><class fulltype="net.sf.saxon.sapling.SaplingComment" type="SaplingComment"/><class fulltype="net.sf.saxon.sapling.SaplingDocument" type="SaplingDocument"/><class fulltype="net.sf.saxon.sapling.SaplingElement" type="SaplingElement"/><class fulltype="net.sf.saxon.sapling.SaplingProcessingInstruction" type="SaplingProcessingInstruction"/><class fulltype="net.sf.saxon.sapling.SaplingText" type="SaplingText"/></subclasses></class><class id="SaplingProcessingInstruction" fulltype="net.sf.saxon.sapling.SaplingProcessingInstruction" superclass="SaplingNode" superclassfulltype="net.sf.saxon.sapling.SaplingNode" visibility="public"><extends><interface fulltype="net.sf.saxon.sapling.SaplingNode" type="SaplingNode"/></extends><comment><sentence>A processing-instruction node in a sapling tree</sentence></comment><fields/><methods><constructor id="SaplingProcessingInstruction" visibility="public"><comment><sentence>Construct a sapling processing-instruction node with a given name and string value</sentence></comment><params><param fulltype="java.lang.String" name="name" type="String"><body><div>the name of the processing-instruction node (also called the "target").
             This should be an NCName; but this is not checked.</div></body></param><param fulltype="java.lang.String" name="value" type="String"><body><div>the string value of the processing-instruction node (also called the "data").
              This should not start with an initial space,
              and it should not contain the substring <tag kind="code">"?&gt;"</tag>, but this is not checked.</div></body></param></params></constructor><method fulltype="void" id="deliver" type="void" visibility="public"><override-of fulltype="net.sf.saxon.sapling.SaplingNode" method="deliver(net.sf.saxon.event.Receiver, net.sf.saxon.lib.ParseOptions)" type="SaplingNode"/><params><param fulltype="net.sf.saxon.event.Receiver" name="receiver" type="Receiver"/><param fulltype="net.sf.saxon.lib.ParseOptions" name="options" type="ParseOptions"/></params><exceptions><exception fulltype="net.sf.saxon.trans.XPathException" id="XPathException"/></exceptions></method><method fulltype="java.lang.String" id="getName" type="String" visibility="public"><comment><sentence>Get the name of the processing instruction node</sentence><return><body><div>the name of the node (the processing-instruction target)</div></body></return></comment></method><method fulltype="int" id="getNodeKind" type="int" visibility="public"><override-of fulltype="net.sf.saxon.sapling.SaplingNode" method="getNodeKind()" type="SaplingNode"/></method><method fulltype="java.lang.String" id="getStringValue" type="String" visibility="public"><comment><sentence>Get the string value of the processing instruction node</sentence><return><body><div>the string value of the node (the processing-instruction data)</div></body></return></comment></method></methods></class><class id="Saplings" fulltype="net.sf.saxon.sapling.Saplings" superclass="Object" superclassfulltype="java.lang.Object" visibility="public"><comment><sentence>This is a non-instantiable class holding a number of convenience methods for creating
 sapling nodes of different kinds.</sentence><attribute name="@see" see="java">net.sf.saxon.sapling.SaplingNode</attribute></comment><fields/><methods><method fulltype="net.sf.saxon.sapling.SaplingComment" id="comment" static="true" type="SaplingComment" visibility="public"><comment><sentence>Create a sapling comment node, with a given string value</sentence><return><body><div>the new node</div></body></return></comment><params><param fulltype="java.lang.String" name="value" type="String"><body><div>the string value of the comment node. This must not contain "--" as a substring,
              but the current implementation does not check this.</div></body></param></params></method><method fulltype="net.sf.saxon.sapling.SaplingDocument" id="doc" static="true" type="SaplingDocument" visibility="public"><comment><sentence>Create a sapling document node, with no children</sentence><return><body><div>the new node</div></body></return></comment></method><method fulltype="net.sf.saxon.sapling.SaplingDocument" id="doc" static="true" type="SaplingDocument" visibility="public"><comment><sentence>Create a sapling document node with a specified base URI, with no children</sentence><return><body><div>the new node</div></body></return></comment><params><param fulltype="java.lang.String" name="baseUri" type="String"><body><div>the base URI of the document</div></body></param></params></method><method fulltype="net.sf.saxon.sapling.SaplingElement" id="elem" static="true" type="SaplingElement" visibility="public"><comment><sentence>Create a sapling element node, in no namespace, with no attributes and no children</sentence><return><body><div>the new node</div></body></return></comment><params><param fulltype="java.lang.String" name="name" type="String"><body><div>the local name of the element node. This must be a valid NCName, but the
             current implementation does not check this.</div></body></param></params></method><method fulltype="net.sf.saxon.sapling.SaplingElement" id="elem" static="true" type="SaplingElement" visibility="public"><comment><sentence>Create a sapling element node, which may or may not be in a namespace, with no attributes and no children</sentence><return><body><div>the new node</div></body></return></comment><params><param fulltype="net.sf.saxon.s9api.QName" name="qName" type="QName"><body><div>the qualified name of the element. The current implementation does not check that the
              parts of the qualified name are syntactically valid.</div></body></param></params></method><method fulltype="net.sf.saxon.sapling.SaplingProcessingInstruction" id="pi" static="true" type="SaplingProcessingInstruction" visibility="public"><comment><sentence>Create a sapling processing instruction node, with a given name and string value</sentence><return><body><div>the new node</div></body></return></comment><params><param fulltype="java.lang.String" name="target" type="String"><body><div>the target (name) of the processing instruction. This must be a valid NCName,
               but the current implementation does not check this.</div></body></param><param fulltype="java.lang.String" name="data" type="String"><body><div>the string value of the processing instruction node. This must not contain <tag kind="code">"?&gt;"</tag> as a substring,
               but the current implementation does not check this.</div></body></param></params></method><method fulltype="net.sf.saxon.sapling.SaplingText" id="text" static="true" type="SaplingText" visibility="public"><comment><sentence>Create a sapling text node, with a given string value</sentence><return><body><div>the new node</div></body></return></comment><params><param fulltype="java.lang.String" name="value" type="String"><body><div>the string value of the text node</div></body></param></params></method></methods></class><class id="SaplingText" fulltype="net.sf.saxon.sapling.SaplingText" superclass="SaplingNode" superclassfulltype="net.sf.saxon.sapling.SaplingNode" visibility="public"><extends><interface fulltype="net.sf.saxon.sapling.SaplingNode" type="SaplingNode"/></extends><fields/><methods><constructor id="SaplingText" visibility="public"><comment><sentence>Construct a sapling text node with a given string value</sentence></comment><params><param fulltype="java.lang.String" name="value" type="String"><body><div>the string value of the text node. Note that zero-length text nodes are allowed.</div></body></param></params></constructor><method fulltype="void" id="deliver" type="void" visibility="public"><override-of fulltype="net.sf.saxon.sapling.SaplingNode" method="deliver(net.sf.saxon.event.Receiver, net.sf.saxon.lib.ParseOptions)" type="SaplingNode"/><params><param fulltype="net.sf.saxon.event.Receiver" name="receiver" type="Receiver"/><param fulltype="net.sf.saxon.lib.ParseOptions" name="options" type="ParseOptions"/></params><exceptions><exception fulltype="net.sf.saxon.trans.XPathException" id="XPathException"/></exceptions></method><method fulltype="int" id="getNodeKind" type="int" visibility="public"><override-of fulltype="net.sf.saxon.sapling.SaplingNode" method="getNodeKind()" type="SaplingNode"/></method><method fulltype="java.lang.String" id="getStringValue" type="String" visibility="public"><comment><sentence>Get the string value of the text node</sentence><return><body><div>the string value of the node</div></body></return></comment></method></methods></class></package>