<?xml version="1.0" encoding="UTF-8"?><package id="net.sf.saxon.functions.registry"><class id="BuiltInFunctionSet" abstract="true" fulltype="net.sf.saxon.functions.registry.BuiltInFunctionSet" superclass="Object" superclassfulltype="java.lang.Object" visibility="public"><implements><interface fulltype="net.sf.saxon.functions.FunctionLibrary" type="FunctionLibrary"/></implements><comment><sentence>This class is used to contain information about a set of built-in functions.</sentence></comment><fields><field const="33554432" constexpr="33554432" final="true" fulltype="int" id="ABS" static="true" type="int" visibility="protected"/><field const="1" constexpr="1" final="true" fulltype="int" id="AS_ARG0" static="true" type="int" visibility="public"><comment><sentence>Function properties</sentence></comment></field><field const="2" constexpr="2" final="true" fulltype="int" id="AS_PRIM_ARG0" static="true" type="int" visibility="public"/><field const="8" constexpr="8" final="true" fulltype="int" id="BASE" static="true" type="int" visibility="public"/><field const="32768" constexpr="32768" final="true" fulltype="int" id="CARD0" static="true" type="int" visibility="public"/><field const="16384" constexpr="16384" final="true" fulltype="int" id="CDOC" static="true" type="int" visibility="public"/><field const="4" constexpr="4" final="true" fulltype="int" id="CITEM" static="true" type="int" visibility="public"/><field const="131072" constexpr="131072" final="true" fulltype="int" id="CTRL" static="true" type="int" visibility="public"/><field const="32" constexpr="32" final="true" fulltype="int" id="DCOLL" static="true" type="int" visibility="public"/><field const="56" constexpr="56" final="true" fulltype="int" id="DEPENDS_ON_STATIC_CONTEXT" static="true" type="int" visibility="public"/><field const="64" constexpr="64" final="true" fulltype="int" id="DLANG" static="true" type="int" visibility="public"/><field fulltype="net.sf.saxon.om.Sequence" id="EMPTY" static="true" type="Sequence" visibility="public"/><field const="256" constexpr="256" final="true" fulltype="int" id="FILTER" static="true" type="int" visibility="public"/><field const="22532" constexpr="22532" final="true" fulltype="int" id="FOCUS" static="true" type="int" visibility="public"/><field const="16777216" constexpr="16777216" final="true" fulltype="int" id="INS" static="true" type="int" visibility="protected"><comment><sentence>Classification of function arguments for serialization purposes; note that values must not conflict
 with bit settings used for cardinalities</sentence></comment></field><field const="4096" constexpr="4096" final="true" fulltype="int" id="LAST" static="true" type="int" visibility="public"/><field const="512" constexpr="512" final="true" fulltype="int" id="LATE" static="true" type="int" visibility="public"/><field const="134217728" constexpr="134217728" final="true" fulltype="int" id="NAV" static="true" type="int" visibility="protected"/><field const="65536" constexpr="65536" final="true" fulltype="int" id="NEW" static="true" type="int" visibility="public"/><field const="16" constexpr="16" final="true" fulltype="int" id="NS" static="true" type="int" visibility="public"/><field const="16384" constexpr="16384" final="true" fulltype="int" id="ONE" static="true" type="int" visibility="public"><comment><sentence>Local names used for cardinality values</sentence></comment></field><field const="24576" constexpr="24576" final="true" fulltype="int" id="OPT" static="true" type="int" visibility="public"/><field const="49152" constexpr="49152" final="true" fulltype="int" id="PLUS" static="true" type="int" visibility="public"/><field const="2048" constexpr="2048" final="true" fulltype="int" id="POSN" static="true" type="int" visibility="public"/><field const="262144" constexpr="262144" final="true" fulltype="int" id="SEQV" static="true" type="int" visibility="public"/><field const="8192" constexpr="8192" final="true" fulltype="int" id="SIDE" static="true" type="int" visibility="public"/><field const="57344" constexpr="57344" final="true" fulltype="int" id="STAR" static="true" type="int" visibility="public"/><field const="67108864" constexpr="67108864" final="true" fulltype="int" id="TRA" static="true" type="int" visibility="protected"/><field const="1024" constexpr="1024" final="true" fulltype="int" id="UO" static="true" type="int" visibility="public"/></fields><methods><constructor id="BuiltInFunctionSet" visibility="public"/><method fulltype="net.sf.saxon.expr.Expression" id="bind" type="Expression" visibility="public"><comment><body><div>Bind a function, given the URI and local parts of the function name,
 and the list of expressions supplied as arguments. This method is called at compile
 time.</div></body><sentence>Bind a function, given the URI and local parts of the function name,
 and the list of expressions supplied as arguments.</sentence><return><body><div>An expression equivalent to a call on the specified function, if one is found;
 null if no function was found matching the required name and arity.</div></body></return></comment><params><param fulltype="net.sf.saxon.trans.SymbolicName.F" name="symbolicName" type="SymbolicName.F"><body><div>the symbolic name of the function being called</div></body></param><param fulltype="net.sf.saxon.expr.Expression[]" name="staticArgs" type="Expression[]"><body><div>May be null; if present, the length of the array must match the
                     value of arity. Contains the expressions supplied statically in arguments to the function call.
                     The intention is
                     that the static type of the arguments (obtainable via getItemType() and getCardinality()) may
                     be used as part of the binding algorithm. In some cases it may be possible for the function
                     to be pre-evaluated at compile time, for example if these expressions are all constant values.
                     <p>The conventions of the XPath language demand that the results of a function depend only on the
                     values of the expressions supplied as arguments, and not on the form of those expressions. For
                     example, the result of f(4) is expected to be the same as f(2+2). The actual expression is supplied
                     here to enable the binding mechanism to select the most efficient possible implementation (including
                     compile-time pre-evaluation where appropriate).</p></div></body></param><param fulltype="net.sf.saxon.expr.StaticContext" name="env" type="StaticContext"><body><div>The static context of the function call</div></body></param><param fulltype="java.util.List" name="reasons" type="List"><type fulltype="java.lang.String" type="String"/><body><div>If no matching function is found by the function library, it may add
                     a diagnostic explanation to this list explaining why none of the available
                     functions could be used.</div></body></param></params></method><method fulltype="net.sf.saxon.functions.FunctionLibrary" id="copy" type="FunctionLibrary" visibility="public"><comment><sentence>This method creates a copy of a FunctionLibrary: if the original FunctionLibrary allows
 new functions to be added, then additions to this copy will not affect the original, or
 vice versa.</sentence><return><body><div>a copy of this function library. This must be an instance of the original class.</div></body></return></comment></method><method fulltype="java.lang.String" id="getConventionalPrefix" type="String" visibility="public"><comment><sentence>Return a conventional prefix for use with this namespace, typically
 the prefix used in the documentation of these functions.</sentence><return><body><div>the string "fn"</div></body></return></comment></method><method fulltype="net.sf.saxon.functions.registry.BuiltInFunctionSet.Entry" id="getFunctionDetails" type="BuiltInFunctionSet.Entry" visibility="public"><comment><sentence>Locate the entry for a function with a given name and arity, if it exists</sentence><return><body><div>the entry for the required function, or null if not found</div></body></return></comment><params><param fulltype="java.lang.String" name="name" type="String"><body><div>the local part of the function name</div></body></param><param fulltype="int" name="arity" type="int"><body><div>the arity of the function. -1 considers all possibly arities and returns an arbitrary function
              if one exists with the right name.</div></body></param></params></method><method fulltype="net.sf.saxon.om.Function" id="getFunctionItem" type="Function" visibility="public"><comment><body><div>Test whether a function with a given name and arity is available; if so, return a function
 item that can be dynamically called.
 <p>This supports the function-lookup() function in XPath 3.0.</p></div></body><sentence>Test whether a function with a given name and arity is available; if so, return a function
 item that can be dynamically called.</sentence><return><body><div>if a function of this name and arity is available for calling, then a corresponding
 function item; or null if the function does not exist</div></body></return></comment><params><param fulltype="net.sf.saxon.trans.SymbolicName.F" name="symbolicName" type="SymbolicName.F"><body><div>the qualified name of the function being called</div></body></param><param fulltype="net.sf.saxon.expr.StaticContext" name="staticContext" type="StaticContext"><body><div>the static context to be used by the function, in the event that
                      it is a system function with dependencies on the static context</div></body></param></params><exceptions><exception fulltype="net.sf.saxon.trans.XPathException" id="XPathException"><sentence>XPathException in the event of certain errors, for example attempting to get a function
                        that is private</sentence></exception></exceptions></method><method fulltype="java.lang.String" id="getNamespace" type="String" visibility="public"><comment><sentence>Return the namespace URI for the functions local to this function set.</sentence><return><body><div>the namespace URI of the functions local to this function set.
 Note that functions imported from another function set may have a different
 namespace URI.</div></body></return></comment></method><method final="true" fulltype="void" id="importFunctionSet" type="void" visibility="public"><comment><sentence>Import another function set (which must be in the same namespace)</sentence></comment><params><param fulltype="net.sf.saxon.functions.registry.BuiltInFunctionSet" name="importee" type="BuiltInFunctionSet"><body><div>the function set to be imported. (No cycles allowed!)</div></body></param></params></method><method fulltype="boolean" id="isAvailable" type="boolean" visibility="public"><comment><body><div>Test whether a function with a given name and arity is available
 <p>This supports the function-available() function in XSLT.</p></div></body><sentence>Test whether a function with a given name and arity is available</sentence><return><body><div>true if a function of this name and arity is available for calling</div></body></return></comment><params><param fulltype="net.sf.saxon.trans.SymbolicName.F" name="symbolicName" type="SymbolicName.F"><body><div>the qualified name of the function being called, together with its arity.
                     For legacy reasons, the arity may be set to -1 to mean any arity will do</div></body></param><param fulltype="int" name="languageLevel" type="int"><body><div>the XPath language level (times 10, e.g. 31 for XPath 3.1)</div></body></param></params></method><method fulltype="net.sf.saxon.functions.SystemFunction" id="makeFunction" type="SystemFunction" visibility="public"><params><param fulltype="java.lang.String" name="name" type="String"/><param fulltype="int" name="arity" type="int"/></params><exceptions><exception fulltype="net.sf.saxon.trans.XPathException" id="XPathException"/></exceptions></method><method fulltype="net.sf.saxon.functions.registry.BuiltInFunctionSet.Entry" id="register" type="BuiltInFunctionSet.Entry" visibility="protected"><comment><sentence>Register a system function in the table of function details.</sentence><return><body><div>the entry describing the function. The entry is incomplete, it does not yet contain information
 about the function arguments.</div></body></return></comment><params><param fulltype="java.lang.String" name="name" type="String"><body><div>the function name</div></body></param><param fulltype="int" name="arity" type="int"><body><div>the function arity (-1 is treated specially)</div></body></param><param fulltype="java.lang.Class" name="implementationClass" type="Class"><type fulltype="net.sf.saxon.functions.SystemFunction" extendby="?" type="SystemFunction"/><body><div>the class used to implement the function</div></body></param><param fulltype="net.sf.saxon.type.ItemType" name="itemType" type="ItemType"><body><div>the item type of the result of the function</div></body></param><param fulltype="int" name="cardinality" type="int"><body><div>the cardinality of the result of the function</div></body></param><param fulltype="int" name="properties" type="int"><body><div>bitwise properties of the function</div></body></param></params></method><method fulltype="void" id="registerReducedArityVariants" type="void" visibility="protected"><comment><sentence>Register reduced-arity versions of a function, with arities in a specified range,
 using common argument and return types</sentence></comment><params><param fulltype="java.lang.String" name="key" type="String"><body><div>the function name</div></body></param><param fulltype="int" name="min" type="int"><body><div>the minimum arity</div></body></param><param fulltype="int" name="max" type="int"><body><div>the maximum arity</div></body></param></params></method></methods><class id="BuiltInFunctionSet.Entry" fulltype="net.sf.saxon.functions.registry.BuiltInFunctionSet.Entry" static="true" superclass="Object" superclassfulltype="java.lang.Object" visibility="public"><comment><sentence>An entry in the table describing the properties of a function</sentence></comment><fields><field fulltype="net.sf.saxon.value.SequenceType[]" id="argumentTypes" type="SequenceType" visibility="public"><comment><sentence>An array holding the types of the arguments to the function</sentence></comment></field><field fulltype="int" id="arity" type="int" visibility="public"><comment><sentence>The arity of the function</sentence></comment></field><field fulltype="int" id="cardinality" type="int" visibility="public"><comment><sentence>The cardinality of the result of the function</sentence></comment></field><field fulltype="net.sf.saxon.functions.registry.BuiltInFunctionSet" id="functionSet" type="BuiltInFunctionSet" visibility="public"><comment><sentence>The function set in which this function is defined</sentence></comment></field><field fulltype="java.lang.Class" id="implementationClass" type="Class" visibility="public"><type extendby="?" fulltype="net.sf.saxon.functions.SystemFunction" type="SystemFunction"/><comment><sentence>The class containing the implementation of this function (always a subclass of SystemFunction)</sentence></comment></field><field fulltype="net.sf.saxon.type.ItemType" id="itemType" type="ItemType" visibility="public"><comment><sentence>The item type of the result of the function</sentence></comment></field><field fulltype="net.sf.saxon.om.StructuredQName" id="name" type="StructuredQName" visibility="public"><comment><sentence>The name of the function as a QName</sentence></comment></field><field fulltype="net.sf.saxon.functions.OptionsParameter" id="optionDetails" type="OptionsParameter" visibility="public"><comment><sentence>For options parameters, details of the accepted options, their defaults, and required type</sentence></comment></field><field fulltype="int" id="properties" type="int" visibility="public"><comment><body><div>Any additional properties. Various bit settings are defined: for example SAME_AS_FIRST_ARGUMENT indicates that
 the result type is the same as the type of the first argument</div></body><sentence>Any additional properties.</sentence></comment></field><field fulltype="net.sf.saxon.om.Sequence[]" id="resultIfEmpty" type="Sequence" visibility="public"><comment><sentence>An array holding, for each declared argument, the value that is to be returned if an empty sequence
 as the value of this argument allows the result to be determined irrespective of the values of the
 other arguments; null if there is no such calculation possible</sentence></comment></field><field fulltype="net.sf.saxon.expr.OperandUsage[]" id="usage" type="OperandUsage" visibility="public"><comment><sentence>The syntactic context of each argument for the purposes of streamability analysis</sentence></comment></field></fields><methods><constructor id="Entry" visibility="public"/><method fulltype="net.sf.saxon.functions.registry.BuiltInFunctionSet.Entry" id="arg" type="BuiltInFunctionSet.Entry" visibility="public"><comment><sentence>Add information to a function entry about the argument types of the function</sentence><return><body><div>this entry (to allow chaining)</div></body></return></comment><params><param fulltype="int" name="a" type="int"><body><div>the position of the argument, counting from zero</div></body></param><param fulltype="net.sf.saxon.type.ItemType" name="type" type="ItemType"><body><div>the item type of the argument</div></body></param><param fulltype="int" name="options" type="int"><body><div>the cardinality and usage of the argument</div></body></param><param fulltype="net.sf.saxon.om.Sequence" name="resultIfEmpty" type="Sequence"><body><div>the value returned by the function if an empty sequence appears as the value
                      of this argument, in the case when this result is unaffected by any other arguments. Supply null
                      if this does not apply.</div></body></param></params></method><method fulltype="net.sf.saxon.functions.registry.BuiltInFunctionSet.Entry" id="setOptionDetails" type="BuiltInFunctionSet.Entry" visibility="public"><comment><sentence>Add details for options parameters (only applies to one argument, the function is expected to know which)</sentence></comment><params><param fulltype="net.sf.saxon.functions.OptionsParameter" name="details" type="OptionsParameter"/></params></method></methods></class><subclasses><class fulltype="net.sf.saxon.ma.arrays.ArrayFunctionSet" type="ArrayFunctionSet"/><class fulltype="com.saxonica.functions.extfn.EXPathBinaryFunctionSet" type="EXPathBinaryFunctionSet"/><class fulltype="com.saxonica.functions.extfn.EXPathFileFunctionSet" type="EXPathFileFunctionSet"/><class fulltype="net.sf.saxon.functions.registry.ExsltCommonFunctionSet" type="ExsltCommonFunctionSet"/><class fulltype="com.saxonica.ee.extfn.js.IXSLFunctionSet" type="IXSLFunctionSet"/><class fulltype="net.sf.saxon.ma.map.MapFunctionSet" type="MapFunctionSet"/><class fulltype="net.sf.saxon.functions.MathFunctionSet" type="MathFunctionSet"/><class fulltype="com.saxonica.functions.sql.SQLFunctionSet" type="SQLFunctionSet"/><class fulltype="net.sf.saxon.functions.registry.UseWhen30FunctionSet" type="UseWhen30FunctionSet"/><class fulltype="com.saxonica.ee.extfn.VendorFunctionSetEE" type="VendorFunctionSetEE"/><class fulltype="net.sf.saxon.functions.registry.VendorFunctionSetHE" type="VendorFunctionSetHE"/><class fulltype="com.saxonica.functions.extfn.VendorFunctionSetPE" type="VendorFunctionSetPE"/><class fulltype="net.sf.saxon.functions.registry.XPath20FunctionSet" type="XPath20FunctionSet"/><class fulltype="net.sf.saxon.functions.registry.XPath30FunctionSet" type="XPath30FunctionSet"/><class fulltype="net.sf.saxon.functions.registry.XPath31FunctionSet" type="XPath31FunctionSet"/><class fulltype="net.sf.saxon.functions.registry.XPath40FunctionSet" type="XPath40FunctionSet"/><class fulltype="com.saxonica.functions.registry.XQUpdate10FunctionSet" type="XQUpdate10FunctionSet"/><class fulltype="net.sf.saxon.functions.registry.XSLT30FunctionSet" type="XSLT30FunctionSet"/></subclasses></class><class id="ConstructorFunctionLibrary" fulltype="net.sf.saxon.functions.registry.ConstructorFunctionLibrary" superclass="Object" superclassfulltype="java.lang.Object" visibility="public"><implements><interface fulltype="net.sf.saxon.functions.FunctionLibrary" type="FunctionLibrary"/></implements><comment><body><div>The ConstructorFunctionLibrary represents the collection of constructor functions for atomic types. These
 are provided for the built-in types such as xs:integer and xs:date, and also for user-defined atomic types.</div></body><sentence>The ConstructorFunctionLibrary represents the collection of constructor functions for atomic types.</sentence></comment><fields/><methods><constructor id="ConstructorFunctionLibrary" visibility="public"><comment><sentence>Create a SystemFunctionLibrary</sentence></comment><params><param fulltype="net.sf.saxon.Configuration" name="config" type="Configuration"><body><div>the Configuration</div></body></param></params></constructor><method fulltype="net.sf.saxon.expr.Expression" id="bind" type="Expression" visibility="public"><comment><body><div>Bind a static function call, given the URI and local parts of the function name,
 and the list of expressions supplied as arguments. This method is called at compile
 time.</div></body><sentence>Bind a static function call, given the URI and local parts of the function name,
 and the list of expressions supplied as arguments.</sentence><return><body><div>An object representing the constructor function to be called, if one is found;
         null if no constructor function was found matching the required name and arity.</div></body></return></comment><params><param fulltype="net.sf.saxon.trans.SymbolicName.F" name="functionName" type="SymbolicName.F"><body><div>The QName of the function</div></body></param><param fulltype="net.sf.saxon.expr.Expression[]" name="arguments" type="Expression[]"><body><div>The expressions supplied statically in the function call. The intention is
                     that the static type of the arguments (obtainable via getItemType() and getCardinality() may
                     be used as part of the binding algorithm.</div></body></param><param fulltype="net.sf.saxon.expr.StaticContext" name="env" type="StaticContext"><body><div>The static context</div></body></param><param fulltype="java.util.List" name="reasons" type="List"><type fulltype="java.lang.String" type="String"/><body><div>If no matching function is found by the function library, it may add
                     a diagnostic explanation to this list explaining why none of the available
                     functions could be used.</div></body></param></params></method><method fulltype="net.sf.saxon.functions.FunctionLibrary" id="copy" type="FunctionLibrary" visibility="public"><comment><sentence>This method creates a copy of a FunctionLibrary: if the original FunctionLibrary allows
 new functions to be added, then additions to this copy will not affect the original, or
 vice versa.</sentence><return><body><div>a copy of this function library. This must be an instance of the original class.</div></body></return></comment></method><method fulltype="net.sf.saxon.om.Function" id="getFunctionItem" type="Function" visibility="public"><comment><body><div>Test whether a function with a given name and arity is available; if so, return a function
 item that can be dynamically called.
 <p>This supports the function-lookup() function in XPath 3.0.</p></div></body><sentence>Test whether a function with a given name and arity is available; if so, return a function
 item that can be dynamically called.</sentence><return><body><div>if a function of this name and arity is available for calling, then a corresponding
         function item; or null if the function does not exist</div></body></return></comment><params><param fulltype="net.sf.saxon.trans.SymbolicName.F" name="functionName" type="SymbolicName.F"><body><div>the qualified name of the function being called</div></body></param><param fulltype="net.sf.saxon.expr.StaticContext" name="staticContext" type="StaticContext"><body><div>the static context to be used by the function, in the event that
                      it is a system function with dependencies on the static context</div></body></param></params><exceptions><exception fulltype="net.sf.saxon.trans.XPathException" id="XPathException"><sentence>net.sf.saxon.trans.XPathException
          in the event of certain errors, for example attempting to get a function
          that is private</sentence></exception></exceptions></method><method fulltype="boolean" id="isAvailable" type="boolean" visibility="public"><params><param fulltype="net.sf.saxon.trans.SymbolicName.F" name="functionName" type="SymbolicName.F"/><param fulltype="int" name="languageLevel" type="int"/></params></method></methods></class><class id="ExsltCommonFunctionSet" fulltype="net.sf.saxon.functions.registry.ExsltCommonFunctionSet" superclass="BuiltInFunctionSet" superclassfulltype="net.sf.saxon.functions.registry.BuiltInFunctionSet" visibility="public"><extends><inherits><interface fulltype="net.sf.saxon.functions.FunctionLibrary" type="FunctionLibrary"/></inherits><interface fulltype="net.sf.saxon.functions.registry.BuiltInFunctionSet" type="BuiltInFunctionSet"/></extends><comment><body><div>Implementation of the exslt-common function library. This is available in all Saxon versions.</div></body><sentence>Implementation of the exslt-common function library.</sentence></comment><fields/><methods><method fulltype="java.lang.String" id="getConventionalPrefix" type="String" visibility="public"><override-of fulltype="net.sf.saxon.functions.registry.BuiltInFunctionSet" method="getConventionalPrefix()" type="BuiltInFunctionSet"/></method><method fulltype="net.sf.saxon.functions.registry.ExsltCommonFunctionSet" id="getInstance" static="true" type="ExsltCommonFunctionSet" visibility="public"/><method fulltype="java.lang.String" id="getNamespace" type="String" visibility="public"><override-of fulltype="net.sf.saxon.functions.registry.BuiltInFunctionSet" method="getNamespace()" type="BuiltInFunctionSet"/></method></methods><class id="ExsltCommonFunctionSet.NodeSetFn" fulltype="net.sf.saxon.functions.registry.ExsltCommonFunctionSet.NodeSetFn" static="true" superclass="SystemFunction" superclassfulltype="net.sf.saxon.functions.SystemFunction" visibility="public"><extends><interface fulltype="net.sf.saxon.functions.SystemFunction" type="SystemFunction"><extends><inherits><interface fulltype="net.sf.saxon.om.Function" type="Function"/></inherits><interface fulltype="net.sf.saxon.functions.AbstractFunction" type="AbstractFunction"/></extends></interface></extends><comment><sentence>Implement exslt:node-set</sentence></comment><fields/><methods><constructor id="NodeSetFn" visibility="public"/><method fulltype="net.sf.saxon.om.Sequence" id="call" type="Sequence" visibility="public"><params><param fulltype="net.sf.saxon.expr.XPathContext" name="context" type="XPathContext"/><param fulltype="net.sf.saxon.om.Sequence[]" name="arguments" type="Sequence[]"/></params><exceptions><exception fulltype="net.sf.saxon.trans.XPathException" id="XPathException"/></exceptions></method></methods></class><class id="ExsltCommonFunctionSet.ObjectTypeFn" fulltype="net.sf.saxon.functions.registry.ExsltCommonFunctionSet.ObjectTypeFn" static="true" superclass="SystemFunction" superclassfulltype="net.sf.saxon.functions.SystemFunction" visibility="public"><extends><interface fulltype="net.sf.saxon.functions.SystemFunction" type="SystemFunction"><extends><inherits><interface fulltype="net.sf.saxon.om.Function" type="Function"/></inherits><interface fulltype="net.sf.saxon.functions.AbstractFunction" type="AbstractFunction"/></extends></interface></extends><comment><sentence>Implement exslt:object-type</sentence></comment><fields/><methods><constructor id="ObjectTypeFn" visibility="public"/><method fulltype="net.sf.saxon.om.Sequence" id="call" type="Sequence" visibility="public"><params><param fulltype="net.sf.saxon.expr.XPathContext" name="context" type="XPathContext"/><param fulltype="net.sf.saxon.om.Sequence[]" name="arguments" type="Sequence[]"/></params><exceptions><exception fulltype="net.sf.saxon.trans.XPathException" id="XPathException"/></exceptions></method></methods></class></class><class id="ExtensionFunctionFactory" abstract="true" fulltype="net.sf.saxon.functions.registry.ExtensionFunctionFactory" interface="true" visibility="public"><comment><body><div>This is a marker interface representing an abstract superclass of JavaExtensionFunctionFactory
 and DotNetExtensionFunctionFactory. These play equivalent roles in the system: that is, they
 are responsible for determining how the QNames of extension functions are bound to concrete
 implementation classes; but they do not share the same interface.
 <p>This interface was introduced in Saxon 8.9. Prior to that, <code>ExtensionFunctionFactory</code>
 was a concrete class - the class now named <code>JavaExtensionFunctionFactory</code>.</p></div></body><sentence>This is a marker interface representing an abstract superclass of JavaExtensionFunctionFactory
 and DotNetExtensionFunctionFactory.</sentence></comment><fields/><implemented-by><class fulltype="com.saxonica.config.JavaExtensionFunctionFactory" type="JavaExtensionFunctionFactory"/></implemented-by></class><class id="OnDemandFunctionSet" fulltype="net.sf.saxon.functions.registry.OnDemandFunctionSet" superclass="Object" superclassfulltype="java.lang.Object" visibility="public"><implements><interface fulltype="net.sf.saxon.functions.FunctionLibrary" type="FunctionLibrary"/></implements><comment><body><div>The <tt>OnDemandFunctionSet</tt> represents a function library where the implementation classes
 are loaded dynamically on demand. The idea is that no failure should occur if implementations
 are not available unless the functions are actually required. The class contains the name of
 a real FunctionLibrary containing the function implementations; that FunctionLibrary is dynamically
 loaded if an attempt is made to bind a function name in the namespace registered with this
 class.
 <p>This mechanism is currently used for the SQL function library, because the implementations
 of these functions are shipped in a separate JAR file (and this is not available on .NET).
 If the target function library cannot be loaded, the relevant functions will be reported as
 being not available.</p></div></body><sentence>The OnDemandFunctionSet represents a function library where the implementation classes
 are loaded dynamically on demand.</sentence></comment><fields/><methods><constructor id="OnDemandFunctionSet" visibility="public"><params><param fulltype="net.sf.saxon.Configuration" name="config" type="Configuration"/><param fulltype="java.lang.String" name="namespace" type="String"/><param fulltype="java.lang.String" name="libraryClass" type="String"/></params></constructor><method fulltype="net.sf.saxon.expr.Expression" id="bind" type="Expression" visibility="public"><params><param fulltype="net.sf.saxon.trans.SymbolicName.F" name="functionName" type="SymbolicName.F"/><param fulltype="net.sf.saxon.expr.Expression[]" name="staticArgs" type="Expression[]"/><param fulltype="net.sf.saxon.expr.StaticContext" name="env" type="StaticContext"/><param fulltype="java.util.List" name="reasons" type="List"><type fulltype="java.lang.String" type="String"/></param></params></method><method fulltype="net.sf.saxon.functions.FunctionLibrary" id="copy" type="FunctionLibrary" visibility="public"/><method fulltype="net.sf.saxon.om.Function" id="getFunctionItem" type="Function" visibility="public"><params><param fulltype="net.sf.saxon.trans.SymbolicName.F" name="functionName" type="SymbolicName.F"/><param fulltype="net.sf.saxon.expr.StaticContext" name="staticContext" type="StaticContext"/></params><exceptions><exception fulltype="net.sf.saxon.trans.XPathException" id="XPathException"/></exceptions></method><method fulltype="boolean" id="isAvailable" type="boolean" visibility="public"><params><param fulltype="net.sf.saxon.trans.SymbolicName.F" name="functionName" type="SymbolicName.F"/><param fulltype="int" name="languageLevel" type="int"/></params></method></methods></class><class id="SefFunction" fulltype="net.sf.saxon.functions.registry.SefFunction" superclass="SystemFunction" superclassfulltype="net.sf.saxon.functions.SystemFunction" visibility="public"><extends><interface fulltype="net.sf.saxon.functions.SystemFunction" type="SystemFunction"><extends><inherits><interface fulltype="net.sf.saxon.om.Function" type="Function"/></inherits><interface fulltype="net.sf.saxon.functions.AbstractFunction" type="AbstractFunction"/></extends></interface></extends><comment><sentence>Represents a system function whose implementation is written in XSLT, and which
 is implemented here by loading the pre-compiled code from a system SEF file.</sentence></comment><fields><field fulltype="net.sf.saxon.trans.SymbolicName.F" id="functionAlias" type="SymbolicName.F" visibility="protected"/><field fulltype="net.sf.saxon.style.StylesheetPackage" id="pack" type="StylesheetPackage" visibility="protected"/></fields><methods><constructor id="SefFunction" visibility="public"/><method fulltype="net.sf.saxon.om.Sequence" id="call" type="Sequence" visibility="public"><comment><sentence>Invoke the function</sentence><return><body><div>the result of invoking the function</div></body></return></comment><params><param fulltype="net.sf.saxon.expr.XPathContext" name="context" type="XPathContext"><body><div>the XPath dynamic evaluation context</div></body></param><param fulltype="net.sf.saxon.om.Sequence[]" name="args" type="Sequence[]"><body><div>the actual arguments to be supplied</div></body></param></params><exceptions><exception fulltype="net.sf.saxon.trans.XPathException" id="XPathException"><sentence>XPathException if a dynamic error occurs within the function</sentence></exception></exceptions></method><method fulltype="net.sf.saxon.om.Sequence" id="callFunction" type="Sequence" visibility="protected"><params><param fulltype="net.sf.saxon.expr.XPathContext" name="context" type="XPathContext"/><param fulltype="net.sf.saxon.trans.SymbolicName.F" name="name" type="SymbolicName.F"/><param fulltype="net.sf.saxon.om.Sequence[]" name="args" type="Sequence[]"/></params><exceptions><exception fulltype="net.sf.saxon.trans.XPathException" id="XPathException"/></exceptions></method><method fulltype="net.sf.saxon.expr.Expression" id="makeFunctionCall" type="Expression" visibility="public"><comment><sentence>Make an expression that either calls this function, or that is equivalent to a call
 on this function</sentence><return><body><div>either a function call on this function, or an expression that delivers
 the same result</div></body></return></comment><override-of fulltype="net.sf.saxon.functions.SystemFunction" method="makeFunctionCall(net.sf.saxon.expr.Expression...)" type="SystemFunction"/><params><param fulltype="net.sf.saxon.expr.Expression[]" name="arguments" type="Expression[]"><body><div>the supplied arguments to the function call</div></body></param></params></method><method fulltype="void" id="setDetails" type="void" visibility="public"><comment><sentence>Set the details of this type of function</sentence></comment><override-of fulltype="net.sf.saxon.functions.SystemFunction" method="setDetails(net.sf.saxon.functions.registry.BuiltInFunctionSet.Entry)" type="SystemFunction"/><params><param fulltype="net.sf.saxon.functions.registry.BuiltInFunctionSet.Entry" name="entry" type="BuiltInFunctionSet.Entry"><body><div>information giving details of the function signature and other function properties</div></body></param></params></method></methods><subclasses><class fulltype="net.sf.saxon.functions.registry.XPath40FunctionSet.HighestOrLowest" type="XPath40FunctionSet.HighestOrLowest"/></subclasses></class><class id="UseWhen30FunctionSet" fulltype="net.sf.saxon.functions.registry.UseWhen30FunctionSet" superclass="BuiltInFunctionSet" superclassfulltype="net.sf.saxon.functions.registry.BuiltInFunctionSet" visibility="public"><extends><inherits><interface fulltype="net.sf.saxon.functions.FunctionLibrary" type="FunctionLibrary"/></inherits><interface fulltype="net.sf.saxon.functions.registry.BuiltInFunctionSet" type="BuiltInFunctionSet"/></extends><comment><sentence>Function signatures (and pointers to implementations) of the functions available for use
 in static expressions (including use-when expressions) in XSLT 3.0 stylesheets</sentence></comment><fields/><methods><constructor id="UseWhen30FunctionSet" visibility="protected"/><method fulltype="void" id="addXPathFunctions" type="void" visibility="protected"/><method fulltype="net.sf.saxon.functions.registry.UseWhen30FunctionSet" id="getInstance" static="true" type="UseWhen30FunctionSet" visibility="public"/><method fulltype="void" id="init" type="void" visibility="protected"/></methods></class><class id="VendorFunctionSetHE" fulltype="net.sf.saxon.functions.registry.VendorFunctionSetHE" superclass="BuiltInFunctionSet" superclassfulltype="net.sf.saxon.functions.registry.BuiltInFunctionSet" visibility="public"><extends><inherits><interface fulltype="net.sf.saxon.functions.FunctionLibrary" type="FunctionLibrary"/></inherits><interface fulltype="net.sf.saxon.functions.registry.BuiltInFunctionSet" type="BuiltInFunctionSet"/></extends><comment><body><div>Implementation of vendor functions in the Saxon namespace, available in Saxon-HE because they
 are used internally. This library is available in all Saxon versions.</div></body><sentence>Implementation of vendor functions in the Saxon namespace, available in Saxon-HE because they
 are used internally.</sentence></comment><fields/><methods><method fulltype="java.lang.String" id="getConventionalPrefix" type="String" visibility="public"><override-of fulltype="net.sf.saxon.functions.registry.BuiltInFunctionSet" method="getConventionalPrefix()" type="BuiltInFunctionSet"/></method><method fulltype="net.sf.saxon.functions.registry.VendorFunctionSetHE" id="getInstance" static="true" type="VendorFunctionSetHE" visibility="public"/><method fulltype="java.lang.String" id="getNamespace" type="String" visibility="public"><override-of fulltype="net.sf.saxon.functions.registry.BuiltInFunctionSet" method="getNamespace()" type="BuiltInFunctionSet"/></method></methods><class id="VendorFunctionSetHE.ArrayAsSequenceOfMaps" fulltype="net.sf.saxon.functions.registry.VendorFunctionSetHE.ArrayAsSequenceOfMaps" static="true" superclass="SystemFunction" superclassfulltype="net.sf.saxon.functions.SystemFunction" visibility="public"><extends><interface fulltype="net.sf.saxon.functions.SystemFunction" type="SystemFunction"><extends><inherits><interface fulltype="net.sf.saxon.om.Function" type="Function"/></inherits><interface fulltype="net.sf.saxon.functions.AbstractFunction" type="AbstractFunction"/></extends></interface></extends><comment><sentence>Implementation of the function saxon:array-as-sequence-of-maps(array)</sentence></comment><fields/><methods><constructor id="ArrayAsSequenceOfMaps" visibility="public"/><method fulltype="net.sf.saxon.om.Sequence" id="call" type="Sequence" visibility="public"><params><param fulltype="net.sf.saxon.expr.XPathContext" name="context" type="XPathContext"/><param fulltype="net.sf.saxon.om.Sequence[]" name="arguments" type="Sequence[]"/></params><exceptions><exception fulltype="net.sf.saxon.trans.XPathException" id="XPathException"/></exceptions></method></methods></class><class id="VendorFunctionSetHE.DynamicErrorInfoFn" fulltype="net.sf.saxon.functions.registry.VendorFunctionSetHE.DynamicErrorInfoFn" static="true" superclass="SystemFunction" superclassfulltype="net.sf.saxon.functions.SystemFunction" visibility="public"><extends><interface fulltype="net.sf.saxon.functions.SystemFunction" type="SystemFunction"><extends><inherits><interface fulltype="net.sf.saxon.om.Function" type="Function"/></inherits><interface fulltype="net.sf.saxon.functions.AbstractFunction" type="AbstractFunction"/></extends></interface></extends><comment><sentence>Implement saxon:dynamic-error-info</sentence></comment><fields/><methods><constructor id="DynamicErrorInfoFn" visibility="public"/><method fulltype="net.sf.saxon.om.Sequence" id="call" type="Sequence" visibility="public"><params><param fulltype="net.sf.saxon.expr.XPathContext" name="context" type="XPathContext"/><param fulltype="net.sf.saxon.om.Sequence[]" name="arguments" type="Sequence[]"/></params><exceptions><exception fulltype="net.sf.saxon.trans.XPathException" id="XPathException"/></exceptions></method><method fulltype="int" id="getSpecialProperties" type="int" visibility="public"><comment><body><div>Determine the special properties of this function. The general rule
 is that a system function call is non-creative unless more details
 are defined in a subclass.</div></body><sentence>Determine the special properties of this function.</sentence></comment><override-of fulltype="net.sf.saxon.functions.SystemFunction" method="getSpecialProperties(net.sf.saxon.expr.Expression[])" type="SystemFunction"/><params><param fulltype="net.sf.saxon.expr.Expression[]" name="arguments" type="Expression[]"><body><div>the actual arguments supplied in a call to the function</div></body></param></params></method></methods></class><class id="VendorFunctionSetHE.HasLocalNamespaces" fulltype="net.sf.saxon.functions.registry.VendorFunctionSetHE.HasLocalNamespaces" static="true" superclass="SystemFunction" superclassfulltype="net.sf.saxon.functions.SystemFunction" visibility="public"><extends><interface fulltype="net.sf.saxon.functions.SystemFunction" type="SystemFunction"><extends><inherits><interface fulltype="net.sf.saxon.om.Function" type="Function"/></inherits><interface fulltype="net.sf.saxon.functions.AbstractFunction" type="AbstractFunction"/></extends></interface></extends><comment><body><div>Implement saxon:has-local-namespaces. The function takes an element node as input and returns
 true if (a) the element is parentless, or (b) the parent is a document node, or (c) the
 element has namespace declarations or undeclarations that differ from those of the parent
 element (that is, if its in-scope namespace bindings are different from those of the parent
 element).

 <p>This function is provided for use by the XSLT-compiler-in-XSLT, so that it can decide
 efficiently whether to generate an "ns" element containing namespace bindings in the SEF file.</p></div></body><sentence>Implement saxon:has-local-namespaces.</sentence></comment><fields/><methods><constructor id="HasLocalNamespaces" visibility="public"/><method fulltype="net.sf.saxon.value.BooleanValue" id="call" type="BooleanValue" visibility="public"><params><param fulltype="net.sf.saxon.expr.XPathContext" name="context" type="XPathContext"/><param fulltype="net.sf.saxon.om.Sequence[]" name="arguments" type="Sequence[]"/></params><exceptions><exception fulltype="net.sf.saxon.trans.XPathException" id="XPathException"/></exceptions></method></methods></class><class id="VendorFunctionSetHE.HasUniformNamespaces" fulltype="net.sf.saxon.functions.registry.VendorFunctionSetHE.HasUniformNamespaces" static="true" superclass="SystemFunction" superclassfulltype="net.sf.saxon.functions.SystemFunction" visibility="public"><extends><interface fulltype="net.sf.saxon.functions.SystemFunction" type="SystemFunction"><extends><inherits><interface fulltype="net.sf.saxon.om.Function" type="Function"/></inherits><interface fulltype="net.sf.saxon.functions.AbstractFunction" type="AbstractFunction"/></extends></interface></extends><comment><body><div>Implement saxon:has-uniform-namespaces. The function takes an element node as input and returns
 true if it can be guaranteed that all descendant elements have the same namespace context as
 the target element. (If the result is false, there may or may not be descendant elements
 with new namespace declarations or undeclarations.)

 <p>This function is provided for use by the XSLT-compiler-in-XSLT, so that it can decide
 efficiently whether to generate an "ns" element containing namespace bindings in the SEF file.</p>

 <p>Currently returns false for any non-TinyTree element.</p></div></body><sentence>Implement saxon:has-uniform-namespaces.</sentence></comment><fields/><methods><constructor id="HasUniformNamespaces" visibility="public"/><method fulltype="net.sf.saxon.value.BooleanValue" id="call" type="BooleanValue" visibility="public"><params><param fulltype="net.sf.saxon.expr.XPathContext" name="context" type="XPathContext"/><param fulltype="net.sf.saxon.om.Sequence[]" name="arguments" type="Sequence[]"/></params><exceptions><exception fulltype="net.sf.saxon.trans.XPathException" id="XPathException"/></exceptions></method></methods></class><class id="VendorFunctionSetHE.IsWholeNumberFn" fulltype="net.sf.saxon.functions.registry.VendorFunctionSetHE.IsWholeNumberFn" static="true" superclass="SystemFunction" superclassfulltype="net.sf.saxon.functions.SystemFunction" visibility="public"><extends><interface fulltype="net.sf.saxon.functions.SystemFunction" type="SystemFunction"><extends><inherits><interface fulltype="net.sf.saxon.om.Function" type="Function"/></inherits><interface fulltype="net.sf.saxon.functions.AbstractFunction" type="AbstractFunction"/></extends></interface></extends><comment><sentence>Implement saxon:is-whole-number</sentence></comment><fields/><methods><constructor id="IsWholeNumberFn" visibility="public"/><method fulltype="net.sf.saxon.om.Sequence" id="call" type="Sequence" visibility="public"><params><param fulltype="net.sf.saxon.expr.XPathContext" name="context" type="XPathContext"/><param fulltype="net.sf.saxon.om.Sequence[]" name="arguments" type="Sequence[]"/></params><exceptions><exception fulltype="net.sf.saxon.trans.XPathException" id="XPathException"/></exceptions></method><method fulltype="net.sf.saxon.expr.Expression" id="makeOptimizedFunctionCall" type="Expression" visibility="public"><comment><sentence>Allow the function to create an optimized call based on the values of the actual arguments</sentence><return><body><div>either a function call on this function, or an expression that delivers
 the same result, or null indicating that no optimization has taken place</div></body></return></comment><override-of fulltype="net.sf.saxon.functions.SystemFunction" method="makeOptimizedFunctionCall(net.sf.saxon.expr.parser.ExpressionVisitor, net.sf.saxon.expr.parser.ContextItemStaticInfo, net.sf.saxon.expr.Expression...)" type="SystemFunction"/><params><param fulltype="net.sf.saxon.expr.parser.ExpressionVisitor" name="visitor" type="ExpressionVisitor"><body><div>the expression visitor</div></body></param><param fulltype="net.sf.saxon.expr.parser.ContextItemStaticInfo" name="contextInfo" type="ContextItemStaticInfo"><body><div>information about the context item</div></body></param><param fulltype="net.sf.saxon.expr.Expression[]" name="arguments" type="Expression[]"><body><div>the supplied arguments to the function call. Note: modifying the contents
                    of this array should not be attempted, it is likely to have no effect.</div></body></param></params><exceptions><exception fulltype="net.sf.saxon.trans.XPathException" id="XPathException"><sentence>XPathException if an error is detected</sentence></exception></exceptions></method></methods></class><class id="VendorFunctionSetHE.MapAsSequenceOfMaps" fulltype="net.sf.saxon.functions.registry.VendorFunctionSetHE.MapAsSequenceOfMaps" static="true" superclass="SystemFunction" superclassfulltype="net.sf.saxon.functions.SystemFunction" visibility="public"><extends><interface fulltype="net.sf.saxon.functions.SystemFunction" type="SystemFunction"><extends><inherits><interface fulltype="net.sf.saxon.om.Function" type="Function"/></inherits><interface fulltype="net.sf.saxon.functions.AbstractFunction" type="AbstractFunction"/></extends></interface></extends><comment><sentence>Implementation of the function saxon:map-as-sequence-of-maps(array)</sentence></comment><fields/><methods><constructor id="MapAsSequenceOfMaps" visibility="public"/><method fulltype="net.sf.saxon.om.Sequence" id="call" type="Sequence" visibility="public"><params><param fulltype="net.sf.saxon.expr.XPathContext" name="context" type="XPathContext"/><param fulltype="net.sf.saxon.om.Sequence[]" name="arguments" type="Sequence[]"/></params><exceptions><exception fulltype="net.sf.saxon.trans.XPathException" id="XPathException"/></exceptions></method></methods></class><class id="VendorFunctionSetHE.YesNoBoolean" fulltype="net.sf.saxon.functions.registry.VendorFunctionSetHE.YesNoBoolean" static="true" superclass="SystemFunction" superclassfulltype="net.sf.saxon.functions.SystemFunction" visibility="public"><extends><interface fulltype="net.sf.saxon.functions.SystemFunction" type="SystemFunction"><extends><inherits><interface fulltype="net.sf.saxon.om.Function" type="Function"/></inherits><interface fulltype="net.sf.saxon.functions.AbstractFunction" type="AbstractFunction"/></extends></interface></extends><fields/><methods><constructor id="YesNoBoolean" visibility="public"/><method fulltype="net.sf.saxon.value.BooleanValue" id="call" type="BooleanValue" visibility="public"><params><param fulltype="net.sf.saxon.expr.XPathContext" name="context" type="XPathContext"/><param fulltype="net.sf.saxon.om.Sequence[]" name="arguments" type="Sequence[]"/></params><exceptions><exception fulltype="net.sf.saxon.trans.XPathException" id="XPathException"/></exceptions></method></methods></class></class><class id="XPath20FunctionSet" fulltype="net.sf.saxon.functions.registry.XPath20FunctionSet" superclass="BuiltInFunctionSet" superclassfulltype="net.sf.saxon.functions.registry.BuiltInFunctionSet" visibility="public"><extends><inherits><interface fulltype="net.sf.saxon.functions.FunctionLibrary" type="FunctionLibrary"/></inherits><interface fulltype="net.sf.saxon.functions.registry.BuiltInFunctionSet" type="BuiltInFunctionSet"/></extends><comment><sentence>Function signatures (and pointers to implementations) of the functions defined in XPath 2.0</sentence></comment><fields/><methods><method fulltype="net.sf.saxon.functions.registry.XPath20FunctionSet" id="getInstance" static="true" type="XPath20FunctionSet" visibility="public"/></methods></class><class id="XPath30FunctionSet" fulltype="net.sf.saxon.functions.registry.XPath30FunctionSet" superclass="BuiltInFunctionSet" superclassfulltype="net.sf.saxon.functions.registry.BuiltInFunctionSet" visibility="public"><extends><inherits><interface fulltype="net.sf.saxon.functions.FunctionLibrary" type="FunctionLibrary"/></inherits><interface fulltype="net.sf.saxon.functions.registry.BuiltInFunctionSet" type="BuiltInFunctionSet"/></extends><comment><sentence>Function signatures (and pointers to implementations) of the functions defined in XPath 3.0 without the
 Higher-Order-Functions feature</sentence></comment><fields/><methods><method fulltype="net.sf.saxon.functions.registry.XPath30FunctionSet" id="getInstance" static="true" type="XPath30FunctionSet" visibility="public"/></methods></class><class id="XPath31FunctionSet" fulltype="net.sf.saxon.functions.registry.XPath31FunctionSet" superclass="BuiltInFunctionSet" superclassfulltype="net.sf.saxon.functions.registry.BuiltInFunctionSet" visibility="public"><extends><inherits><interface fulltype="net.sf.saxon.functions.FunctionLibrary" type="FunctionLibrary"/></inherits><interface fulltype="net.sf.saxon.functions.registry.BuiltInFunctionSet" type="BuiltInFunctionSet"/></extends><comment><sentence>Function signatures (and pointers to implementations) of the functions defined in XPath 3.1 without the
 Higher-Order-Functions feature</sentence></comment><fields/><methods><method fulltype="net.sf.saxon.functions.registry.XPath31FunctionSet" id="getInstance" static="true" type="XPath31FunctionSet" visibility="public"/></methods></class><class id="XPath40FunctionSet" fulltype="net.sf.saxon.functions.registry.XPath40FunctionSet" superclass="BuiltInFunctionSet" superclassfulltype="net.sf.saxon.functions.registry.BuiltInFunctionSet" visibility="public"><extends><inherits><interface fulltype="net.sf.saxon.functions.FunctionLibrary" type="FunctionLibrary"/></inherits><interface fulltype="net.sf.saxon.functions.registry.BuiltInFunctionSet" type="BuiltInFunctionSet"/></extends><comment><sentence>Function signatures (and pointers to implementations) of the functions defined in XPath 3.1 without the
 Higher-Order-Functions feature</sentence></comment><fields/><methods><method fulltype="net.sf.saxon.functions.registry.XPath40FunctionSet" id="getInstance" static="true" type="XPath40FunctionSet" visibility="public"/></methods><class id="XPath40FunctionSet.HighestOrLowest" fulltype="net.sf.saxon.functions.registry.XPath40FunctionSet.HighestOrLowest" static="true" superclass="SefFunction" superclassfulltype="net.sf.saxon.functions.registry.SefFunction" visibility="public"><extends><interface fulltype="net.sf.saxon.functions.registry.SefFunction" type="SefFunction"><extends><interface fulltype="net.sf.saxon.functions.SystemFunction" type="SystemFunction"><extends><inherits><interface fulltype="net.sf.saxon.om.Function" type="Function"/></inherits><interface fulltype="net.sf.saxon.functions.AbstractFunction" type="AbstractFunction"/></extends></interface></extends></interface></extends><fields/><methods><constructor id="HighestOrLowest" visibility="public"/><method fulltype="net.sf.saxon.om.Sequence" id="call" type="Sequence" visibility="public"><override-of fulltype="net.sf.saxon.functions.registry.SefFunction" method="call(net.sf.saxon.expr.XPathContext, net.sf.saxon.om.Sequence[])" type="SefFunction"/><params><param fulltype="net.sf.saxon.expr.XPathContext" name="context" type="XPathContext"/><param fulltype="net.sf.saxon.om.Sequence[]" name="arguments" type="Sequence[]"/></params><exceptions><exception fulltype="net.sf.saxon.trans.XPathException" id="XPathException"/></exceptions></method></methods></class></class><class id="XSLT30FunctionSet" fulltype="net.sf.saxon.functions.registry.XSLT30FunctionSet" superclass="BuiltInFunctionSet" superclassfulltype="net.sf.saxon.functions.registry.BuiltInFunctionSet" visibility="public"><extends><inherits><interface fulltype="net.sf.saxon.functions.FunctionLibrary" type="FunctionLibrary"/></inherits><interface fulltype="net.sf.saxon.functions.registry.BuiltInFunctionSet" type="BuiltInFunctionSet"/></extends><comment><body><div>Function signatures (and pointers to implementations) of the functions defined in XSLT 3.0.
 This includes the functions defined in XPath 3.1 by reference. It does not include higher-order
 functions, and it does not include functions in the math/map/array namespaces.</div></body><sentence>Function signatures (and pointers to implementations) of the functions defined in XSLT 3.0.</sentence></comment><fields/><methods><method fulltype="net.sf.saxon.functions.registry.XSLT30FunctionSet" id="getInstance" static="true" type="XSLT30FunctionSet" visibility="public"/></methods></class></package>