<?xml version="1.0" encoding="UTF-8"?><package id="net.sf.saxon.option.xom"><class id="XOMDocumentWrapper" fulltype="net.sf.saxon.option.xom.XOMDocumentWrapper" superclass="XOMNodeWrapper" superclassfulltype="net.sf.saxon.option.xom.XOMNodeWrapper" visibility="public"><implements><interface fulltype="net.sf.saxon.om.TreeInfo" type="TreeInfo"/></implements><extends><inherits><interface fulltype="net.sf.saxon.tree.wrapper.SiblingCountingNode" type="SiblingCountingNode"/><interface fulltype="net.sf.saxon.tree.util.SteppingNode" type="SteppingNode"/></inherits><interface fulltype="net.sf.saxon.option.xom.XOMNodeWrapper" type="XOMNodeWrapper"><extends><inherits><interface fulltype="net.sf.saxon.om.NodeInfo" type="NodeInfo"/><interface fulltype="net.sf.saxon.tree.wrapper.VirtualNode" type="VirtualNode"/></inherits><interface fulltype="net.sf.saxon.tree.wrapper.AbstractNodeWrapper" type="AbstractNodeWrapper"/></extends></interface></extends><comment><body><div>The root node of an XPath tree. (Or equivalently, the tree itself).
 <p>This class is used not only for a document, but also for the root
 of a document-less tree fragment.</p></div></body><sentence>The root node of an XPath tree.</sentence><attribute name="@author"><body><div>Michael H. Kay</div></body></attribute><attribute name="@author"><body><div>Wolfgang Hoschek (ported net.sf.saxon.jdom to XOM)</div></body></attribute></comment><fields><field fulltype="net.sf.saxon.Configuration" id="config" type="Configuration" visibility="protected"/><field fulltype="long" id="documentNumber" type="long" visibility="protected"/></fields><methods><constructor id="XOMDocumentWrapper" visibility="public"><comment><sentence>Create a Saxon wrapper for a XOM root node</sentence></comment><params><param fulltype="nu.xom.Node" name="root" type="Node"><body><div>The XOM root node</div></body></param><param fulltype="net.sf.saxon.Configuration" name="config" type="Configuration"><body><div>The configuration which defines the name pool used for all
                names in this tree</div></body></param></params></constructor><method fulltype="net.sf.saxon.Configuration" id="getConfiguration" type="Configuration" visibility="public"><comment><sentence>Get the configuration previously set using setConfiguration</sentence></comment><override-of fulltype="net.sf.saxon.option.xom.XOMNodeWrapper" method="getConfiguration()" type="XOMNodeWrapper"/></method><method fulltype="long" id="getDocumentNumber" type="long" visibility="public"><comment><sentence>Get the unique document number for this document (the number is unique
 for all documents within a NamePool)</sentence><return><body><div>the unique number identifying this document within the name pool</div></body></return></comment></method><method fulltype="net.sf.saxon.om.NamePool" id="getNamePool" type="NamePool" visibility="public"><comment><sentence>Get the name pool used for the names in this document</sentence><return><body><div>the name pool in which all the names used in this document are
         registered</div></body></return></comment><override-of fulltype="net.sf.saxon.option.xom.XOMNodeWrapper" method="getNamePool()" type="XOMNodeWrapper"/></method><method fulltype="net.sf.saxon.om.NodeInfo" id="getRootNode" type="NodeInfo" visibility="public"><comment><sentence>Get the NodeInfo object representing the document node at the root of the tree</sentence><return><body><div>the document node</div></body></return></comment></method><method fulltype="net.sf.saxon.om.SpaceStrippingRule" id="getSpaceStrippingRule" type="SpaceStrippingRule" visibility="public"><comment><body><div>Get details of space stripping action that was applied to this document during
 construction. This ensures that space stripping is not applied twice to the same
 document.</div></body><sentence>Get details of space stripping action that was applied to this document during
 construction.</sentence><return><body><div>details of the space stripping rules that have been applied to this
 document during its construction. By default, returns <tag kind="see">net.sf.saxon.om.NoElementsSpaceStrippingRule</tag>,
 indicating that no space stripping has been applied</div></body></return><attribute name="@since"><body><div>9.9</div></body></attribute></comment></method><method fulltype="java.lang.String[]" id="getUnparsedEntity" type="String[]" visibility="public"><comment><sentence>Get the unparsed entity with a given name</sentence><return><body><div>null: XOM does not provide access to unparsed entities</div></body></return></comment><params><param fulltype="java.lang.String" name="name" type="String"><body><div>the name of the entity</div></body></param></params></method><method fulltype="java.util.Iterator" id="getUnparsedEntityNames" type="Iterator" visibility="public"><type fulltype="java.lang.String" type="String"/><comment><sentence>Get the list of unparsed entities defined in this document</sentence><return><body><div>an Iterator, whose items are of type String, containing the names of all
         unparsed entities defined in this document. If there are no unparsed entities or if the
         information is not available then an empty iterator is returned</div></body></return></comment></method><method fulltype="java.lang.Object" id="getUserData" type="Object" visibility="public"><comment><body><div>Get user data held in the document node. This retrieves properties previously set using
 <tag kind="see">#setUserData</tag></div></body><sentence>Get user data held in the document node.</sentence><return><body><div>the value of the property, or null if the property has not been defined.</div></body></return></comment><params><param fulltype="java.lang.String" name="key" type="String"><body><div>A string giving the name of the property to be retrieved.</div></body></param></params></method><method fulltype="net.sf.saxon.om.NodeInfo" id="selectID" type="NodeInfo" visibility="public"><comment><sentence>Get the element with a given ID, if any</sentence><return><body><div>the element with the given ID, or null if there is no such ID
         present (or if the parser has not notified attributes as being of
         type ID).</div></body></return></comment><params><param fulltype="java.lang.String" name="id" type="String"><body><div>the required ID value</div></body></param><param fulltype="boolean" name="getParent" type="boolean"><body><div>true if the parent of the element of type ID is requird</div></body></param></params></method><method fulltype="void" id="setConfiguration" type="void" visibility="public"><comment><body><div>Set the configuration, which defines the name pool used for all names in
 this document. This is always called after a new document has been
 created. The implementation must register the name pool with the
 document, so that it can be retrieved using getNamePool(). It must also
 call NamePool.allocateDocumentNumber(), and return the relevant document
 number when getDocumentNumber() is subsequently called.</div></body><sentence>Set the configuration, which defines the name pool used for all names in
 this document.</sentence></comment><params><param fulltype="net.sf.saxon.Configuration" name="config" type="Configuration"><body><div>The configuration to be used</div></body></param></params></method><method fulltype="void" id="setSpaceStrippingRule" type="void" visibility="public"><comment><body><div>Set details of space stripping action that was applied to this document during
 construction. This ensures that space stripping is not applied twice to the same
 document.</div></body><sentence>Set details of space stripping action that was applied to this document during
 construction.</sentence><attribute name="@since"><body><div>9.9</div></body></attribute></comment><params><param fulltype="net.sf.saxon.om.SpaceStrippingRule" name="rule" type="SpaceStrippingRule"><body><div>details of the space stripping rules that have been applied to this
             document during its construction.</div></body></param></params></method><method fulltype="void" id="setSystemId" type="void" visibility="public"><override-of fulltype="net.sf.saxon.tree.wrapper.AbstractNodeWrapper" method="setSystemId(java.lang.String)" type="AbstractNodeWrapper"/><params><param fulltype="java.lang.String" name="uri" type="String"/></params></method><method fulltype="void" id="setUserData" type="void" visibility="public"><comment><body><div>Set user data on the document node. The user data can be retrieved subsequently
 using <tag kind="see">#getUserData</tag></div></body><sentence>Set user data on the document node.</sentence></comment><params><param fulltype="java.lang.String" name="key" type="String"><body><div>A string giving the name of the property to be set. Clients are responsible
              for choosing a key that is likely to be unique. Must not be null. Keys used internally
              by Saxon are prefixed "saxon:".</div></body></param><param fulltype="java.lang.Object" name="value" type="Object"><body><div>The value to be set for the property. May be null, which effectively
              removes the existing value for the property.</div></body></param></params></method><method fulltype="net.sf.saxon.om.NodeInfo" id="wrap" type="NodeInfo" visibility="public"><comment><sentence>Wrap a node in the XOM document.</sentence><return><body><div>the wrapping NodeInfo object</div></body></return></comment><params><param fulltype="nu.xom.Node" name="node" type="Node"><body><div>The node to be wrapped. This must be a node in the same
             document (the system does not check for this).</div></body></param></params></method></methods></class><class id="XOMNodeWrapper" fulltype="net.sf.saxon.option.xom.XOMNodeWrapper" superclass="AbstractNodeWrapper" superclassfulltype="net.sf.saxon.tree.wrapper.AbstractNodeWrapper" visibility="public"><implements><interface fulltype="net.sf.saxon.tree.wrapper.SiblingCountingNode" type="SiblingCountingNode"/><interface fulltype="net.sf.saxon.tree.util.SteppingNode" type="SteppingNode"/></implements><extends><inherits><interface fulltype="net.sf.saxon.om.NodeInfo" type="NodeInfo"/><interface fulltype="net.sf.saxon.tree.wrapper.VirtualNode" type="VirtualNode"/></inherits><interface fulltype="net.sf.saxon.tree.wrapper.AbstractNodeWrapper" type="AbstractNodeWrapper"/></extends><comment><body><div>A node in the XML parse tree representing an XML element, character content,
 or attribute.
 <p>This is the implementation of the NodeInfo interface used as a wrapper for
 XOM nodes.</p></div></body><sentence>A node in the XML parse tree representing an XML element, character content,
 or attribute.</sentence><attribute name="@author"><body><div>Michael H. Kay</div></body></attribute><attribute name="@author"><body><div>Wolfgang Hoschek (ported net.sf.saxon.jdom to XOM)</div></body></attribute></comment><fields><field fulltype="net.sf.saxon.option.xom.XOMDocumentWrapper" id="docWrapper" type="XOMDocumentWrapper" visibility="protected"/><field fulltype="int" id="index" type="int" visibility="protected"/><field fulltype="nu.xom.Node" id="node" type="Node" visibility="protected"/><field fulltype="short" id="nodeKind" type="short" visibility="protected"/></fields><methods><method fulltype="net.sf.saxon.om.AtomicSequence" id="atomize" type="AtomicSequence" visibility="public"><comment><sentence>Get the typed value.</sentence><return><body><div>the typed value. If requireSingleton is set to true, the result
         will always be an AtomicValue. In other cases it may be a Value
         representing a sequence whose items are atomic values.</div></body></return><attribute name="@since"><body><div>8.5</div></body></attribute></comment><override-of fulltype="net.sf.saxon.tree.wrapper.AbstractNodeWrapper" method="atomize()" type="AbstractNodeWrapper"/></method><method fulltype="int" id="compareOrder" type="int" visibility="public"><comment><body><div>Determine the relative position of this node and another node, in
 document order. The other node will always be in the same document.</div></body><sentence>Determine the relative position of this node and another node, in
 document order.</sentence><return><body><div>-1 if this node precedes the other node, +1 if it follows the
         other node, or 0 if they are the same node. (In this case,
         isSameNode() will always return true, and the two nodes will
         produce the same result for generateId())</div></body></return></comment><params><param fulltype="net.sf.saxon.om.NodeInfo" name="other" type="NodeInfo"><body><div>The other node, whose position is to be compared with this
              node</div></body></param></params></method><method fulltype="boolean" id="equals" type="boolean" visibility="public"><comment><body><div>Determine whether this is the same node as another node.
 <p>Note: a.isSameNode(b) if and only if generateId(a)==generateId(b)</p></div></body><sentence>Determine whether this is the same node as another node.</sentence><return><body><div>true if this Node object and the supplied Node object represent
         the same node in the tree.</div></body></return></comment><override-of fulltype="net.sf.saxon.tree.wrapper.AbstractNodeWrapper" method="equals(java.lang.Object)" type="AbstractNodeWrapper"/><params><param fulltype="java.lang.Object" name="other" type="Object"/></params></method><method fulltype="void" id="generateId" type="void" visibility="public"><comment><body><div>Get a character string that uniquely identifies this node. Note:
 a.isSameNode(b) if and only if generateId(a)==generateId(b)</div></body><sentence>Get a character string that uniquely identifies this node.</sentence></comment><params><param fulltype="java.lang.StringBuilder" name="buffer" type="StringBuilder"><body><div>a buffer to contain a string that uniquely identifies this node, across all documents</div></body></param></params></method><method fulltype="net.sf.saxon.om.NamespaceMap" id="getAllNamespaces" type="NamespaceMap" visibility="public"><comment><body><div>Get all the namespace bindings that are in-scope for this element.
 <p>For an element return all the prefix-to-uri bindings that are in scope. This may include
 a binding to the default namespace (represented by a prefix of ""). It will never include
 "undeclarations" - that is, the namespace URI will never be empty; the effect of an undeclaration
 is to remove a binding from the in-scope namespaces, not to add anything.</p>
 <p>For a node other than an element, returns null.</p></div></body><sentence>Get all the namespace bindings that are in-scope for this element.</sentence><return><body><div>the in-scope namespaces for an element, or null for any other kind of node.</div></body></return></comment><override-of fulltype="net.sf.saxon.tree.wrapper.AbstractNodeWrapper" method="getAllNamespaces()" type="AbstractNodeWrapper"/></method><method fulltype="java.lang.String" id="getAttributeValue" type="String" visibility="public"><comment><sentence>Get the string value of a given attribute of this node</sentence><return><body><div>the attribute value if it exists, or null if it does not exist. Always returns null
         if this node is not an element.</div></body></return><attribute name="@since"><body><div>9.4</div></body></attribute></comment><override-of fulltype="net.sf.saxon.tree.wrapper.AbstractNodeWrapper" method="getAttributeValue(java.lang.String, java.lang.String)" type="AbstractNodeWrapper"/><params><param fulltype="java.lang.String" name="uri" type="String"><body><div>the namespace URI of the attribute name. Supply the empty string for an attribute
              that is in no namespace</div></body></param><param fulltype="java.lang.String" name="local" type="String"><body><div>the local part of the attribute name.</div></body></param></params></method><method fulltype="java.lang.String" id="getBaseURI" type="String" visibility="public"><comment><sentence>Get the Base URI for the node, that is, the URI used for resolving a
 relative URI contained in the node.</sentence></comment><override-of fulltype="net.sf.saxon.tree.wrapper.AbstractNodeWrapper" method="getBaseURI()" type="AbstractNodeWrapper"/></method><method fulltype="net.sf.saxon.Configuration" id="getConfiguration" type="Configuration" visibility="public"><comment><sentence>Get the configuration</sentence></comment></method><method fulltype="net.sf.saxon.om.NamespaceBinding[]" id="getDeclaredNamespaces" type="NamespaceBinding[]" visibility="public"><comment><sentence>Get all namespace undeclarations and undeclarations defined on this element.</sentence><return><body><div>An array of integers representing the namespace declarations and undeclarations present on
         this element. For a node other than an element, return null. Otherwise, the returned array is a
         sequence of namespace codes, whose meaning may be interpreted by reference to the name pool. The
         top half word of each namespace code represents the prefix, the bottom half represents the URI.
         If the bottom half is zero, then this is a namespace undeclaration rather than a declaration.
         The XML namespace is never included in the list. If the supplied array is larger than required,
         then the first unused entry will be set to -1.
         <p>For a node other than an element, the method returns null.</p></div></body></return></comment><override-of fulltype="net.sf.saxon.tree.wrapper.AbstractNodeWrapper" method="getDeclaredNamespaces(net.sf.saxon.om.NamespaceBinding[])" type="AbstractNodeWrapper"/><params><param fulltype="net.sf.saxon.om.NamespaceBinding[]" name="buffer" type="NamespaceBinding[]"><body><div>If this is non-null, and the result array fits in this buffer, then the result
               may overwrite the contents of this array, to avoid the cost of allocating a new array on the heap.</div></body></param></params></method><method fulltype="java.lang.String" id="getDisplayName" type="String" visibility="public"><comment><body><div>Get the display name of this node. For elements and attributes this is
 [prefix:]localname. For unnamed nodes, it is an empty string.</div></body><sentence>Get the display name of this node.</sentence><return><body><div>The display name of this node. For a node with no name, return an
         empty string.</div></body></return></comment><override-of fulltype="net.sf.saxon.tree.wrapper.AbstractNodeWrapper" method="getDisplayName()" type="AbstractNodeWrapper"/></method><method fulltype="net.sf.saxon.option.xom.XOMNodeWrapper" id="getFirstChild" type="XOMNodeWrapper" visibility="public"/><method fulltype="java.lang.String" id="getLocalPart" type="String" visibility="public"><comment><body><div>Get the local part of the name of this node. This is the name after the
 ":" if any.</div></body><sentence>Get the local part of the name of this node.</sentence><return><body><div>the local part of the name. For an unnamed node, returns "".</div></body></return></comment></method><method fulltype="net.sf.saxon.om.NamePool" id="getNamePool" type="NamePool" visibility="public"><comment><sentence>Get the name pool for this node</sentence><return><body><div>the NamePool</div></body></return></comment><override-of fulltype="net.sf.saxon.tree.wrapper.AbstractNodeWrapper" method="getNamePool()" type="AbstractNodeWrapper"/></method><method fulltype="net.sf.saxon.option.xom.XOMNodeWrapper" id="getNextSibling" type="XOMNodeWrapper" visibility="public"/><method fulltype="int" id="getNodeKind" type="int" visibility="public"><comment><sentence>Return the type of node.</sentence><return><body><div>one of the values Node.ELEMENT, Node.TEXT, Node.ATTRIBUTE, etc.</div></body></return></comment></method><method fulltype="net.sf.saxon.option.xom.XOMNodeWrapper" id="getParent" type="XOMNodeWrapper" visibility="public"><comment><sentence>Get the NodeInfo object representing the parent of this node</sentence></comment></method><method fulltype="java.lang.String" id="getPrefix" type="String" visibility="public"><comment><body><div>Get the prefix of the name of the node. This is defined only for elements and attributes.
 If the node has no prefix, or for other kinds of node, return a zero-length string.</div></body><sentence>Get the prefix of the name of the node.</sentence><return><body><div>The prefix of the name of the node.</div></body></return></comment></method><method fulltype="net.sf.saxon.option.xom.XOMNodeWrapper" id="getPreviousSibling" type="XOMNodeWrapper" visibility="public"/><method fulltype="net.sf.saxon.om.NodeInfo" id="getRoot" type="NodeInfo" visibility="public"><comment><sentence>Get the root node of the tree containing this node</sentence><return><body><div>the NodeInfo representing the top-level ancestor of this node.
         This will not necessarily be a document node</div></body></return></comment><override-of fulltype="net.sf.saxon.tree.wrapper.AbstractNodeWrapper" method="getRoot()" type="AbstractNodeWrapper"/></method><method fulltype="int" id="getSiblingPosition" type="int" visibility="public"><comment><sentence>Get the index position of this node among its siblings (starting from 0)</sentence></comment></method><method fulltype="net.sf.saxon.tree.util.SteppingNode" id="getSuccessorElement" type="SteppingNode" visibility="public"><params><param fulltype="net.sf.saxon.tree.util.SteppingNode" name="anchor" type="SteppingNode"/><param fulltype="java.lang.String" name="uri" type="String"/><param fulltype="java.lang.String" name="local" type="String"/></params></method><method fulltype="java.lang.String" id="getSystemId" type="String" visibility="public"><comment><sentence>Get the System ID for the node.</sentence><return><body><div>the System Identifier of the entity in the source document
         containing the node, or null if not known. Note this is not the
         same as the base URI: the base URI can be modified by xml:base,
         but the system ID cannot.</div></body></return></comment><override-of fulltype="net.sf.saxon.tree.wrapper.AbstractNodeWrapper" method="getSystemId()" type="AbstractNodeWrapper"/></method><method fulltype="nu.xom.Node" id="getUnderlyingNode" type="Node" visibility="public"><comment><sentence>Get the underlying XOM node, to implement the VirtualNode interface</sentence></comment></method><method fulltype="net.sf.saxon.str.UnicodeString" id="getUnicodeStringValue" type="UnicodeString" visibility="public"><comment><body><div>Return the string value of the node. The interpretation of this depends
 on the type of node. For an element it is the accumulated character
 content of the element, including descendant elements.</div></body><sentence>Return the string value of the node.</sentence><return><body><div>the string value of the node</div></body></return></comment></method><method fulltype="java.lang.String" id="getURI" type="String" visibility="public"><comment><body><div>Get the URI part of the name of this node. This is the URI corresponding
 to the prefix, or the URI of the default namespace if appropriate.</div></body><sentence>Get the URI part of the name of this node.</sentence><return><body><div>The URI of the namespace of this node. For an unnamed node, or
         for a node with an empty prefix, return an empty string.</div></body></return></comment></method><method fulltype="boolean" id="hasChildNodes" type="boolean" visibility="public"><comment><body><div>Determine whether the node has any children.
 <p>Note: the result is equivalent to
 <code>getEnumeration(Axis.CHILD, AnyNodeTest.getInstance()).hasNext()</code></p></div></body><sentence>Determine whether the node has any children.</sentence></comment><override-of fulltype="net.sf.saxon.tree.wrapper.AbstractNodeWrapper" method="hasChildNodes()" type="AbstractNodeWrapper"/></method><method fulltype="int" id="hashCode" type="int" visibility="public"><comment><sentence>The hashCode() method obeys the contract for hashCode(): that is, if two objects are equal
 (represent the same node) then they must have the same hashCode()</sentence><attribute name="@since"><body><div>8.7 Previously, the effect of the equals() and hashCode() methods was not defined. Callers
        should therefore be aware that third party implementations of the NodeInfo interface may
        not implement the correct semantics.</div></body></attribute></comment><override-of fulltype="net.sf.saxon.tree.wrapper.AbstractNodeWrapper" method="hashCode()" type="AbstractNodeWrapper"/></method><method fulltype="boolean" id="isId" type="boolean" visibility="public"><comment><sentence>Determine whether this node has the is-id property</sentence><return><body><div>true if the node is an ID</div></body></return></comment></method><method fulltype="boolean" id="isIdref" type="boolean" visibility="public"><comment><sentence>Determine whether this node has the is-idref property</sentence><return><body><div>true if the node is an IDREF or IDREFS element or attribute</div></body></return></comment></method><method fulltype="net.sf.saxon.tree.iter.AxisIterator" id="iterateAttributes" type="AxisIterator" visibility="protected"><override-of fulltype="net.sf.saxon.tree.wrapper.AbstractNodeWrapper" method="iterateAttributes(net.sf.saxon.pattern.NodeTest)" type="AbstractNodeWrapper"/><params><param fulltype="net.sf.saxon.pattern.NodeTest" name="nodeTest" type="NodeTest"/></params></method><method fulltype="net.sf.saxon.tree.iter.AxisIterator" id="iterateChildren" type="AxisIterator" visibility="protected"><override-of fulltype="net.sf.saxon.tree.wrapper.AbstractNodeWrapper" method="iterateChildren(net.sf.saxon.pattern.NodeTest)" type="AbstractNodeWrapper"/><params><param fulltype="net.sf.saxon.pattern.NodeTest" name="nodeTest" type="NodeTest"/></params></method><method fulltype="net.sf.saxon.tree.iter.AxisIterator" id="iterateDescendants" type="AxisIterator" visibility="protected"><override-of fulltype="net.sf.saxon.tree.wrapper.AbstractNodeWrapper" method="iterateDescendants(net.sf.saxon.pattern.NodeTest, boolean)" type="AbstractNodeWrapper"/><params><param fulltype="net.sf.saxon.pattern.NodeTest" name="nodeTest" type="NodeTest"/><param fulltype="boolean" name="includeSelf" type="boolean"/></params></method><method fulltype="net.sf.saxon.tree.iter.AxisIterator" id="iterateSiblings" type="AxisIterator" visibility="protected"><override-of fulltype="net.sf.saxon.tree.wrapper.AbstractNodeWrapper" method="iterateSiblings(net.sf.saxon.pattern.NodeTest, boolean)" type="AbstractNodeWrapper"/><params><param fulltype="net.sf.saxon.pattern.NodeTest" name="nodeTest" type="NodeTest"/><param fulltype="boolean" name="forwards" type="boolean"/></params></method><method final="true" fulltype="net.sf.saxon.option.xom.XOMNodeWrapper" id="makeWrapper" type="XOMNodeWrapper" visibility="protected"><comment><sentence>Factory method to wrap a XOM node with a wrapper that implements the
 Saxon NodeInfo interface.</sentence><return><body><div>The new wrapper for the supplied node</div></body></return></comment><params><param fulltype="nu.xom.Node" name="node" type="Node"><body><div>The XOM node</div></body></param><param fulltype="net.sf.saxon.option.xom.XOMDocumentWrapper" name="docWrapper" type="XOMDocumentWrapper"><body><div>The wrapper for the Document containing this node</div></body></param></params></method><method final="true" fulltype="net.sf.saxon.option.xom.XOMNodeWrapper" id="makeWrapper" type="XOMNodeWrapper" visibility="protected"><comment><sentence>Factory method to wrap a XOM node with a wrapper that implements the
 Saxon NodeInfo interface.</sentence><return><body><div>The new wrapper for the supplied node</div></body></return></comment><params><param fulltype="nu.xom.Node" name="node" type="Node"><body><div>The XOM node</div></body></param><param fulltype="net.sf.saxon.option.xom.XOMDocumentWrapper" name="docWrapper" type="XOMDocumentWrapper"><body><div>The wrapper for the Document containing this node</div></body></param><param fulltype="net.sf.saxon.option.xom.XOMNodeWrapper" name="parent" type="XOMNodeWrapper"><body><div>The wrapper for the parent of the XOM node</div></body></param><param fulltype="int" name="index" type="int"><body><div>The position of this node relative to its siblings</div></body></param></params></method></methods><subclasses><class fulltype="net.sf.saxon.option.xom.XOMDocumentWrapper" type="XOMDocumentWrapper"/></subclasses></class><class id="XOMObjectModel" fulltype="net.sf.saxon.option.xom.XOMObjectModel" superclass="TreeModel" superclassfulltype="net.sf.saxon.om.TreeModel" visibility="public"><implements><interface fulltype="net.sf.saxon.lib.ExternalObjectModel" type="ExternalObjectModel"/></implements><extends><interface fulltype="net.sf.saxon.om.TreeModel" type="TreeModel"/></extends><comment><body><div>This interface must be implemented by any third-party object model that can
 be wrapped with a wrapper that implements the Saxon Object Model (the NodeInfo interface).
 This implementation of the interface supports wrapping of JDOM Documents.
 <p>This is a singleton class whose instance can be obtained using the <tag kind="see">#getInstance</tag>
 method. However, the constructor is public for backwards compatibility.</p>
 <p>The class extends <tag kind="see">net.sf.saxon.om.TreeModel</tag> so that any interface expected a TreeModel, for example
 <tag kind="see">net.sf.saxon.s9api.XdmDestination#setTreeModel</tag>, can take <code>XOMObjectModel.getInstance()</code>
 as an argument.</p></div></body><sentence>This interface must be implemented by any third-party object model that can
 be wrapped with a wrapper that implements the Saxon Object Model (the NodeInfo interface).</sentence></comment><fields/><methods><constructor id="XOMObjectModel" visibility="public"/><method fulltype="java.lang.Object" id="convertXPathValueToObject" type="Object" visibility="public"><comment><body><div>Convert an XPath value to an object in this object model. If the supplied value can be converted
 to an object in this model, of the specified class, then the conversion should be done and the
 resulting object returned. If the value cannot be converted, the method should return null. Note
 that the supplied class might be a List, in which case the method should inspect the contents of the
 Value to see whether they belong to this object model.</div></body><sentence>Convert an XPath value to an object in this object model.</sentence></comment><params><param fulltype="net.sf.saxon.om.Sequence" name="value" type="Sequence"/><param fulltype="java.lang.Class" name="targetClass" type="Class"><type fulltype="?" type="?"/></param></params><exceptions><exception fulltype="net.sf.saxon.trans.XPathException" id="XPathException"/></exceptions></method><method fulltype="net.sf.saxon.event.Receiver" id="getDocumentBuilder" type="Receiver" visibility="public"><comment><body><div>Test whether this object model recognizes a particular kind of JAXP Result object,
 and if it does, return a Receiver that builds an instance of this data model from
 a sequence of events. If the Result is not recognized, return null.</div></body><sentence>Test whether this object model recognizes a particular kind of JAXP Result object,
 and if it does, return a Receiver that builds an instance of this data model from
 a sequence of events.</sentence><return><body><div>always null, because no XOM Result object is recognized</div></body></return></comment><params><param fulltype="javax.xml.transform.Result" name="result" type="Result"/></params></method><method fulltype="java.lang.String" id="getDocumentClassName" type="String" visibility="public"><comment><sentence>Get the name of a characteristic class, which, if it can be loaded, indicates that the supporting libraries
 for this object model implementation are available on the classpath</sentence><return><body><div>by convention (but not necessarily) the class that implements a document node in the relevant
 external model</div></body></return></comment></method><method fulltype="java.lang.String" id="getIdentifyingURI" type="String" visibility="public"><comment><sentence>Get the URI of the external object model as used in the JAXP factory interfaces for obtaining
 an XPath implementation</sentence></comment></method><method fulltype="net.sf.saxon.option.xom.XOMObjectModel" id="getInstance" static="true" type="XOMObjectModel" visibility="public"/><method fulltype="net.sf.saxon.expr.JPConverter" id="getJPConverter" type="JPConverter" visibility="public"><params><param fulltype="java.lang.Class" name="sourceClass" type="Class"/><param fulltype="net.sf.saxon.Configuration" name="config" type="Configuration"/></params></method><method fulltype="java.lang.String" id="getName" type="String" visibility="public"><override-of fulltype="net.sf.saxon.om.TreeModel" method="getName()" type="TreeModel"/></method><method fulltype="net.sf.saxon.expr.PJConverter" id="getNodeListCreator" type="PJConverter" visibility="public"><comment><sentence>Get a converter that converts a sequence of XPath nodes to this model's representation
 of a node list.</sentence><return><body><div>if the model does not recognize this node as one of its own, return null. Otherwise
         return a PJConverter that takes a list of XPath nodes (represented as NodeInfo objects) and
         returns a collection of nodes in this object model</div></body></return></comment><params><param fulltype="java.lang.Object" name="node" type="Object"><body><div>an example of the kind of node used in this model</div></body></param></params></method><method fulltype="net.sf.saxon.expr.PJConverter" id="getPJConverter" type="PJConverter" visibility="public"><params><param fulltype="java.lang.Class" name="targetClass" type="Class"><type fulltype="?" type="?"/></param></params></method><method fulltype="boolean" id="isRecognizedNode" type="boolean" visibility="public"><comment><sentence>Test whether this object model recognizes a given node as one of its own</sentence></comment><params><param fulltype="java.lang.Object" name="object" type="Object"/></params></method><method fulltype="boolean" id="isRecognizedNodeClass" type="boolean" visibility="public"><comment><body><div>Test whether this object model recognizes a given class as representing a
 node in that object model. This method will generally be called at compile time.</div></body><sentence>Test whether this object model recognizes a given class as representing a
 node in that object model.</sentence><return><body><div>true if the class is used to represent nodes in this object model</div></body></return></comment><params><param fulltype="java.lang.Class" name="nodeClass" type="Class"><body><div>A class that possibly represents nodes</div></body></param></params></method><method fulltype="net.sf.saxon.event.Builder" id="makeBuilder" type="Builder" visibility="public"><override-of fulltype="net.sf.saxon.om.TreeModel" method="makeBuilder(net.sf.saxon.event.PipelineConfiguration)" type="TreeModel"/><params><param fulltype="net.sf.saxon.event.PipelineConfiguration" name="pipe" type="PipelineConfiguration"/></params></method><method fulltype="net.sf.saxon.om.NodeInfo" id="unravel" type="NodeInfo" visibility="public"><comment><body><div>Wrap or unwrap a node using this object model to return the corresponding Saxon node. If the supplied
 source does not belong to this object model, return null</div></body><sentence>Wrap or unwrap a node using this object model to return the corresponding Saxon node.</sentence></comment><params><param fulltype="javax.xml.transform.Source" name="source" type="Source"/><param fulltype="net.sf.saxon.Configuration" name="config" type="Configuration"/></params></method><method fulltype="net.sf.saxon.om.TreeInfo" id="wrapDocument" type="TreeInfo" visibility="public"><comment><sentence>Wrap a document node in the external object model in a document wrapper that implements
 the Saxon DocumentInfo interface</sentence><return><body><div>the wrapper, which must implement DocumentInfo</div></body></return></comment><params><param fulltype="java.lang.Object" name="node" type="Object"><body><div>a node (any node) in the third party document</div></body></param><param fulltype="net.sf.saxon.Configuration" name="config" type="Configuration"><body><div>the Saxon configuration (which among other things provides access to the NamePool)</div></body></param></params></method><method fulltype="net.sf.saxon.om.NodeInfo" id="wrapNode" type="NodeInfo" visibility="public"><comment><sentence>Wrap a node within the external object model in a node wrapper that implements the Saxon
 VirtualNode interface (which is an extension of NodeInfo)</sentence><return><body><div>the wrapper for the node, as an instance of VirtualNode</div></body></return></comment><params><param fulltype="net.sf.saxon.om.TreeInfo" name="document" type="TreeInfo"><body><div>the document wrapper, as a DocumentInfo object</div></body></param><param fulltype="java.lang.Object" name="node" type="Object"><body><div>the node to be wrapped. This must be a node within the document wrapped by the
                 DocumentInfo provided in the first argument</div></body></param></params></method></methods></class><class id="XOMWriter" fulltype="net.sf.saxon.option.xom.XOMWriter" superclass="Builder" superclassfulltype="net.sf.saxon.event.Builder" visibility="public"><extends><inherits><interface fulltype="net.sf.saxon.event.Receiver" type="Receiver"/></inherits><interface fulltype="net.sf.saxon.event.Builder" type="Builder"/></extends><comment><sentence>XOMWriter is a Receiver that constructs a XOM document from the stream of events</sentence></comment><fields/><methods><constructor id="XOMWriter" visibility="public"><comment><sentence>Create a XOMWriter using the default node factory</sentence></comment><params><param fulltype="net.sf.saxon.event.PipelineConfiguration" name="pipe" type="PipelineConfiguration"><body><div>the pipeline configuration</div></body></param></params></constructor><constructor id="XOMWriter" visibility="public"><comment><sentence>Create a XOMWriter</sentence></comment><params><param fulltype="net.sf.saxon.event.PipelineConfiguration" name="pipe" type="PipelineConfiguration"><body><div>the pipeline configuration</div></body></param><param fulltype="nu.xom.NodeFactory" name="factory" type="NodeFactory"><body><div>the XOM NodeFactory to be used</div></body></param></params></constructor><method fulltype="void" id="characters" type="void" visibility="public"><comment><sentence>Character data.</sentence></comment><params><param fulltype="net.sf.saxon.str.UnicodeString" name="chars" type="UnicodeString"/><param fulltype="net.sf.saxon.s9api.Location" name="locationId" type="Location"/><param fulltype="int" name="properties" type="int"/></params><exceptions><exception fulltype="net.sf.saxon.trans.XPathException" id="XPathException"/></exceptions></method><method fulltype="void" id="close" type="void" visibility="public"><comment><sentence>End of the document.</sentence></comment><override-of fulltype="net.sf.saxon.event.Builder" method="close()" type="Builder"/></method><method fulltype="void" id="comment" type="void" visibility="public"><comment><sentence>Handle a comment.</sentence></comment><params><param fulltype="net.sf.saxon.str.UnicodeString" name="chars" type="UnicodeString"/><param fulltype="net.sf.saxon.s9api.Location" name="locationId" type="Location"/><param fulltype="int" name="properties" type="int"/></params><exceptions><exception fulltype="net.sf.saxon.trans.XPathException" id="XPathException"/></exceptions></method><method fulltype="void" id="endDocument" type="void" visibility="public"><comment><sentence>Notify the end of a document node</sentence></comment><exceptions><exception fulltype="net.sf.saxon.trans.XPathException" id="XPathException"/></exceptions></method><method fulltype="void" id="endElement" type="void" visibility="public"><comment><sentence>End of an element.</sentence></comment><exceptions><exception fulltype="net.sf.saxon.trans.XPathException" id="XPathException"/></exceptions></method><method fulltype="net.sf.saxon.om.NodeInfo" id="getCurrentRoot" type="NodeInfo" visibility="public"><comment><sentence>Get the current root node.</sentence><return><body><div>a Saxon wrapper around the constructed XOM document node</div></body></return></comment><override-of fulltype="net.sf.saxon.event.Builder" method="getCurrentRoot()" type="Builder"/></method><method fulltype="nu.xom.Document" id="getDocument" type="Document" visibility="public"><comment><sentence>Get the constructed document node</sentence><return><body><div>the document node of the constructed XOM tree</div></body></return></comment></method><method fulltype="void" id="open" type="void" visibility="public"><comment><sentence>Start of the document.</sentence></comment><override-of fulltype="net.sf.saxon.event.Builder" method="open()" type="Builder"/></method><method fulltype="void" id="processingInstruction" type="void" visibility="public"><comment><sentence>Handle a processing instruction.</sentence></comment><params><param fulltype="java.lang.String" name="target" type="String"/><param fulltype="net.sf.saxon.str.UnicodeString" name="data" type="UnicodeString"/><param fulltype="net.sf.saxon.s9api.Location" name="locationId" type="Location"/><param fulltype="int" name="properties" type="int"/></params><exceptions><exception fulltype="net.sf.saxon.trans.XPathException" id="XPathException"/></exceptions></method><method fulltype="void" id="setUnparsedEntity" type="void" visibility="public"><comment><sentence>Notify an unparsed entity URI.</sentence></comment><params><param fulltype="java.lang.String" name="name" type="String"><body><div>The name of the unparsed entity</div></body></param><param fulltype="java.lang.String" name="systemID" type="String"><body><div>The system identifier of the unparsed entity</div></body></param><param fulltype="java.lang.String" name="publicID" type="String"><body><div>The public identifier of the unparsed entity</div></body></param></params><exceptions><exception fulltype="net.sf.saxon.trans.XPathException" id="XPathException"/></exceptions></method><method fulltype="void" id="startDocument" type="void" visibility="public"><comment><sentence>Start of a document node.</sentence></comment><params><param fulltype="int" name="properties" type="int"><body><div>the properties of the document node</div></body></param></params><exceptions><exception fulltype="net.sf.saxon.trans.XPathException" id="XPathException"/></exceptions></method><method fulltype="void" id="startElement" type="void" visibility="public"><comment><sentence>Start of an element.</sentence></comment><params><param fulltype="net.sf.saxon.om.NodeName" name="elemName" type="NodeName"/><param fulltype="net.sf.saxon.type.SchemaType" name="type" type="SchemaType"/><param fulltype="net.sf.saxon.om.AttributeMap" name="attributes" type="AttributeMap"/><param fulltype="net.sf.saxon.om.NamespaceMap" name="namespaces" type="NamespaceMap"/><param fulltype="net.sf.saxon.s9api.Location" name="location" type="Location"/><param fulltype="int" name="properties" type="int"/></params><exceptions><exception fulltype="net.sf.saxon.trans.XPathException" id="XPathException"/></exceptions></method><method fulltype="boolean" id="usesTypeAnnotations" type="boolean" visibility="public"><comment><sentence>Ask whether this Receiver (or the downstream pipeline) makes any use of the type annotations
 supplied on element and attribute events</sentence><return><body><div>true if the Receiver makes any use of this information. If false, the caller
         may supply untyped nodes instead of supplying the type annotation</div></body></return></comment><override-of fulltype="net.sf.saxon.event.Builder" method="usesTypeAnnotations()" type="Builder"/></method></methods></class></package>