<?xml version="1.0" encoding="UTF-8"?><package id="net.sf.saxon.option.jdom2"><class id="JDOM2DocumentWrapper" fulltype="net.sf.saxon.option.jdom2.JDOM2DocumentWrapper" superclass="GenericTreeInfo" superclassfulltype="net.sf.saxon.om.GenericTreeInfo" visibility="public"><implements><interface fulltype="net.sf.saxon.lib.ActiveSource" type="ActiveSource"/></implements><extends><inherits><interface fulltype="net.sf.saxon.om.TreeInfo" type="TreeInfo"/><interface fulltype="javax.xml.transform.Source" type="Source"/></inherits><interface fulltype="net.sf.saxon.om.GenericTreeInfo" type="GenericTreeInfo"/></extends><comment><sentence>The tree information for a tree acting as a wrapper for a JDOM2 Document.</sentence><attribute name="@since"><body><div>9.7: this class no longer implements NodeInfo; the document node itself
 is now an instance of JDOM2NodeWrapper.</div></body></attribute></comment><fields><field fulltype="net.sf.saxon.Configuration" id="config" type="Configuration" visibility="protected"/><field fulltype="long" id="documentNumber" type="long" visibility="protected"/></fields><methods><constructor id="JDOM2DocumentWrapper" visibility="public"><comment><sentence>Create a Saxon wrapper for a JDOM document</sentence></comment><params><param fulltype="org.jdom2.Document" name="doc" type="Document"><body><div>The JDOM document</div></body></param><param fulltype="net.sf.saxon.Configuration" name="config" type="Configuration"><body><div>The Saxon Configuration</div></body></param></params></constructor><method fulltype="void" id="deliver" type="void" visibility="public"><comment><sentence>Implement the ActiveSource interface</sentence></comment><params><param fulltype="net.sf.saxon.event.Receiver" name="receiver" type="Receiver"/><param fulltype="net.sf.saxon.lib.ParseOptions" name="options" type="ParseOptions"/></params><exceptions><exception fulltype="net.sf.saxon.trans.XPathException" id="XPathException"/></exceptions></method><method fulltype="net.sf.saxon.om.NodeInfo" id="selectID" type="NodeInfo" visibility="public"><comment><sentence>Get the element with a given ID, if any</sentence><return><body><div>the element node with the given ID if there is one, otherwise null.</div></body></return></comment><override-of fulltype="net.sf.saxon.om.GenericTreeInfo" method="selectID(java.lang.String, boolean)" type="GenericTreeInfo"/><params><param fulltype="java.lang.String" name="id" type="String"><body><div>the required ID value</div></body></param><param fulltype="boolean" name="getParent" type="boolean"><body><div>true if requesting the parent element of an ID-valued element</div></body></param></params></method><method fulltype="net.sf.saxon.option.jdom2.JDOM2NodeWrapper" id="wrap" type="JDOM2NodeWrapper" visibility="public"><comment><sentence>Wrap a node in the JDOM document.</sentence><return><body><div>the wrapping NodeInfo object</div></body></return></comment><params><param fulltype="java.lang.Object" name="node" type="Object"><body><div>The node to be wrapped. This must be a node in the same document
             (the system does not check for this).</div></body></param></params></method></methods></class><class id="JDOM2NodeWrapper" fulltype="net.sf.saxon.option.jdom2.JDOM2NodeWrapper" superclass="AbstractNodeWrapper" superclassfulltype="net.sf.saxon.tree.wrapper.AbstractNodeWrapper" visibility="public"><implements><interface fulltype="net.sf.saxon.tree.wrapper.SiblingCountingNode" type="SiblingCountingNode"/></implements><extends><inherits><interface fulltype="net.sf.saxon.om.NodeInfo" type="NodeInfo"/><interface fulltype="net.sf.saxon.tree.wrapper.VirtualNode" type="VirtualNode"/></inherits><interface fulltype="net.sf.saxon.tree.wrapper.AbstractNodeWrapper" type="AbstractNodeWrapper"/></extends><comment><body><div>A node in the XML parse tree representing an XML element, character content, or attribute.
 <p>This is the implementation of the NodeInfo interface used as a wrapper for JDOM2 nodes.</p></div></body><sentence>A node in the XML parse tree representing an XML element, character content, or attribute.</sentence></comment><fields><field fulltype="int" id="index" type="int" visibility="protected"/><field fulltype="net.sf.saxon.om.NamespaceMap" id="inScopeNamespaces" type="NamespaceMap" visibility="protected"/><field fulltype="java.lang.Object" id="node" type="Object" visibility="protected"/><field fulltype="short" id="nodeKind" type="short" visibility="protected"/></fields><methods><method fulltype="int" id="compareOrder" type="int" visibility="public"><comment><body><div>Determine the relative position of this node and another node, in document order.
 The other node will always be in the same document.</div></body><sentence>Determine the relative position of this node and another node, in document order.</sentence><return><body><div>-1 if this node precedes the other node, +1 if it follows the other
         node, or 0 if they are the same node. (In this case, isSameNode() will always
         return true, and the two nodes will produce the same result for generateId())</div></body></return></comment><params><param fulltype="net.sf.saxon.om.NodeInfo" name="other" type="NodeInfo"><body><div>The other node, whose position is to be compared with this node</div></body></param></params></method><method fulltype="void" id="generateId" type="void" visibility="public"><comment><body><div>Get a character string that uniquely identifies this node.
 Note: a.isSameNode(b) if and only if generateId(a)==generateId(b)</div></body><sentence>Get a character string that uniquely identifies this node.</sentence></comment><params><param fulltype="java.lang.StringBuilder" name="buffer" type="StringBuilder"><body><div>a Buffer to contain a string that uniquely identifies this node, across all
               documents</div></body></param></params></method><method fulltype="net.sf.saxon.om.NamespaceMap" id="getAllNamespaces" type="NamespaceMap" visibility="public"><comment><body><div>Get all the namespace bindings that are in-scope for this element.
 <p>For an element return all the prefix-to-uri bindings that are in scope. This may include
 a binding to the default namespace (represented by a prefix of ""). It will never include
 "undeclarations" - that is, the namespace URI will never be empty; the effect of an undeclaration
 is to remove a binding from the in-scope namespaces, not to add anything.</p>
 <p>For a node other than an element, returns null.</p></div></body><sentence>Get all the namespace bindings that are in-scope for this element.</sentence><return><body><div>the in-scope namespaces for an element, or null for any other kind of node.</div></body></return></comment><override-of fulltype="net.sf.saxon.tree.wrapper.AbstractNodeWrapper" method="getAllNamespaces()" type="AbstractNodeWrapper"/></method><method fulltype="java.lang.String" id="getAttributeValue" type="String" visibility="public"><comment><sentence>Get the string value of a given attribute of this node</sentence><return><body><div>the attribute value if it exists, or null if it does not exist. Always returns null
         if this node is not an element.</div></body></return><attribute name="@since"><body><div>8.4</div></body></attribute></comment><override-of fulltype="net.sf.saxon.tree.wrapper.AbstractNodeWrapper" method="getAttributeValue(java.lang.String, java.lang.String)" type="AbstractNodeWrapper"/><params><param fulltype="java.lang.String" name="uri" type="String"><body><div>the namespace URI of the attribute name. Supply the empty string for an attribute
              that is in no namespace</div></body></param><param fulltype="java.lang.String" name="local" type="String"><body><div>the local part of the attribute name.</div></body></param></params></method><method fulltype="int" id="getColumnNumber" type="int" visibility="public"><override-of fulltype="net.sf.saxon.tree.wrapper.AbstractNodeWrapper" method="getColumnNumber()" type="AbstractNodeWrapper"/></method><method fulltype="net.sf.saxon.om.NamespaceBinding[]" id="getDeclaredNamespaces" type="NamespaceBinding[]" visibility="public"><comment><sentence>Get all namespace undeclarations and undeclarations defined on this element.</sentence><return><body><div>An array of namespace binding objects representing the namespace declarations and undeclarations present on
         this element. For a node other than an element, return null.
         If the uri part is "", then this is a namespace undeclaration rather than a declaration.
         The XML namespace is never included in the list. If the supplied array is larger than required,
         then the first unused entry will be set to null.
         <p>
         For a node other than an element, the method returns null.</p></div></body></return></comment><override-of fulltype="net.sf.saxon.tree.wrapper.AbstractNodeWrapper" method="getDeclaredNamespaces(net.sf.saxon.om.NamespaceBinding[])" type="AbstractNodeWrapper"/><params><param fulltype="net.sf.saxon.om.NamespaceBinding[]" name="buffer" type="NamespaceBinding[]"><body><div>If this is non-null, and the result array fits in this buffer, then the result
               may overwrite the contents of this array, to avoid the cost of allocating a new array on the heap.</div></body></param></params></method><method fulltype="java.lang.String" id="getDisplayName" type="String" visibility="public"><comment><body><div>Get the display name of this node. For elements and attributes this is [prefix:]localname.
 For unnamed nodes, it is an empty string.</div></body><sentence>Get the display name of this node.</sentence><return><body><div>The display name of this node.
         For a node with no name, return an empty string.</div></body></return></comment><override-of fulltype="net.sf.saxon.tree.wrapper.AbstractNodeWrapper" method="getDisplayName()" type="AbstractNodeWrapper"/></method><method fulltype="int" id="getLineNumber" type="int" visibility="public"><override-of fulltype="net.sf.saxon.tree.wrapper.AbstractNodeWrapper" method="getLineNumber()" type="AbstractNodeWrapper"/></method><method fulltype="java.lang.String" id="getLocalPart" type="String" visibility="public"><comment><body><div>Get the local part of the name of this node. This is the name after the ":" if any.</div></body><sentence>Get the local part of the name of this node.</sentence><return><body><div>the local part of the name. For an unnamed node, returns "".</div></body></return></comment></method><method fulltype="int" id="getNodeKind" type="int" visibility="public"><comment><sentence>Return the type of node.</sentence><return><body><div>one of the values Node.ELEMENT, Node.TEXT, Node.ATTRIBUTE, etc.</div></body></return></comment></method><method fulltype="net.sf.saxon.om.NodeInfo" id="getParent" type="NodeInfo" visibility="public"><comment><sentence>Get the NodeInfo object representing the parent of this node</sentence></comment></method><method fulltype="java.lang.String" id="getPrefix" type="String" visibility="public"><comment><body><div>Get the prefix part of the name of this node. This is the name before the ":" if any.
 (Note, this method isn't required as part of the NodeInfo interface.)</div></body><sentence>Get the prefix part of the name of this node.</sentence><return><body><div>the prefix part of the name. For an unnamed node, return an empty string.</div></body></return></comment></method><method fulltype="net.sf.saxon.om.NodeInfo" id="getRoot" type="NodeInfo" visibility="public"><comment><sentence>Get the root node - always a document node with this tree implementation</sentence><return><body><div>the NodeInfo representing the containing document</div></body></return></comment><override-of fulltype="net.sf.saxon.tree.wrapper.AbstractNodeWrapper" method="getRoot()" type="AbstractNodeWrapper"/></method><method fulltype="int" id="getSiblingPosition" type="int" visibility="public"><comment><sentence>Get the index position of this node among its siblings (starting from 0)
 In the case of a text node that maps to several adjacent siblings in the JDOM,
 the numbering actually refers to the position of the underlying JDOM nodes;
 thus the sibling position for the text node is that of the first JDOM node
 to which it relates, and the numbering of subsequent XPath nodes is not necessarily
 consecutive.</sentence></comment></method><method fulltype="net.sf.saxon.option.jdom2.JDOM2DocumentWrapper" id="getTreeInfo" type="JDOM2DocumentWrapper" visibility="public"><override-of fulltype="net.sf.saxon.tree.wrapper.AbstractNodeWrapper" method="getTreeInfo()" type="AbstractNodeWrapper"/></method><method fulltype="java.lang.Object" id="getUnderlyingNode" type="Object" visibility="public"><comment><body><div>Get the underlying JDOM2 node, to implement the VirtualNode interface. If this wrapper
 node represents a list of adjacent text nodes, then the first of the text nodes is
 returned.</div></body><sentence>Get the underlying JDOM2 node, to implement the VirtualNode interface.</sentence></comment></method><method fulltype="net.sf.saxon.str.UnicodeString" id="getUnicodeStringValue" type="UnicodeString" visibility="public"><comment><sentence>Get the value of the item as a UnicodeString.</sentence><return><body><div>the string value</div></body></return></comment></method><method fulltype="java.lang.String" id="getURI" type="String" visibility="public"><comment><body><div>Get the URI part of the name of this node. This is the URI corresponding to the
 prefix, or the URI of the default namespace if appropriate.</div></body><sentence>Get the URI part of the name of this node.</sentence><return><body><div>The URI of the namespace of this node. For an unnamed node,
         or for a node with an empty prefix, return an empty
         string.</div></body></return></comment></method><method fulltype="boolean" id="hasChildNodes" type="boolean" visibility="public"><comment><body><div>Determine whether the node has any children.
 <p>Note: the result is equivalent to
 <code>getEnumeration(AxisInfo.CHILD, AnyNodeTest.getInstance()).hasNext()</code></p></div></body><sentence>Determine whether the node has any children.</sentence></comment><override-of fulltype="net.sf.saxon.tree.wrapper.AbstractNodeWrapper" method="hasChildNodes()" type="AbstractNodeWrapper"/></method><method fulltype="boolean" id="isId" type="boolean" visibility="public"><comment><sentence>Determine whether this node has the is-id property</sentence><return><body><div>true if the node is an ID</div></body></return></comment></method><method fulltype="boolean" id="isIdref" type="boolean" visibility="public"><comment><sentence>Determine whether this node has the is-idref property</sentence><return><body><div>true if the node is an IDREF or IDREFS element or attribute</div></body></return></comment></method><method fulltype="net.sf.saxon.tree.iter.AxisIterator" id="iterateAttributes" type="AxisIterator" visibility="protected"><override-of fulltype="net.sf.saxon.tree.wrapper.AbstractNodeWrapper" method="iterateAttributes(net.sf.saxon.pattern.NodeTest)" type="AbstractNodeWrapper"/><params><param fulltype="net.sf.saxon.pattern.NodeTest" name="nodeTest" type="NodeTest"/></params></method><method fulltype="net.sf.saxon.tree.iter.AxisIterator" id="iterateChildren" type="AxisIterator" visibility="protected"><override-of fulltype="net.sf.saxon.tree.wrapper.AbstractNodeWrapper" method="iterateChildren(net.sf.saxon.pattern.NodeTest)" type="AbstractNodeWrapper"/><params><param fulltype="net.sf.saxon.pattern.NodeTest" name="nodeTest" type="NodeTest"/></params></method><method fulltype="net.sf.saxon.tree.iter.AxisIterator" id="iterateDescendants" type="AxisIterator" visibility="protected"><override-of fulltype="net.sf.saxon.tree.wrapper.AbstractNodeWrapper" method="iterateDescendants(net.sf.saxon.pattern.NodeTest, boolean)" type="AbstractNodeWrapper"/><params><param fulltype="net.sf.saxon.pattern.NodeTest" name="nodeTest" type="NodeTest"/><param fulltype="boolean" name="includeSelf" type="boolean"/></params></method><method fulltype="net.sf.saxon.tree.iter.AxisIterator" id="iterateSiblings" type="AxisIterator" visibility="protected"><override-of fulltype="net.sf.saxon.tree.wrapper.AbstractNodeWrapper" method="iterateSiblings(net.sf.saxon.pattern.NodeTest, boolean)" type="AbstractNodeWrapper"/><params><param fulltype="net.sf.saxon.pattern.NodeTest" name="nodeTest" type="NodeTest"/><param fulltype="boolean" name="forwards" type="boolean"/></params></method><method fulltype="net.sf.saxon.option.jdom2.JDOM2NodeWrapper" id="makeWrapper" static="true" type="JDOM2NodeWrapper" visibility="protected"><comment><sentence>Factory method to wrap a JDOM node with a wrapper that implements the Saxon
 NodeInfo interface.</sentence><return><body><div>The new wrapper for the supplied node</div></body></return></comment><params><param fulltype="java.lang.Object" name="node" type="Object"><body><div>The JDOM node</div></body></param><param fulltype="net.sf.saxon.option.jdom2.JDOM2DocumentWrapper" name="docWrapper" type="JDOM2DocumentWrapper"><body><div>The wrapper for the Document containing this node</div></body></param></params></method><method fulltype="net.sf.saxon.option.jdom2.JDOM2NodeWrapper" id="makeWrapper" static="true" type="JDOM2NodeWrapper" visibility="protected"><comment><sentence>Factory method to wrap a JDOM node with a wrapper that implements the Saxon
 NodeInfo interface.</sentence><return><body><div>The new wrapper for the supplied node</div></body></return></comment><params><param fulltype="java.lang.Object" name="node" type="Object"><body><div>The JDOM node</div></body></param><param fulltype="net.sf.saxon.option.jdom2.JDOM2DocumentWrapper" name="docWrapper" type="JDOM2DocumentWrapper"><body><div>The wrapper for the Document containing this node</div></body></param><param fulltype="net.sf.saxon.option.jdom2.JDOM2NodeWrapper" name="parent" type="JDOM2NodeWrapper"><body><div>The wrapper for the parent of the JDOM node</div></body></param><param fulltype="int" name="index" type="int"><body><div>The position of this node relative to its siblings</div></body></param></params></method></methods></class><class id="JDOM2ObjectModel" fulltype="net.sf.saxon.option.jdom2.JDOM2ObjectModel" superclass="TreeModel" superclassfulltype="net.sf.saxon.om.TreeModel" visibility="public"><implements><interface fulltype="net.sf.saxon.lib.ExternalObjectModel" type="ExternalObjectModel"/></implements><extends><interface fulltype="net.sf.saxon.om.TreeModel" type="TreeModel"/></extends><comment><body><div>This interface must be implemented by any third-party object model that can
 be wrapped with a wrapper that implements the Saxon Object Model (the NodeInfo interface).
 This implementation of the interface supports wrapping of JDOM Documents.</div></body><sentence>This interface must be implemented by any third-party object model that can
 be wrapped with a wrapper that implements the Saxon Object Model (the NodeInfo interface).</sentence></comment><fields/><methods><constructor id="JDOM2ObjectModel" visibility="public"/><method fulltype="net.sf.saxon.event.Receiver" id="getDocumentBuilder" type="Receiver" visibility="public"><comment><body><div>Test whether this object model recognizes a particular kind of JAXP Result object,
 and if it does, return a Receiver that builds an instance of this data model from
 a sequence of events. If the Result is not recognised, return null.</div></body><sentence>Test whether this object model recognizes a particular kind of JAXP Result object,
 and if it does, return a Receiver that builds an instance of this data model from
 a sequence of events.</sentence><return><body><div>always null</div></body></return></comment><params><param fulltype="javax.xml.transform.Result" name="result" type="Result"/></params></method><method fulltype="java.lang.String" id="getDocumentClassName" type="String" visibility="public"><comment><sentence>Get the name of a characteristic class, which, if it can be loaded, indicates that the supporting libraries
 for this object model implementation are available on the classpath</sentence><return><body><div>by convention (but not necessarily) the class that implements a document node in the relevant
 external model</div></body></return></comment></method><method fulltype="java.lang.String" id="getIdentifyingURI" type="String" visibility="public"><comment><sentence>Get the URI of the external object model as used in the JAXP factory interfaces for obtaining
 an XPath implementation</sentence></comment></method><method fulltype="net.sf.saxon.option.jdom2.JDOM2ObjectModel" id="getInstance" static="true" type="JDOM2ObjectModel" visibility="public"/><method fulltype="net.sf.saxon.expr.JPConverter" id="getJPConverter" type="JPConverter" visibility="public"><params><param fulltype="java.lang.Class" name="sourceClass" type="Class"/><param fulltype="net.sf.saxon.Configuration" name="config" type="Configuration"/></params></method><method fulltype="java.lang.String" id="getName" type="String" visibility="public"><override-of fulltype="net.sf.saxon.om.TreeModel" method="getName()" type="TreeModel"/></method><method fulltype="net.sf.saxon.expr.PJConverter" id="getNodeListCreator" type="PJConverter" visibility="public"><comment><sentence>Get a converter that converts a sequence of XPath nodes to this model's representation
 of a node list.</sentence><return><body><div>if the model does not recognize this node as one of its own, return null. Otherwise
         return a PJConverter that takes a list of XPath nodes (represented as NodeInfo objects) and
         returns a collection of nodes in this object model</div></body></return></comment><params><param fulltype="java.lang.Object" name="node" type="Object"><body><div>an example of the kind of node used in this model</div></body></param></params></method><method fulltype="net.sf.saxon.expr.PJConverter" id="getPJConverter" type="PJConverter" visibility="public"><params><param fulltype="java.lang.Class" name="targetClass" type="Class"><type fulltype="?" type="?"/></param></params></method><method fulltype="int" id="getSymbolicValue" type="int" visibility="public"><override-of fulltype="net.sf.saxon.om.TreeModel" method="getSymbolicValue()" type="TreeModel"/></method><method fulltype="net.sf.saxon.event.Builder" id="makeBuilder" type="Builder" visibility="public"><override-of fulltype="net.sf.saxon.om.TreeModel" method="makeBuilder(net.sf.saxon.event.PipelineConfiguration)" type="TreeModel"/><params><param fulltype="net.sf.saxon.event.PipelineConfiguration" name="pipe" type="PipelineConfiguration"/></params></method><method fulltype="net.sf.saxon.om.NodeInfo" id="unravel" type="NodeInfo" visibility="public"><comment><body><div>Wrap or unwrap a node using this object model to return the corresponding Saxon node. If the supplied
 source does not belong to this object model, return null</div></body><sentence>Wrap or unwrap a node using this object model to return the corresponding Saxon node.</sentence></comment><params><param fulltype="javax.xml.transform.Source" name="source" type="Source"/><param fulltype="net.sf.saxon.Configuration" name="config" type="Configuration"/></params></method><method fulltype="net.sf.saxon.om.TreeInfo" id="wrapDocument" type="TreeInfo" visibility="public"><comment><sentence>Wrap a document node in the external object model in a document wrapper that implements
 the Saxon DocumentInfo interface</sentence><return><body><div>the wrapper, which must implement DocumentInfo</div></body></return></comment><params><param fulltype="java.lang.Object" name="node" type="Object"><body><div>a node (any node) in the third party document</div></body></param><param fulltype="net.sf.saxon.Configuration" name="config" type="Configuration"><body><div>the Saxon configuration (which among other things provides access to the NamePool)</div></body></param></params></method><method fulltype="net.sf.saxon.om.NodeInfo" id="wrapNode" type="NodeInfo" visibility="public"><comment><sentence>Wrap a node within the external object model in a node wrapper that implements the Saxon
 VirtualNode interface (which is an extension of NodeInfo)</sentence><return><body><div>the wrapper for the node, as an instance of VirtualNode</div></body></return></comment><params><param fulltype="net.sf.saxon.om.TreeInfo" name="document" type="TreeInfo"><body><div>the document wrapper, as a DocumentInfo object</div></body></param><param fulltype="java.lang.Object" name="node" type="Object"><body><div>the node to be wrapped. This must be a node within the document wrapped by the
                 DocumentInfo provided in the first argument</div></body></param></params></method></methods></class><class id="JDOM2Query" fulltype="net.sf.saxon.option.jdom2.JDOM2Query" superclass="Query" superclassfulltype="net.sf.saxon.Query" visibility="public"><extends><interface fulltype="net.sf.saxon.Query" type="Query"/></extends><comment><body><div>Variant of command line net.sf.saxon.Transform do build the source document
 in JDOM2 and then proceed with the transformation. This class is provided largely for
 testing purposes.</div></body><sentence>Variant of command line net.sf.saxon.Transform do build the source document
 in JDOM2 and then proceed with the transformation.</sentence></comment><fields/><methods><constructor id="JDOM2Query" visibility="public"/><method fulltype="void" id="main" static="true" type="void" visibility="public"><params><param fulltype="java.lang.String[]" name="args" type="String[]"/></params></method><method fulltype="java.util.List" id="preprocess" type="List" visibility="public"><type fulltype="net.sf.saxon.option.jdom2.JDOM2DocumentWrapper" type="JDOM2DocumentWrapper"/><params><param fulltype="java.util.List" name="sources" type="List"><type fulltype="javax.xml.transform.sax.SAXSource" type="SAXSource"/></param></params><exceptions><exception fulltype="net.sf.saxon.trans.XPathException" id="XPathException"/></exceptions></method></methods></class><class id="JDOM2Transform" fulltype="net.sf.saxon.option.jdom2.JDOM2Transform" superclass="Transform" superclassfulltype="net.sf.saxon.Transform" visibility="public"><extends><interface fulltype="net.sf.saxon.Transform" type="Transform"/></extends><comment><body><div>Variant of command line net.sf.saxon.Transform do build the source document
 in JDOM2 and then proceed with the transformation. This class is provided largely for
 testing purposes.</div></body><sentence>Variant of command line net.sf.saxon.Transform do build the source document
 in JDOM2 and then proceed with the transformation.</sentence></comment><fields/><methods><constructor id="JDOM2Transform" visibility="public"/><method fulltype="void" id="main" static="true" type="void" visibility="public"><params><param fulltype="java.lang.String[]" name="args" type="String[]"/></params></method><method fulltype="java.util.List" id="preprocess" type="List" visibility="public"><type fulltype="javax.xml.transform.Source" type="Source"/><override-of fulltype="net.sf.saxon.Transform" method="preprocess(java.util.List&lt;javax.xml.transform.Source&gt;)" type="Transform"/><params><param fulltype="java.util.List" name="sources" type="List"><type fulltype="javax.xml.transform.Source" type="Source"/></param></params><exceptions><exception fulltype="net.sf.saxon.trans.XPathException" id="XPathException"/></exceptions></method></methods></class><class id="JDOM2Writer" fulltype="net.sf.saxon.option.jdom2.JDOM2Writer" superclass="Builder" superclassfulltype="net.sf.saxon.event.Builder" visibility="public"><extends><inherits><interface fulltype="net.sf.saxon.event.Receiver" type="Receiver"/></inherits><interface fulltype="net.sf.saxon.event.Builder" type="Builder"/></extends><comment><sentence>JDOMWriter is a Receiver that constructs a JDOM2 document from the stream of events</sentence></comment><fields/><methods><constructor id="JDOM2Writer" visibility="public"><comment><sentence>Create a JDOM2Writer using the default node factory</sentence></comment><params><param fulltype="net.sf.saxon.event.PipelineConfiguration" name="pipe" type="PipelineConfiguration"><body><div>information about the Saxon pipeline</div></body></param></params></constructor><method fulltype="void" id="characters" type="void" visibility="public"><comment><sentence>Character data.</sentence></comment><params><param fulltype="net.sf.saxon.str.UnicodeString" name="chars" type="UnicodeString"/><param fulltype="net.sf.saxon.s9api.Location" name="locationId" type="Location"/><param fulltype="int" name="properties" type="int"/></params><exceptions><exception fulltype="net.sf.saxon.trans.XPathException" id="XPathException"/></exceptions></method><method fulltype="void" id="close" type="void" visibility="public"><comment><sentence>End of the document.</sentence></comment><override-of fulltype="net.sf.saxon.event.Builder" method="close()" type="Builder"/></method><method fulltype="void" id="comment" type="void" visibility="public"><comment><sentence>Handle a comment.</sentence></comment><params><param fulltype="net.sf.saxon.str.UnicodeString" name="chars" type="UnicodeString"/><param fulltype="net.sf.saxon.s9api.Location" name="locationId" type="Location"/><param fulltype="int" name="properties" type="int"/></params><exceptions><exception fulltype="net.sf.saxon.trans.XPathException" id="XPathException"/></exceptions></method><method fulltype="void" id="endDocument" type="void" visibility="public"><comment><sentence>Notify the end of a document node</sentence></comment><exceptions><exception fulltype="net.sf.saxon.trans.XPathException" id="XPathException"/></exceptions></method><method fulltype="void" id="endElement" type="void" visibility="public"><comment><sentence>End of an element.</sentence></comment><exceptions><exception fulltype="net.sf.saxon.trans.XPathException" id="XPathException"/></exceptions></method><method fulltype="net.sf.saxon.om.NodeInfo" id="getCurrentRoot" type="NodeInfo" visibility="public"><comment><sentence>Get the current root node.</sentence><return><body><div>a Saxon wrapper around the constructed XOM document node</div></body></return></comment><override-of fulltype="net.sf.saxon.event.Builder" method="getCurrentRoot()" type="Builder"/></method><method fulltype="org.jdom2.Document" id="getDocument" type="Document" visibility="public"><comment><sentence>Get the constructed document node</sentence><return><body><div>the document node of the constructed XOM tree</div></body></return></comment></method><method fulltype="void" id="open" type="void" visibility="public"><comment><sentence>Start of the document.</sentence></comment><override-of fulltype="net.sf.saxon.event.Builder" method="open()" type="Builder"/></method><method fulltype="void" id="processingInstruction" type="void" visibility="public"><comment><sentence>Handle a processing instruction.</sentence></comment><params><param fulltype="java.lang.String" name="target" type="String"/><param fulltype="net.sf.saxon.str.UnicodeString" name="data" type="UnicodeString"/><param fulltype="net.sf.saxon.s9api.Location" name="locationId" type="Location"/><param fulltype="int" name="properties" type="int"/></params><exceptions><exception fulltype="net.sf.saxon.trans.XPathException" id="XPathException"/></exceptions></method><method fulltype="void" id="setUnparsedEntity" type="void" visibility="public"><comment><sentence>Notify an unparsed entity URI.</sentence></comment><params><param fulltype="java.lang.String" name="name" type="String"><body><div>The name of the unparsed entity</div></body></param><param fulltype="java.lang.String" name="systemID" type="String"><body><div>The system identifier of the unparsed entity</div></body></param><param fulltype="java.lang.String" name="publicID" type="String"><body><div>The public identifier of the unparsed entity</div></body></param></params><exceptions><exception fulltype="net.sf.saxon.trans.XPathException" id="XPathException"/></exceptions></method><method fulltype="void" id="startDocument" type="void" visibility="public"><comment><sentence>Start of a document node.</sentence></comment><params><param fulltype="int" name="properties" type="int"><body><div>not used</div></body></param></params><exceptions><exception fulltype="net.sf.saxon.trans.XPathException" id="XPathException"/></exceptions></method><method fulltype="void" id="startElement" type="void" visibility="public"><comment><sentence>Start of an element.</sentence></comment><params><param fulltype="net.sf.saxon.om.NodeName" name="elemName" type="NodeName"/><param fulltype="net.sf.saxon.type.SchemaType" name="type" type="SchemaType"/><param fulltype="net.sf.saxon.om.AttributeMap" name="attributes" type="AttributeMap"/><param fulltype="net.sf.saxon.om.NamespaceMap" name="namespaces" type="NamespaceMap"/><param fulltype="net.sf.saxon.s9api.Location" name="location" type="Location"/><param fulltype="int" name="properties" type="int"/></params><exceptions><exception fulltype="net.sf.saxon.trans.XPathException" id="XPathException"/></exceptions></method><method fulltype="boolean" id="usesTypeAnnotations" type="boolean" visibility="public"><comment><sentence>Ask whether this Receiver (or the downstream pipeline) makes any use of the type annotations
 supplied on element and attribute events</sentence><return><body><div>true if the Receiver makes any use of this information. If false, the caller
         may supply untyped nodes instead of supplying the type annotation</div></body></return></comment><override-of fulltype="net.sf.saxon.event.Builder" method="usesTypeAnnotations()" type="Builder"/></method></methods></class></package>