<?xml version="1.0" encoding="UTF-8"?><package id="net.sf.saxon.option.local"><class id="Numberer_da" fulltype="net.sf.saxon.option.local.Numberer_da" superclass="AbstractNumberer" superclassfulltype="net.sf.saxon.expr.number.AbstractNumberer" visibility="public"><extends><inherits><interface fulltype="net.sf.saxon.lib.Numberer" type="Numberer"/></inherits><interface fulltype="net.sf.saxon.expr.number.AbstractNumberer" type="AbstractNumberer"/></extends><comment><sentence>Localization class for Danish.</sentence><attribute name="@author"><body><div>Karel Goossens
         BTR-Services Belgium.
         Numberer class for the Danish language.</div></body></attribute><attribute name="@see"><body><div>"http://en.wikipedia.org/wiki/Danish_grammar#Numerals"</div></body></attribute></comment><fields/><methods><constructor id="Numberer_da" visibility="public"/><method fulltype="java.lang.String" id="dayName" type="String" visibility="public"><comment><sentence>Get a day name or abbreviation</sentence></comment><override-of fulltype="net.sf.saxon.expr.number.AbstractNumberer" method="dayName(int, int, int)" type="AbstractNumberer"/><params><param fulltype="int" name="day" type="int"><body><div>The day of the week (1=Monday, 7=Sunday)</div></body></param><param fulltype="int" name="minWidth" type="int"><body><div>The minimum number of characters</div></body></param><param fulltype="int" name="maxWidth" type="int"><body><div>The maximum number of characters</div></body></param></params></method><method fulltype="java.lang.String" id="monthName" type="String" visibility="public"><comment><sentence>Get a month name or abbreviation</sentence></comment><override-of fulltype="net.sf.saxon.expr.number.AbstractNumberer" method="monthName(int, int, int)" type="AbstractNumberer"/><params><param fulltype="int" name="month" type="int"><body><div>The month number (1=January, 12=December)</div></body></param><param fulltype="int" name="minWidth" type="int"><body><div>The minimum number of characters</div></body></param><param fulltype="int" name="maxWidth" type="int"><body><div>The maximum number of characters</div></body></param></params></method><method fulltype="java.lang.String" id="toOrdinalWords" type="String" visibility="public"><comment><sentence>Show an ordinal number as Danish words in a requested case (for example, Twentyfirst)</sentence></comment><override-of fulltype="net.sf.saxon.expr.number.AbstractNumberer" method="toOrdinalWords(java.lang.String, long, int)" type="AbstractNumberer"/><params><param fulltype="java.lang.String" name="ordinalParam" type="String"/><param fulltype="long" name="number" type="long"/><param fulltype="int" name="wordCase" type="int"/></params></method><method fulltype="java.lang.String" id="toWords" type="String" visibility="public"><override-of fulltype="net.sf.saxon.expr.number.AbstractNumberer" method="toWords(long)" type="AbstractNumberer"/><params><param fulltype="long" name="number" type="long"/></params></method><method fulltype="java.lang.String" id="toWords" type="String" visibility="public"><override-of fulltype="net.sf.saxon.expr.number.AbstractNumberer" method="toWords(long, int)" type="AbstractNumberer"/><params><param fulltype="long" name="number" type="long"/><param fulltype="int" name="wordCase" type="int"/></params></method></methods></class><class id="Numberer_de" fulltype="net.sf.saxon.option.local.Numberer_de" superclass="AbstractNumberer" superclassfulltype="net.sf.saxon.expr.number.AbstractNumberer" visibility="public"><extends><inherits><interface fulltype="net.sf.saxon.lib.Numberer" type="Numberer"/></inherits><interface fulltype="net.sf.saxon.expr.number.AbstractNumberer" type="AbstractNumberer"/></extends><comment><sentence>Class Numberer_de provides localization for format-date() and xsl:number with language = "de" (German)</sentence><attribute name="@author"><body><div>Michael H. Kay</div></body></attribute></comment><fields/><methods><constructor id="Numberer_de" visibility="public"/><method fulltype="java.lang.String" id="dayName" type="String" visibility="public"><comment><sentence>Get a day name or abbreviation</sentence></comment><override-of fulltype="net.sf.saxon.expr.number.AbstractNumberer" method="dayName(int, int, int)" type="AbstractNumberer"/><params><param fulltype="int" name="day" type="int"><body><div>The month number (1=Monday, 7=Sunday)</div></body></param><param fulltype="int" name="minWidth" type="int"><body><div>The minimum number of characters</div></body></param><param fulltype="int" name="maxWidth" type="int"><body><div>The maximum number of characters</div></body></param></params></method><method fulltype="java.lang.String" id="getCalendarName" type="String" visibility="public"><comment><sentence>Get the name of a calendar</sentence></comment><override-of fulltype="net.sf.saxon.expr.number.AbstractNumberer" method="getCalendarName(java.lang.String)" type="AbstractNumberer"/><params><param fulltype="java.lang.String" name="code" type="String"><body><div>The code representing the calendar as in the XSLT 2.0 spec, e.g. AD for the Gregorian calendar</div></body></param></params></method><method fulltype="java.lang.String" id="getEraName" type="String" visibility="public"><comment><body><div>Get the name for an era (e.g. "BC" or "AD")</div></body><sentence>Get the name for an era (e.g.</sentence></comment><override-of fulltype="net.sf.saxon.expr.number.AbstractNumberer" method="getEraName(int)" type="AbstractNumberer"/><params><param fulltype="int" name="year" type="int"><body><div>the proleptic gregorian year, using "0" for the year before 1AD</div></body></param></params></method><method fulltype="java.lang.String" id="getOrdinalSuffixForDateTime" type="String" visibility="public"><comment><sentence>Get an ordinal suffix for a particular component of a date/time.</sentence><return><body><div>a string that is acceptable in the ordinal attribute of xsl:number
         to achieve the required ordinal representation. For example, "-e" for the day component
         in German, to have the day represented as "dritte August".</div></body></return></comment><override-of fulltype="net.sf.saxon.expr.number.AbstractNumberer" method="getOrdinalSuffixForDateTime(java.lang.String)" type="AbstractNumberer"/><params><param fulltype="java.lang.String" name="component" type="String"><body><div>the component specifier from a format-dateTime picture, for
                  example "M" for the month or "D" for the day.</div></body></param></params></method><method fulltype="java.lang.String" id="monthName" type="String" visibility="public"><comment><sentence>Get a month name or abbreviation</sentence></comment><override-of fulltype="net.sf.saxon.expr.number.AbstractNumberer" method="monthName(int, int, int)" type="AbstractNumberer"/><params><param fulltype="int" name="month" type="int"><body><div>The month number (1=January, 12=December)</div></body></param><param fulltype="int" name="minWidth" type="int"><body><div>The minimum number of characters</div></body></param><param fulltype="int" name="maxWidth" type="int"><body><div>The maximum number of characters</div></body></param></params></method><method fulltype="java.lang.String" id="ordinalSuffix" type="String" visibility="protected"><comment><sentence>Construct the ordinal suffix for a number, for example "st", "nd", "rd"</sentence><return><body><div>the ordinal suffix to be appended to the formatted number</div></body></return></comment><override-of fulltype="net.sf.saxon.expr.number.AbstractNumberer" method="ordinalSuffix(java.lang.String, long)" type="AbstractNumberer"/><params><param fulltype="java.lang.String" name="ordinalParam" type="String"><body><div>the value of the ordinal attribute (used in non-English
                     language implementations)</div></body></param><param fulltype="long" name="number" type="long"><body><div>the number being formatted</div></body></param></params></method><method fulltype="java.lang.String" id="toOrdinalWords" type="String" visibility="public"><comment><sentence>Show an ordinal number as German words (for example, Einundzwanzigste)</sentence></comment><override-of fulltype="net.sf.saxon.expr.number.AbstractNumberer" method="toOrdinalWords(java.lang.String, long, int)" type="AbstractNumberer"/><params><param fulltype="java.lang.String" name="ordinalParam" type="String"/><param fulltype="long" name="number" type="long"/><param fulltype="int" name="wordCase" type="int"/></params></method><method fulltype="java.lang.String" id="toWords" type="String" visibility="public"><comment><body><div>Show the number as words in title case. (We choose title case because
 the result can then be converted algorithmically to lower case or upper case).</div></body><sentence>Show the number as words in title case.</sentence></comment><override-of fulltype="net.sf.saxon.expr.number.AbstractNumberer" method="toWords(long)" type="AbstractNumberer"/><params><param fulltype="long" name="number" type="long"/></params></method><method fulltype="java.lang.String" id="zero" type="String" visibility="public"><override-of fulltype="net.sf.saxon.expr.number.AbstractNumberer" method="zero()" type="AbstractNumberer"/></method></methods></class><class id="Numberer_fr" fulltype="net.sf.saxon.option.local.Numberer_fr" superclass="AbstractNumberer" superclassfulltype="net.sf.saxon.expr.number.AbstractNumberer" visibility="public"><extends><inherits><interface fulltype="net.sf.saxon.lib.Numberer" type="Numberer"/></inherits><interface fulltype="net.sf.saxon.expr.number.AbstractNumberer" type="AbstractNumberer"/></extends><comment><body><div>Class Numberer_fr is a number formatter for french. This one will be
 activated for language="fr"</div></body><sentence>Class Numberer_fr is a number formatter for french.</sentence><attribute name="@author"><body><div>Luc Rochefort</div></body></attribute></comment><fields/><methods><constructor id="Numberer_fr" visibility="public"/><method fulltype="java.lang.String" id="dayName" type="String" visibility="public"><override-of fulltype="net.sf.saxon.expr.number.AbstractNumberer" method="dayName(int, int, int)" type="AbstractNumberer"/><params><param fulltype="int" name="day" type="int"/><param fulltype="int" name="minWidth" type="int"/><param fulltype="int" name="maxWidth" type="int"/></params></method><method fulltype="java.lang.String" id="monthName" type="String" visibility="public"><override-of fulltype="net.sf.saxon.expr.number.AbstractNumberer" method="monthName(int, int, int)" type="AbstractNumberer"/><params><param fulltype="int" name="month" type="int"/><param fulltype="int" name="minWidth" type="int"/><param fulltype="int" name="maxWidth" type="int"/></params></method><method fulltype="java.lang.String" id="ordinalSuffix" type="String" visibility="protected"><override-of fulltype="net.sf.saxon.expr.number.AbstractNumberer" method="ordinalSuffix(java.lang.String, long)" type="AbstractNumberer"/><params><param fulltype="java.lang.String" name="ordinalParam" type="String"/><param fulltype="long" name="number" type="long"/></params></method><method fulltype="java.lang.String" id="toOrdinalWords" type="String" visibility="public"><override-of fulltype="net.sf.saxon.expr.number.AbstractNumberer" method="toOrdinalWords(java.lang.String, long, int)" type="AbstractNumberer"/><params><param fulltype="java.lang.String" name="ordinalParam" type="String"/><param fulltype="long" name="number" type="long"/><param fulltype="int" name="wordCase" type="int"/></params></method><method fulltype="java.lang.String" id="toWords" type="String" visibility="public"><override-of fulltype="net.sf.saxon.expr.number.AbstractNumberer" method="toWords(long)" type="AbstractNumberer"/><params><param fulltype="long" name="number" type="long"/></params></method><method fulltype="java.lang.String" id="toWords" type="String" visibility="public"><override-of fulltype="net.sf.saxon.expr.number.AbstractNumberer" method="toWords(long, int)" type="AbstractNumberer"/><params><param fulltype="long" name="number" type="long"/><param fulltype="int" name="wordCase" type="int"/></params></method></methods></class><class id="Numberer_frBE" fulltype="net.sf.saxon.option.local.Numberer_frBE" superclass="AbstractNumberer" superclassfulltype="net.sf.saxon.expr.number.AbstractNumberer" visibility="public"><extends><inherits><interface fulltype="net.sf.saxon.lib.Numberer" type="Numberer"/></inherits><interface fulltype="net.sf.saxon.expr.number.AbstractNumberer" type="AbstractNumberer"/></extends><comment><body><div>Class Numberer_frBE is a number formatter for French as used in Belgium. This one will be
 activated for language="frBE"</div></body><sentence>Class Numberer_frBE is a number formatter for French as used in Belgium.</sentence><attribute name="@author"><body><div>Luc Rochefort. Modified for fr-BE by Karel Goossens</div></body></attribute></comment><fields/><methods><constructor id="Numberer_frBE" visibility="public"/><method fulltype="java.lang.String" id="dayName" type="String" visibility="public"><override-of fulltype="net.sf.saxon.expr.number.AbstractNumberer" method="dayName(int, int, int)" type="AbstractNumberer"/><params><param fulltype="int" name="day" type="int"/><param fulltype="int" name="minWidth" type="int"/><param fulltype="int" name="maxWidth" type="int"/></params></method><method fulltype="java.lang.String" id="monthName" type="String" visibility="public"><override-of fulltype="net.sf.saxon.expr.number.AbstractNumberer" method="monthName(int, int, int)" type="AbstractNumberer"/><params><param fulltype="int" name="month" type="int"/><param fulltype="int" name="minWidth" type="int"/><param fulltype="int" name="maxWidth" type="int"/></params></method><method fulltype="java.lang.String" id="ordinalSuffix" type="String" visibility="protected"><override-of fulltype="net.sf.saxon.expr.number.AbstractNumberer" method="ordinalSuffix(java.lang.String, long)" type="AbstractNumberer"/><params><param fulltype="java.lang.String" name="ordinalParam" type="String"/><param fulltype="long" name="number" type="long"/></params></method><method fulltype="java.lang.String" id="toOrdinalWords" type="String" visibility="public"><override-of fulltype="net.sf.saxon.expr.number.AbstractNumberer" method="toOrdinalWords(java.lang.String, long, int)" type="AbstractNumberer"/><params><param fulltype="java.lang.String" name="ordinalParam" type="String"/><param fulltype="long" name="number" type="long"/><param fulltype="int" name="wordCase" type="int"/></params></method><method fulltype="java.lang.String" id="toWords" type="String" visibility="public"><override-of fulltype="net.sf.saxon.expr.number.AbstractNumberer" method="toWords(long)" type="AbstractNumberer"/><params><param fulltype="long" name="number" type="long"/></params></method><method fulltype="java.lang.String" id="toWords" type="String" visibility="public"><override-of fulltype="net.sf.saxon.expr.number.AbstractNumberer" method="toWords(long, int)" type="AbstractNumberer"/><params><param fulltype="long" name="number" type="long"/><param fulltype="int" name="wordCase" type="int"/></params></method></methods></class><class id="Numberer_he" fulltype="net.sf.saxon.option.local.Numberer_he" superclass="Numberer_en" superclassfulltype="net.sf.saxon.expr.number.Numberer_en" visibility="public"><extends><interface fulltype="net.sf.saxon.expr.number.Numberer_en" type="Numberer_en"><extends><inherits><interface fulltype="net.sf.saxon.lib.Numberer" type="Numberer"/></inherits><interface fulltype="net.sf.saxon.expr.number.AbstractNumberer" type="AbstractNumberer"/></extends></interface></extends><comment><body><div>Class Numberer_he does number formatting for language="he" (Hebrew).
 This supports the xsl:number element.</div></body><sentence>Class Numberer_he does number formatting for language="he" (Hebrew).</sentence></comment><fields/><methods><constructor id="Numberer_he" visibility="public"/><method fulltype="java.lang.String" id="format" type="String" visibility="public"><comment><sentence>Format a number into a string</sentence><return><body><div>the formatted number. Note that no errors are reported; if the request
         is invalid, the number is formatted as if the string() function were used.</div></body></return></comment><override-of fulltype="net.sf.saxon.expr.number.AbstractNumberer" method="format(long, net.sf.saxon.str.UnicodeString, net.sf.saxon.expr.number.NumericGroupFormatter, java.lang.String, java.lang.String)" type="AbstractNumberer"/><params><param fulltype="long" name="number" type="long"><body><div>The number to be formatted</div></body></param><param fulltype="net.sf.saxon.str.UnicodeString" name="picture" type="UnicodeString"><body><div>The format token. This is a single component of the format attribute
                          of xsl:number, e.g. "1", "01", "i", or "a"</div></body></param><param fulltype="net.sf.saxon.expr.number.NumericGroupFormatter" name="numGroupFormatter" type="NumericGroupFormatter"><body><div>object contains separators to appear between groups of digits</div></body></param><param fulltype="java.lang.String" name="letterValue" type="String"><body><div>The letter-value specified to xsl:number: "alphabetic" or
                          "traditional". Can also be an empty string or null.</div></body></param><param fulltype="java.lang.String" name="ordinal" type="String"><body><div>The value of the ordinal attribute specified to xsl:number
                          The value "yes" indicates that ordinal numbers should be used; "" or null indicates
                          that cardinal numbers</div></body></param></params></method><method fulltype="java.lang.String" id="toTraditionalSequence" type="String" visibility="protected"><comment><body><div>Convert a number to traditional Hebrew representation.
 All parameters are the same as for format()</div></body><sentence>Convert a number to traditional Hebrew representation.</sentence><return><body><div>The number in traditional Hebrew.  The result for numbers above 9999
         is not really well-defined.  Neither is 0.</div></body></return></comment><params><param fulltype="long" name="number" type="long"><body><div>the number to be formatted</div></body></param><param fulltype="java.lang.String" name="groupSeparator" type="String"><body><div>the grouping separator, if required (may be null)</div></body></param></params></method></methods></class><class id="Numberer_it" fulltype="net.sf.saxon.option.local.Numberer_it" superclass="AbstractNumberer" superclassfulltype="net.sf.saxon.expr.number.AbstractNumberer" visibility="public"><extends><inherits><interface fulltype="net.sf.saxon.lib.Numberer" type="Numberer"/></inherits><interface fulltype="net.sf.saxon.expr.number.AbstractNumberer" type="AbstractNumberer"/></extends><comment><sentence>Localization class for Italian</sentence><attribute name="@author"><body><div>Karel Goossens
         BTR-Services Belgium.
         Numberer class for the Italian language.</div></body></attribute><attribute name="@see"><body><div><a href="http://italian.about.com/library/weekly/aa042600a.htm" shape="rect">Italian numbers</a></div></body></attribute><attribute name="@see"><body><div><a href="http://home.unilang.org/wiki3/index.php/Italian_months" shape="rect">Italian months</a></div></body></attribute><attribute name="@see"><body><div><a href="http://home.unilang.org/wiki3/index.php/Italian_days" shape="rect">Italian days</a></div></body></attribute></comment><fields/><methods><constructor id="Numberer_it" visibility="public"/><method fulltype="java.lang.String" id="dayName" type="String" visibility="public"><comment><sentence>Get a day name or abbreviation</sentence></comment><override-of fulltype="net.sf.saxon.expr.number.AbstractNumberer" method="dayName(int, int, int)" type="AbstractNumberer"/><params><param fulltype="int" name="day" type="int"><body><div>The day of the week (1=Monday, 7=Sunday)</div></body></param><param fulltype="int" name="minWidth" type="int"><body><div>The minimum number of characters</div></body></param><param fulltype="int" name="maxWidth" type="int"><body><div>The maximum number of characters</div></body></param></params></method><method fulltype="java.lang.String" id="monthName" type="String" visibility="public"><comment><sentence>Get a month name or abbreviation</sentence></comment><override-of fulltype="net.sf.saxon.expr.number.AbstractNumberer" method="monthName(int, int, int)" type="AbstractNumberer"/><params><param fulltype="int" name="month" type="int"><body><div>The month number (1=January, 12=December)</div></body></param><param fulltype="int" name="minWidth" type="int"><body><div>The minimum number of characters</div></body></param><param fulltype="int" name="maxWidth" type="int"><body><div>The maximum number of characters</div></body></param></params></method><method fulltype="java.lang.String" id="toOrdinalWords" type="String" visibility="public"><comment><sentence>Show an ordinal number as Italian words in a requested case (for example, Twentyfirst)</sentence></comment><override-of fulltype="net.sf.saxon.expr.number.AbstractNumberer" method="toOrdinalWords(java.lang.String, long, int)" type="AbstractNumberer"/><params><param fulltype="java.lang.String" name="ordinalParam" type="String"/><param fulltype="long" name="number" type="long"/><param fulltype="int" name="wordCase" type="int"/></params></method><method fulltype="java.lang.String" id="toWords" type="String" visibility="public"><override-of fulltype="net.sf.saxon.expr.number.AbstractNumberer" method="toWords(long)" type="AbstractNumberer"/><params><param fulltype="long" name="number" type="long"/></params></method><method fulltype="java.lang.String" id="toWords" type="String" visibility="public"><override-of fulltype="net.sf.saxon.expr.number.AbstractNumberer" method="toWords(long, int)" type="AbstractNumberer"/><params><param fulltype="long" name="number" type="long"/><param fulltype="int" name="wordCase" type="int"/></params></method></methods></class><class id="Numberer_nl" fulltype="net.sf.saxon.option.local.Numberer_nl" superclass="AbstractNumberer" superclassfulltype="net.sf.saxon.expr.number.AbstractNumberer" visibility="public"><extends><inherits><interface fulltype="net.sf.saxon.lib.Numberer" type="Numberer"/></inherits><interface fulltype="net.sf.saxon.expr.number.AbstractNumberer" type="AbstractNumberer"/></extends><comment><sentence>Localization class for Dutch.</sentence><attribute name="@author"><body><div>Karel Goossens
         BTR-Services Belgium.
         Numberer class for the Dutch language.
         <p>Modified 2009-07-27 by MHK to use initial capital letters in names of months, days, and numbers.
         In response to email from Laurens Holst on saxon-help list:
         "Although in Dutch we do not capitalise months by default, it still needs to be capitalised when it appears
         at the start of a sentence, hence there is the problem."</p></div></body></attribute><attribute name="@see"><body><div><a href="http://woordenlijst.org/leidraad/6/9/#r6n" shape="rect">http://woordenlijst.org/leidraad/6/9/#r6n</a></div></body></attribute><attribute name="@see"><body><div><a href="http://taaladvies.net/taal/advies/popup.php?id=88" shape="rect">http://taaladvies.net/taal/advies/popup.php?id=88</a></div></body></attribute><attribute name="@see"><body><div><a href="http://www.vlaanderen.be/servlet/Satellite?c=Page&amp;cid=1120536021990&amp;pagename=taaltelefoon%2FPage%2FHomePageMIN" shape="rect">http://www.vlaanderen.be/servlet/Satellite?c=Page&amp;cid=1120536021990&amp;pagename=taaltelefoon%2FPage%2FHomePageMIN</a></div></body></attribute></comment><fields/><methods><constructor id="Numberer_nl" visibility="public"/><method fulltype="java.lang.String" id="dayName" type="String" visibility="public"><comment><sentence>Get a day name or abbreviation</sentence></comment><override-of fulltype="net.sf.saxon.expr.number.AbstractNumberer" method="dayName(int, int, int)" type="AbstractNumberer"/><params><param fulltype="int" name="day" type="int"><body><div>The day of the week (1=Monday, 7=Sunday)</div></body></param><param fulltype="int" name="minWidth" type="int"><body><div>The minimum number of characters</div></body></param><param fulltype="int" name="maxWidth" type="int"><body><div>The maximum number of characters</div></body></param></params></method><method fulltype="java.lang.String" id="getEraName" type="String" visibility="public"><comment><body><div>Get the name for an era (e.g. "BC" or "AD")</div></body><sentence>Get the name for an era (e.g.</sentence></comment><override-of fulltype="net.sf.saxon.expr.number.AbstractNumberer" method="getEraName(int)" type="AbstractNumberer"/><params><param fulltype="int" name="year" type="int"><body><div>the proleptic gregorian year, using "0" for the year before 1AD</div></body></param></params></method><method fulltype="java.lang.String" id="halfDayName" type="String" visibility="public"><comment><sentence>Get an am/pm indicator</sentence><return><body><div>the AM or PM indicator</div></body></return></comment><override-of fulltype="net.sf.saxon.expr.number.AbstractNumberer" method="halfDayName(int, int, int)" type="AbstractNumberer"/><params><param fulltype="int" name="minutes" type="int"><body><div>the minutes within the day</div></body></param><param fulltype="int" name="minWidth" type="int"><body><div>minimum width of output</div></body></param><param fulltype="int" name="maxWidth" type="int"><body><div>maximum width of output</div></body></param></params></method><method fulltype="java.lang.String" id="monthName" type="String" visibility="public"><comment><sentence>Get a month name or abbreviation</sentence></comment><override-of fulltype="net.sf.saxon.expr.number.AbstractNumberer" method="monthName(int, int, int)" type="AbstractNumberer"/><params><param fulltype="int" name="month" type="int"><body><div>The month number (1=January, 12=December)</div></body></param><param fulltype="int" name="minWidth" type="int"><body><div>The minimum number of characters</div></body></param><param fulltype="int" name="maxWidth" type="int"><body><div>The maximum number of characters</div></body></param></params></method><method fulltype="java.lang.String" id="toOrdinalWords" type="String" visibility="public"><comment><sentence>Show an ordinal number as dutch words in a requested case (for example, Twentyfirst)</sentence></comment><override-of fulltype="net.sf.saxon.expr.number.AbstractNumberer" method="toOrdinalWords(java.lang.String, long, int)" type="AbstractNumberer"/><params><param fulltype="java.lang.String" name="ordinalParam" type="String"/><param fulltype="long" name="number" type="long"/><param fulltype="int" name="wordCase" type="int"/></params></method><method fulltype="java.lang.String" id="toWords" type="String" visibility="public"><override-of fulltype="net.sf.saxon.expr.number.AbstractNumberer" method="toWords(long)" type="AbstractNumberer"/><params><param fulltype="long" name="number" type="long"/></params></method><method fulltype="java.lang.String" id="toWords" type="String" visibility="public"><override-of fulltype="net.sf.saxon.expr.number.AbstractNumberer" method="toWords(long, int)" type="AbstractNumberer"/><params><param fulltype="long" name="number" type="long"/><param fulltype="int" name="wordCase" type="int"/></params></method></methods></class><class id="Numberer_nlBE" fulltype="net.sf.saxon.option.local.Numberer_nlBE" superclass="AbstractNumberer" superclassfulltype="net.sf.saxon.expr.number.AbstractNumberer" visibility="public"><extends><inherits><interface fulltype="net.sf.saxon.lib.Numberer" type="Numberer"/></inherits><interface fulltype="net.sf.saxon.expr.number.AbstractNumberer" type="AbstractNumberer"/></extends><comment><sentence>Numberer class for the Belgian-Dutch language region.</sentence><attribute name="@author"><body><div>Karel Goossens
         BTR-Services Belgium.</div></body></attribute><attribute name="@see"><body><div><a href="http://woordenlijst.org/leidraad/6/9/#r6n" shape="rect">http://woordenlijst.org/leidraad/6/9/#r6n</a></div></body></attribute><attribute name="@see"><body><div><a href="http://taaladvies.net/taal/advies/popup.php?id=88" shape="rect">http://taaladvies.net/taal/advies/popup.php?id=88</a></div></body></attribute><attribute name="@see"><body><div><a href="http://www.vlaanderen.be/servlet/Satellite?c=Page&amp;cid=1120536021990&amp;pagename=taaltelefoon%2FPage%2FHomePageMIN" shape="rect">http://www.vlaanderen.be/servlet/Satellite?c=Page&amp;cid=1120536021990&amp;pagename=taaltelefoon%2FPage%2FHomePageMIN</a></div></body></attribute></comment><fields/><methods><constructor id="Numberer_nlBE" visibility="public"/><method fulltype="java.lang.String" id="dayName" type="String" visibility="public"><comment><sentence>Get a day name or abbreviation</sentence></comment><override-of fulltype="net.sf.saxon.expr.number.AbstractNumberer" method="dayName(int, int, int)" type="AbstractNumberer"/><params><param fulltype="int" name="day" type="int"><body><div>The day of the week (1=Monday, 7=Sunday)</div></body></param><param fulltype="int" name="minWidth" type="int"><body><div>The minimum number of characters</div></body></param><param fulltype="int" name="maxWidth" type="int"><body><div>The maximum number of characters</div></body></param></params></method><method fulltype="java.lang.String" id="getEraName" type="String" visibility="public"><comment><body><div>Get the name for an era (e.g. "BC" or "AD")</div></body><sentence>Get the name for an era (e.g.</sentence></comment><override-of fulltype="net.sf.saxon.expr.number.AbstractNumberer" method="getEraName(int)" type="AbstractNumberer"/><params><param fulltype="int" name="year" type="int"><body><div>the proleptic gregorian year, using "0" for the year before 1AD</div></body></param></params></method><method fulltype="java.lang.String" id="halfDayName" type="String" visibility="public"><comment><sentence>Get an am/pm indicator</sentence><return><body><div>the AM or PM indicator</div></body></return></comment><override-of fulltype="net.sf.saxon.expr.number.AbstractNumberer" method="halfDayName(int, int, int)" type="AbstractNumberer"/><params><param fulltype="int" name="minutes" type="int"><body><div>the minutes within the day</div></body></param><param fulltype="int" name="minWidth" type="int"><body><div>minimum width of output</div></body></param><param fulltype="int" name="maxWidth" type="int"><body><div>maximum width of output</div></body></param></params></method><method fulltype="java.lang.String" id="monthName" type="String" visibility="public"><comment><sentence>Get a month name or abbreviation</sentence></comment><override-of fulltype="net.sf.saxon.expr.number.AbstractNumberer" method="monthName(int, int, int)" type="AbstractNumberer"/><params><param fulltype="int" name="month" type="int"><body><div>The month number (1=January, 12=December)</div></body></param><param fulltype="int" name="minWidth" type="int"><body><div>The minimum number of characters</div></body></param><param fulltype="int" name="maxWidth" type="int"><body><div>The maximum number of characters</div></body></param></params></method><method fulltype="java.lang.String" id="toOrdinalWords" type="String" visibility="public"><comment><sentence>Show an ordinal number as dutch words in a requested case (for example, Twentyfirst)</sentence></comment><override-of fulltype="net.sf.saxon.expr.number.AbstractNumberer" method="toOrdinalWords(java.lang.String, long, int)" type="AbstractNumberer"/><params><param fulltype="java.lang.String" name="ordinalParam" type="String"/><param fulltype="long" name="number" type="long"/><param fulltype="int" name="wordCase" type="int"/></params></method><method fulltype="java.lang.String" id="toWords" type="String" visibility="public"><override-of fulltype="net.sf.saxon.expr.number.AbstractNumberer" method="toWords(long)" type="AbstractNumberer"/><params><param fulltype="long" name="number" type="long"/></params></method><method fulltype="java.lang.String" id="toWords" type="String" visibility="public"><override-of fulltype="net.sf.saxon.expr.number.AbstractNumberer" method="toWords(long, int)" type="AbstractNumberer"/><params><param fulltype="long" name="number" type="long"/><param fulltype="int" name="wordCase" type="int"/></params></method></methods></class><class id="Numberer_sv" fulltype="net.sf.saxon.option.local.Numberer_sv" superclass="AbstractNumberer" superclassfulltype="net.sf.saxon.expr.number.AbstractNumberer" visibility="public"><extends><inherits><interface fulltype="net.sf.saxon.lib.Numberer" type="Numberer"/></inherits><interface fulltype="net.sf.saxon.expr.number.AbstractNumberer" type="AbstractNumberer"/></extends><comment><sentence>Numberer class for the Swedish language.</sentence><attribute name="@author"><body><div>Karel Goossens
         BTR-Services Belgium.</div></body></attribute><attribute name="@see"><body><div><a href="http://en.wikipedia.org/wiki/Swedish_grammar" shape="rect">http://en.wikipedia.org/wiki/Swedish_grammar</a></div></body></attribute><attribute name="@see"><body><div><a href="http://www2.hhs.se/isa/swedish/chap4.htm" shape="rect">http://www2.hhs.se/isa/swedish/chap4.htm</a></div></body></attribute></comment><fields/><methods><constructor id="Numberer_sv" visibility="public"/><method fulltype="java.lang.String" id="dayName" type="String" visibility="public"><comment><sentence>Get a day name or abbreviation</sentence></comment><override-of fulltype="net.sf.saxon.expr.number.AbstractNumberer" method="dayName(int, int, int)" type="AbstractNumberer"/><params><param fulltype="int" name="day" type="int"><body><div>The day of the week (1=Monday, 7=Sunday)</div></body></param><param fulltype="int" name="minWidth" type="int"><body><div>The minimum number of characters</div></body></param><param fulltype="int" name="maxWidth" type="int"><body><div>The maximum number of characters</div></body></param></params></method><method fulltype="java.lang.String" id="monthName" type="String" visibility="public"><comment><sentence>Get a month name or abbreviation</sentence></comment><override-of fulltype="net.sf.saxon.expr.number.AbstractNumberer" method="monthName(int, int, int)" type="AbstractNumberer"/><params><param fulltype="int" name="month" type="int"><body><div>The month number (1=January, 12=December)</div></body></param><param fulltype="int" name="minWidth" type="int"><body><div>The minimum number of characters</div></body></param><param fulltype="int" name="maxWidth" type="int"><body><div>The maximum number of characters</div></body></param></params></method><method fulltype="java.lang.String" id="toOrdinalWords" type="String" visibility="public"><comment><sentence>Show an ordinal number as swedish words in a requested case (for example, Twentyfirst)</sentence><return><body><div>String representing the number in words.</div></body></return></comment><override-of fulltype="net.sf.saxon.expr.number.AbstractNumberer" method="toOrdinalWords(java.lang.String, long, int)" type="AbstractNumberer"/><params><param fulltype="java.lang.String" name="ordinalParam" type="String"><body><div>not used.</div></body></param><param fulltype="long" name="number" type="long"><body><div>the number to be converted to a word.</div></body></param><param fulltype="int" name="wordCase" type="int"><body><div>UPPER_CASE or LOWER_CASE.</div></body></param></params></method><method fulltype="java.lang.String" id="toWords" type="String" visibility="public"><override-of fulltype="net.sf.saxon.expr.number.AbstractNumberer" method="toWords(long)" type="AbstractNumberer"/><params><param fulltype="long" name="number" type="long"/></params></method><method fulltype="java.lang.String" id="toWords" type="String" visibility="public"><override-of fulltype="net.sf.saxon.expr.number.AbstractNumberer" method="toWords(long, int)" type="AbstractNumberer"/><params><param fulltype="long" name="number" type="long"/><param fulltype="int" name="wordCase" type="int"/></params></method></methods></class><class id="Numberer_tr" fulltype="net.sf.saxon.option.local.Numberer_tr" superclass="AbstractNumberer" superclassfulltype="net.sf.saxon.expr.number.AbstractNumberer" visibility="public"><extends><inherits><interface fulltype="net.sf.saxon.lib.Numberer" type="Numberer"/></inherits><interface fulltype="net.sf.saxon.expr.number.AbstractNumberer" type="AbstractNumberer"/></extends><comment><attribute name="@author"><body><div>Ferhat</div></body></attribute></comment><fields/><methods><constructor id="Numberer_tr" visibility="public"/><method fulltype="java.lang.String" id="camelBump" type="String" visibility="public"><params><param fulltype="java.lang.String" name="str" type="String"/></params></method><method fulltype="java.lang.String" id="dayName" type="String" visibility="public"><override-of fulltype="net.sf.saxon.expr.number.AbstractNumberer" method="dayName(int, int, int)" type="AbstractNumberer"/><params><param fulltype="int" name="gun" type="int"/><param fulltype="int" name="min" type="int"/><param fulltype="int" name="max" type="int"/></params></method><method fulltype="java.lang.String" id="formatWord" type="String" visibility="public"><params><param fulltype="java.lang.String" name="word" type="String"/><param fulltype="int" name="formatIdx" type="int"/></params></method><method fulltype="void" id="main" static="true" type="void" visibility="public"><params><param fulltype="java.lang.String[]" name="args" type="String[]"/></params></method><method fulltype="java.lang.String" id="monthName" type="String" visibility="public"><override-of fulltype="net.sf.saxon.expr.number.AbstractNumberer" method="monthName(int, int, int)" type="AbstractNumberer"/><params><param fulltype="int" name="ay" type="int"/><param fulltype="int" name="min" type="int"/><param fulltype="int" name="max" type="int"/></params></method><method fulltype="java.lang.String" id="numberer" type="String" visibility="public"><params><param fulltype="long" name="number" type="long"/><param fulltype="int" name="format" type="int"/></params></method><method fulltype="java.lang.String" id="toOrdinalWords" type="String" visibility="public"><override-of fulltype="net.sf.saxon.expr.number.AbstractNumberer" method="toOrdinalWords(java.lang.String, long, int)" type="AbstractNumberer"/><params><param fulltype="java.lang.String" name="str" type="String"/><param fulltype="long" name="l" type="long"/><param fulltype="int" name="format" type="int"/></params></method><method fulltype="java.lang.String" id="toWords" type="String" visibility="public"><override-of fulltype="net.sf.saxon.expr.number.AbstractNumberer" method="toWords(long)" type="AbstractNumberer"/><params><param fulltype="long" name="l" type="long"/></params></method><method fulltype="java.lang.String" id="toWords" type="String" visibility="public"><override-of fulltype="net.sf.saxon.expr.number.AbstractNumberer" method="toWords(long, int)" type="AbstractNumberer"/><params><param fulltype="long" name="l" type="long"/><param fulltype="int" name="format" type="int"/></params></method></methods></class></package>