<?xml version="1.0" encoding="UTF-8"?><package id="net.sf.saxon.ma.zeno"><class id="ZenoChain" fulltype="net.sf.saxon.ma.zeno.ZenoChain" superclass="Object" superclassfulltype="java.lang.Object" visibility="public"><type fulltype="T" type="T"/><paramtypes><type name="T"/></paramtypes><paramtags><tag comment="the type of the items in the list">T</tag></paramtags><implements><interface fulltype="java.lang.Iterable" type="Iterable"><type fulltype="T" type="T"/><paramtypes><type name="T"/></paramtypes></interface></implements><comment><body><div>An implementation of sequences as a list-of-lists, where the sublists at the
 end of the master list tend to be small, and the sublists at the start tend
 to be larger (or the other way around if the list is built by prepending items
 rather than appending them). The number of sublists is of the order log(N) where
 N is the length of the sequence, giving logarithmic performance or better for
 appending items to either end of the sequence, or for getting the Nth item.

 <p>This is an immutable data structure; updating operations create a new
 <code>ZenoChain</code> leaving the original unchanged.</p>

 <p>In effect the ZenoChain is a tree with a constant depth of 3, implemented as
 a list of lists.</p>

 <p>For a list built by appending to the end, the size of sublists goes as
 follows as the list grows: (1).. (32).. (32,1).. (32,32).. (64,1).. (64,32)..
 (64,32,1).. (64,32,32).. (64,64,1).. (64,64,32).. (128,32,1).. (128,64,1)..
 (128,64,32,1).. For a list of 20,000 items we get 10 sublists with sizes
 (8192, 4096, 4096, 2048, 1024, 256, 128, 64, 64, 32). The exact numbers don't matter,
 the important thing is that the number of sublists is log(N) with shorter
 sublists at the end of the sequence where append/prepend operations take place.</p>

 <p>When two lists are concatenated, the two master lists are first concatenated,
 followed by a consolidation to combine short lists now appearing near the middle
 of the structure, to reduce the number of sublists.</p></div></body><sentence>An implementation of sequences as a list-of-lists, where the sublists at the
 end of the master list tend to be small, and the sublists at the start tend
 to be larger (or the other way around if the list is built by prepending items
 rather than appending them).</sentence></comment><fields/><methods><constructor id="ZenoChain" visibility="public"><comment><sentence>Create an empty sequence</sentence></comment></constructor><method fulltype="net.sf.saxon.ma.zeno.ZenoChain" id="add" type="ZenoChain" visibility="public"><type fulltype="T" type="T"/><comment><body><div>Append an item to this list. This is an immutable operation; the original list is unchanged</div></body><sentence>Append an item to this list.</sentence><return><body><div>the list that results from the append operation</div></body></return></comment><params><param fulltype="T" name="item" type="T"><body><div>the item to be appended</div></body></param></params></method><method fulltype="net.sf.saxon.ma.zeno.ZenoChain" id="addAll" type="ZenoChain" visibility="public"><type fulltype="T" type="T"/><comment><body><div>Append a sequence of items. This is an immutable operation; the original list is unchanged.</div></body><sentence>Append a sequence of items.</sentence><return><body><div>the concatenated sequence</div></body></return></comment><params><param fulltype="java.lang.Iterable" name="items" type="Iterable"><type fulltype="T" extendby="?" type="T"/><body><div>the sequence of items to be appended</div></body></param></params></method><method fulltype="net.sf.saxon.ma.zeno.ZenoChain" id="concat" type="ZenoChain" visibility="public"><type fulltype="T" type="T"/><comment><sentence>Concatenate two ZenoChains to form a new ZenoChain, leaving the original operands unchanged</sentence><return><body><div>a new ZenoChain whose elements are the elements of this ZenoChain followed by
 the elements of the other ZenoChain.</div></body></return></comment><params><param fulltype="net.sf.saxon.ma.zeno.ZenoChain" name="other" type="ZenoChain"><type fulltype="T" type="T"/><body><div>the ZenoChain to be concatenated after this one</div></body></param></params></method><method fulltype="T" id="get" type="T" visibility="public"><comment><sentence>Get the item at position n, zero-based</sentence><return><body><div>the item at position n</div></body></return></comment><params><param fulltype="int" name="n" type="int"><body><div>the requested index</div></body></param></params></method><method fulltype="boolean" id="isEmpty" type="boolean" visibility="public"><comment><sentence>Ask if the list is empty</sentence><return><body><div>true if the size is zero</div></body></return></comment></method><method fulltype="boolean" id="isSingleton" type="boolean" visibility="public"><comment><sentence>Ask if the list is a singleton</sentence><return><body><div>true if the size is one</div></body></return></comment></method><method fulltype="java.util.Iterator" id="iterator" type="Iterator" visibility="public"><type fulltype="T" type="T"/><comment><sentence>Iterate over the items</sentence><return><body><div>a Java-style iterator over the items</div></body></return></comment></method><method fulltype="net.sf.saxon.ma.zeno.ZenoChain" id="prepend" type="ZenoChain" visibility="public"><type fulltype="T" type="T"/><comment><body><div>Prepend an item. This is an immutable operation; the original list is unchanged.</div></body><sentence>Prepend an item.</sentence><return><body><div>the list resulting from the prepend operation</div></body></return></comment><params><param fulltype="T" name="item" type="T"><body><div>the item to be added at the start of the sequence</div></body></param></params></method><method fulltype="java.lang.String" id="showMetrics" type="String" visibility="public"><comment><sentence>Diagnostic display of a <code>ZenoChain</code>, exposing its internal structure</sentence><return><body><div>a string that shows the sizes of the segments, for example (64,32,4) for a
 <tag kind="code">ZenoChain</tag> of length 100.</div></body></return></comment></method><method fulltype="int" id="size" type="int" visibility="public"><comment><sentence>Get the size of the list</sentence><return><body><div>the size of the list</div></body></return></comment></method><method fulltype="net.sf.saxon.ma.zeno.ZenoChain" id="subList" type="ZenoChain" visibility="public"><type fulltype="T" type="T"/><comment><body><div>Get a sublist of this list.
 <p>Note that unlike <tag kind="see">java.util.List#subList(int, int)</tag>, the returned list is not "backed" by the
 original list; changes to the returned list will not affect the original list in any way.
 (This is inevitable, since both lists are immutable).</p></div></body><sentence>Get a sublist of this list.</sentence><return><body><div>the sublist, as a new ZenoChain</div></body></return></comment><params><param fulltype="int" name="start" type="int"><body><div>the zero-based start position of the required sublist, inclusive</div></body></param><param fulltype="int" name="end" type="int"><body><div>the zero-based end position of the required sublist, exclusive</div></body></param></params></method><method fulltype="java.lang.String" id="toString" type="String" visibility="public"><comment><sentence>Get a string representation of the ZenoChain.</sentence><return><body><div>the string representation in the form <code>(X,Y,Z,...)</code> where <code>X</code>,
 <code>Y</code>, and <code>Z</code> are the string representations of the elements of the sequence</div></body></return></comment><override-of fulltype="java.lang.Object" method="toString()" type="Object"/></method></methods></class><class id="ZenoChainIterator" fulltype="net.sf.saxon.ma.zeno.ZenoChainIterator" superclass="Object" superclassfulltype="java.lang.Object" visibility="public"><type fulltype="U" type="U"/><paramtypes><type name="U"/></paramtypes><paramtags><tag comment="the type of the elements in the chain">U</tag></paramtags><implements><interface fulltype="java.util.Iterator" type="Iterator"><type fulltype="E" type="E"/><paramtypes><type name="E"/></paramtypes></interface></implements><comment><sentence>A (Java) Iterator over a ZenoChain</sentence></comment><fields/><methods><constructor id="ZenoChainIterator" visibility="public"><params><param fulltype="java.util.ArrayList" name="masterList" type="ArrayList"><type fulltype="java.util.ArrayList" type="ArrayList"><type fulltype="U" type="U"/></type></param></params></constructor><method fulltype="boolean" id="hasNext" type="boolean" visibility="public"/><method fulltype="U" id="next" type="U" visibility="public"/></methods></class><class id="ZenoSequence" fulltype="net.sf.saxon.ma.zeno.ZenoSequence" superclass="Object" superclassfulltype="java.lang.Object" visibility="public"><implements><interface fulltype="net.sf.saxon.om.GroundedValue" type="GroundedValue"/></implements><comment><body><div>An immutable XDM sequence implemented as a ZenoChain.

 <p>This sequence implementation </p></div></body><sentence>An immutable XDM sequence implemented as a ZenoChain.</sentence></comment><fields/><methods><constructor id="ZenoSequence" visibility="public"><comment><sentence>Construct an empty ZenoSequence</sentence></comment></constructor><constructor id="ZenoSequence" visibility="public"><comment><sentence>Constructor to create a ZenoSequence that wraps a supplied ZenoChain</sentence></comment><params><param fulltype="net.sf.saxon.ma.zeno.ZenoChain" name="chain" type="ZenoChain"><type fulltype="net.sf.saxon.om.Item" type="Item"/><body><div>the supplied ZenoChain</div></body></param></params></constructor><method fulltype="net.sf.saxon.ma.zeno.ZenoSequence" id="append" type="ZenoSequence" visibility="public"><comment><sentence>Append a single item to the end of the sequence</sentence><return><body><div>a new sequence containing the additional item. The original sequence is unchanged.</div></body></return></comment><params><param fulltype="net.sf.saxon.om.Item" name="item" type="Item"><body><div>the item to be appended</div></body></param></params></method><method fulltype="net.sf.saxon.ma.zeno.ZenoSequence" id="appendSequence" type="ZenoSequence" visibility="public"><comment><sentence>Append a sequence of item to the end of the sequence</sentence><return><body><div>a new sequence containing the additional items. The original sequence is unchanged.</div></body></return></comment><params><param fulltype="net.sf.saxon.om.GroundedValue" name="items" type="GroundedValue"><body><div>the items to be appended</div></body></param></params></method><method fulltype="net.sf.saxon.ma.zeno.ZenoSequence" id="fromList" static="true" type="ZenoSequence" visibility="public"><comment><sentence>Construct a ZenoSequence from a list of items</sentence><return><body><div>the new ZenoSequence</div></body></return></comment><params><param fulltype="java.util.List" name="items" type="List"><type fulltype="net.sf.saxon.om.Item" type="Item"/><body><div>the items to be included</div></body></param></params></method><method fulltype="int" id="getLength" type="int" visibility="public"><comment><sentence>Get the length of the sequence</sentence><return><body><div>the number of items in the sequence</div></body></return></comment></method><method fulltype="java.lang.String" id="getStringValue" type="String" visibility="public"><comment><sentence>Get a string representation of the sequence, consisting of the space-separated concatenation
 of the string representation of the items in the sequence</sentence><return><body><div>a Unicode string containing the result of getting the string value of each item
 in the sequence, space-separated</div></body></return></comment><exceptions><exception fulltype="net.sf.saxon.trans.XPathException" id="XPathException"><sentence>XPathException if there is an item in the sequence with no string value, for
                        example a map</sentence></exception></exceptions></method><method fulltype="net.sf.saxon.str.UnicodeString" id="getUnicodeStringValue" type="UnicodeString" visibility="public"><comment><sentence>Get a string representation of the sequence, consisting of the space-separated concatenation
 of the string representation of the items in the sequence</sentence><return><body><div>a Unicode string containing the result of getting the string value of each item
 in the sequence, space-separated</div></body></return></comment><exceptions><exception fulltype="net.sf.saxon.trans.XPathException" id="XPathException"><sentence>XPathException if there is an item in the sequence with no string value, for
 example a map</sentence></exception></exceptions></method><method fulltype="net.sf.saxon.om.Item" id="head" type="Item" visibility="public"><comment><sentence>Get the first item in the sequence</sentence><return><body><div>the first item in the sequence, or null if the sequence is empty</div></body></return></comment></method><method fulltype="net.sf.saxon.om.Item" id="itemAt" type="Item" visibility="public"><comment><sentence>Get the item at a given position in the sequence</sentence><return><body><div>the item at the given position, or null if the position is out of range</div></body></return></comment><params><param fulltype="int" name="n" type="int"><body><div>the index of the required item, with zero (0) representing the first item in the sequence</div></body></param></params></method><method fulltype="net.sf.saxon.om.SequenceIterator" id="iterate" type="SequenceIterator" visibility="public"><comment><sentence>Get an iterator over the items in the sequence</sentence><return><body><div>an iterator over the items in the sequence</div></body></return></comment></method><method fulltype="net.sf.saxon.ma.zeno.ZenoSequence" id="join" static="true" type="ZenoSequence" visibility="public"><comment><sentence>Create a ZenoSequence by concatenating a number of sequences</sentence><return><body><div>the result of the concatenation</div></body></return></comment><params><param fulltype="java.util.List" name="segments" type="List"><type fulltype="net.sf.saxon.om.GroundedValue" type="GroundedValue"/><body><div>the sequences to be concatenated</div></body></param></params></method><method fulltype="net.sf.saxon.om.GroundedValue" id="subsequence" type="GroundedValue" visibility="public"><comment><sentence>Get a subsequence of the value</sentence><return><body><div>the required subsequence.</div></body></return></comment><params><param fulltype="int" name="start" type="int"><body><div>the index of the first item to be included in the result, counting from zero.
               A negative value is taken as zero. If the value is beyond the end of the sequence, an empty
               sequence is returned</div></body></param><param fulltype="int" name="length" type="int"><body><div>the number of items to be included in the result. Specify Integer.MAX_VALUE to
               get the subsequence up to the end of the base sequence. If the value is negative, an empty sequence
               is returned. If the length goes off the end of the sequence, the result returns items up to the end
               of the sequence</div></body></param></params></method></methods><class id="ZenoSequence.ZenoSequenceIterator" fulltype="net.sf.saxon.ma.zeno.ZenoSequence.ZenoSequenceIterator" static="true" superclass="Object" superclassfulltype="java.lang.Object" visibility="public"><implements><interface fulltype="net.sf.saxon.tree.iter.GroundedIterator" type="GroundedIterator"/><interface fulltype="net.sf.saxon.expr.LastPositionFinder" type="LastPositionFinder"/><interface fulltype="net.sf.saxon.tree.iter.LookaheadIterator" type="LookaheadIterator"/></implements><comment><sentence>A SequenceIterator over a ZenoSequence</sentence></comment><fields/><methods><constructor id="ZenoSequenceIterator" visibility="public"><params><param fulltype="net.sf.saxon.ma.zeno.ZenoSequence" name="sequence" type="ZenoSequence"/></params></constructor><method fulltype="int" id="getLength" type="int" visibility="public"/><method fulltype="net.sf.saxon.om.GroundedValue" id="getResidue" type="GroundedValue" visibility="public"/><method fulltype="boolean" id="hasNext" type="boolean" visibility="public"/><method fulltype="boolean" id="isActuallyGrounded" type="boolean" visibility="public"/><method fulltype="net.sf.saxon.om.GroundedValue" id="materialize" type="GroundedValue" visibility="public"/><method fulltype="net.sf.saxon.om.Item" id="next" type="Item" visibility="public"/><method fulltype="boolean" id="supportsGetLength" type="boolean" visibility="public"/><method fulltype="boolean" id="supportsHasNext" type="boolean" visibility="public"/></methods></class></class></package>