<?xml version="1.0" encoding="UTF-8"?><package id="net.sf.saxon.expr.number"><class id="AbstractNumberer" abstract="true" fulltype="net.sf.saxon.expr.number.AbstractNumberer" superclass="Object" superclassfulltype="java.lang.Object" visibility="public"><implements><interface fulltype="net.sf.saxon.lib.Numberer" type="Numberer"/></implements><comment><body><div>Class AbstractNumberer is a base implementation of Numberer that provides language-independent
 default numbering
 This supports the xsl:number element.
 Methods and data are declared as protected, and static is avoided, to allow easy subclassing.</div></body><sentence>Class AbstractNumberer is a base implementation of Numberer that provides language-independent
 default numbering
 This supports the xsl:number element.</sentence></comment><fields><field const="абвгдежзиклмнопрссуфхцчшщыэюя" constexpr="&#34;\u0430\u0431\u0432\u0433\u0434\u0435\u0436\u0437\u0438\u043a\u043b\u043c\u043d\u043e\u043f\u0440\u0441\u0441\u0443\u0444\u0445\u0446\u0447\u0448\u0449\u044b\u044d\u044e\u044f&#34;" final="true" fulltype="java.lang.String" id="cyrillicLower" static="true" type="String" visibility="protected"/><field const="АБВГДЕЖЗИКЛМНОПРССУФХЦЧШЩЫЭЮЯ" constexpr="&#34;\u0410\u0411\u0412\u0413\u0414\u0415\u0416\u0417\u0418\u041a\u041b\u041c\u041d\u041e\u041f\u0420\u0421\u0421\u0423\u0424\u0425\u0426\u0427\u0428\u0429\u042b\u042d\u042e\u042f&#34;" final="true" fulltype="java.lang.String" id="cyrillicUpper" static="true" type="String" visibility="protected"/><field const="αβγδεζηθικλμνξοπρςστυφχψω" constexpr="&#34;\u03b1\u03b2\u03b3\u03b4\u03b5\u03b6\u03b7\u03b8\u03b9\u03ba\u03bb\u03bc\u03bd\u03be\u03bf\u03c0\u03c1\u03c2\u03c3\u03c4\u03c5\u03c6\u03c7\u03c8\u03c9&#34;" final="true" fulltype="java.lang.String" id="greekLower" static="true" type="String" visibility="protected"/><field const="ΑΒΓΔΕΖΗΘΙΚΛΜΝΞΟΠΡ΢ΣΤΥΦΧΨΩ" constexpr="&#34;\u0391\u0392\u0393\u0394\u0395\u0396\u0397\u0398\u0399\u039a\u039b\u039c\u039d\u039e\u039f\u03a0\u03a1\u03a2\u03a3\u03a4\u03a5\u03a6\u03a7\u03a8\u03a9&#34;" final="true" fulltype="java.lang.String" id="greekUpper" static="true" type="String" visibility="protected"/><field const="אבגדהוזחטיכלמנסעפצקרשת" constexpr="&#34;\u05d0\u05d1\u05d2\u05d3\u05d4\u05d5\u05d6\u05d7\u05d8\u05d9\u05db\u05dc\u05de\u05e0\u05e1\u05e2\u05e4\u05e6\u05e7\u05e8\u05e9\u05ea&#34;" final="true" fulltype="java.lang.String" id="hebrew" static="true" type="String" visibility="protected"/><field const="あいうえおかきくけこさしすせそたちつてとなにぬねのはひふへほまみむめもやゆよらりるれろわをん" constexpr="&#34;\u3042\u3044\u3046\u3048\u304a\u304b\u304d\u304f\u3051\u3053\u3055\u3057\u3059\u305b\u305d\u305f\u3061\u3064\u3066\u3068\u306a\u306b\u306c\u306d\u306e\u306f\u3072\u3075\u3078\u307b\u307e\u307f\u3080\u3081\u3082\u3084\u3086\u3088\u3089\u308a\u308b\u308c\u308d\u308f\u3092\u3093&#34;" final="true" fulltype="java.lang.String" id="hiraganaA" static="true" type="String" visibility="protected"/><field const="いろはにほへとちりぬるをわかよたれそつねならむうゐのおくやまけふこえてあさきゆめみしゑひもせす" constexpr="&#34;\u3044\u308d\u306f\u306b\u307b\u3078\u3068\u3061\u308a\u306c\u308b\u3092\u308f\u304b\u3088\u305f\u308c\u305d\u3064\u306d\u306a\u3089\u3080\u3046\u3090\u306e\u304a\u304f\u3084\u307e\u3051\u3075\u3053\u3048\u3066\u3042\u3055\u304d\u3086\u3081\u307f\u3057\u3091\u3072\u3082\u305b\u3059&#34;" final="true" fulltype="java.lang.String" id="hiraganaI" static="true" type="String" visibility="protected"/><field const="アイウエオカキクケコサシスセソタチツテトナニヌネノハヒフヘホマミムメモヤユヨラリルレロワヲン" constexpr="&#34;\u30a2\u30a4\u30a6\u30a8\u30aa\u30ab\u30ad\u30af\u30b1\u30b3\u30b5\u30b7\u30b9\u30bb\u30bd\u30bf\u30c1\u30c4\u30c6\u30c8\u30ca\u30cb\u30cc\u30cd\u30ce\u30cf\u30d2\u30d5\u30d8\u30db\u30de\u30df\u30e0\u30e1\u30e2\u30e4\u30e6\u30e8\u30e9\u30ea\u30eb\u30ec\u30ed\u30ef\u30f2\u30f3&#34;" final="true" fulltype="java.lang.String" id="katakanaA" static="true" type="String" visibility="protected"/><field const="イロハニホヘトチリヌルヲワカヨタレソツネナラムウヰノオクヤマケフコエテアサキユメミシヱヒモセス" constexpr="&#34;\u30a4\u30ed\u30cf\u30cb\u30db\u30d8\u30c8\u30c1\u30ea\u30cc\u30eb\u30f2\u30ef\u30ab\u30e8\u30bf\u30ec\u30bd\u30c4\u30cd\u30ca\u30e9\u30e0\u30a6\u30f0\u30ce\u30aa\u30af\u30e4\u30de\u30b1\u30d5\u30b3\u30a8\u30c6\u30a2\u30b5\u30ad\u30e6\u30e1\u30df\u30b7\u30f1\u30d2\u30e2\u30bb\u30b9&#34;" final="true" fulltype="java.lang.String" id="katakanaI" static="true" type="String" visibility="protected"/><field const="abcdefghijklmnopqrstuvwxyz" constexpr="&#34;abcdefghijklmnopqrstuvwxyz&#34;" final="true" fulltype="java.lang.String" id="latinLower" static="true" type="String" visibility="protected"/><field const="ABCDEFGHIJKLMNOPQRSTUVWXYZ" constexpr="&#34;ABCDEFGHIJKLMNOPQRSTUVWXYZ&#34;" final="true" fulltype="java.lang.String" id="latinUpper" static="true" type="String" visibility="protected"/><field const="1" constexpr="1" final="true" fulltype="int" id="LOWER_CASE" static="true" type="int" visibility="public"/><field const="2" constexpr="2" final="true" fulltype="int" id="TITLE_CASE" static="true" type="int" visibility="public"/><field const="0" constexpr="0" final="true" fulltype="int" id="UPPER_CASE" static="true" type="int" visibility="public"/><field final="true" fulltype="int[]" id="westernDigits" static="true" type="int" visibility="protected"/></fields><methods><constructor id="AbstractNumberer" visibility="public"/><method fulltype="void" id="alphaDefault" type="void" visibility="protected"><comment><sentence>Default processing with an alphabetic format token: use the contiguous
 range of Unicode letters starting with that token.</sentence></comment><params><param fulltype="long" name="number" type="long"><body><div>the number to be formatted</div></body></param><param fulltype="char" name="formchar" type="char"><body><div>the format character, for example 'A' for the numbering sequence A,B,C</div></body></param><param fulltype="java.lang.StringBuilder" name="sb" type="StringBuilder"><body><div>buffer to hold the result of the formatting</div></body></param></params></method><method fulltype="java.lang.String" id="convertDigitSystem" static="true" type="String" visibility="public"><comment><body><div>Convert a number to use a given set of digits, to a required length.
 For example, if the digits are "01" the sequence is 1, 10, 11, 100, 101, 110, 111, ...
 More commonly, the digits will be "0123456789", giving the usual decimal numbering.</div></body><sentence>Convert a number to use a given set of digits, to a required length.</sentence><return><body><div>the converted number</div></body></return></comment><params><param fulltype="long" name="number" type="long"><body><div>the number to be formatted</div></body></param><param fulltype="int[]" name="digits" type="int[]"><body><div>the codepoints to be used for the digits</div></body></param><param fulltype="int" name="requiredLength" type="int"><body><div>the length of the picture that is significant: for example "3" if the
                          picture is "001"</div></body></param></params></method><method abstract="true" fulltype="java.lang.String" id="dayName" type="String" visibility="public"><comment><sentence>Get a day name or abbreviation</sentence></comment><params><param fulltype="int" name="day" type="int"><body><div>The day of the week (1=Monday, 7=Sunday)</div></body></param><param fulltype="int" name="minWidth" type="int"><body><div>The minimum number of characters</div></body></param><param fulltype="int" name="maxWidth" type="int"><body><div>The maximum number of characters</div></body></param></params></method><method fulltype="java.util.Locale" id="defaultedLocale" type="Locale" visibility="public"><comment><body><div>Whether this numberer has had its locale defaulted, i.e. it's not using the language requested
 This can be used for situations, such as in fn:format-date(), where indication of use of defaults is required.
 Override for subclasses where this can happen</div></body><sentence>Whether this numberer has had its locale defaulted, i.e.</sentence><return><body><div>the locale used, null if it wasn't defaulted</div></body></return></comment></method><method fulltype="java.lang.String" id="format" type="String" visibility="public"><comment><sentence>Format a number into a string</sentence><return><body><div>the formatted number. Note that no errors are reported; if the request
         is invalid, the number is formatted as if the string() function were used.</div></body></return></comment><params><param fulltype="long" name="number" type="long"><body><div>The number to be formatted</div></body></param><param fulltype="net.sf.saxon.str.UnicodeString" name="picture" type="UnicodeString"><body><div>The format token. This is a single component of the format attribute
                          of xsl:number, e.g. "1", "01", "i", or "a"</div></body></param><param fulltype="net.sf.saxon.expr.number.NumericGroupFormatter" name="numGroupFormatter" type="NumericGroupFormatter"><body><div>object contains separators to appear between groups of digits</div></body></param><param fulltype="java.lang.String" name="letterValue" type="String"><body><div>The letter-value specified to xsl:number: "alphabetic" or
                          "traditional". Can also be an empty string or null.</div></body></param><param fulltype="java.lang.String" name="ordinal" type="String"><body><div>The value of the ordinal attribute specified to xsl:number
                          The value "yes" indicates that ordinal numbers should be used; "" or null indicates
                          cardinal numbers. A value such as "-er" indicates ordinal with a particular gender.</div></body></param></params></method><method final="true" fulltype="java.lang.String" id="format" type="String" visibility="public"><comment><body><div>Format a number into a string. This method is provided for backwards compatibility. It merely
 calls the other format method after constructing a RegularGroupFormatter. The method is final;
 localization subclasses should implement the method
 <tag kind="see">net.sf.saxon.lib.Numberer#format(long, UnicodeString, NumericGroupFormatter, String, String)</tag>
 rather than this method.</div></body><sentence>Format a number into a string.</sentence><return><body><div>the formatted number. Note that no errors are reported; if the request
         is invalid, the number is formatted as if the string() function were used.</div></body></return></comment><params><param fulltype="long" name="number" type="long"><body><div>The number to be formatted</div></body></param><param fulltype="net.sf.saxon.str.UnicodeString" name="picture" type="UnicodeString"><body><div>The format token. This is a single component of the format attribute
                       of xsl:number, e.g. "1", "01", "i", or "a"</div></body></param><param fulltype="int" name="groupSize" type="int"><body><div>number of digits per group (0 implies no grouping)</div></body></param><param fulltype="java.lang.String" name="groupSeparator" type="String"><body><div>string to appear between groups of digits</div></body></param><param fulltype="java.lang.String" name="letterValue" type="String"><body><div>The letter-value specified to xsl:number: "alphabetic" or
                       "traditional". Can also be an empty string or null.</div></body></param><param fulltype="java.lang.String" name="ordinal" type="String"><body><div>The value of the ordinal attribute specified to xsl:number
                       The value "yes" indicates that ordinal numbers should be used; "" or null indicates
                       that cardinal numbers</div></body></param></params></method><method fulltype="java.lang.String" id="getCalendarName" type="String" visibility="public"><comment><sentence>Get the name of a calendar</sentence></comment><params><param fulltype="java.lang.String" name="code" type="String"><body><div>The code representing the calendar as in the XSLT 2.0 spec, e.g. AD for the Gregorian calendar</div></body></param></params></method><method fulltype="java.lang.String" id="getCountry" type="String" visibility="public"><comment><sentence>Get the country used by this numberer.</sentence><return><body><div>the country used by this numberer, or null if no country has been set</div></body></return></comment></method><method fulltype="java.lang.String" id="getEraName" type="String" visibility="public"><comment><body><div>Get the name for an era (e.g. "BC" or "AD")</div></body><sentence>Get the name for an era (e.g.</sentence></comment><params><param fulltype="int" name="year" type="int"><body><div>the proleptic gregorian year, using "0" for the year before 1AD</div></body></param></params></method><method fulltype="java.lang.String" id="getLanguage" type="String" visibility="public"><comment><sentence>Get the language used by this numberer</sentence><return><body><div>the language used by this numberer</div></body></return></comment></method><method fulltype="java.lang.String" id="getOrdinalSuffixForDateTime" type="String" visibility="public"><comment><sentence>Get an ordinal suffix for a particular component of a date/time.</sentence><return><body><div>a string that is acceptable in the ordinal attribute of xsl:number
         to achieve the required ordinal representation. For example, "-e" for the day component
         in German, to have the day represented as "dritte August".</div></body></return></comment><params><param fulltype="java.lang.String" name="component" type="String"><body><div>the component specifier from a format-dateTime picture, for
                  example "M" for the month or "D" for the day.</div></body></param></params></method><method fulltype="java.lang.String" id="halfDayName" type="String" visibility="public"><comment><body><div>Get an am/pm indicator. Default implementation works for English, on the basis that some
 other languages might like to copy this (most non-English countries don't actually use the
 12-hour clock, so it's irrelevant).</div></body><sentence>Get an am/pm indicator.</sentence><return><body><div>the AM or PM indicator</div></body></return></comment><params><param fulltype="int" name="minutes" type="int"><body><div>the minutes within the day</div></body></param><param fulltype="int" name="minWidth" type="int"><body><div>minimum width of output</div></body></param><param fulltype="int" name="maxWidth" type="int"><body><div>maximum width of output</div></body></param></params></method><method abstract="true" fulltype="java.lang.String" id="monthName" type="String" visibility="public"><comment><sentence>Get a month name or abbreviation</sentence></comment><params><param fulltype="int" name="month" type="int"><body><div>The month number (1=January, 12=December)</div></body></param><param fulltype="int" name="minWidth" type="int"><body><div>The minimum number of characters</div></body></param><param fulltype="int" name="maxWidth" type="int"><body><div>The maximum number of characters</div></body></param></params></method><method fulltype="java.lang.String" id="ordinalSuffix" type="String" visibility="protected"><comment><body><div>Construct the ordinal suffix for a number, for example "st", "nd", "rd". The default
 (language-neutral) implementation returns a zero-length string</div></body><sentence>Construct the ordinal suffix for a number, for example "st", "nd", "rd".</sentence><return><body><div>the ordinal suffix to be appended to the formatted number</div></body></return></comment><params><param fulltype="java.lang.String" name="ordinalParam" type="String"><body><div>the value of the ordinal attribute (used in non-English
                     language implementations)</div></body></param><param fulltype="long" name="number" type="long"><body><div>the number being formatted</div></body></param></params></method><method fulltype="void" id="setCountry" type="void" visibility="public"><comment><sentence>Set the country used by this numberer (currently used only for names of timezones)</sentence></comment><params><param fulltype="java.lang.String" name="country" type="String"/></params></method><method fulltype="void" id="setLanguage" type="void" visibility="public"><comment><body><div>Set the language used by this numberer. Useful because it can potentially handle variants of English
 (and subclasses can handle other languages)</div></body><sentence>Set the language used by this numberer.</sentence></comment><params><param fulltype="java.lang.String" name="language" type="String"><body><div>the requested language. Note that "en-x-hyphen" is recognized as a request to hyphenate
            numbers in the range 21-99.</div></body></param></params></method><method fulltype="java.lang.String" id="toAlpha" type="String" visibility="protected"><comment><sentence>Format the number as an alphabetic label using the alphabet consisting
 of consecutive Unicode characters from min to max</sentence><return><body><div>the formatted number</div></body></return></comment><params><param fulltype="long" name="number" type="long"><body><div>the number to be formatted</div></body></param><param fulltype="int" name="min" type="int"><body><div>the start of the Unicode codepoint range</div></body></param><param fulltype="int" name="max" type="int"><body><div>the end of the Unicode codepoint range</div></body></param></params></method><method fulltype="java.lang.String" id="toAlphaSequence" type="String" visibility="protected"><comment><body><div>Convert the number into an alphabetic label using a given alphabet.
 For example, if the alphabet is "xyz" the sequence is x, y, z, xx, xy, xz, ....</div></body><sentence>Convert the number into an alphabetic label using a given alphabet.</sentence><return><body><div>the formatted number</div></body></return></comment><params><param fulltype="long" name="number" type="long"><body><div>the number to be formatted</div></body></param><param fulltype="java.lang.String" name="alphabet" type="String"><body><div>a string containing the characters to be used, for example "abc...xyz"</div></body></param></params></method><method fulltype="java.lang.String" id="toJapanese" type="String" visibility="public"><comment><sentence>Format the number in Japanese.</sentence><return><body><div>the Japanese Kanji representation of the number if in the range 1-9999</div></body></return></comment><params><param fulltype="long" name="number" type="long"><body><div>the number to be formatted: formatted in Western decimal style unless in the range 1 to 9999</div></body></param></params></method><method abstract="true" fulltype="java.lang.String" id="toOrdinalWords" type="String" visibility="public"><comment><sentence>Show an ordinal number as English words in a requested case (for example, Twentyfirst)</sentence><return><body><div>the formatted number</div></body></return></comment><params><param fulltype="java.lang.String" name="ordinalParam" type="String"><body><div>the value of the "ordinal" attribute as supplied by the user</div></body></param><param fulltype="long" name="number" type="long"><body><div>the number to be formatted</div></body></param><param fulltype="int" name="wordCase" type="int"><body><div>the required case for example <tag kind="see">#UPPER_CASE</tag>,
                     <tag kind="see">#LOWER_CASE</tag>, <tag kind="see">#TITLE_CASE</tag></div></body></param></params></method><method fulltype="java.lang.String" id="toRoman" static="true" type="String" visibility="public"><comment><sentence>Generate a Roman numeral (in lower case)</sentence><return><body><div>the Roman numeral representation of the number in lower case</div></body></return></comment><params><param fulltype="long" name="n" type="long"><body><div>the number to be formatted</div></body></param></params></method><method abstract="true" fulltype="java.lang.String" id="toWords" type="String" visibility="public"><comment><body><div>Show the number as words in title case. (We choose title case because
 the result can then be converted algorithmically to lower case or upper case).</div></body><sentence>Show the number as words in title case.</sentence><return><body><div>the number formatted as English words</div></body></return></comment><params><param fulltype="long" name="number" type="long"><body><div>the number to be formatted</div></body></param></params></method><method fulltype="java.lang.String" id="toWords" type="String" visibility="public"><comment><sentence>Format a number as English words with specified case options</sentence><return><body><div>the formatted number</div></body></return></comment><params><param fulltype="long" name="number" type="long"><body><div>the number to be formatted</div></body></param><param fulltype="int" name="wordCase" type="int"><body><div>the required case for example <tag kind="see">#UPPER_CASE</tag>,
                 <tag kind="see">#LOWER_CASE</tag>, <tag kind="see">#TITLE_CASE</tag></div></body></param></params></method><method fulltype="java.lang.String" id="zero" type="String" visibility="public"/></methods><subclasses><class fulltype="com.saxonica.config.pe.ICUNumbererPE" type="ICUNumbererPE"/><class fulltype="net.sf.saxon.option.local.Numberer_da" type="Numberer_da"/><class fulltype="net.sf.saxon.option.local.Numberer_de" type="Numberer_de"/><class fulltype="net.sf.saxon.expr.number.Numberer_en" type="Numberer_en"/><class fulltype="net.sf.saxon.option.local.Numberer_fr" type="Numberer_fr"/><class fulltype="net.sf.saxon.option.local.Numberer_frBE" type="Numberer_frBE"/><class fulltype="net.sf.saxon.option.local.Numberer_it" type="Numberer_it"/><class fulltype="net.sf.saxon.option.local.Numberer_nl" type="Numberer_nl"/><class fulltype="net.sf.saxon.option.local.Numberer_nlBE" type="Numberer_nlBE"/><class fulltype="net.sf.saxon.option.local.Numberer_sv" type="Numberer_sv"/><class fulltype="net.sf.saxon.option.local.Numberer_tr" type="Numberer_tr"/></subclasses></class><class id="Alphanumeric" fulltype="net.sf.saxon.expr.number.Alphanumeric" superclass="Object" superclassfulltype="java.lang.Object" visibility="public"><comment><sentence>This class contains static utility methods to test whether a character is alphanumeric, as defined
 by the rules of xsl:number: that is, whether it is in one of the Unicode categories
 Nd, Nl, No, Lu, Ll, Lt, Lm or Lo

 In Saxon 9.9 the data has been regenerated from Unicode 10.0.0.</sentence></comment><fields/><methods><method fulltype="int" id="getDigitFamily" static="true" type="int" visibility="public"><comment><sentence>Determine which digit family a decimal digit belongs to: that is, return the corresponding zero digit.</sentence><return><body><div>if the character is a digit, return the Unicode character that represents zero in the same digit
         family. Otherwise, return -1.</div></body></return></comment><params><param fulltype="int" name="in" type="int"><body><div>a Unicode character</div></body></param></params></method><method fulltype="int" id="getDigitValue" static="true" type="int" visibility="public"><comment><sentence>Determine whether a character represents a decimal digit and if so, which digit.</sentence><return><body><div>-1 if it's not a decimal digit, otherwise the digit value.</div></body></return></comment><params><param fulltype="int" name="in" type="int"><body><div>the Unicode character being tested.</div></body></param></params></method><method fulltype="boolean" id="isAlphanumeric" static="true" type="boolean" visibility="public"><comment><sentence>Determine whether a Unicode codepoint is alphanumeric, that is, whether it is in one of the
 categories Nd, Nl, No, Lu, Ll, Lt, Lm or Lo</sentence><return><body><div>true if the codepoint is in one of these categories</div></body></return></comment><params><param fulltype="int" name="codepoint" type="int"><body><div>the codepoint to be tested</div></body></param></params></method></methods></class><class id="IrregularGroupFormatter" fulltype="net.sf.saxon.expr.number.IrregularGroupFormatter" superclass="NumericGroupFormatter" superclassfulltype="net.sf.saxon.expr.number.NumericGroupFormatter" visibility="public"><extends><interface fulltype="net.sf.saxon.expr.number.NumericGroupFormatter" type="NumericGroupFormatter"/></extends><comment><sentence>Handles grouping separators when formatting a number in cases where the grouping separators are
 not at regular intervals</sentence></comment><fields/><methods><constructor id="IrregularGroupFormatter" visibility="public"><comment><sentence>Create a formatter for numbers where the grouping separators occur at irregular positions</sentence></comment><params><param fulltype="net.sf.saxon.z.IntSet" name="groupingPositions" type="IntSet"><body><div>the positions where the separators are to be inserted</div></body></param><param fulltype="java.util.List" name="sep" type="List"><type fulltype="java.lang.Integer" type="Integer"/><body><div>array holding the separators to be inserted, as Unicode codepoints, in order starting
                          with the right-most</div></body></param><param fulltype="net.sf.saxon.str.UnicodeString" name="adjustedPicture" type="UnicodeString"><body><div>the formatting picture, after expansion and removal of grouping separators</div></body></param></params></constructor><method fulltype="java.lang.String" id="format" type="String" visibility="public"><override-of fulltype="net.sf.saxon.expr.number.NumericGroupFormatter" method="format(java.lang.String)" type="NumericGroupFormatter"/><params><param fulltype="java.lang.String" name="value" type="String"/></params></method><method fulltype="java.lang.String" id="getSeparator" type="String" visibility="public"><comment><body><div>Get the grouping separator to be used. If more than one is used, return the last.
 If no grouping separators are used, return null</div></body><sentence>Get the grouping separator to be used.</sentence><return><body><div>the grouping separator</div></body></return></comment><override-of fulltype="net.sf.saxon.expr.number.NumericGroupFormatter" method="getSeparator()" type="NumericGroupFormatter"/></method></methods></class><class id="NamedTimeZone" fulltype="net.sf.saxon.expr.number.NamedTimeZone" superclass="Object" superclassfulltype="java.lang.Object" visibility="public"><comment><body><div>This class attempts to identify a timezone name, given the date (including the time zone offset)
 and the country. The process is heuristic: sometimes there is more than one timezone that matches
 this information, sometimes there is none, but the class simply does its best. This is in support
 of the XSLT format-date() function.</div></body><sentence>This class attempts to identify a timezone name, given the date (including the time zone offset)
 and the country.</sentence></comment><fields/><methods><constructor id="NamedTimeZone" visibility="public"/><method fulltype="int" id="civilTimeOffsetInSeconds" static="true" type="int" visibility="public"><comment><body><div>Get the civil time offset to be made to a given date/time in a given
 civil timezone. For example, if the timezone is America/New_York, the civil time
 offset will be -5 hours (= 5 x 3600000 ms) during the winter and -4 hours
 (=4 x 3600000 ms) during the summer</div></body><sentence>Get the civil time offset to be made to a given date/time in a given
 civil timezone.</sentence><return><body><div>the civil time offset, in seconds, to be applied to the given
 date/time. Returns zero if the timezone is not recognized.</div></body></return></comment><params><param fulltype="net.sf.saxon.value.DateTimeValue" name="date" type="DateTimeValue"><body><div>the date/time in question. If this has no timezone, it is assumed
                  to be in GMT.</div></body></param><param fulltype="java.lang.String" name="olsonName" type="String"><body><div>the Olson (or IANA) name of the timezone, for example Europe/Lisbon</div></body></param></params></method><method fulltype="java.lang.String" id="formatTimeZoneOffset" static="true" type="String" visibility="public"><comment><sentence>Format a timezone in numeric form for example +03:00 (or Z for +00:00)</sentence><return><body><div>the formatted timezone</div></body></return></comment><params><param fulltype="net.sf.saxon.value.DateTimeValue" name="timeValue" type="DateTimeValue"><body><div>the value whose timezone is to be formatted</div></body></param></params></method><method fulltype="java.time.ZoneId" id="getNamedTimeZone" static="true" type="ZoneId" visibility="public"><comment><sentence>Get the TimeZone object for a given Olson (=IANA) timezone name</sentence><return><body><div>the corresponding ZoneId object, or null if not available</div></body></return></comment><params><param fulltype="java.lang.String" name="olsonName" type="String"><body><div>an Olson (or IANA) timezone name, for example "Europe/London"</div></body></param></params></method><method fulltype="java.lang.String" id="getOlsonTimeZoneName" static="true" type="String" visibility="public"><comment><body><div>Try to identify a timezone name corresponding to a given date (including time zone)
 and a given country. Note that this takes account of Java's calendar of daylight savings time
 changes in different countries. The returned value is the Olson time zone name, for example
 "Pacific/Los_Angeles", followed by an asterisk (*) if the time is in daylight savings time in that
 timezone.</div></body><sentence>Try to identify a timezone name corresponding to a given date (including time zone)
 and a given country.</sentence><return><body><div>the Olson timezone name if a timezone with the given time displacement is in use in the country
 in question (on the appropriate date, if known). In this case an asterisk is appended to the result if the
 date/time is in daylight savings time. Otherwise, the formatted (numeric) timezone offset. If
 the dateTimeValue supplied has no timezone, return a zero-length string.</div></body></return></comment><params><param fulltype="net.sf.saxon.value.DateTimeValue" name="date" type="DateTimeValue"><body><div>the dateTimeValue, including timezone</div></body></param><param fulltype="java.lang.String" name="country" type="String"><body><div>the country, as a two-letter code</div></body></param></params></method><method fulltype="java.lang.String" id="getTimeZoneNameForDate" static="true" type="String" visibility="public"><comment><body><div>Try to identify a timezone name corresponding to a given date (including time zone)
 and a given country. Note that this takes account of Java's calendar of daylight savings time
 changes in different countries. The returned value is the convenional short timezone name, for example
 PDT for Pacific Daylight Time</div></body><sentence>Try to identify a timezone name corresponding to a given date (including time zone)
 and a given country.</sentence><return><body><div>the short timezone name if a timezone with the given time displacement is in use in the country
 in question (on the appropriate date, if known). Otherwise, the formatted (numeric) timezone offset. If
 the dateTimeValue supplied has no timezone, return a zero-length string.</div></body></return></comment><params><param fulltype="net.sf.saxon.value.DateTimeValue" name="date" type="DateTimeValue"><body><div>the dateTimeValue, including timezone</div></body></param><param fulltype="java.lang.String" name="place" type="String"><body><div>either a two-letter ISO country code or an Olson timezone name</div></body></param></params></method><method fulltype="java.util.Optional" id="inSummerTime" static="true" type="Optional" visibility="public"><type fulltype="java.lang.Boolean" type="Boolean"/><comment><body><div>Determine whether a given date/time is in summer time (daylight savings time)
 in a given region. This relies on the Java database of changes to daylight savings time.
 Since summer time changes are set by civil authorities the information is not necessarily
 reliable when applied to dates in the future.</div></body><sentence>Determine whether a given date/time is in summer time (daylight savings time)
 in a given region.</sentence><return><body><div>true if the date/time is known to be in summer time in the relevant country;
 false if it is known not to be in summer time; null if there is no timezone or if no
 information is available for the specified region.</div></body></return></comment><params><param fulltype="net.sf.saxon.value.DateTimeValue" name="date" type="DateTimeValue"><body><div>the date/time in question</div></body></param><param fulltype="java.lang.String" name="region" type="String"><body><div>either the two-letter ISO country code, or an Olson timezone name such as
               "America/New_York" or "Europe/Lisbon". If the country code denotes a country spanning several
               timezones, such as the US, then one of them is chosen arbitrarily.</div></body></param></params></method></methods></class><class id="Numberer_en" fulltype="net.sf.saxon.expr.number.Numberer_en" superclass="AbstractNumberer" superclassfulltype="net.sf.saxon.expr.number.AbstractNumberer" visibility="public"><extends><inherits><interface fulltype="net.sf.saxon.lib.Numberer" type="Numberer"/></inherits><interface fulltype="net.sf.saxon.expr.number.AbstractNumberer" type="AbstractNumberer"/></extends><comment><sentence>Numberer class for the English language.</sentence></comment><fields/><methods><constructor id="Numberer_en" visibility="public"/><method fulltype="java.lang.String" id="dayName" type="String" visibility="public"><comment><sentence>Get a day name or abbreviation</sentence></comment><override-of fulltype="net.sf.saxon.expr.number.AbstractNumberer" method="dayName(int, int, int)" type="AbstractNumberer"/><params><param fulltype="int" name="day" type="int"><body><div>The day of the week (1=Monday, 7=Sunday)</div></body></param><param fulltype="int" name="minWidth" type="int"><body><div>The minimum number of characters</div></body></param><param fulltype="int" name="maxWidth" type="int"><body><div>The maximum number of characters</div></body></param></params></method><method fulltype="java.lang.String" id="monthName" type="String" visibility="public"><comment><sentence>Get a month name or abbreviation</sentence></comment><override-of fulltype="net.sf.saxon.expr.number.AbstractNumberer" method="monthName(int, int, int)" type="AbstractNumberer"/><params><param fulltype="int" name="month" type="int"><body><div>The month number (1=January, 12=December)</div></body></param><param fulltype="int" name="minWidth" type="int"><body><div>The minimum number of characters</div></body></param><param fulltype="int" name="maxWidth" type="int"><body><div>The maximum number of characters</div></body></param></params></method><method fulltype="java.lang.String" id="ordinalSuffix" type="String" visibility="protected"><comment><sentence>Construct the ordinal suffix for a number, for example "st", "nd", "rd"</sentence><return><body><div>the ordinal suffix to be appended to the formatted number</div></body></return></comment><override-of fulltype="net.sf.saxon.expr.number.AbstractNumberer" method="ordinalSuffix(java.lang.String, long)" type="AbstractNumberer"/><params><param fulltype="java.lang.String" name="ordinalParam" type="String"><body><div>the value of the ordinal attribute (used in non-English
                     language implementations)</div></body></param><param fulltype="long" name="number" type="long"><body><div>the number being formatted</div></body></param></params></method><method fulltype="void" id="setLanguage" type="void" visibility="public"><comment><body><div>Set the language used by this numberer. Useful because it can potentially handle variants of English
 (and subclasses can handle other languages)</div></body><sentence>Set the language used by this numberer.</sentence></comment><override-of fulltype="net.sf.saxon.expr.number.AbstractNumberer" method="setLanguage(java.lang.String)" type="AbstractNumberer"/><params><param fulltype="java.lang.String" name="language" type="String"><body><div>the requested language. Note that "en-x-hyphen" is recognized as a request to hyphenate
                 numbers in the range 21-99.</div></body></param></params></method><method fulltype="void" id="setTensUnitsSeparatorCardinal" type="void" visibility="public"><comment><body><div>Set the separator to be used between tens and units for cardinal numbers. This allows customization
 of the output, for example "thirty six", "thirty-six", or "thirtysix". Default is a single space.
 <p>Currently the only way of calling this is from a subclass, which can be nominated by setting
 a <tag kind="see">net.sf.saxon.lib.LocalizerFactory</tag> on the <tag kind="see">net.sf.saxon.Configuration</tag></p></div></body><sentence>Set the separator to be used between tens and units for cardinal numbers.</sentence></comment><params><param fulltype="java.lang.String" name="separator" type="String"><body><div>the separator to be used between tens and units when cardinal numbers are written
                  as words.</div></body></param></params></method><method fulltype="void" id="setTensUnitsSeparatorOrdinal" type="void" visibility="public"><comment><body><div>Set the separator to be used between tens and units for ordinal numbers. This allows customization
 of the output, for example "thirty sixth", "thirty-sixth", or "thirtysixth". Default is a hyphen.
 <p>Currently the only way of calling this is from a subclass, which can be nominated by setting
 a <tag kind="see">net.sf.saxon.lib.LocalizerFactory</tag> on the <tag kind="see">net.sf.saxon.Configuration</tag></p></div></body><sentence>Set the separator to be used between tens and units for ordinal numbers.</sentence></comment><params><param fulltype="java.lang.String" name="separator" type="String"><body><div>the separator to be used between tens and units when ordinal numbers are written
                  as words.</div></body></param></params></method><method fulltype="java.lang.String" id="toOrdinalWords" type="String" visibility="public"><comment><sentence>Show an ordinal number as English words in a requested case (for example, Twentyfirst)</sentence><return><body><div>the formatted number</div></body></return></comment><override-of fulltype="net.sf.saxon.expr.number.AbstractNumberer" method="toOrdinalWords(java.lang.String, long, int)" type="AbstractNumberer"/><params><param fulltype="java.lang.String" name="ordinalParam" type="String"><body><div>the value of the "ordinal" attribute as supplied by the user</div></body></param><param fulltype="long" name="number" type="long"><body><div>the number to be formatted</div></body></param><param fulltype="int" name="wordCase" type="int"><body><div>the required case for example <tag kind="see">#UPPER_CASE</tag>,
                     <tag kind="see">#LOWER_CASE</tag>, <tag kind="see">#TITLE_CASE</tag></div></body></param></params></method><method fulltype="java.lang.String" id="toWords" type="String" visibility="public"><comment><body><div>Show the number as words in title case. (We choose title case because
 the result can then be converted algorithmically to lower case or upper case).</div></body><sentence>Show the number as words in title case.</sentence><return><body><div>the number formatted as English words</div></body></return></comment><override-of fulltype="net.sf.saxon.expr.number.AbstractNumberer" method="toWords(long)" type="AbstractNumberer"/><params><param fulltype="long" name="number" type="long"><body><div>the number to be formatted</div></body></param></params></method></methods><subclasses><class fulltype="net.sf.saxon.option.local.Numberer_he" type="Numberer_he"/></subclasses></class><class id="NumberFormatter" fulltype="net.sf.saxon.expr.number.NumberFormatter" superclass="Object" superclassfulltype="java.lang.Object" visibility="public"><comment><sentence>Class NumberFormatter defines a method to format a ArrayList of integers as a character
 string according to a supplied format specification.</sentence></comment><fields/><methods><constructor id="NumberFormatter" visibility="public"/><method fulltype="net.sf.saxon.str.UnicodeString" id="format" type="UnicodeString" visibility="public"><comment><sentence>Format a list of numbers.</sentence><return><body><div>the formatted output string.</div></body></return></comment><params><param fulltype="java.util.List" name="numbers" type="List"><type fulltype="java.lang.Object" type="Object"/><body><div>the numbers to be formatted (a sequence of integer values; it may also contain
                preformatted strings as part of the error recovery fallback)</div></body></param><param fulltype="int" name="groupSize" type="int"><body><div>the grouping-size, as in xsl:number</div></body></param><param fulltype="java.lang.String" name="groupSeparator" type="String"><body><div>the grouping-separator, as in xsl:number</div></body></param><param fulltype="java.lang.String" name="letterValue" type="String"><body><div>the letter-value, as in xsl:number</div></body></param><param fulltype="java.lang.String" name="ordinal" type="String"><body><div>the ordinal attribute as in xsl:number</div></body></param><param fulltype="net.sf.saxon.lib.Numberer" name="numberer" type="Numberer"><body><div>the Numberer to be used for localization</div></body></param></params></method><method fulltype="boolean" id="isLetterOrDigit" static="true" type="boolean" visibility="public"><comment><sentence>Determine whether a (possibly non-BMP) character is a letter or digit.</sentence><return><body><div>true if this is a number or letter as defined in the XSLT rules for xsl:number pictures.</div></body></return></comment><params><param fulltype="int" name="c" type="int"><body><div>the codepoint of the character to be tested</div></body></param></params></method><method fulltype="void" id="prepare" type="void" visibility="public"><comment><sentence>Tokenize the format pattern.</sentence></comment><params><param fulltype="java.lang.String" name="format" type="String"><body><div>the format specification. Contains one of the following values:<ul><li>"1": conventional decimal numbering</li><li>"a": sequence a, b, c, ... aa, ab, ac, ...</li><li>"A": sequence A, B, C, ... AA, AB, AC, ...</li><li>"i": sequence i, ii, iii, iv, v ...</li><li>"I": sequence I, II, III, IV, V, ...</li></ul>
               This symbol may be preceded and followed by punctuation (any other characters) which is
               copied to the output string.</div></body></param></params></method></methods></class><class id="NumericGroupFormatter" abstract="true" fulltype="net.sf.saxon.expr.number.NumericGroupFormatter" superclass="Object" superclassfulltype="java.lang.Object" visibility="public"><comment><sentence>A NumericGroupFormatter is responsible for insertion of grouping separators
 into a formatted number (for example, reformatting "1234" as "1,234").</sentence></comment><fields><field fulltype="net.sf.saxon.str.UnicodeString" id="adjustedPicture" type="UnicodeString" visibility="protected"/></fields><methods><constructor id="NumericGroupFormatter" visibility="public"/><method abstract="true" fulltype="java.lang.String" id="format" type="String" visibility="public"><comment><sentence>Reformat a number to add grouping separators</sentence><return><body><div>the reformatted number</div></body></return></comment><params><param fulltype="java.lang.String" name="value" type="String"><body><div>a buffer holding the number to be reformatted</div></body></param></params></method><method fulltype="net.sf.saxon.str.UnicodeString" id="getAdjustedPicture" type="UnicodeString" visibility="public"><comment><sentence>Get the adjusted (preprocessed) picture</sentence><return><body><div>the adjusted picture</div></body></return></comment></method><method abstract="true" fulltype="java.lang.String" id="getSeparator" type="String" visibility="public"><comment><body><div>Get the grouping separator to be used, as a Unicode codepoint. If more than one is used, return the last.
 If no grouping separators are used, return null</div></body><sentence>Get the grouping separator to be used, as a Unicode codepoint.</sentence><return><body><div>the grouping separator</div></body></return></comment></method></methods><subclasses><class fulltype="net.sf.saxon.expr.number.IrregularGroupFormatter" type="IrregularGroupFormatter"/><class fulltype="net.sf.saxon.expr.number.RegularGroupFormatter" type="RegularGroupFormatter"/></subclasses></class><class id="RegularGroupFormatter" fulltype="net.sf.saxon.expr.number.RegularGroupFormatter" superclass="NumericGroupFormatter" superclassfulltype="net.sf.saxon.expr.number.NumericGroupFormatter" visibility="public"><extends><interface fulltype="net.sf.saxon.expr.number.NumericGroupFormatter" type="NumericGroupFormatter"/></extends><comment><sentence>A RegularGroupFormatter is a NumericGroupFormatter that inserts a separator
 at constant intervals through a number: for example, a comma after every three
 digits counting from the right.</sentence></comment><fields/><methods><constructor id="RegularGroupFormatter" visibility="public"><comment><sentence>Create a RegularGroupFormatter</sentence></comment><params><param fulltype="int" name="grpSize" type="int"><body><div>the grouping size. If zero, no grouping separators are inserted</div></body></param><param fulltype="java.lang.String" name="grpSep" type="String"><body><div>the grouping separator (normally but not necessarily a single character)</div></body></param><param fulltype="net.sf.saxon.str.UnicodeString" name="adjustedPicture" type="UnicodeString"><body><div>The picture, adjusted to conform to the rules of the xsl:number function,
                        which means the picture supplied to format-integer minus any modifiers, and minus grouping separators
                        and optional-digit signs</div></body></param></params></constructor><method fulltype="java.lang.String" id="format" type="String" visibility="public"><override-of fulltype="net.sf.saxon.expr.number.NumericGroupFormatter" method="format(java.lang.String)" type="NumericGroupFormatter"/><params><param fulltype="java.lang.String" name="value" type="String"/></params></method><method fulltype="java.lang.String" id="getSeparator" type="String" visibility="public"><comment><sentence>Get the grouping separator to be used</sentence><return><body><div>the grouping separator</div></body></return></comment><override-of fulltype="net.sf.saxon.expr.number.NumericGroupFormatter" method="getSeparator()" type="NumericGroupFormatter"/></method></methods></class></package>