<?xml version="1.0" encoding="UTF-8"?><package id="net.sf.saxon.ma.arrays"><class id="AbstractArrayItem" abstract="true" fulltype="net.sf.saxon.ma.arrays.AbstractArrayItem" superclass="ArrayItem" superclassfulltype="net.sf.saxon.ma.arrays.ArrayItem" visibility="public"><extends><inherits><interface fulltype="net.sf.saxon.om.Function" type="Function"/></inherits><interface fulltype="net.sf.saxon.ma.arrays.ArrayItem" type="ArrayItem"/></extends><comment><sentence>An abstract implementation of XDM array items, containing methods that can be implemented generically.</sentence></comment><fields/><methods><constructor id="AbstractArrayItem" visibility="public"/><method fulltype="net.sf.saxon.om.AtomicSequence" id="atomize" type="AtomicSequence" visibility="public"><comment><sentence>Atomize the item.</sentence><return><body><div>the result of atomization</div></body></return></comment><exceptions><exception fulltype="net.sf.saxon.trans.XPathException" id="XPathException"><sentence>XPathException if atomization is not allowed for this kind of item</sentence></exception></exceptions></method><method fulltype="net.sf.saxon.om.GroundedValue" id="call" type="GroundedValue" visibility="public"><comment><sentence>Invoke the array in its role as a function</sentence><return><body><div>the result of invoking the function</div></body></return></comment><params><param fulltype="net.sf.saxon.expr.XPathContext" name="context" type="XPathContext"><body><div>the XPath dynamic evaluation context</div></body></param><param fulltype="net.sf.saxon.om.Sequence[]" name="args" type="Sequence[]"><body><div>the actual arguments to be supplied (a single integer)</div></body></param></params><exceptions><exception fulltype="net.sf.saxon.trans.XPathException" id="XPathException"><sentence>XPathException if a dynamic error occurs within the function</sentence></exception></exceptions></method><method fulltype="boolean" id="deepEquals" type="boolean" visibility="public"><comment><sentence>Test whether this array is deep-equal to another array,
 under the rules of the deep-equal function</sentence><return><body><div>true if the two array items are deep-equal; false if they are not deep equal
         or if the other item is not an array</div></body></return></comment><params><param fulltype="net.sf.saxon.om.Function" name="other" type="Function"><body><div>the other function item</div></body></param><param fulltype="net.sf.saxon.expr.XPathContext" name="context" type="XPathContext"><body><div>the dynamic evaluation context</div></body></param><param fulltype="net.sf.saxon.expr.sort.AtomicComparer" name="comparer" type="AtomicComparer"><body><div>the object to perform the comparison</div></body></param><param fulltype="int" name="flags" type="int"><body><div>options for how the comparison is performed</div></body></param></params><exceptions><exception fulltype="net.sf.saxon.trans.XPathException" id="XPathException"><sentence>XPathException if the comparison cannot be performed</sentence></exception></exceptions></method><method fulltype="boolean" id="effectiveBooleanValue" type="boolean" visibility="public"><comment><sentence>Get the effective boolean value of this sequence</sentence><return><body><div>the effective boolean value</div></body></return></comment><exceptions><exception fulltype="net.sf.saxon.trans.XPathException" id="XPathException"><sentence>XPathException if the sequence has no effective boolean value (for example a sequence of two integers)</sentence></exception></exceptions></method><method fulltype="void" id="export" type="void" visibility="public"><comment><sentence>Output information about this function item to the diagnostic explain() output</sentence></comment><params><param fulltype="net.sf.saxon.trace.ExpressionPresenter" name="out" type="ExpressionPresenter"/></params><exceptions><exception fulltype="net.sf.saxon.trans.XPathException" id="XPathException"/></exceptions></method><method fulltype="net.sf.saxon.query.AnnotationList" id="getAnnotations" type="AnnotationList" visibility="public"><comment><body><div>Get the function annotations (as defined in XQuery). Returns an empty
 list if there are no function annotations.</div></body><sentence>Get the function annotations (as defined in XQuery).</sentence><return><body><div>the function annotations</div></body></return></comment></method><method fulltype="int" id="getArity" type="int" visibility="public"><comment><sentence>Get the arity of the function</sentence><return><body><div>the number of arguments in the function signature (in this case, 1 (one))</div></body></return></comment></method><method fulltype="java.lang.String" id="getDescription" type="String" visibility="public"><comment><body><div>Get a description of this function for use in error messages. For named functions, the description
 is the function name (as a lexical QName). For others, it might be, for example, "inline function",
 or "partially-applied ends-with function".</div></body><sentence>Get a description of this function for use in error messages.</sentence><return><body><div>a description of the function for use in error messages</div></body></return></comment></method><method fulltype="net.sf.saxon.type.FunctionItemType" id="getFunctionItemType" type="FunctionItemType" visibility="public"><comment><sentence>Get the item type of the function item</sentence><return><body><div>the function item's type</div></body></return></comment></method><method fulltype="net.sf.saxon.om.StructuredQName" id="getFunctionName" type="StructuredQName" visibility="public"><comment><sentence>Get the name of the function, or null if it is anonymous</sentence><return><body><div>the function name, or null for an anonymous function (which this one is)</div></body></return></comment></method><method fulltype="net.sf.saxon.value.SequenceType" id="getMemberType" type="SequenceType" visibility="public"><comment><sentence>Get the lowest common item type of the members of the array</sentence><return><body><div>the most specific type to which all the members belong.</div></body></return></comment><override-of fulltype="net.sf.saxon.ma.arrays.ArrayItem" method="getMemberType(net.sf.saxon.type.TypeHierarchy)" type="ArrayItem"/><params><param fulltype="net.sf.saxon.type.TypeHierarchy" name="th" type="TypeHierarchy"><body><div>the type hierarchy</div></body></param></params></method><method fulltype="net.sf.saxon.expr.OperandRole[]" id="getOperandRoles" type="OperandRole[]" visibility="public"><comment><sentence>Get the roles of the arguments, for the purposes of streaming</sentence><return><body><div>an array of OperandRole objects, one for each argument</div></body></return></comment></method><method fulltype="net.sf.saxon.str.UnicodeString" id="getUnicodeStringValue" type="UnicodeString" visibility="public"><comment><body><div>Get the value of the item as a string. For arrays, there is no string value,
 so an exception is thrown.</div></body><sentence>Get the value of the item as a string.</sentence><return><body><div>the string value of the item</div></body></return><attribute name="@since"><body><div>8.4</div></body></attribute></comment></method><method fulltype="boolean" id="isTrustedResultType" type="boolean" visibility="public"/><method fulltype="net.sf.saxon.expr.XPathContext" id="makeNewContext" type="XPathContext" visibility="public"><comment><sentence>Prepare an XPathContext object for evaluating the function</sentence><return><body><div>a suitable context for evaluating the function (which may or may
 not be the same as the caller's context)</div></body></return></comment><params><param fulltype="net.sf.saxon.expr.XPathContext" name="callingContext" type="XPathContext"><body><div>the XPathContext of the function calling expression</div></body></param><param fulltype="net.sf.saxon.expr.ContextOriginator" name="originator" type="ContextOriginator"><body><div>identifies the location of the caller for diagnostics</div></body></param></params></method><method fulltype="java.lang.String" id="toString" type="String" visibility="public"><comment><sentence>Output a string representation of the array, suitable for diagnostics</sentence></comment><override-of fulltype="java.lang.Object" method="toString()" type="Object"/></method></methods><subclasses><class fulltype="com.saxonica.xsltextn.pedigree.DelegatingArrayItem" type="DelegatingArrayItem"/><class fulltype="net.sf.saxon.ma.arrays.ImmutableArrayItem" type="ImmutableArrayItem"/><class fulltype="net.sf.saxon.ma.arrays.SimpleArrayItem" type="SimpleArrayItem"/></subclasses></class><class id="ArrayFunctionSet" fulltype="net.sf.saxon.ma.arrays.ArrayFunctionSet" superclass="BuiltInFunctionSet" superclassfulltype="net.sf.saxon.functions.registry.BuiltInFunctionSet" visibility="public"><extends><inherits><interface fulltype="net.sf.saxon.functions.FunctionLibrary" type="FunctionLibrary"/></inherits><interface fulltype="net.sf.saxon.functions.registry.BuiltInFunctionSet" type="BuiltInFunctionSet"/></extends><comment><sentence>Function signatures (and pointers to implementations) of the functions defined in XPath 2.0</sentence></comment><fields><field fulltype="net.sf.saxon.ma.arrays.ArrayFunctionSet" id="THE_INSTANCE" static="true" type="ArrayFunctionSet" visibility="public"/></fields><methods><constructor id="ArrayFunctionSet" visibility="public"/><method fulltype="int" id="checkSubscript" static="true" type="int" visibility="public"><comment><sentence>Check that a number proposed for use as a subscript is greater than zero and less than
 the maximum subscript allowed by the implementation (2^31-1), returning the value
 as a Java int</sentence><return><body><div>the proposed subscript as an int, if it is in range (still one-based)</div></body></return></comment><params><param fulltype="net.sf.saxon.value.IntegerValue" name="subscript" type="IntegerValue"><body><div>the proposed subscript (one-based)</div></body></param><param fulltype="int" name="limit" type="int"><body><div>the upper limit allowed (usually the size of the array, sometimes arraysize + 1)</div></body></param></params><exceptions><exception fulltype="net.sf.saxon.trans.XPathException" id="XPathException"><sentence>XPathException if the subscript is 0, negative, or outside the permitted range</sentence></exception></exceptions></method><method fulltype="java.lang.String" id="getConventionalPrefix" type="String" visibility="public"><override-of fulltype="net.sf.saxon.functions.registry.BuiltInFunctionSet" method="getConventionalPrefix()" type="BuiltInFunctionSet"/></method><method fulltype="net.sf.saxon.ma.arrays.ArrayFunctionSet" id="getInstance" static="true" type="ArrayFunctionSet" visibility="public"/><method fulltype="java.lang.String" id="getNamespace" type="String" visibility="public"><override-of fulltype="net.sf.saxon.functions.registry.BuiltInFunctionSet" method="getNamespace()" type="BuiltInFunctionSet"/></method></methods><class id="ArrayFunctionSet.ArrayAppend" fulltype="net.sf.saxon.ma.arrays.ArrayFunctionSet.ArrayAppend" static="true" superclass="SystemFunction" superclassfulltype="net.sf.saxon.functions.SystemFunction" visibility="public"><extends><interface fulltype="net.sf.saxon.functions.SystemFunction" type="SystemFunction"><extends><inherits><interface fulltype="net.sf.saxon.om.Function" type="Function"/></inherits><interface fulltype="net.sf.saxon.functions.AbstractFunction" type="AbstractFunction"/></extends></interface></extends><comment><sentence>Implementation of the function array:append(array, item()*) =&gt; array</sentence></comment><fields/><methods><constructor id="ArrayAppend" visibility="public"/><method fulltype="net.sf.saxon.ma.arrays.ArrayItem" id="append" static="true" type="ArrayItem" visibility="public"><params><param fulltype="net.sf.saxon.ma.arrays.ArrayItem" name="array" type="ArrayItem"/><param fulltype="net.sf.saxon.om.Sequence" name="member" type="Sequence"/></params><exceptions><exception fulltype="net.sf.saxon.trans.XPathException" id="XPathException"/></exceptions></method><method fulltype="net.sf.saxon.ma.arrays.ArrayItem" id="call" type="ArrayItem" visibility="public"><params><param fulltype="net.sf.saxon.expr.XPathContext" name="context" type="XPathContext"/><param fulltype="net.sf.saxon.om.Sequence[]" name="arguments" type="Sequence[]"/></params><exceptions><exception fulltype="net.sf.saxon.trans.XPathException" id="XPathException"/></exceptions></method></methods></class><class id="ArrayFunctionSet.ArrayFilter" fulltype="net.sf.saxon.ma.arrays.ArrayFunctionSet.ArrayFilter" static="true" superclass="SystemFunction" superclassfulltype="net.sf.saxon.functions.SystemFunction" visibility="public"><extends><interface fulltype="net.sf.saxon.functions.SystemFunction" type="SystemFunction"><extends><inherits><interface fulltype="net.sf.saxon.om.Function" type="Function"/></inherits><interface fulltype="net.sf.saxon.functions.AbstractFunction" type="AbstractFunction"/></extends></interface></extends><comment><sentence>Implementation of the function array:filter(array, function) =&gt; array</sentence></comment><fields/><methods><constructor id="ArrayFilter" visibility="public"/><method fulltype="net.sf.saxon.ma.arrays.ArrayItem" id="call" type="ArrayItem" visibility="public"><params><param fulltype="net.sf.saxon.expr.XPathContext" name="context" type="XPathContext"/><param fulltype="net.sf.saxon.om.Sequence[]" name="arguments" type="Sequence[]"/></params><exceptions><exception fulltype="net.sf.saxon.trans.XPathException" id="XPathException"/></exceptions></method></methods></class><class id="ArrayFunctionSet.ArrayFlatten" fulltype="net.sf.saxon.ma.arrays.ArrayFunctionSet.ArrayFlatten" static="true" superclass="SystemFunction" superclassfulltype="net.sf.saxon.functions.SystemFunction" visibility="public"><extends><interface fulltype="net.sf.saxon.functions.SystemFunction" type="SystemFunction"><extends><inherits><interface fulltype="net.sf.saxon.om.Function" type="Function"/></inherits><interface fulltype="net.sf.saxon.functions.AbstractFunction" type="AbstractFunction"/></extends></interface></extends><comment><sentence>Implementation of the function array:flatten =&gt; item()*</sentence></comment><fields/><methods><constructor id="ArrayFlatten" visibility="public"/><method fulltype="net.sf.saxon.om.Sequence" id="call" type="Sequence" visibility="public"><params><param fulltype="net.sf.saxon.expr.XPathContext" name="context" type="XPathContext"/><param fulltype="net.sf.saxon.om.Sequence[]" name="arguments" type="Sequence[]"/></params><exceptions><exception fulltype="net.sf.saxon.trans.XPathException" id="XPathException"/></exceptions></method></methods></class><class id="ArrayFunctionSet.ArrayFoldLeft" fulltype="net.sf.saxon.ma.arrays.ArrayFunctionSet.ArrayFoldLeft" static="true" superclass="SystemFunction" superclassfulltype="net.sf.saxon.functions.SystemFunction" visibility="public"><extends><interface fulltype="net.sf.saxon.functions.SystemFunction" type="SystemFunction"><extends><inherits><interface fulltype="net.sf.saxon.om.Function" type="Function"/></inherits><interface fulltype="net.sf.saxon.functions.AbstractFunction" type="AbstractFunction"/></extends></interface></extends><comment><sentence>Implementation of the function array:fold-left(array, item()*, function) =&gt; array</sentence></comment><fields/><methods><constructor id="ArrayFoldLeft" visibility="public"/><method fulltype="net.sf.saxon.om.Sequence" id="call" type="Sequence" visibility="public"><params><param fulltype="net.sf.saxon.expr.XPathContext" name="context" type="XPathContext"/><param fulltype="net.sf.saxon.om.Sequence[]" name="arguments" type="Sequence[]"/></params><exceptions><exception fulltype="net.sf.saxon.trans.XPathException" id="XPathException"/></exceptions></method></methods></class><class id="ArrayFunctionSet.ArrayFoldRight" fulltype="net.sf.saxon.ma.arrays.ArrayFunctionSet.ArrayFoldRight" static="true" superclass="SystemFunction" superclassfulltype="net.sf.saxon.functions.SystemFunction" visibility="public"><extends><interface fulltype="net.sf.saxon.functions.SystemFunction" type="SystemFunction"><extends><inherits><interface fulltype="net.sf.saxon.om.Function" type="Function"/></inherits><interface fulltype="net.sf.saxon.functions.AbstractFunction" type="AbstractFunction"/></extends></interface></extends><comment><sentence>Implementation of the function array:fold-left(array, item()*, function) =&gt; array</sentence></comment><fields/><methods><constructor id="ArrayFoldRight" visibility="public"/><method fulltype="net.sf.saxon.om.Sequence" id="call" type="Sequence" visibility="public"><params><param fulltype="net.sf.saxon.expr.XPathContext" name="context" type="XPathContext"/><param fulltype="net.sf.saxon.om.Sequence[]" name="arguments" type="Sequence[]"/></params><exceptions><exception fulltype="net.sf.saxon.trans.XPathException" id="XPathException"/></exceptions></method></methods></class><class id="ArrayFunctionSet.ArrayForEach" fulltype="net.sf.saxon.ma.arrays.ArrayFunctionSet.ArrayForEach" static="true" superclass="SystemFunction" superclassfulltype="net.sf.saxon.functions.SystemFunction" visibility="public"><extends><interface fulltype="net.sf.saxon.functions.SystemFunction" type="SystemFunction"><extends><inherits><interface fulltype="net.sf.saxon.om.Function" type="Function"/></inherits><interface fulltype="net.sf.saxon.functions.AbstractFunction" type="AbstractFunction"/></extends></interface></extends><comment><sentence>Implementation of the function array:for-each(array, function) =&gt; array</sentence></comment><fields/><methods><constructor id="ArrayForEach" visibility="public"/><method fulltype="net.sf.saxon.ma.arrays.ArrayItem" id="call" type="ArrayItem" visibility="public"><params><param fulltype="net.sf.saxon.expr.XPathContext" name="context" type="XPathContext"/><param fulltype="net.sf.saxon.om.Sequence[]" name="arguments" type="Sequence[]"/></params><exceptions><exception fulltype="net.sf.saxon.trans.XPathException" id="XPathException"/></exceptions></method></methods></class><class id="ArrayFunctionSet.ArrayForEachPair" fulltype="net.sf.saxon.ma.arrays.ArrayFunctionSet.ArrayForEachPair" static="true" superclass="SystemFunction" superclassfulltype="net.sf.saxon.functions.SystemFunction" visibility="public"><extends><interface fulltype="net.sf.saxon.functions.SystemFunction" type="SystemFunction"><extends><inherits><interface fulltype="net.sf.saxon.om.Function" type="Function"/></inherits><interface fulltype="net.sf.saxon.functions.AbstractFunction" type="AbstractFunction"/></extends></interface></extends><comment><sentence>Implementation of the function array:for-each-pair(array, array, function) =&gt; array</sentence></comment><fields/><methods><constructor id="ArrayForEachPair" visibility="public"/><method fulltype="net.sf.saxon.ma.arrays.ArrayItem" id="call" type="ArrayItem" visibility="public"><params><param fulltype="net.sf.saxon.expr.XPathContext" name="context" type="XPathContext"/><param fulltype="net.sf.saxon.om.Sequence[]" name="arguments" type="Sequence[]"/></params><exceptions><exception fulltype="net.sf.saxon.trans.XPathException" id="XPathException"/></exceptions></method></methods></class><class id="ArrayFunctionSet.ArrayFromSequence" fulltype="net.sf.saxon.ma.arrays.ArrayFunctionSet.ArrayFromSequence" static="true" superclass="FoldingFunction" superclassfulltype="net.sf.saxon.functions.FoldingFunction" visibility="public"><extends><interface fulltype="net.sf.saxon.functions.FoldingFunction" type="FoldingFunction"><extends><interface fulltype="net.sf.saxon.functions.SystemFunction" type="SystemFunction"><extends><inherits><interface fulltype="net.sf.saxon.om.Function" type="Function"/></inherits><interface fulltype="net.sf.saxon.functions.AbstractFunction" type="AbstractFunction"/></extends></interface></extends></interface></extends><comment><sentence>Implementation of the function array:_from-sequence(item()*) =&gt; array(*) which
 is used internally for the implementation of array{} and of the saxon:array extension</sentence></comment><fields/><methods><constructor id="ArrayFromSequence" visibility="public"/><method fulltype="net.sf.saxon.ma.arrays.ArrayItem" id="call" type="ArrayItem" visibility="public"><override-of fulltype="net.sf.saxon.functions.FoldingFunction" method="call(net.sf.saxon.expr.XPathContext, net.sf.saxon.om.Sequence[])" type="FoldingFunction"/><params><param fulltype="net.sf.saxon.expr.XPathContext" name="context" type="XPathContext"/><param fulltype="net.sf.saxon.om.Sequence[]" name="arguments" type="Sequence[]"/></params><exceptions><exception fulltype="net.sf.saxon.trans.XPathException" id="XPathException"/></exceptions></method><method fulltype="net.sf.saxon.functions.Fold" id="getFold" type="Fold" visibility="public"><comment><sentence>Create the Fold object which is used to perform a streamed evaluation</sentence><return><body><div>the Fold object used to compute the function</div></body></return></comment><override-of fulltype="net.sf.saxon.functions.FoldingFunction" method="getFold(net.sf.saxon.expr.XPathContext, net.sf.saxon.om.Sequence...)" type="FoldingFunction"/><params><param fulltype="net.sf.saxon.expr.XPathContext" name="context" type="XPathContext"><body><div>the dynamic evaluation context</div></body></param><param fulltype="net.sf.saxon.om.Sequence[]" name="additionalArguments" type="Sequence[]"><body><div>the values of all arguments other than the first.</div></body></param></params></method></methods></class><class id="ArrayFunctionSet.ArrayGet" fulltype="net.sf.saxon.ma.arrays.ArrayFunctionSet.ArrayGet" static="true" superclass="SystemFunction" superclassfulltype="net.sf.saxon.functions.SystemFunction" visibility="public"><extends><interface fulltype="net.sf.saxon.functions.SystemFunction" type="SystemFunction"><extends><inherits><interface fulltype="net.sf.saxon.om.Function" type="Function"/></inherits><interface fulltype="net.sf.saxon.functions.AbstractFunction" type="AbstractFunction"/></extends></interface></extends><comment><sentence>Implementation of the function array:get(array, xs:integer) =&gt; item()*</sentence></comment><fields/><methods><constructor id="ArrayGet" visibility="public"/><method fulltype="net.sf.saxon.om.Sequence" id="call" type="Sequence" visibility="public"><params><param fulltype="net.sf.saxon.expr.XPathContext" name="context" type="XPathContext"/><param fulltype="net.sf.saxon.om.Sequence[]" name="arguments" type="Sequence[]"/></params><exceptions><exception fulltype="net.sf.saxon.trans.XPathException" id="XPathException"/></exceptions></method></methods></class><class id="ArrayFunctionSet.ArrayHead" fulltype="net.sf.saxon.ma.arrays.ArrayFunctionSet.ArrayHead" static="true" superclass="SystemFunction" superclassfulltype="net.sf.saxon.functions.SystemFunction" visibility="public"><extends><interface fulltype="net.sf.saxon.functions.SystemFunction" type="SystemFunction"><extends><inherits><interface fulltype="net.sf.saxon.om.Function" type="Function"/></inherits><interface fulltype="net.sf.saxon.functions.AbstractFunction" type="AbstractFunction"/></extends></interface></extends><comment><sentence>Implementation of the function array:head(array) =&gt; item()*</sentence></comment><fields/><methods><constructor id="ArrayHead" visibility="public"/><method fulltype="net.sf.saxon.om.Sequence" id="call" type="Sequence" visibility="public"><params><param fulltype="net.sf.saxon.expr.XPathContext" name="context" type="XPathContext"/><param fulltype="net.sf.saxon.om.Sequence[]" name="arguments" type="Sequence[]"/></params><exceptions><exception fulltype="net.sf.saxon.trans.XPathException" id="XPathException"/></exceptions></method></methods></class><class id="ArrayFunctionSet.ArrayInsertBefore" fulltype="net.sf.saxon.ma.arrays.ArrayFunctionSet.ArrayInsertBefore" static="true" superclass="SystemFunction" superclassfulltype="net.sf.saxon.functions.SystemFunction" visibility="public"><extends><interface fulltype="net.sf.saxon.functions.SystemFunction" type="SystemFunction"><extends><inherits><interface fulltype="net.sf.saxon.om.Function" type="Function"/></inherits><interface fulltype="net.sf.saxon.functions.AbstractFunction" type="AbstractFunction"/></extends></interface></extends><comment><sentence>Implementation of the function array:insert-before(array, xs:integer, item()*) =&gt; array</sentence></comment><fields/><methods><constructor id="ArrayInsertBefore" visibility="public"/><method fulltype="net.sf.saxon.ma.arrays.ArrayItem" id="call" type="ArrayItem" visibility="public"><params><param fulltype="net.sf.saxon.expr.XPathContext" name="context" type="XPathContext"/><param fulltype="net.sf.saxon.om.Sequence[]" name="arguments" type="Sequence[]"/></params><exceptions><exception fulltype="net.sf.saxon.trans.XPathException" id="XPathException"/></exceptions></method></methods></class><class id="ArrayFunctionSet.ArrayJoin" fulltype="net.sf.saxon.ma.arrays.ArrayFunctionSet.ArrayJoin" static="true" superclass="SystemFunction" superclassfulltype="net.sf.saxon.functions.SystemFunction" visibility="public"><extends><interface fulltype="net.sf.saxon.functions.SystemFunction" type="SystemFunction"><extends><inherits><interface fulltype="net.sf.saxon.om.Function" type="Function"/></inherits><interface fulltype="net.sf.saxon.functions.AbstractFunction" type="AbstractFunction"/></extends></interface></extends><comment><sentence>Implementation of the function array:join(arrays) =&gt; array</sentence></comment><fields/><methods><constructor id="ArrayJoin" visibility="public"/><method fulltype="net.sf.saxon.ma.arrays.ArrayItem" id="call" type="ArrayItem" visibility="public"><params><param fulltype="net.sf.saxon.expr.XPathContext" name="context" type="XPathContext"/><param fulltype="net.sf.saxon.om.Sequence[]" name="arguments" type="Sequence[]"/></params><exceptions><exception fulltype="net.sf.saxon.trans.XPathException" id="XPathException"/></exceptions></method></methods></class><class id="ArrayFunctionSet.ArrayMembers" fulltype="net.sf.saxon.ma.arrays.ArrayFunctionSet.ArrayMembers" static="true" superclass="SystemFunction" superclassfulltype="net.sf.saxon.functions.SystemFunction" visibility="public"><extends><interface fulltype="net.sf.saxon.functions.SystemFunction" type="SystemFunction"><extends><inherits><interface fulltype="net.sf.saxon.om.Function" type="Function"/></inherits><interface fulltype="net.sf.saxon.functions.AbstractFunction" type="AbstractFunction"/></extends></interface></extends><comment><sentence>Implementation of the proposed XP40 function array:members(array(*)) =&gt; parcel*</sentence></comment><fields/><methods><constructor id="ArrayMembers" visibility="public"/><method fulltype="net.sf.saxon.om.GroundedValue" id="call" type="GroundedValue" visibility="public"><params><param fulltype="net.sf.saxon.expr.XPathContext" name="context" type="XPathContext"/><param fulltype="net.sf.saxon.om.Sequence[]" name="arguments" type="Sequence[]"/></params><exceptions><exception fulltype="net.sf.saxon.trans.XPathException" id="XPathException"/></exceptions></method></methods></class><class id="ArrayFunctionSet.ArrayOf" fulltype="net.sf.saxon.ma.arrays.ArrayFunctionSet.ArrayOf" static="true" superclass="SystemFunction" superclassfulltype="net.sf.saxon.functions.SystemFunction" visibility="public"><extends><interface fulltype="net.sf.saxon.functions.SystemFunction" type="SystemFunction"><extends><inherits><interface fulltype="net.sf.saxon.om.Function" type="Function"/></inherits><interface fulltype="net.sf.saxon.functions.AbstractFunction" type="AbstractFunction"/></extends></interface></extends><comment><sentence>Implementation of the proposed XP40 function array:of(parcel*) =&gt; array</sentence></comment><fields/><methods><constructor id="ArrayOf" visibility="public"/><method fulltype="net.sf.saxon.ma.arrays.ArrayItem" id="call" type="ArrayItem" visibility="public"><params><param fulltype="net.sf.saxon.expr.XPathContext" name="context" type="XPathContext"/><param fulltype="net.sf.saxon.om.Sequence[]" name="arguments" type="Sequence[]"/></params><exceptions><exception fulltype="net.sf.saxon.trans.XPathException" id="XPathException"/></exceptions></method></methods></class><class id="ArrayFunctionSet.ArrayPut" fulltype="net.sf.saxon.ma.arrays.ArrayFunctionSet.ArrayPut" static="true" superclass="SystemFunction" superclassfulltype="net.sf.saxon.functions.SystemFunction" visibility="public"><extends><interface fulltype="net.sf.saxon.functions.SystemFunction" type="SystemFunction"><extends><inherits><interface fulltype="net.sf.saxon.om.Function" type="Function"/></inherits><interface fulltype="net.sf.saxon.functions.AbstractFunction" type="AbstractFunction"/></extends></interface></extends><comment><sentence>Implementation of the function array:put(arrays, index, newValue) =&gt; array</sentence></comment><fields/><methods><constructor id="ArrayPut" visibility="public"/><method fulltype="net.sf.saxon.ma.arrays.ArrayItem" id="call" type="ArrayItem" visibility="public"><params><param fulltype="net.sf.saxon.expr.XPathContext" name="context" type="XPathContext"/><param fulltype="net.sf.saxon.om.Sequence[]" name="arguments" type="Sequence[]"/></params><exceptions><exception fulltype="net.sf.saxon.trans.XPathException" id="XPathException"/></exceptions></method></methods></class><class id="ArrayFunctionSet.ArrayRemove" fulltype="net.sf.saxon.ma.arrays.ArrayFunctionSet.ArrayRemove" static="true" superclass="SystemFunction" superclassfulltype="net.sf.saxon.functions.SystemFunction" visibility="public"><extends><interface fulltype="net.sf.saxon.functions.SystemFunction" type="SystemFunction"><extends><inherits><interface fulltype="net.sf.saxon.om.Function" type="Function"/></inherits><interface fulltype="net.sf.saxon.functions.AbstractFunction" type="AbstractFunction"/></extends></interface></extends><comment><sentence>Implementation of the function array:remove(array, xs:integer) =&gt; array</sentence></comment><fields/><methods><constructor id="ArrayRemove" visibility="public"/><method fulltype="net.sf.saxon.ma.arrays.ArrayItem" id="call" type="ArrayItem" visibility="public"><params><param fulltype="net.sf.saxon.expr.XPathContext" name="context" type="XPathContext"/><param fulltype="net.sf.saxon.om.Sequence[]" name="arguments" type="Sequence[]"/></params><exceptions><exception fulltype="net.sf.saxon.trans.XPathException" id="XPathException"/></exceptions></method></methods></class><class id="ArrayFunctionSet.ArrayReverse" fulltype="net.sf.saxon.ma.arrays.ArrayFunctionSet.ArrayReverse" static="true" superclass="SystemFunction" superclassfulltype="net.sf.saxon.functions.SystemFunction" visibility="public"><extends><interface fulltype="net.sf.saxon.functions.SystemFunction" type="SystemFunction"><extends><inherits><interface fulltype="net.sf.saxon.om.Function" type="Function"/></inherits><interface fulltype="net.sf.saxon.functions.AbstractFunction" type="AbstractFunction"/></extends></interface></extends><comment><sentence>Implementation of the function array:reverse(array, xs:integer, xs:integer) =&gt; array</sentence></comment><fields/><methods><constructor id="ArrayReverse" visibility="public"/><method fulltype="net.sf.saxon.ma.arrays.ArrayItem" id="call" type="ArrayItem" visibility="public"><params><param fulltype="net.sf.saxon.expr.XPathContext" name="context" type="XPathContext"/><param fulltype="net.sf.saxon.om.Sequence[]" name="arguments" type="Sequence[]"/></params><exceptions><exception fulltype="net.sf.saxon.trans.XPathException" id="XPathException"/></exceptions></method></methods></class><class id="ArrayFunctionSet.ArraySize" fulltype="net.sf.saxon.ma.arrays.ArrayFunctionSet.ArraySize" static="true" superclass="SystemFunction" superclassfulltype="net.sf.saxon.functions.SystemFunction" visibility="public"><extends><interface fulltype="net.sf.saxon.functions.SystemFunction" type="SystemFunction"><extends><inherits><interface fulltype="net.sf.saxon.om.Function" type="Function"/></inherits><interface fulltype="net.sf.saxon.functions.AbstractFunction" type="AbstractFunction"/></extends></interface></extends><comment><sentence>Implementation of the function array:size(array) =&gt; integer</sentence></comment><fields/><methods><constructor id="ArraySize" visibility="public"/><method fulltype="net.sf.saxon.value.IntegerValue" id="call" type="IntegerValue" visibility="public"><params><param fulltype="net.sf.saxon.expr.XPathContext" name="context" type="XPathContext"/><param fulltype="net.sf.saxon.om.Sequence[]" name="arguments" type="Sequence[]"/></params><exceptions><exception fulltype="net.sf.saxon.trans.XPathException" id="XPathException"/></exceptions></method></methods></class><class id="ArrayFunctionSet.ArraySubarray" fulltype="net.sf.saxon.ma.arrays.ArrayFunctionSet.ArraySubarray" static="true" superclass="SystemFunction" superclassfulltype="net.sf.saxon.functions.SystemFunction" visibility="public"><extends><interface fulltype="net.sf.saxon.functions.SystemFunction" type="SystemFunction"><extends><inherits><interface fulltype="net.sf.saxon.om.Function" type="Function"/></inherits><interface fulltype="net.sf.saxon.functions.AbstractFunction" type="AbstractFunction"/></extends></interface></extends><comment><sentence>Implementation of the function array:subarray(array, xs:integer, xs:integer) =&gt; array</sentence></comment><fields/><methods><constructor id="ArraySubarray" visibility="public"/><method fulltype="net.sf.saxon.ma.arrays.ArrayItem" id="call" type="ArrayItem" visibility="public"><params><param fulltype="net.sf.saxon.expr.XPathContext" name="context" type="XPathContext"/><param fulltype="net.sf.saxon.om.Sequence[]" name="arguments" type="Sequence[]"/></params><exceptions><exception fulltype="net.sf.saxon.trans.XPathException" id="XPathException"/></exceptions></method></methods></class><class id="ArrayFunctionSet.ArrayTail" fulltype="net.sf.saxon.ma.arrays.ArrayFunctionSet.ArrayTail" static="true" superclass="SystemFunction" superclassfulltype="net.sf.saxon.functions.SystemFunction" visibility="public"><extends><interface fulltype="net.sf.saxon.functions.SystemFunction" type="SystemFunction"><extends><inherits><interface fulltype="net.sf.saxon.om.Function" type="Function"/></inherits><interface fulltype="net.sf.saxon.functions.AbstractFunction" type="AbstractFunction"/></extends></interface></extends><comment><sentence>Implementation of the function array:tail(array) =&gt; item()*</sentence></comment><fields/><methods><constructor id="ArrayTail" visibility="public"/><method fulltype="net.sf.saxon.ma.arrays.ArrayItem" id="call" type="ArrayItem" visibility="public"><params><param fulltype="net.sf.saxon.expr.XPathContext" name="context" type="XPathContext"/><param fulltype="net.sf.saxon.om.Sequence[]" name="arguments" type="Sequence[]"/></params><exceptions><exception fulltype="net.sf.saxon.trans.XPathException" id="XPathException"/></exceptions></method></methods></class><class id="ArrayFunctionSet.ArrayToSequence" fulltype="net.sf.saxon.ma.arrays.ArrayFunctionSet.ArrayToSequence" static="true" superclass="SystemFunction" superclassfulltype="net.sf.saxon.functions.SystemFunction" visibility="public"><extends><interface fulltype="net.sf.saxon.functions.SystemFunction" type="SystemFunction"><extends><inherits><interface fulltype="net.sf.saxon.om.Function" type="Function"/></inherits><interface fulltype="net.sf.saxon.functions.AbstractFunction" type="AbstractFunction"/></extends></interface></extends><comment><sentence>Implementation of the function array:_to-sequence(array) =&gt; item()* which
 is used internally for the implementation of array?*</sentence></comment><fields/><methods><constructor id="ArrayToSequence" visibility="public"/><method fulltype="net.sf.saxon.om.Sequence" id="call" type="Sequence" visibility="public"><params><param fulltype="net.sf.saxon.expr.XPathContext" name="context" type="XPathContext"/><param fulltype="net.sf.saxon.om.Sequence[]" name="arguments" type="Sequence[]"/></params><exceptions><exception fulltype="net.sf.saxon.trans.XPathException" id="XPathException"/></exceptions></method><method fulltype="net.sf.saxon.om.Sequence" id="toSequence" static="true" type="Sequence" visibility="public"><params><param fulltype="net.sf.saxon.ma.arrays.ArrayItem" name="array" type="ArrayItem"/></params><exceptions><exception fulltype="net.sf.saxon.trans.XPathException" id="XPathException"/></exceptions></method></methods></class></class><class id="ArrayItem" abstract="true" fulltype="net.sf.saxon.ma.arrays.ArrayItem" superclass="Object" superclassfulltype="java.lang.Object" visibility="public"><implements><interface fulltype="net.sf.saxon.om.Function" type="Function"/></implements><comment><sentence>Interface supported by different implementations of an XDM array item</sentence></comment><fields/><methods><constructor id="ArrayItem" visibility="public"/><method abstract="true" fulltype="int" id="arrayLength" type="int" visibility="public"><comment><body><div>Get the number of members in the array

 <p>Note: the <tag kind="see">#getLength() method always returns 1, because an array is an item</tag></p></div></body><sentence>Get the number of members in the array</sentence><return><body><div>the number of members in this array.</div></body></return></comment></method><method abstract="true" fulltype="net.sf.saxon.ma.arrays.ArrayItem" id="concat" type="ArrayItem" visibility="public"><comment><sentence>Concatenate this array with another</sentence><return><body><div>the concatenation of the two arrays; that is, an array
 containing first the members of this array, and then the members of the other array</div></body></return></comment><params><param fulltype="net.sf.saxon.ma.arrays.ArrayItem" name="other" type="ArrayItem"><body><div>the second array</div></body></param></params></method><method abstract="true" fulltype="net.sf.saxon.om.GroundedValue" id="get" type="GroundedValue" visibility="public"><comment><sentence>Get a member of the array</sentence><return><body><div>the value at the given position.</div></body></return></comment><params><param fulltype="int" name="index" type="int"><body><div>the position of the member to retrieve (zero-based)</div></body></param></params></method><method final="true" fulltype="net.sf.saxon.om.Genre" id="getGenre" type="Genre" visibility="public"><comment><sentence>Get the genre of this item</sentence><return><body><div>the genre: specifically, <tag kind="see">net.sf.saxon.om.Genre#ARRAY</tag>.</div></body></return></comment></method><method abstract="true" fulltype="net.sf.saxon.value.SequenceType" id="getMemberType" type="SequenceType" visibility="public"><comment><sentence>Get the lowest common item type of the members of the array</sentence><return><body><div>the most specific type to which all the members belong.</div></body></return></comment><params><param fulltype="net.sf.saxon.type.TypeHierarchy" name="th" type="TypeHierarchy"><body><div>the type hierarchy</div></body></param></params></method><method abstract="true" fulltype="net.sf.saxon.ma.arrays.ArrayItem" id="insert" type="ArrayItem" visibility="public"><comment><sentence>Insert a new member into an array</sentence><return><body><div>a new array item with the new member inserted</div></body></return></comment><params><param fulltype="int" name="position" type="int"><body><div>the 0-based position that the new item will assume</div></body></param><param fulltype="net.sf.saxon.om.GroundedValue" name="member" type="GroundedValue"><body><div>the new member to be inserted</div></body></param></params></method><method final="true" fulltype="boolean" id="isArray" type="boolean" visibility="public"><comment><sentence>Ask whether this function item is an array</sentence><return><body><div>true if this function item is an array, otherwise false</div></body></return></comment></method><method fulltype="boolean" id="isEmpty" type="boolean" visibility="public"><comment><sentence>Ask whether the array is empty</sentence><return><body><div>true if and only if the size of the array is zero</div></body></return></comment></method><method final="true" fulltype="boolean" id="isMap" type="boolean" visibility="public"><comment><sentence>Ask whether this function item is a map</sentence><return><body><div>false (it is not a map)</div></body></return></comment></method><method abstract="true" fulltype="java.lang.Iterable" id="members" type="Iterable" visibility="public"><type fulltype="net.sf.saxon.om.GroundedValue" type="GroundedValue"/><comment><sentence>Get the list of all members of the array</sentence><return><body><div>an iterator over the members of the array</div></body></return></comment></method><method abstract="true" fulltype="net.sf.saxon.ma.arrays.ArrayItem" id="put" type="ArrayItem" visibility="public"><comment><sentence>Replace a member of the array</sentence><return><body><div>the value at the given position.</div></body></return></comment><params><param fulltype="int" name="index" type="int"><body><div>the position of the member to replace (zero-based)</div></body></param><param fulltype="net.sf.saxon.om.GroundedValue" name="newValue" type="GroundedValue"><body><div>the replacement value</div></body></param></params></method><method abstract="true" fulltype="net.sf.saxon.ma.arrays.ArrayItem" id="remove" type="ArrayItem" visibility="public"><comment><sentence>Remove a member from the array</sentence><return><body><div>a new array in which the requested member has been removed.</div></body></return></comment><params><param fulltype="int" name="index" type="int"><body><div>the position of the member to be removed (zero-based)</div></body></param></params></method><method abstract="true" fulltype="net.sf.saxon.ma.arrays.ArrayItem" id="removeSeveral" type="ArrayItem" visibility="public"><comment><sentence>Remove zero or more members from the array</sentence><return><body><div>a new array in which the requested member has been removed</div></body></return></comment><params><param fulltype="net.sf.saxon.z.IntSet" name="positions" type="IntSet"><body><div>the positions of the members to be removed (zero-based).
                  A value that is out of range is ignored.</div></body></param></params></method><method abstract="true" fulltype="net.sf.saxon.ma.arrays.ArrayItem" id="subArray" type="ArrayItem" visibility="public"><comment><sentence>Get a sub-array given a start and end position</sentence><return><body><div>a new array item containing the sub-array</div></body></return></comment><params><param fulltype="int" name="start" type="int"><body><div>the start position (zero based)</div></body></param><param fulltype="int" name="end" type="int"><body><div>the end position (the position of the first item not to be returned)
            (zero based)</div></body></param></params></method><method fulltype="java.lang.String" id="toShortString" type="String" visibility="public"><comment><sentence>Provide a short string showing the contents of the item, suitable
 for use in error messages</sentence><return><body><div>a depiction of the item suitable for use in error messages</div></body></return></comment></method></methods><subclasses><class fulltype="net.sf.saxon.ma.arrays.AbstractArrayItem" type="AbstractArrayItem"/></subclasses></class><class id="ArrayItemType" fulltype="net.sf.saxon.ma.arrays.ArrayItemType" superclass="AnyFunctionType" superclassfulltype="net.sf.saxon.type.AnyFunctionType" visibility="public"><extends><inherits><interface fulltype="net.sf.saxon.type.FunctionItemType" type="FunctionItemType"/></inherits><interface fulltype="net.sf.saxon.type.AnyFunctionType" type="AnyFunctionType"/></extends><comment><sentence>An instance of this class represents a specific array item type, for example
 function(xs:int) as xs:boolean</sentence></comment><fields><field final="true" fulltype="net.sf.saxon.ma.arrays.ArrayItemType" id="ANY_ARRAY_TYPE" static="true" type="ArrayItemType" visibility="public"/><field final="true" fulltype="net.sf.saxon.value.SequenceType" id="SINGLE_ARRAY" static="true" type="SequenceType" visibility="public"/></fields><methods><constructor id="ArrayItemType" visibility="public"><params><param fulltype="net.sf.saxon.value.SequenceType" name="memberType" type="SequenceType"/></params></constructor><method fulltype="boolean" id="equals" type="boolean" visibility="public"><comment><sentence>Test whether this array type equals another array type</sentence></comment><override-of fulltype="java.lang.Object" method="equals(java.lang.Object)" type="Object"/><params><param fulltype="java.lang.Object" name="other" type="Object"/></params></method><method fulltype="java.util.Optional" id="explainMismatch" type="Optional" visibility="public"><type fulltype="java.lang.String" type="String"/><comment><body><div>Get extra diagnostic information about why a supplied item does not conform to this
 item type, if available. If extra information is returned, it should be in the form of a complete
 sentence, minus the closing full stop. No information should be returned for obvious cases.</div></body><sentence>Get extra diagnostic information about why a supplied item does not conform to this
 item type, if available.</sentence><return><body><div>optionally, a message explaining why the item does not match the type</div></body></return></comment><params><param fulltype="net.sf.saxon.om.Item" name="item" type="Item"><body><div>the item that doesn't match this type</div></body></param><param fulltype="net.sf.saxon.type.TypeHierarchy" name="th" type="TypeHierarchy"><body><div>the type hierarchy cache</div></body></param></params></method><method fulltype="net.sf.saxon.value.SequenceType[]" id="getArgumentTypes" type="SequenceType[]" visibility="public"><comment><sentence>Get the argument types of this array, viewed as a function</sentence><return><body><div>the list of argument types of this array, viewed as a function</div></body></return></comment><override-of fulltype="net.sf.saxon.type.AnyFunctionType" method="getArgumentTypes()" type="AnyFunctionType"/></method><method fulltype="int" id="getArity" type="int" visibility="public"><comment><sentence>Get the arity (number of arguments) of this function type</sentence><return><body><div>the number of argument types in the function signature</div></body></return></comment></method><method fulltype="net.sf.saxon.type.PlainType" id="getAtomizedItemType" type="PlainType" visibility="public"><comment><sentence>Get the item type of the atomic values that will be produced when an item
 of this type is atomized</sentence><return><body><div>the item type of the atomic values that will be produced when an item
         of this type is atomized</div></body></return></comment><override-of fulltype="net.sf.saxon.type.AnyFunctionType" method="getAtomizedItemType()" type="AnyFunctionType"/></method><method fulltype="java.lang.String" id="getBasicAlphaCode" type="String" visibility="public"><comment><body><div>Get an alphabetic code representing the type, or at any rate, the nearest built-in type
 from which this type is derived. The codes are designed so that for any two built-in types
 A and B, alphaCode(A) is a prefix of alphaCode(B) if and only if A is a supertype of B.</div></body><sentence>Get an alphabetic code representing the type, or at any rate, the nearest built-in type
 from which this type is derived.</sentence><return><body><div>the alphacode for the nearest containing built-in type</div></body></return></comment><override-of fulltype="net.sf.saxon.type.AnyFunctionType" method="getBasicAlphaCode()" type="AnyFunctionType"/></method><method fulltype="double" id="getDefaultPriority" type="double" visibility="public"><comment><sentence>Get the default priority when this ItemType is used as an XSLT pattern</sentence><return><body><div>the default priority</div></body></return></comment><override-of fulltype="net.sf.saxon.type.AnyFunctionType" method="getDefaultPriority()" type="AnyFunctionType"/></method><method fulltype="net.sf.saxon.om.Genre" id="getGenre" type="Genre" visibility="public"><comment><sentence>Determine the Genre (top-level classification) of this type</sentence><return><body><div>the Genre to which this type belongs, specifically <tag kind="see">net.sf.saxon.om.Genre#ARRAY</tag></div></body></return></comment></method><method fulltype="net.sf.saxon.value.SequenceType" id="getMemberType" type="SequenceType" visibility="public"><comment><sentence>Get the type of the members of the array</sentence><return><body><div>the type to which all members of the array must conform</div></body></return></comment></method><method fulltype="net.sf.saxon.value.SequenceType" id="getResultType" type="SequenceType" visibility="public"><comment><sentence>Get the result type of this array, viewed as a function</sentence><return><body><div>the result type of this array, viewed as a function</div></body></return></comment><override-of fulltype="net.sf.saxon.type.AnyFunctionType" method="getResultType()" type="AnyFunctionType"/></method><method fulltype="int" id="hashCode" type="int" visibility="public"><comment><sentence>Returns a hash code value for the object.</sentence></comment><override-of fulltype="java.lang.Object" method="hashCode()" type="Object"/></method><method fulltype="boolean" id="isArrayType" type="boolean" visibility="public"><comment><body><div>Ask whether this function item type is an array type. In this case function coercion (to the array type)
 will never succeed.</div></body><sentence>Ask whether this function item type is an array type.</sentence><return><body><div>true if this FunctionItemType is an array type</div></body></return></comment><override-of fulltype="net.sf.saxon.type.AnyFunctionType" method="isArrayType()" type="AnyFunctionType"/></method><method fulltype="boolean" id="isAtomizable" type="boolean" visibility="public"><comment><sentence>Ask whether values of this type are atomizable</sentence><return><body><div>true unless it is known that these items will be elements with element-only
         content, in which case return false</div></body></return></comment><override-of fulltype="net.sf.saxon.type.AnyFunctionType" method="isAtomizable(net.sf.saxon.type.TypeHierarchy)" type="AnyFunctionType"/><params><param fulltype="net.sf.saxon.type.TypeHierarchy" name="th" type="TypeHierarchy"><body><div>The type hierarchy cache</div></body></param></params></method><method fulltype="boolean" id="isMapType" type="boolean" visibility="public"><comment><body><div>Ask whether this function item type is a map type. In this case function coercion (to the map type)
 will never succeed.</div></body><sentence>Ask whether this function item type is a map type.</sentence><return><body><div>true if this FunctionItemType is a map type</div></body></return></comment><override-of fulltype="net.sf.saxon.type.AnyFunctionType" method="isMapType()" type="AnyFunctionType"/></method><method fulltype="net.sf.saxon.expr.Expression" id="makeFunctionSequenceCoercer" type="Expression" visibility="public"><override-of fulltype="net.sf.saxon.type.AnyFunctionType" method="makeFunctionSequenceCoercer(net.sf.saxon.expr.Expression, net.sf.saxon.expr.parser.RoleDiagnostic)" type="AnyFunctionType"/><params><param fulltype="net.sf.saxon.expr.Expression" name="exp" type="Expression"/><param fulltype="net.sf.saxon.expr.parser.RoleDiagnostic" name="role" type="RoleDiagnostic"/></params><exceptions><exception fulltype="net.sf.saxon.trans.XPathException" id="XPathException"/></exceptions></method><method fulltype="boolean" id="matches" type="boolean" visibility="public"><comment><sentence>Test whether a given item conforms to this type</sentence><return><body><div>true if the item is an instance of this type; false otherwise</div></body></return></comment><override-of fulltype="net.sf.saxon.type.AnyFunctionType" method="matches(net.sf.saxon.om.Item, net.sf.saxon.type.TypeHierarchy)" type="AnyFunctionType"/><params><param fulltype="net.sf.saxon.om.Item" name="item" type="Item"><body><div>The item to be tested</div></body></param><param fulltype="net.sf.saxon.type.TypeHierarchy" name="th" type="TypeHierarchy"><body><div>The type hierarchy cache</div></body></param></params></method><method fulltype="net.sf.saxon.type.Affinity" id="relationship" type="Affinity" visibility="public"><comment><sentence>Determine the relationship of one function item type to another</sentence><return><body><div>for example <tag kind="see">net.sf.saxon.type.Affinity#SUBSUMES</tag>, <tag kind="see">net.sf.saxon.type.Affinity#SAME_TYPE</tag></div></body></return></comment><override-of fulltype="net.sf.saxon.type.AnyFunctionType" method="relationship(net.sf.saxon.type.FunctionItemType, net.sf.saxon.type.TypeHierarchy)" type="AnyFunctionType"/><params><param fulltype="net.sf.saxon.type.FunctionItemType" name="other" type="FunctionItemType"/><param fulltype="net.sf.saxon.type.TypeHierarchy" name="th" type="TypeHierarchy"/></params></method><method fulltype="java.lang.String" id="toExportString" type="String" visibility="public"><comment><body><div>Return a string representation of this ItemType suitable for use in stylesheet
 export files. This differs from the result of toString() in that it will not contain
 any references to anonymous types. Note that it may also use the Saxon extended syntax
 for union types and tuple types. The default implementation returns the result of
 calling <tag kind="code">toString()</tag>.</div></body><sentence>Return a string representation of this ItemType suitable for use in stylesheet
 export files.</sentence><return><body><div>the string representation as an instance of the XPath SequenceType construct</div></body></return></comment></method><method fulltype="java.lang.String" id="toString" type="String" visibility="public"><comment><sentence>Produce a representation of this type name for use in error messages.</sentence><return><body><div>a string representation of the type, in notation resembling but not necessarily
         identical to XPath syntax</div></body></return></comment><override-of fulltype="net.sf.saxon.type.AnyFunctionType" method="toString()" type="AnyFunctionType"/></method></methods></class><class id="ArraySort" fulltype="net.sf.saxon.ma.arrays.ArraySort" superclass="SystemFunction" superclassfulltype="net.sf.saxon.functions.SystemFunction" visibility="public"><extends><interface fulltype="net.sf.saxon.functions.SystemFunction" type="SystemFunction"><extends><inherits><interface fulltype="net.sf.saxon.om.Function" type="Function"/></inherits><interface fulltype="net.sf.saxon.functions.AbstractFunction" type="AbstractFunction"/></extends></interface></extends><comment><sentence>Implementation of the extension function array:sort(array, function) =&gt; array</sentence></comment><fields/><methods><constructor id="ArraySort" visibility="public"/><method fulltype="net.sf.saxon.ma.arrays.ArrayItem" id="call" type="ArrayItem" visibility="public"><comment><body><div>Create a call on this function. This method is called by the compiler when it identifies
 a function call that calls this function.</div></body><sentence>Create a call on this function.</sentence><return><body><div>an expression representing a call of this extension function</div></body></return></comment><params><param fulltype="net.sf.saxon.expr.XPathContext" name="context" type="XPathContext"/><param fulltype="net.sf.saxon.om.Sequence[]" name="arguments" type="Sequence[]"/></params><exceptions><exception fulltype="net.sf.saxon.trans.XPathException" id="XPathException"/></exceptions></method><method fulltype="int" id="compareSortKeys" static="true" type="int" visibility="public"><params><param fulltype="net.sf.saxon.om.GroundedValue" name="a" type="GroundedValue"/><param fulltype="net.sf.saxon.om.GroundedValue" name="b" type="GroundedValue"/><param fulltype="net.sf.saxon.expr.sort.AtomicComparer" name="comparer" type="AtomicComparer"/></params></method></methods></class><class id="ImmutableArrayItem" fulltype="net.sf.saxon.ma.arrays.ImmutableArrayItem" superclass="AbstractArrayItem" superclassfulltype="net.sf.saxon.ma.arrays.AbstractArrayItem" visibility="public"><extends><interface fulltype="net.sf.saxon.ma.arrays.AbstractArrayItem" type="AbstractArrayItem"><extends><inherits><interface fulltype="net.sf.saxon.om.Function" type="Function"/></inherits><interface fulltype="net.sf.saxon.ma.arrays.ArrayItem" type="ArrayItem"/></extends></interface></extends><comment><sentence>Implementation of ArrayItem backed by a persistent immutable array, so that operations
 that "update" the array do not have to copy the whole array</sentence></comment><fields/><methods><constructor id="ImmutableArrayItem" visibility="public"><params><param fulltype="net.sf.saxon.ma.arrays.SimpleArrayItem" name="other" type="SimpleArrayItem"/></params></constructor><method fulltype="int" id="arrayLength" type="int" visibility="public"><comment><body><div>Get the number of members in the array
 <p>Note: the <tag kind="see">#getLength() method always returns 1, because an array is an item</tag></p></div></body><sentence>Get the number of members in the array</sentence><return><body><div>the number of members in this array.</div></body></return></comment><override-of fulltype="net.sf.saxon.ma.arrays.ArrayItem" method="arrayLength()" type="ArrayItem"/></method><method fulltype="net.sf.saxon.ma.arrays.ArrayItem" id="concat" type="ArrayItem" visibility="public"><comment><sentence>Concatenate this array with another</sentence><return><body><div>the concatenation of the two arrays; that is, an array
 containing first the members of this array, and then the members of the other array</div></body></return></comment><override-of fulltype="net.sf.saxon.ma.arrays.ArrayItem" method="concat(net.sf.saxon.ma.arrays.ArrayItem)" type="ArrayItem"/><params><param fulltype="net.sf.saxon.ma.arrays.ArrayItem" name="other" type="ArrayItem"><body><div>the second array</div></body></param></params></method><method fulltype="net.sf.saxon.om.GroundedValue" id="get" type="GroundedValue" visibility="public"><comment><sentence>Get a member of the array</sentence><return><body><div>the value at the given position.</div></body></return></comment><override-of fulltype="net.sf.saxon.ma.arrays.ArrayItem" method="get(int)" type="ArrayItem"/><params><param fulltype="int" name="index" type="int"><body><div>the position of the member to retrieve (zero-based)</div></body></param></params></method><method fulltype="net.sf.saxon.ma.arrays.ArrayItem" id="insert" type="ArrayItem" visibility="public"><comment><sentence>Insert a new member into an array</sentence><return><body><div>a new array item with the new member inserted</div></body></return></comment><override-of fulltype="net.sf.saxon.ma.arrays.ArrayItem" method="insert(int, net.sf.saxon.om.GroundedValue)" type="ArrayItem"/><params><param fulltype="int" name="position" type="int"><body><div>the 0-based position that the new item will assume</div></body></param><param fulltype="net.sf.saxon.om.GroundedValue" name="member" type="GroundedValue"><body><div>the new member to be inserted</div></body></param></params></method><method fulltype="boolean" id="isEmpty" type="boolean" visibility="public"><comment><sentence>Ask whether the array is empty</sentence><return><body><div>true if and only if the size of the array is zero</div></body></return></comment><override-of fulltype="net.sf.saxon.ma.arrays.ArrayItem" method="isEmpty()" type="ArrayItem"/></method><method fulltype="java.lang.Iterable" id="members" type="Iterable" visibility="public"><type fulltype="net.sf.saxon.om.GroundedValue" type="GroundedValue"/><comment><sentence>Get the list of all members of the array</sentence><return><body><div>an iterator over the members of the array</div></body></return></comment><override-of fulltype="net.sf.saxon.ma.arrays.ArrayItem" method="members()" type="ArrayItem"/></method><method fulltype="net.sf.saxon.ma.arrays.ArrayItem" id="put" type="ArrayItem" visibility="public"><comment><sentence>Replace a member of the array</sentence><return><body><div>the value at the given position.</div></body></return></comment><override-of fulltype="net.sf.saxon.ma.arrays.ArrayItem" method="put(int, net.sf.saxon.om.GroundedValue)" type="ArrayItem"/><params><param fulltype="int" name="index" type="int"><body><div>the position of the member to replace (zero-based)</div></body></param><param fulltype="net.sf.saxon.om.GroundedValue" name="newValue" type="GroundedValue"><body><div>the replacement value</div></body></param></params></method><method fulltype="net.sf.saxon.ma.arrays.ArrayItem" id="remove" type="ArrayItem" visibility="public"><comment><sentence>Remove a member from the array</sentence><return><body><div>a new array in which the requested member has been removed.</div></body></return></comment><override-of fulltype="net.sf.saxon.ma.arrays.ArrayItem" method="remove(int)" type="ArrayItem"/><params><param fulltype="int" name="index" type="int"><body><div>the position of the member to be removed (zero-based)</div></body></param></params></method><method fulltype="net.sf.saxon.ma.arrays.ArrayItem" id="removeSeveral" type="ArrayItem" visibility="public"><comment><sentence>Remove zero or more members from the array</sentence><return><body><div>a new array in which the requested member has been removed</div></body></return></comment><override-of fulltype="net.sf.saxon.ma.arrays.ArrayItem" method="removeSeveral(net.sf.saxon.z.IntSet)" type="ArrayItem"/><params><param fulltype="net.sf.saxon.z.IntSet" name="positions" type="IntSet"><body><div>the positions of the members to be removed (zero-based).
                  A value that is out of range is ignored.</div></body></param></params></method><method fulltype="net.sf.saxon.ma.arrays.ArrayItem" id="subArray" type="ArrayItem" visibility="public"><comment><sentence>Get a subarray given a start and end position</sentence></comment><override-of fulltype="net.sf.saxon.ma.arrays.ArrayItem" method="subArray(int, int)" type="ArrayItem"/><params><param fulltype="int" name="start" type="int"><body><div>the start position (zero based)</div></body></param><param fulltype="int" name="end" type="int"><body><div>the end position (the position of the first item not to be returned)
              (zero based)</div></body></param></params></method></methods></class><class id="SimpleArrayItem" fulltype="net.sf.saxon.ma.arrays.SimpleArrayItem" superclass="AbstractArrayItem" superclassfulltype="net.sf.saxon.ma.arrays.AbstractArrayItem" visibility="public"><extends><interface fulltype="net.sf.saxon.ma.arrays.AbstractArrayItem" type="AbstractArrayItem"><extends><inherits><interface fulltype="net.sf.saxon.om.Function" type="Function"/></inherits><interface fulltype="net.sf.saxon.ma.arrays.ArrayItem" type="ArrayItem"/></extends></interface></extends><comment><sentence>A simple implementation of XDM array items, in which the array is backed by a Java List.</sentence></comment><fields><field final="true" fulltype="net.sf.saxon.ma.arrays.SimpleArrayItem" id="EMPTY_ARRAY" static="true" type="SimpleArrayItem" visibility="public"><comment><sentence>Static constant value representing an empty array</sentence></comment></field></fields><methods><constructor id="SimpleArrayItem" visibility="public"><comment><sentence>Construct an array whose members are arbitrary sequences</sentence></comment><params><param fulltype="java.util.List" name="members" type="List"><type fulltype="net.sf.saxon.om.GroundedValue" type="GroundedValue"/><body><div>the list of values (in general, each value is a sequence) to form the members of the array.
                The values must be repeatable sequences (not LazySequences); this is not checked.</div></body></param></params></constructor><method fulltype="int" id="arrayLength" type="int" visibility="public"><comment><sentence>Get the size of the array</sentence><return><body><div>the number of members in this array</div></body></return></comment><override-of fulltype="net.sf.saxon.ma.arrays.ArrayItem" method="arrayLength()" type="ArrayItem"/></method><method fulltype="net.sf.saxon.ma.arrays.ArrayItem" id="concat" type="ArrayItem" visibility="public"><comment><sentence>Concatenate this array with another</sentence><return><body><div>the concatenation of the two arrays; that is, an array
         containing first the members of this array, and then the members of the other array</div></body></return></comment><override-of fulltype="net.sf.saxon.ma.arrays.ArrayItem" method="concat(net.sf.saxon.ma.arrays.ArrayItem)" type="ArrayItem"/><params><param fulltype="net.sf.saxon.ma.arrays.ArrayItem" name="other" type="ArrayItem"><body><div>the second array</div></body></param></params></method><method fulltype="net.sf.saxon.om.GroundedValue" id="get" type="GroundedValue" visibility="public"><comment><sentence>Get a member of the array</sentence><return><body><div>the value at the given position.</div></body></return></comment><override-of fulltype="net.sf.saxon.ma.arrays.ArrayItem" method="get(int)" type="ArrayItem"/><params><param fulltype="int" name="index" type="int"><body><div>the position of the member to retrieve (zero-based)</div></body></param></params></method><method fulltype="net.sf.saxon.query.AnnotationList" id="getAnnotations" type="AnnotationList" visibility="public"><comment><body><div>Get the function annotations (as defined in XQuery). Returns an empty
 list if there are no function annotations.</div></body><sentence>Get the function annotations (as defined in XQuery).</sentence><return><body><div>the function annotations</div></body></return></comment><override-of fulltype="net.sf.saxon.ma.arrays.AbstractArrayItem" method="getAnnotations()" type="AbstractArrayItem"/></method><method fulltype="java.util.List" id="getMembers" type="List" visibility="public"><type fulltype="net.sf.saxon.om.GroundedValue" type="GroundedValue"/><comment><sentence>Get a list of the members of the array</sentence><return><body><div>the list of members. Note that this returns the actual contained member array, and this is
 mutable. Changes to this array are permitted only if the caller knows what they are doing, for example
 during initial construction of an array that will not be presented to the user until construction
 has finished.</div></body></return></comment></method><method fulltype="net.sf.saxon.expr.OperandRole[]" id="getOperandRoles" type="OperandRole[]" visibility="public"><comment><sentence>Get the roles of the arguments, for the purposes of streaming</sentence><return><body><div>an array of OperandRole objects, one for each argument</div></body></return></comment><override-of fulltype="net.sf.saxon.ma.arrays.AbstractArrayItem" method="getOperandRoles()" type="AbstractArrayItem"/></method><method fulltype="net.sf.saxon.ma.arrays.ArrayItem" id="insert" type="ArrayItem" visibility="public"><comment><sentence>Insert a new member into an array</sentence><return><body><div>a new array item with the new member inserted</div></body></return></comment><override-of fulltype="net.sf.saxon.ma.arrays.ArrayItem" method="insert(int, net.sf.saxon.om.GroundedValue)" type="ArrayItem"/><params><param fulltype="int" name="position" type="int"><body><div>the 0-based position that the new item will assume</div></body></param><param fulltype="net.sf.saxon.om.GroundedValue" name="member" type="GroundedValue"><body><div>the new member to be inserted</div></body></param></params></method><method fulltype="boolean" id="isEmpty" type="boolean" visibility="public"><comment><sentence>Ask whether the array is empty</sentence><return><body><div>true if and only if the size of the array is zero</div></body></return></comment><override-of fulltype="net.sf.saxon.ma.arrays.ArrayItem" method="isEmpty()" type="ArrayItem"/></method><method fulltype="void" id="makeGrounded" type="void" visibility="public"><comment><body><div>Ensure that all the members are grounded. The idea is that a member may
 initially be a reference to a lazily-evaluated sequence, but once computed, the
 reference will be replaced with the actual value</div></body><sentence>Ensure that all the members are grounded.</sentence></comment><exceptions><exception fulltype="net.sf.saxon.trans.XPathException" id="XPathException"><sentence>XPathException if an error is detected</sentence></exception></exceptions></method><method fulltype="net.sf.saxon.ma.arrays.SimpleArrayItem" id="makeSimpleArrayItem" static="true" type="SimpleArrayItem" visibility="public"><comment><sentence>Construct an array whose members are single items</sentence><return><body><div>an array in which each member is a single item, taken from the input sequence</div></body></return></comment><params><param fulltype="net.sf.saxon.om.SequenceIterator" name="input" type="SequenceIterator"><body><div>an iterator over the items to make up the array</div></body></param></params><exceptions><exception fulltype="net.sf.saxon.trans.XPathException" id="XPathException"><sentence>XPathException if evaluating the SequenceIterator fails</sentence></exception></exceptions></method><method fulltype="java.lang.Iterable" id="members" type="Iterable" visibility="public"><type fulltype="net.sf.saxon.om.GroundedValue" type="GroundedValue"/><comment><sentence>Get the list of all members of the array</sentence><return><body><div>an iterator over the members of the array</div></body></return></comment><override-of fulltype="net.sf.saxon.ma.arrays.ArrayItem" method="members()" type="ArrayItem"/></method><method fulltype="net.sf.saxon.ma.arrays.ArrayItem" id="put" type="ArrayItem" visibility="public"><comment><sentence>Replace a member of the array</sentence><return><body><div>the value at the given position.</div></body></return></comment><override-of fulltype="net.sf.saxon.ma.arrays.ArrayItem" method="put(int, net.sf.saxon.om.GroundedValue)" type="ArrayItem"/><params><param fulltype="int" name="index" type="int"><body><div>the position of the member to replace (zero-based)</div></body></param><param fulltype="net.sf.saxon.om.GroundedValue" name="newValue" type="GroundedValue"><body><div>the replacement value</div></body></param></params></method><method fulltype="net.sf.saxon.ma.arrays.ArrayItem" id="remove" type="ArrayItem" visibility="public"><comment><sentence>Remove a member from the array</sentence><return><body><div>a new array in which the requested member has been removed</div></body></return></comment><override-of fulltype="net.sf.saxon.ma.arrays.ArrayItem" method="remove(int)" type="ArrayItem"/><params><param fulltype="int" name="pos" type="int"><body><div>the position of the member to be removed (zero-based). A value
            that is out of range results in an IndexOutOfBoundsException</div></body></param></params></method><method fulltype="net.sf.saxon.ma.arrays.ArrayItem" id="removeSeveral" type="ArrayItem" visibility="public"><comment><sentence>Remove zero or more members from the array</sentence><return><body><div>a new array in which the requested member has been removed</div></body></return></comment><override-of fulltype="net.sf.saxon.ma.arrays.ArrayItem" method="removeSeveral(net.sf.saxon.z.IntSet)" type="ArrayItem"/><params><param fulltype="net.sf.saxon.z.IntSet" name="positions" type="IntSet"><body><div>the positions of the members to be removed (zero-based).
                  A value that is out of range is ignored.</div></body></param></params></method><method fulltype="net.sf.saxon.ma.arrays.ArrayItem" id="subArray" type="ArrayItem" visibility="public"><comment><sentence>Get a subarray given a start and end position</sentence></comment><override-of fulltype="net.sf.saxon.ma.arrays.ArrayItem" method="subArray(int, int)" type="ArrayItem"/><params><param fulltype="int" name="start" type="int"><body><div>the start position (zero based)</div></body></param><param fulltype="int" name="end" type="int"><body><div>the end position (the position of the first item not to be returned)
              (zero based)</div></body></param></params></method><method fulltype="java.lang.String" id="toShortString" type="String" visibility="public"><comment><sentence>Provide a short string showing the contents of the item, suitable
 for use in error messages</sentence><return><body><div>a depiction of the item suitable for use in error messages</div></body></return></comment><override-of fulltype="net.sf.saxon.ma.arrays.ArrayItem" method="toShortString()" type="ArrayItem"/></method></methods></class><class id="SquareArrayConstructor" fulltype="net.sf.saxon.ma.arrays.SquareArrayConstructor" superclass="Expression" superclassfulltype="net.sf.saxon.expr.Expression" visibility="public"><extends><inherits><interface fulltype="net.sf.saxon.om.IdentityComparable" type="IdentityComparable"/><interface fulltype="net.sf.saxon.expr.ExportAgent" type="ExportAgent"/><interface fulltype="net.sf.saxon.expr.Locatable" type="Locatable"/><interface fulltype="net.sf.saxon.trace.Traceable" type="Traceable"/></inherits><interface fulltype="net.sf.saxon.expr.Expression" type="Expression"/></extends><comment><sentence>An expression that delivers a fixed size array whose members are the result of evaluating
 corresponding expressions: [a,b,c,d]</sentence></comment><fields/><methods><constructor id="SquareArrayConstructor" visibility="public"><comment><sentence>Create an array constructor with defined members</sentence></comment><params><param fulltype="java.util.List" name="children" type="List"><type fulltype="net.sf.saxon.expr.Expression" type="Expression"/><body><div>expressions defining the members (comma-separated subexpressions)</div></body></param></params></constructor><method final="true" fulltype="int" id="computeCardinality" type="int" visibility="protected"><comment><sentence>Determine the cardinality of the expression</sentence></comment><override-of fulltype="net.sf.saxon.expr.Expression" method="computeCardinality()" type="Expression"/></method><method fulltype="int" id="computeHashCode" type="int" visibility="protected"><comment><sentence>Hashcode supporting equals()</sentence></comment><override-of fulltype="net.sf.saxon.expr.Expression" method="computeHashCode()" type="Expression"/></method><method fulltype="int" id="computeSpecialProperties" type="int" visibility="protected"><override-of fulltype="net.sf.saxon.expr.Expression" method="computeSpecialProperties()" type="Expression"/></method><method fulltype="net.sf.saxon.expr.Expression" id="copy" type="Expression" visibility="public"><comment><body><div>Copy an expression. This makes a deep copy.</div></body><sentence>Copy an expression.</sentence><return><body><div>the copy of the original expression</div></body></return></comment><override-of fulltype="net.sf.saxon.expr.Expression" method="copy(net.sf.saxon.expr.parser.RebindingMap)" type="Expression"/><params><param fulltype="net.sf.saxon.expr.parser.RebindingMap" name="rebindings" type="RebindingMap"><body><div>variables that need to be re-bound</div></body></param></params></method><method fulltype="boolean" id="equals" type="boolean" visibility="public"><comment><sentence>Is this expression the same as another expression?</sentence><return><body><div>true if the two expressions are statically equivalent</div></body></return></comment><override-of fulltype="net.sf.saxon.expr.Expression" method="equals(java.lang.Object)" type="Expression"/><params><param fulltype="java.lang.Object" name="other" type="Object"><body><div>the expression to be compared with this one</div></body></param></params></method><method fulltype="net.sf.saxon.om.Item" id="evaluateItem" type="Item" visibility="public"><comment><body><div>Evaluate an expression as a single item. This always returns either a single Item or
 null (denoting the empty sequence). No conversion is done. This method should not be
 used unless the static type of the expression is a subtype of "item" or "item?": that is,
 it should not be called if the expression may return a sequence. There is no guarantee that
 this condition will be detected.</div></body><sentence>Evaluate an expression as a single item.</sentence><return><body><div>the node or atomic value that results from evaluating the
 expression; or null to indicate that the result is an empty
 sequence</div></body></return></comment><override-of fulltype="net.sf.saxon.expr.Expression" method="evaluateItem(net.sf.saxon.expr.XPathContext)" type="Expression"/><params><param fulltype="net.sf.saxon.expr.XPathContext" name="context" type="XPathContext"><body><div>The context in which the expression is to be evaluated</div></body></param></params><exceptions><exception fulltype="net.sf.saxon.trans.XPathException" id="XPathException"><sentence>net.sf.saxon.trans.XPathException if any dynamic error occurs evaluating the
                                           expression</sentence></exception></exceptions></method><method fulltype="void" id="export" type="void" visibility="public"><comment><body><div>Diagnostic print of expression structure. The abstract expression tree
 is written to the supplied output destination.</div></body><sentence>Diagnostic print of expression structure.</sentence></comment><override-of fulltype="net.sf.saxon.expr.Expression" method="export(net.sf.saxon.trace.ExpressionPresenter)" type="Expression"/><params><param fulltype="net.sf.saxon.trace.ExpressionPresenter" name="out" type="ExpressionPresenter"/></params><exceptions><exception fulltype="net.sf.saxon.trans.XPathException" id="XPathException"/></exceptions></method><method fulltype="java.lang.String" id="getExpressionName" type="String" visibility="public"><override-of fulltype="net.sf.saxon.expr.Expression" method="getExpressionName()" type="Expression"/></method><method fulltype="int" id="getImplementationMethod" type="int" visibility="public"><comment><body><div>An implementation of Expression must provide at least one of the methods evaluateItem(), iterate(), or process().
 This method indicates which of these methods is provided. This implementation provides both iterate() and
 process() methods natively.</div></body><sentence>An implementation of Expression must provide at least one of the methods evaluateItem(), iterate(), or process().</sentence></comment><override-of fulltype="net.sf.saxon.expr.Expression" method="getImplementationMethod()" type="Expression"/></method><method final="true" fulltype="net.sf.saxon.type.ItemType" id="getItemType" type="ItemType" visibility="public"><comment><sentence>Determine the data type of the items returned by this expression</sentence><return><body><div>the data type</div></body></return></comment><override-of fulltype="net.sf.saxon.expr.Expression" method="getItemType()" type="Expression"/></method><method fulltype="net.sf.saxon.expr.Operand" id="getOperand" type="Operand" visibility="public"><params><param fulltype="int" name="i" type="int"/></params></method><method fulltype="net.sf.saxon.expr.oper.OperandArray" id="getOperanda" type="OperandArray" visibility="public"><comment><sentence>Get the data structure holding the operands of this expression.</sentence><return><body><div>the data structure holding expression operands</div></body></return></comment></method><method fulltype="net.sf.saxon.type.UType" id="getStaticUType" type="UType" visibility="public"><comment><sentence>Get the static type of the expression as a UType, following precisely the type
 inference rules defined in the XSLT 3.0 specification.</sentence><return><body><div>the static item type of the expression according to the XSLT 3.0 defined rules</div></body></return></comment><override-of fulltype="net.sf.saxon.expr.Expression" method="getStaticUType(net.sf.saxon.type.UType)" type="Expression"/><params><param fulltype="net.sf.saxon.type.UType" name="contextItemType" type="UType"><body><div>the static type of the context item</div></body></param></params></method><method fulltype="java.lang.String" id="getStreamerName" type="String" visibility="public"><override-of fulltype="net.sf.saxon.expr.Expression" method="getStreamerName()" type="Expression"/></method><method fulltype="java.lang.Iterable" id="operands" type="Iterable" visibility="public"><type fulltype="net.sf.saxon.expr.Operand" type="Operand"/><override-of fulltype="net.sf.saxon.expr.Expression" method="operands()" type="Expression"/></method><method fulltype="net.sf.saxon.expr.Expression" id="optimize" type="Expression" visibility="public"><override-of fulltype="net.sf.saxon.expr.Expression" method="optimize(net.sf.saxon.expr.parser.ExpressionVisitor, net.sf.saxon.expr.parser.ContextItemStaticInfo)" type="Expression"/><params><param fulltype="net.sf.saxon.expr.parser.ExpressionVisitor" name="visitor" type="ExpressionVisitor"/><param fulltype="net.sf.saxon.expr.parser.ContextItemStaticInfo" name="contextInfo" type="ContextItemStaticInfo"/></params><exceptions><exception fulltype="net.sf.saxon.trans.XPathException" id="XPathException"/></exceptions></method><method fulltype="void" id="setOperanda" type="void" visibility="protected"><comment><body><div>Set the data structure for the operands of this expression. This must be created during initialisation of the
 expression and must not be subsequently changed</div></body><sentence>Set the data structure for the operands of this expression.</sentence></comment><params><param fulltype="net.sf.saxon.expr.oper.OperandArray" name="operanda" type="OperandArray"><body><div>the data structure for expression operands</div></body></param></params></method><method fulltype="java.lang.String" id="toShortString" type="String" visibility="public"><override-of fulltype="net.sf.saxon.expr.Expression" method="toShortString()" type="Expression"/></method><method fulltype="net.sf.saxon.expr.Expression" id="typeCheck" type="Expression" visibility="public"><override-of fulltype="net.sf.saxon.expr.Expression" method="typeCheck(net.sf.saxon.expr.parser.ExpressionVisitor, net.sf.saxon.expr.parser.ContextItemStaticInfo)" type="Expression"/><params><param fulltype="net.sf.saxon.expr.parser.ExpressionVisitor" name="visitor" type="ExpressionVisitor"/><param fulltype="net.sf.saxon.expr.parser.ContextItemStaticInfo" name="contextInfo" type="ContextItemStaticInfo"/></params><exceptions><exception fulltype="net.sf.saxon.trans.XPathException" id="XPathException"/></exceptions></method></methods></class></package>