<?xml version="1.0" encoding="UTF-8"?><package id="net.sf.saxon.trans.rules"><class id="BuiltInRules" final="true" fulltype="net.sf.saxon.trans.rules.BuiltInRules" serializable="true" superclass="Enum" superclassfulltype="java.lang.Enum" visibility="public"><extends><inherits><interface fulltype="java.lang.Comparable" type="Comparable"><type fulltype="T" type="T"/><paramtypes><type name="BuiltInRules"/></paramtypes></interface><interface fulltype="java.io.Serializable" type="Serializable"/></inherits><interface fulltype="java.lang.Enum" type="Enum"><type extendby="E" fulltype="java.lang.Enum" type="Enum"><type fulltype="E" type="E"/></type><paramtypes><type name="BuiltInRules"/></paramtypes></interface></extends><comment><sentence>Enumeration representing the permitted values of xsl:mode/@on-no-match, decomposed into more
 primitive actions</sentence></comment><fields/><methods><method fulltype="net.sf.saxon.trans.rules.BuiltInRules" id="valueOf" static="true" type="BuiltInRules" visibility="public"><params><param fulltype="java.lang.String" name="name" type="String"/></params></method><method fulltype="net.sf.saxon.trans.rules.BuiltInRules[]" id="values" static="true" type="BuiltInRules[]" visibility="public"/></methods><enumConstants><enumConstant final="true" fulltype="net.sf.saxon.trans.rules.BuiltInRules" id="APPLY_TEMPLATES_TO_ATTRIBUTES" static="true" type="BuiltInRules" visibility="public"/><enumConstant final="true" fulltype="net.sf.saxon.trans.rules.BuiltInRules" id="APPLY_TEMPLATES_TO_CHILDREN" static="true" type="BuiltInRules" visibility="public"/><enumConstant final="true" fulltype="net.sf.saxon.trans.rules.BuiltInRules" id="DEEP_COPY" static="true" type="BuiltInRules" visibility="public"/><enumConstant final="true" fulltype="net.sf.saxon.trans.rules.BuiltInRules" id="DEEP_SKIP" static="true" type="BuiltInRules" visibility="public"/><enumConstant final="true" fulltype="net.sf.saxon.trans.rules.BuiltInRules" id="FAIL" static="true" type="BuiltInRules" visibility="public"/><enumConstant final="true" fulltype="net.sf.saxon.trans.rules.BuiltInRules" id="SHALLOW_COPY" static="true" type="BuiltInRules" visibility="public"/></enumConstants></class><class id="BuiltInRuleSet" abstract="true" fulltype="net.sf.saxon.trans.rules.BuiltInRuleSet" interface="true" visibility="public"><implements><interface fulltype="net.sf.saxon.expr.ContextOriginator" type="ContextOriginator"/></implements><comment><sentence>Defines a set of built-in template rules (rules for use when no user-defined template
 rules match a given node)</sentence></comment><fields/><methods><method abstract="true" fulltype="net.sf.saxon.trans.rules.BuiltInRules[]" id="getActionForParentNodes" type="BuiltInRules[]" visibility="public"><comment><sentence>Get the action for unmatched element and document nodes (used when streaming)</sentence><return><body><div>the sequence of actions to be taken</div></body></return></comment><params><param fulltype="int" name="nodeKind" type="int"><body><div>the node kind: either Type.DOCUMENT or Type.ELEMENT</div></body></param></params></method><method abstract="true" fulltype="java.lang.String" id="getName" type="String" visibility="public"><comment><sentence>Identify this built-in rule set</sentence><return><body><div>the XSLT keyword used to identify this rule-set, for example "deep-copy"</div></body></return></comment></method><method abstract="true" fulltype="void" id="process" type="void" visibility="public"><comment><sentence>Perform the built-in template action for a given item.</sentence></comment><params><param fulltype="net.sf.saxon.om.Item" name="item" type="Item"><body><div>the item to be processed</div></body></param><param fulltype="net.sf.saxon.expr.instruct.ParameterSet" name="parameters" type="ParameterSet"><body><div>the parameters supplied to apply-templates</div></body></param><param fulltype="net.sf.saxon.expr.instruct.ParameterSet" name="tunnelParams" type="ParameterSet"><body><div>the tunnel parameters to be passed through</div></body></param><param fulltype="net.sf.saxon.event.Outputter" name="output" type="Outputter"><body><div>the destination for the result</div></body></param><param fulltype="net.sf.saxon.expr.XPathContext" name="context" type="XPathContext"><body><div>the dynamic evaluation context</div></body></param><param fulltype="net.sf.saxon.s9api.Location" name="locationId" type="Location"><body><div>location of the instruction (apply-templates, apply-imports etc) that caused
                     the built-in template to be invoked</div></body></param></params><exceptions><exception fulltype="net.sf.saxon.trans.XPathException" id="XPathException"><sentence>XPathException if any dynamic error occurs</sentence></exception></exceptions></method></methods><implemented-by><class fulltype="net.sf.saxon.trans.rules.DeepCopyRuleSet" type="DeepCopyRuleSet"/><class fulltype="net.sf.saxon.trans.rules.DeepSkipRuleSet" type="DeepSkipRuleSet"/><class fulltype="net.sf.saxon.trans.rules.FailRuleSet" type="FailRuleSet"/><class fulltype="net.sf.saxon.trans.rules.RuleSetWithWarnings" type="RuleSetWithWarnings"/><class fulltype="net.sf.saxon.trans.rules.ShallowCopyRuleSet" type="ShallowCopyRuleSet"/><class fulltype="net.sf.saxon.trans.rules.ShallowSkipRuleSet" type="ShallowSkipRuleSet"/><class fulltype="net.sf.saxon.trans.rules.TextOnlyCopyRuleSet" type="TextOnlyCopyRuleSet"/></implemented-by></class><class id="DeepCopyRuleSet" fulltype="net.sf.saxon.trans.rules.DeepCopyRuleSet" superclass="Object" superclassfulltype="java.lang.Object" visibility="public"><implements><interface fulltype="net.sf.saxon.trans.rules.BuiltInRuleSet" type="BuiltInRuleSet"/></implements><comment><sentence>The built-in rule set introduced in XSLT 3.0, which performs a deep copy of any unmatched node.</sentence></comment><fields/><methods><method fulltype="net.sf.saxon.trans.rules.BuiltInRules[]" id="getActionForParentNodes" type="BuiltInRules[]" visibility="public"><comment><sentence>Get the default action for unmatched nodes</sentence><return><body><div>the default action for unmatched element nodes: one of DEEP_COPY, APPLY_TEMPLATES, SKIP, FAIL</div></body></return></comment><params><param fulltype="int" name="nodeKind" type="int"><body><div>the node kind</div></body></param></params></method><method fulltype="net.sf.saxon.trans.rules.DeepCopyRuleSet" id="getInstance" static="true" type="DeepCopyRuleSet" visibility="public"><comment><sentence>Get the singleton instance of this class</sentence><return><body><div>the singleton instance</div></body></return></comment></method><method fulltype="java.lang.String" id="getName" type="String" visibility="public"><comment><sentence>Identify this built-in rule set</sentence><return><body><div>"deep-copy"</div></body></return></comment></method><method fulltype="void" id="process" type="void" visibility="public"><comment><sentence>Perform the built-in template action for a given node.</sentence></comment><params><param fulltype="net.sf.saxon.om.Item" name="item" type="Item"><body><div>the item to be processed using the built-in action</div></body></param><param fulltype="net.sf.saxon.expr.instruct.ParameterSet" name="parameters" type="ParameterSet"><body><div>the parameters supplied to apply-templates</div></body></param><param fulltype="net.sf.saxon.expr.instruct.ParameterSet" name="tunnelParams" type="ParameterSet"><body><div>the tunnel parameters to be passed through</div></body></param><param fulltype="net.sf.saxon.event.Outputter" name="out" type="Outputter"><body><div>the destination for output</div></body></param><param fulltype="net.sf.saxon.expr.XPathContext" name="context" type="XPathContext"><body><div>the dynamic evaluation context</div></body></param><param fulltype="net.sf.saxon.s9api.Location" name="locationId" type="Location"><body><div>location of the instruction (apply-templates, apply-imports etc) that caused</div></body></param></params><exceptions><exception fulltype="net.sf.saxon.trans.XPathException" id="XPathException"/></exceptions></method></methods></class><class id="DeepSkipRuleSet" fulltype="net.sf.saxon.trans.rules.DeepSkipRuleSet" superclass="Object" superclassfulltype="java.lang.Object" visibility="public"><implements><interface fulltype="net.sf.saxon.trans.rules.BuiltInRuleSet" type="BuiltInRuleSet"/></implements><comment><sentence>The rule set introduced in XSLT 3.0, which (for any kind of node) simply ignores the node
 and its descendants.</sentence></comment><fields/><methods><method fulltype="net.sf.saxon.trans.rules.BuiltInRules[]" id="getActionForParentNodes" type="BuiltInRules[]" visibility="public"><comment><sentence>Get the default action for unmatched nodes</sentence><return><body><div>the default action for unmatched element nodes: one of DEEP_COPY, APPLY_TEMPLATES, DEEP_SKIP, FAIL</div></body></return></comment><params><param fulltype="int" name="nodeKind" type="int"><body><div>the node kind</div></body></param></params></method><method fulltype="net.sf.saxon.trans.rules.DeepSkipRuleSet" id="getInstance" static="true" type="DeepSkipRuleSet" visibility="public"><comment><sentence>Get the singleton instance of this class</sentence><return><body><div>the singleton instance</div></body></return></comment></method><method fulltype="java.lang.String" id="getName" type="String" visibility="public"><comment><sentence>Identify this built-in rule set</sentence><return><body><div>"deep-skip"</div></body></return></comment></method><method fulltype="void" id="process" type="void" visibility="public"><comment><sentence>Perform the built-in template action for a given item.</sentence></comment><params><param fulltype="net.sf.saxon.om.Item" name="item" type="Item"><body><div>the item to be processed</div></body></param><param fulltype="net.sf.saxon.expr.instruct.ParameterSet" name="parameters" type="ParameterSet"><body><div>the parameters supplied to apply-templates</div></body></param><param fulltype="net.sf.saxon.expr.instruct.ParameterSet" name="tunnelParams" type="ParameterSet"><body><div>the tunnel parameters to be passed through</div></body></param><param fulltype="net.sf.saxon.event.Outputter" name="output" type="Outputter"><body><div>the destination for the result</div></body></param><param fulltype="net.sf.saxon.expr.XPathContext" name="context" type="XPathContext"><body><div>the dynamic evaluation context</div></body></param><param fulltype="net.sf.saxon.s9api.Location" name="locationId" type="Location"><body><div>location of the instruction (apply-templates, apply-imports etc) that caused</div></body></param></params><exceptions><exception fulltype="net.sf.saxon.trans.XPathException" id="XPathException"/></exceptions></method></methods></class><class id="FailRuleSet" fulltype="net.sf.saxon.trans.rules.FailRuleSet" superclass="Object" superclassfulltype="java.lang.Object" visibility="public"><implements><interface fulltype="net.sf.saxon.trans.rules.BuiltInRuleSet" type="BuiltInRuleSet"/></implements><comment><sentence>The built-in rule set introduced in XSLT 3.0, which raises an error when there is no user-supplied
 template rule that matches a node.</sentence></comment><fields/><methods><method fulltype="net.sf.saxon.trans.rules.BuiltInRules[]" id="getActionForParentNodes" type="BuiltInRules[]" visibility="public"><comment><sentence>Get the default action for unmatched nodes</sentence><return><body><div>the default action for unmatched element nodes: one of DEEP_COPY, APPLY_TEMPLATES, DEEP_SKIP, FAIL</div></body></return></comment><params><param fulltype="int" name="nodeKind" type="int"><body><div>the node kind</div></body></param></params></method><method fulltype="net.sf.saxon.trans.rules.FailRuleSet" id="getInstance" static="true" type="FailRuleSet" visibility="public"><comment><sentence>Get the singleton instance of this class</sentence><return><body><div>the singleton instance</div></body></return></comment></method><method fulltype="java.lang.String" id="getName" type="String" visibility="public"><comment><sentence>Identify this built-in rule set</sentence><return><body><div>"fail"</div></body></return></comment></method><method fulltype="void" id="process" type="void" visibility="public"><comment><sentence>Perform the built-in template action for a given item.</sentence></comment><params><param fulltype="net.sf.saxon.om.Item" name="item" type="Item"><body><div>the item to be processed</div></body></param><param fulltype="net.sf.saxon.expr.instruct.ParameterSet" name="parameters" type="ParameterSet"><body><div>the parameters supplied to apply-templates</div></body></param><param fulltype="net.sf.saxon.expr.instruct.ParameterSet" name="tunnelParams" type="ParameterSet"><body><div>the tunnel parameters to be passed through</div></body></param><param fulltype="net.sf.saxon.event.Outputter" name="output" type="Outputter"><body><div>the destination for the result</div></body></param><param fulltype="net.sf.saxon.expr.XPathContext" name="context" type="XPathContext"><body><div>the dynamic evaluation context</div></body></param><param fulltype="net.sf.saxon.s9api.Location" name="locationId" type="Location"><body><div>location of the instruction (apply-templates, apply-imports etc) that caused</div></body></param></params><exceptions><exception fulltype="net.sf.saxon.trans.XPathException" id="XPathException"/></exceptions></method></methods></class><class id="Rule" fulltype="net.sf.saxon.trans.rules.Rule" superclass="Object" superclassfulltype="java.lang.Object" visibility="public"><comment><sentence>Rule: a template rule, or a strip-space rule used to support the implementation</sentence></comment><fields><field fulltype="net.sf.saxon.trans.rules.RuleTarget" id="action" type="RuleTarget" visibility="protected"/><field fulltype="int" id="minImportPrecedence" type="int" visibility="protected"/><field fulltype="net.sf.saxon.trans.rules.Rule" id="next" type="Rule" visibility="protected"/><field fulltype="int" id="part" type="int" visibility="protected"/><field fulltype="net.sf.saxon.pattern.Pattern" id="pattern" type="Pattern" visibility="protected"/><field fulltype="int" id="precedence" type="int" visibility="protected"/><field fulltype="double" id="priority" type="double" visibility="protected"/><field fulltype="int" id="sequence" type="int" visibility="protected"/></fields><methods><constructor id="Rule" visibility="public"/><constructor id="Rule" visibility="public"><comment><sentence>Create a Rule.</sentence></comment><params><param fulltype="net.sf.saxon.pattern.Pattern" name="p" type="Pattern"><body><div>the pattern that this rule matches</div></body></param><param fulltype="net.sf.saxon.trans.rules.RuleTarget" name="o" type="RuleTarget"><body><div>the object invoked by this rule (usually a Template)</div></body></param><param fulltype="int" name="prec" type="int"><body><div>the precedence of the rule</div></body></param><param fulltype="int" name="min" type="int"><body><div>the minumum import precedence for xsl:apply-imports</div></body></param><param fulltype="double" name="prio" type="double"><body><div>the priority of the rule</div></body></param><param fulltype="int" name="seq" type="int"><body><div>a sequence number for ordering of rules</div></body></param><param fulltype="int" name="part" type="int"/></params></constructor><method fulltype="int" id="compareComputedRank" type="int" visibility="public"><comment><sentence>Rules have an ordering, based on their precedence and priority.</sentence><return><body><div>&lt;0 if this rule has lower rank, that is if it has lower precedence or equal
 precedence and lower priority. 0 if the two rules have equal precedence and
 priority. &gt;0 if this rule has higher rank in precedence/priority order</div></body></return></comment><params><param fulltype="net.sf.saxon.trans.rules.Rule" name="other" type="Rule"><body><div>Another rule whose ordering rank is to be compared with this one</div></body></param></params></method><method fulltype="int" id="compareRank" type="int" visibility="public"><comment><body><div>Rules have an ordering, based on their precedence and priority. This method compares
 them using the precomputed rank value.</div></body><sentence>Rules have an ordering, based on their precedence and priority.</sentence><return><body><div>&lt;0 if this rule has lower rank, that is if it has lower precedence or equal
 precedence and lower priority. 0 if the two rules have equal precedence and
 priority. &gt;0 if this rule has higher rank in precedence/priority order</div></body></return></comment><params><param fulltype="net.sf.saxon.trans.rules.Rule" name="other" type="Rule"><body><div>Another rule whose ordering rank is to be compared with this one</div></body></param></params></method><method fulltype="net.sf.saxon.trans.rules.Rule" id="copy" type="Rule" visibility="public"><params><param fulltype="boolean" name="copyChain" type="boolean"/></params></method><method fulltype="void" id="copyFrom" type="void" visibility="protected"><comment><sentence>Copy a rule, including optionally the chain of rules linked to it</sentence></comment><params><param fulltype="net.sf.saxon.trans.rules.Rule" name="r" type="Rule"><body><div>the rule to be copied</div></body></param><param fulltype="boolean" name="copyChain" type="boolean"><body><div>true if the whole chain of rules is to be copied</div></body></param></params></method><method fulltype="void" id="export" type="void" visibility="public"><comment><sentence>Export this rule</sentence></comment><params><param fulltype="net.sf.saxon.trace.ExpressionPresenter" name="out" type="ExpressionPresenter"><body><div>the destination for the export</div></body></param><param fulltype="boolean" name="modeStreamable" type="boolean"><body><div>if the mode for this rule is streamable (should be EE only?)</div></body></param></params><exceptions><exception fulltype="net.sf.saxon.trans.XPathException" id="XPathException"/></exceptions></method><method fulltype="void" id="exportOtherProperties" type="void" visibility="public"><comment><sentence>Add other exported properties as required</sentence></comment><params><param fulltype="net.sf.saxon.trace.ExpressionPresenter" name="out" type="ExpressionPresenter"><body><div>the export destination</div></body></param></params><exceptions><exception fulltype="net.sf.saxon.trans.XPathException" id="XPathException"/></exceptions></method><method fulltype="net.sf.saxon.trans.rules.RuleTarget" id="getAction" type="RuleTarget" visibility="public"/><method fulltype="int" id="getMinImportPrecedence" type="int" visibility="public"/><method fulltype="net.sf.saxon.trans.rules.Rule" id="getNext" type="Rule" visibility="public"/><method fulltype="int" id="getPartNumber" type="int" visibility="public"/><method fulltype="net.sf.saxon.pattern.Pattern" id="getPattern" type="Pattern" visibility="public"/><method fulltype="int" id="getPrecedence" type="int" visibility="public"/><method fulltype="double" id="getPriority" type="double" visibility="public"/><method fulltype="int" id="getRank" type="int" visibility="public"/><method fulltype="int" id="getSequence" type="int" visibility="public"/><method fulltype="boolean" id="isAlwaysMatches" type="boolean" visibility="public"/><method fulltype="boolean" id="matches" type="boolean" visibility="public"><params><param fulltype="net.sf.saxon.om.Item" name="item" type="Item"/><param fulltype="net.sf.saxon.expr.XPathContextMajor" name="context" type="XPathContextMajor"/></params><exceptions><exception fulltype="net.sf.saxon.trans.XPathException" id="XPathException"/></exceptions></method><method fulltype="void" id="setAction" type="void" visibility="public"><params><param fulltype="net.sf.saxon.trans.rules.RuleTarget" name="action" type="RuleTarget"/></params></method><method fulltype="void" id="setAlwaysMatches" type="void" visibility="public"><params><param fulltype="boolean" name="matches" type="boolean"/></params></method><method fulltype="void" id="setNext" type="void" visibility="public"><params><param fulltype="net.sf.saxon.trans.rules.Rule" name="next" type="Rule"/></params></method><method fulltype="void" id="setPattern" type="void" visibility="public"><params><param fulltype="net.sf.saxon.pattern.Pattern" name="pattern" type="Pattern"/></params></method><method fulltype="void" id="setRank" type="void" visibility="public"><params><param fulltype="int" name="rank" type="int"/></params></method></methods><subclasses><class fulltype="com.saxonica.ee.trans.RuleEE" type="RuleEE"/></subclasses></class><class id="RuleChain" fulltype="net.sf.saxon.trans.rules.RuleChain" superclass="Object" superclassfulltype="java.lang.Object" visibility="public"><comment><sentence>A chain of rules: actually in this incarnation just a pointer to the first rule in the chain, the others
 being linked together each to the next.</sentence></comment><fields><field fulltype="java.lang.Object" id="optimizationData" type="Object" visibility="public"/></fields><methods><constructor id="RuleChain" visibility="public"><comment><sentence>Create an empty rule chain</sentence></comment></constructor><constructor id="RuleChain" visibility="public"><comment><sentence>Create an rule chain with a give rule as the _head of the chain</sentence></comment><params><param fulltype="net.sf.saxon.trans.rules.Rule" name="head" type="Rule"><body><div>the _head of a chain of rules</div></body></param></params></constructor><method fulltype="int" id="getLength" type="int" visibility="public"><comment><sentence>Get the length of the rule chain</sentence><return><body><div>the number of rules in the chain</div></body></return></comment></method><method fulltype="net.sf.saxon.trans.rules.Rule" id="head" type="Rule" visibility="public"><comment><sentence>Get the first rule in the chain, or null if the chain is empty</sentence><return><body><div>the first rule in the chain, or null if empty</div></body></return></comment></method><method fulltype="void" id="setHead" type="void" visibility="public"><comment><sentence>Set the first rule in the chain, or null if the chain is empty</sentence></comment><params><param fulltype="net.sf.saxon.trans.rules.Rule" name="head" type="Rule"><body><div>the first rule in the chain, or null if empty</div></body></param></params></method></methods></class><class id="RuleManager" final="true" fulltype="net.sf.saxon.trans.rules.RuleManager" superclass="Object" superclassfulltype="java.lang.Object" visibility="public"><comment><sentence>RuleManager maintains a set of template rules, one set for each mode</sentence></comment><fields/><methods><constructor id="RuleManager" visibility="public"><comment><sentence>create a RuleManager and initialise variables.</sentence></comment><params><param fulltype="net.sf.saxon.style.StylesheetPackage" name="pack" type="StylesheetPackage"/></params></constructor><constructor id="RuleManager" visibility="public"><params><param fulltype="net.sf.saxon.style.StylesheetPackage" name="pack" type="StylesheetPackage"/><param fulltype="net.sf.saxon.trans.CompilerInfo" name="compilerInfo" type="CompilerInfo"/></params></constructor><method fulltype="int" id="allocateSequenceNumber" type="int" visibility="public"/><method fulltype="void" id="checkConsistency" type="void" visibility="public"><comment><sentence>Check all modes for conflicts in property values</sentence></comment><exceptions><exception fulltype="net.sf.saxon.trans.XPathException" id="XPathException"><sentence>XPathException if a mode has conflicting property values</sentence></exception></exceptions></method><method fulltype="void" id="computeRankings" type="void" visibility="public"><comment><body><div>Allocate rankings to the rules within each mode. This method must be called when all
 the rules in each mode are known. This method also checks that there are no conflicts for
 property values in different xsl:mode declarations</div></body><sentence>Allocate rankings to the rules within each mode.</sentence></comment><exceptions><exception fulltype="net.sf.saxon.trans.XPathException" id="XPathException"><sentence>XPathException if an error occurs</sentence></exception></exceptions></method><method fulltype="boolean" id="existsOmniMode" type="boolean" visibility="public"/><method fulltype="void" id="explainTemplateRules" type="void" visibility="public"><comment><sentence>Explain (that is, output the expression tree) for all template rules</sentence></comment><params><param fulltype="net.sf.saxon.trace.ExpressionPresenter" name="presenter" type="ExpressionPresenter"><body><div>the object used to present the output</div></body></param></params><exceptions><exception fulltype="net.sf.saxon.trans.XPathException" id="XPathException"/></exceptions></method><method fulltype="java.util.Collection" id="getAllNamedModes" type="Collection" visibility="public"><type fulltype="net.sf.saxon.trans.Mode" type="Mode"/><comment><sentence>Get all registered modes</sentence><return><body><div>a collection containing all registered modes excluding the unnamed mode</div></body></return></comment></method><method fulltype="net.sf.saxon.style.StylesheetPackage" id="getStylesheetPackage" type="StylesheetPackage" visibility="public"><comment><sentence>Get the stylesheet package</sentence><return><body><div>the stylesheet package</div></body></return></comment></method><method fulltype="net.sf.saxon.trans.rules.Rule" id="getTemplateRule" type="Rule" visibility="public"><comment><body><div>Get the template rule matching a given item whose import precedence
 is in a particular range. This is used to support the xsl:apply-imports function</div></body><sentence>Get the template rule matching a given item whose import precedence
 is in a particular range.</sentence><return><body><div>The template rule to be invoked</div></body></return></comment><params><param fulltype="net.sf.saxon.om.Item" name="item" type="Item"><body><div>The item to be matched</div></body></param><param fulltype="net.sf.saxon.trans.Mode" name="mode" type="Mode"><body><div>The mode for which a rule is required</div></body></param><param fulltype="int" name="min" type="int"><body><div>The minimum import precedence that the rule must have</div></body></param><param fulltype="int" name="max" type="int"><body><div>The maximum import precedence that the rule must have</div></body></param><param fulltype="net.sf.saxon.expr.XPathContext" name="c" type="XPathContext"><body><div>The Controller for the transformation</div></body></param></params><exceptions><exception fulltype="net.sf.saxon.trans.XPathException" id="XPathException"><sentence>XPathException if an error occurs matching a pattern</sentence></exception></exceptions></method><method fulltype="net.sf.saxon.trans.SimpleMode" id="getUnnamedMode" type="SimpleMode" visibility="public"><comment><sentence>Get the mode object for the unnamed mode</sentence><return><body><div>the unnamed mode</div></body></return></comment></method><method fulltype="void" id="invertStreamableTemplates" type="void" visibility="public"><comment><sentence>Invert streamable templates in all streamable modes</sentence></comment><exceptions><exception fulltype="net.sf.saxon.trans.XPathException" id="XPathException"><sentence>XPathException if the templates are not streamable</sentence></exception></exceptions></method><method fulltype="boolean" id="isUnnamedModeExplicit" type="boolean" visibility="public"><comment><sentence>Ask whether the unnamed mode has been explicitly declared in an xsl:mode declaration</sentence><return><body><div>true if it has been explicitly declared</div></body></return></comment></method><method fulltype="net.sf.saxon.trans.Mode" id="obtainMode" type="Mode" visibility="public"><comment><body><div>Get the Mode object for a named mode. If there is not one already registered.
 a new Mode is created. This uses a makeMode() method in the configuration</div></body><sentence>Get the Mode object for a named mode.</sentence><return><body><div>the Mode with this name</div></body></return></comment><params><param fulltype="net.sf.saxon.om.StructuredQName" name="modeName" type="StructuredQName"><body><div>The name of the mode. Supply null to get the default
                       mode or Mode.ALL_MODES to get the Mode object containing "mode=all" rules</div></body></param><param fulltype="boolean" name="createIfAbsent" type="boolean"><body><div>if true, then if the mode does not already exist it will be created.
                       If false, then if the mode does not already exist the method returns null.
                       But if the requested mode is the omnimode, it is considered to always exist,
                       and is therefore created regardless.</div></body></param></params></method><method fulltype="void" id="optimizeRules" type="void" visibility="public"><comment><body><div>Optimization of template rules
 Only invoked when rule optimization has been turned on.
 In this case we know the modes are instances of at least ModeEE</div></body><sentence>Optimization of template rules
 Only invoked when rule optimization has been turned on.</sentence></comment></method><method fulltype="void" id="registerMode" type="void" visibility="public"><params><param fulltype="net.sf.saxon.trans.Mode" name="mode" type="Mode"/></params></method><method fulltype="int" id="registerRule" type="int" visibility="public"><comment><sentence>Register a template for a particular pattern.</sentence><return><body><div>the number of (sub-)rules registered</div></body></return><attribute name="@see" see="java">net.sf.saxon.pattern.Pattern</attribute></comment><params><param fulltype="net.sf.saxon.pattern.Pattern" name="pattern" type="Pattern"><body><div>Must be a valid Pattern.</div></body></param><param fulltype="net.sf.saxon.expr.instruct.TemplateRule" name="eh" type="TemplateRule"><body><div>The Template to be used</div></body></param><param fulltype="net.sf.saxon.trans.Mode" name="mode" type="Mode"><body><div>The processing mode to which this template applies</div></body></param><param fulltype="net.sf.saxon.style.StylesheetModule" name="module" type="StylesheetModule"><body><div>The stylesheet module containing the template rule</div></body></param><param fulltype="double" name="priority" type="double"><body><div>The priority of the rule: if an element matches several patterns, the
                 one with highest priority is used. The value is NaN if no explicit
                 priority was specified</div></body></param><param fulltype="int" name="position" type="int"><body><div>The relative position of the rule in declaration order</div></body></param><param fulltype="int" name="part" type="int"><body><div>Zero for a "real" rule; an incremented integer for rules generated
                 by splitting a real rule on a union pattern, in cases where no user-specified
                 priority is supplied.</div></body></param></params></method><method fulltype="void" id="setCompilerInfo" type="void" visibility="public"><comment><sentence>Set the compiler information specifically.</sentence></comment><params><param fulltype="net.sf.saxon.trans.CompilerInfo" name="compilerInfo" type="CompilerInfo"><body><div>the compiler options in use</div></body></param></params></method><method fulltype="void" id="setUnnamedModeExplicit" type="void" visibility="public"><comment><sentence>Say that the unnamed mode has been explicitly declared in an xsl:mode declaration</sentence></comment><params><param fulltype="boolean" name="declared" type="boolean"><body><div>true if it has been explicitly declared</div></body></param></params></method></methods></class><class id="RuleSearchState" fulltype="net.sf.saxon.trans.rules.RuleSearchState" superclass="Object" superclassfulltype="java.lang.Object" visibility="public"><comment><body><div>A simple class for holding stateful details of a rule search operation
 This is a dummy implementation for Saxon-HE which does not optimize searching a rule chain.
 It is subclassed for Saxon-EE.</div></body><sentence>A simple class for holding stateful details of a rule search operation
 This is a dummy implementation for Saxon-HE which does not optimize searching a rule chain.</sentence></comment><fields/><methods><constructor id="RuleSearchState" visibility="public"/></methods><subclasses><class fulltype="com.saxonica.ee.trans.PreconditionMatcher" type="PreconditionMatcher"/></subclasses></class><class id="RuleSetWithWarnings" fulltype="net.sf.saxon.trans.rules.RuleSetWithWarnings" superclass="Object" superclassfulltype="java.lang.Object" visibility="public"><implements><interface fulltype="net.sf.saxon.trans.rules.BuiltInRuleSet" type="BuiltInRuleSet"/></implements><comment><body><div>A set of built-in template rules that performs the same action as an underlying set of rules,
 but with the addition of a warning message saying that no user-defined template rules was found.
 <p>XSLT 3.0 feature</p></div></body><sentence>A set of built-in template rules that performs the same action as an underlying set of rules,
 but with the addition of a warning message saying that no user-defined template rules was found.</sentence></comment><fields/><methods><constructor id="RuleSetWithWarnings" visibility="public"><params><param fulltype="net.sf.saxon.trans.rules.BuiltInRuleSet" name="baseRuleSet" type="BuiltInRuleSet"/></params></constructor><method fulltype="net.sf.saxon.trans.rules.BuiltInRules[]" id="getActionForParentNodes" type="BuiltInRules[]" visibility="public"><comment><sentence>Get the default action for unmatched nodes</sentence><return><body><div>the default action for unmatched element nodes: one of DEEP_COPY, APPLY_TEMPLATES, DEEP_SKIP, FAIL</div></body></return></comment><params><param fulltype="int" name="nodeKind" type="int"><body><div>the node kind</div></body></param></params></method><method fulltype="net.sf.saxon.trans.rules.BuiltInRuleSet" id="getBaseRuleSet" type="BuiltInRuleSet" visibility="public"/><method fulltype="java.lang.String" id="getName" type="String" visibility="public"><comment><sentence>Identify this built-in rule set</sentence><return><body><div>the base name plus "with warnings"</div></body></return></comment></method><method fulltype="void" id="outputWarning" type="void" visibility="public"><params><param fulltype="net.sf.saxon.om.Item" name="item" type="Item"/><param fulltype="net.sf.saxon.expr.XPathContext" name="context" type="XPathContext"/></params></method><method fulltype="void" id="process" type="void" visibility="public"><comment><sentence>Perform the built-in template action for a given item.</sentence></comment><params><param fulltype="net.sf.saxon.om.Item" name="item" type="Item"><body><div>the item to be matched</div></body></param><param fulltype="net.sf.saxon.expr.instruct.ParameterSet" name="parameters" type="ParameterSet"><body><div>the parameters supplied to apply-templates</div></body></param><param fulltype="net.sf.saxon.expr.instruct.ParameterSet" name="tunnelParams" type="ParameterSet"><body><div>the tunnel parameters to be passed through</div></body></param><param fulltype="net.sf.saxon.event.Outputter" name="output" type="Outputter"><body><div>the destination for the result</div></body></param><param fulltype="net.sf.saxon.expr.XPathContext" name="context" type="XPathContext"><body><div>the dynamic evaluation context</div></body></param><param fulltype="net.sf.saxon.s9api.Location" name="locationId" type="Location"><body><div>location of the instruction (apply-templates, apply-imports etc) that caused</div></body></param></params><exceptions><exception fulltype="net.sf.saxon.trans.XPathException" id="XPathException"/></exceptions></method></methods></class><class id="RuleTarget" abstract="true" fulltype="net.sf.saxon.trans.rules.RuleTarget" interface="true" visibility="public"><comment><sentence>The target of a rule, typically a TemplateRule.</sentence></comment><fields/><methods><method abstract="true" fulltype="void" id="export" type="void" visibility="public"><comment><sentence>Output diagnostic explanation to an ExpressionPresenter</sentence></comment><params><param fulltype="net.sf.saxon.trace.ExpressionPresenter" name="presenter" type="ExpressionPresenter"><body><div>the destination for the explanation</div></body></param></params><exceptions><exception fulltype="net.sf.saxon.trans.XPathException" id="XPathException"><sentence>XPathException if output fails</sentence></exception></exceptions></method><method abstract="true" fulltype="void" id="registerRule" type="void" visibility="public"><comment><sentence>Register a rule for which this is the target</sentence></comment><params><param fulltype="net.sf.saxon.trans.rules.Rule" name="rule" type="Rule"><body><div>a rule in which this is the target</div></body></param></params></method></methods><implemented-by><class fulltype="net.sf.saxon.expr.accum.AccumulatorRule" type="AccumulatorRule"/><class fulltype="net.sf.saxon.event.Stripper.StripRuleTarget" type="Stripper.StripRuleTarget"/><class fulltype="net.sf.saxon.expr.instruct.TemplateRule" type="TemplateRule"/><class fulltype="com.saxonica.ee.trans.TemplateRuleEE" type="TemplateRuleEE"/></implemented-by></class><class id="ShallowCopyRuleSet" fulltype="net.sf.saxon.trans.rules.ShallowCopyRuleSet" superclass="Object" superclassfulltype="java.lang.Object" visibility="public"><implements><interface fulltype="net.sf.saxon.trans.rules.BuiltInRuleSet" type="BuiltInRuleSet"/></implements><comment><sentence>The built-in rule set introduced in XSLT 3.0, which is effectively an identity template.</sentence></comment><fields/><methods><method fulltype="net.sf.saxon.trans.rules.BuiltInRules[]" id="getActionForParentNodes" type="BuiltInRules[]" visibility="public"><comment><sentence>Get the default action for unmatched nodes</sentence><return><body><div>the default action for unmatched nodes: one of DEEP_COPY, APPLY_TEMPLATES, DEEP_SKIP, FAIL</div></body></return></comment><params><param fulltype="int" name="nodeKind" type="int"><body><div>the node kind</div></body></param></params></method><method fulltype="net.sf.saxon.trans.rules.ShallowCopyRuleSet" id="getInstance" static="true" type="ShallowCopyRuleSet" visibility="public"><comment><sentence>Get the singleton instance of this class</sentence><return><body><div>the singleton instance</div></body></return></comment></method><method fulltype="java.lang.String" id="getName" type="String" visibility="public"><comment><sentence>Identify this built-in rule set</sentence><return><body><div>"shallow-copy"</div></body></return></comment></method><method fulltype="void" id="process" type="void" visibility="public"><comment><sentence>Perform the built-in template action for a given node.</sentence></comment><params><param fulltype="net.sf.saxon.om.Item" name="item" type="Item"><body><div>the item to be processed by this built-in rule</div></body></param><param fulltype="net.sf.saxon.expr.instruct.ParameterSet" name="parameters" type="ParameterSet"><body><div>the parameters supplied to apply-templates</div></body></param><param fulltype="net.sf.saxon.expr.instruct.ParameterSet" name="tunnelParams" type="ParameterSet"><body><div>the tunnel parameters to be passed through</div></body></param><param fulltype="net.sf.saxon.event.Outputter" name="out" type="Outputter"><body><div>the destination for output</div></body></param><param fulltype="net.sf.saxon.expr.XPathContext" name="context" type="XPathContext"><body><div>the dynamic evaluation context</div></body></param><param fulltype="net.sf.saxon.s9api.Location" name="locationId" type="Location"><body><div>location of the instruction (apply-templates, apply-imports etc) that caused</div></body></param></params><exceptions><exception fulltype="net.sf.saxon.trans.XPathException" id="XPathException"/></exceptions></method></methods></class><class id="ShallowSkipRuleSet" fulltype="net.sf.saxon.trans.rules.ShallowSkipRuleSet" superclass="Object" superclassfulltype="java.lang.Object" visibility="public"><implements><interface fulltype="net.sf.saxon.trans.rules.BuiltInRuleSet" type="BuiltInRuleSet"/></implements><comment><sentence>A built-in set of template rules that ignores the current node and does an apply-templates
 to its children.</sentence></comment><fields/><methods><method fulltype="net.sf.saxon.trans.rules.BuiltInRules[]" id="getActionForParentNodes" type="BuiltInRules[]" visibility="public"><comment><sentence>Get the default action for unmatched nodes</sentence><return><body><div>the default action for unmatched nodes: one of DEEP_COPY, APPLY_TEMPLATES, DEEP_SKIP, FAIL</div></body></return></comment><params><param fulltype="int" name="nodeKind" type="int"><body><div>the node kind</div></body></param></params></method><method fulltype="net.sf.saxon.trans.rules.ShallowSkipRuleSet" id="getInstance" static="true" type="ShallowSkipRuleSet" visibility="public"><comment><sentence>Get the singleton instance of this class</sentence><return><body><div>the singleton instance</div></body></return></comment></method><method fulltype="java.lang.String" id="getName" type="String" visibility="public"><comment><sentence>Identify this built-in rule set</sentence><return><body><div>"shallow-skip"</div></body></return></comment></method><method fulltype="void" id="process" type="void" visibility="public"><comment><sentence>Perform the built-in template action for a given item.</sentence></comment><params><param fulltype="net.sf.saxon.om.Item" name="item" type="Item"><body><div>the item to be processed</div></body></param><param fulltype="net.sf.saxon.expr.instruct.ParameterSet" name="parameters" type="ParameterSet"><body><div>the parameters supplied to apply-templates</div></body></param><param fulltype="net.sf.saxon.expr.instruct.ParameterSet" name="tunnelParams" type="ParameterSet"><body><div>the tunnel parameters to be passed through</div></body></param><param fulltype="net.sf.saxon.event.Outputter" name="output" type="Outputter"><body><div>the destination for the result</div></body></param><param fulltype="net.sf.saxon.expr.XPathContext" name="context" type="XPathContext"><body><div>the dynamic evaluation context</div></body></param><param fulltype="net.sf.saxon.s9api.Location" name="locationId" type="Location"><body><div>location of the instruction (apply-templates, apply-imports etc) that caused
                     the built-in template to be invoked</div></body></param></params><exceptions><exception fulltype="net.sf.saxon.trans.XPathException" id="XPathException"><sentence>XPathException if any dynamic error occurs</sentence></exception></exceptions></method></methods></class><class id="TextOnlyCopyRuleSet" fulltype="net.sf.saxon.trans.rules.TextOnlyCopyRuleSet" superclass="Object" superclassfulltype="java.lang.Object" visibility="public"><implements><interface fulltype="net.sf.saxon.trans.rules.BuiltInRuleSet" type="BuiltInRuleSet"/></implements><comment><sentence>The built-in rule set used for 1.0 and 2.0, which for document and element nodes does an apply-templates
 to children, and for text nodes and attribute nodes copies the node.</sentence></comment><fields/><methods><method fulltype="net.sf.saxon.trans.rules.BuiltInRules[]" id="getActionForParentNodes" type="BuiltInRules[]" visibility="public"><comment><sentence>Get the default action for unmatched nodes</sentence><return><body><div>the default action for unmatched nodes: one of DEEP_COPY, SHALLOW_SKIP, DEEP_SKIP, FAIL, etc</div></body></return></comment><params><param fulltype="int" name="nodeKind" type="int"><body><div>the node kind</div></body></param></params></method><method fulltype="net.sf.saxon.trans.rules.TextOnlyCopyRuleSet" id="getInstance" static="true" type="TextOnlyCopyRuleSet" visibility="public"><comment><sentence>Get the singleton instance of this class</sentence><return><body><div>the singleton instance</div></body></return></comment></method><method fulltype="java.lang.String" id="getName" type="String" visibility="public"><comment><sentence>Identify this built-in rule set</sentence><return><body><div>"text-only"</div></body></return></comment></method><method fulltype="void" id="process" type="void" visibility="public"><comment><sentence>Perform the built-in template action for a given item.</sentence></comment><params><param fulltype="net.sf.saxon.om.Item" name="item" type="Item"><body><div>the item to be processed</div></body></param><param fulltype="net.sf.saxon.expr.instruct.ParameterSet" name="parameters" type="ParameterSet"><body><div>the parameters supplied to apply-templates</div></body></param><param fulltype="net.sf.saxon.expr.instruct.ParameterSet" name="tunnelParams" type="ParameterSet"><body><div>the tunnel parameters to be passed through</div></body></param><param fulltype="net.sf.saxon.event.Outputter" name="output" type="Outputter"><body><div>the destination for the result</div></body></param><param fulltype="net.sf.saxon.expr.XPathContext" name="context" type="XPathContext"><body><div>the dynamic evaluation context</div></body></param><param fulltype="net.sf.saxon.s9api.Location" name="locationId" type="Location"><body><div>location of the instruction (apply-templates, apply-imports etc) that caused
                     the built-in template to be invoked</div></body></param></params><exceptions><exception fulltype="net.sf.saxon.trans.XPathException" id="XPathException"><sentence>net.sf.saxon.trans.XPathException
          if any dynamic error occurs</sentence></exception></exceptions></method></methods></class></package>