<?xml version="1.0" encoding="UTF-8"?><package id="net.sf.saxon.functions.hof"><class id="AtomicConstructorFunction" fulltype="net.sf.saxon.functions.hof.AtomicConstructorFunction" superclass="AbstractFunction" superclassfulltype="net.sf.saxon.functions.AbstractFunction" visibility="public"><extends><inherits><interface fulltype="net.sf.saxon.om.Function" type="Function"/></inherits><interface fulltype="net.sf.saxon.functions.AbstractFunction" type="AbstractFunction"/></extends><comment><sentence>A function item representing a constructor function for an atomic type</sentence></comment><fields/><methods><constructor id="AtomicConstructorFunction" visibility="public"><comment><sentence>Create the constructor function.</sentence></comment><params><param fulltype="net.sf.saxon.type.AtomicType" name="targetType" type="AtomicType"><body><div>the type to which the function will convert its input</div></body></param><param fulltype="net.sf.saxon.om.NamespaceResolver" name="resolver" type="NamespaceResolver"><body><div>namespace resolver for use if the target type is namespace-sensitive</div></body></param></params></constructor><method fulltype="net.sf.saxon.om.Sequence" id="call" type="Sequence" visibility="public"><comment><sentence>Invoke the function</sentence><return><body><div>the result of invoking the function</div></body></return></comment><params><param fulltype="net.sf.saxon.expr.XPathContext" name="context" type="XPathContext"><body><div>the XPath dynamic evaluation context</div></body></param><param fulltype="net.sf.saxon.om.Sequence[]" name="args" type="Sequence[]"><body><div>the actual arguments to be supplied</div></body></param></params><exceptions><exception fulltype="net.sf.saxon.trans.XPathException" id="XPathException"><sentence>net.sf.saxon.trans.XPathException
          if a dynamic error occurs within the function</sentence></exception></exceptions></method><method fulltype="void" id="export" type="void" visibility="public"><override-of fulltype="net.sf.saxon.functions.AbstractFunction" method="export(net.sf.saxon.trace.ExpressionPresenter)" type="AbstractFunction"/><params><param fulltype="net.sf.saxon.trace.ExpressionPresenter" name="out" type="ExpressionPresenter"/></params><exceptions><exception fulltype="net.sf.saxon.trans.XPathException" id="XPathException"/></exceptions></method><method fulltype="int" id="getArity" type="int" visibility="public"><comment><sentence>Get the arity of the function</sentence><return><body><div>the number of arguments in the function signature</div></body></return></comment></method><method fulltype="java.lang.String" id="getDescription" type="String" visibility="public"><comment><body><div>Get a description of this function for use in error messages. For named functions, the description
 is the function name (as a lexical QName). For others, it might be, for example, "inline function",
 or "partially-applied ends-with function".</div></body><sentence>Get a description of this function for use in error messages.</sentence><return><body><div>a description of the function for use in error messages</div></body></return></comment></method><method fulltype="net.sf.saxon.type.FunctionItemType" id="getFunctionItemType" type="FunctionItemType" visibility="public"><comment><sentence>Get the item type of the function item</sentence><return><body><div>the function item's type</div></body></return></comment></method><method fulltype="net.sf.saxon.om.StructuredQName" id="getFunctionName" type="StructuredQName" visibility="public"><comment><sentence>Get the name of the function, or null if it is anonymous</sentence><return><body><div>the function name, or null for an anonymous inline function</div></body></return></comment></method><method fulltype="boolean" id="isTrustedResultType" type="boolean" visibility="public"><override-of fulltype="net.sf.saxon.functions.AbstractFunction" method="isTrustedResultType()" type="AbstractFunction"/></method></methods></class><class id="CallableWithBoundFocus" fulltype="net.sf.saxon.functions.hof.CallableWithBoundFocus" superclass="Object" superclassfulltype="java.lang.Object" visibility="public"><implements><interface fulltype="net.sf.saxon.expr.Callable" type="Callable"/></implements><comment><sentence>A Callable that wraps another Callable and a Dynamic Context, in effect acting as a closure that
 executes the original callable with a saved context.</sentence></comment><fields/><methods><constructor id="CallableWithBoundFocus" visibility="public"><params><param fulltype="net.sf.saxon.expr.Callable" name="target" type="Callable"/><param fulltype="net.sf.saxon.expr.XPathContext" name="context" type="XPathContext"/></params></constructor><method fulltype="net.sf.saxon.om.Sequence" id="call" type="Sequence" visibility="public"><comment><sentence>Evaluate the expression</sentence><return><body><div>the result of the evaluation, in the form of a SequenceIterator</div></body></return></comment><params><param fulltype="net.sf.saxon.expr.XPathContext" name="context" type="XPathContext"><body><div>the dynamic evaluation context</div></body></param><param fulltype="net.sf.saxon.om.Sequence[]" name="arguments" type="Sequence[]"><body><div>the values of the arguments, supplied as SequenceIterators</div></body></param></params><exceptions><exception fulltype="net.sf.saxon.trans.XPathException" id="XPathException"><sentence>net.sf.saxon.trans.XPathException
          if a dynamic error occurs during the evaluation of the expression</sentence></exception></exceptions></method></methods></class><class id="CoercedFunction" fulltype="net.sf.saxon.functions.hof.CoercedFunction" superclass="AbstractFunction" superclassfulltype="net.sf.saxon.functions.AbstractFunction" visibility="public"><extends><inherits><interface fulltype="net.sf.saxon.om.Function" type="Function"/></inherits><interface fulltype="net.sf.saxon.functions.AbstractFunction" type="AbstractFunction"/></extends><comment><sentence>A function item obtained by coercing a supplied function; this adds a wrapper to perform dynamic
 type checking of the arguments in any call, and type checking of the result.</sentence></comment><fields/><methods><constructor id="CoercedFunction" visibility="public"><comment><sentence>Create a CoercedFunction whose target function is not yet known (happens during package re-loading)</sentence></comment><params><param fulltype="net.sf.saxon.type.SpecificFunctionType" name="requiredType" type="SpecificFunctionType"><body><div>the type of the coerced function, that is the type required
                     by the context in which the target function is being used</div></body></param></params></constructor><constructor id="CoercedFunction" visibility="public"><comment><sentence>Create a CoercedFunction as a wrapper around a target function</sentence></comment><params><param fulltype="net.sf.saxon.om.Function" name="targetFunction" type="Function"><body><div>the function to be wrapped by a type-checking layer</div></body></param><param fulltype="net.sf.saxon.type.SpecificFunctionType" name="requiredType" type="SpecificFunctionType"><body><div>the type of the coerced function, that is the type required
                     by the context in which the target function is being used</div></body></param></params><exceptions><exception fulltype="net.sf.saxon.trans.XPathException" id="XPathException"><sentence>XPathException if the arity of the supplied function does not match the arity of the required type</sentence></exception></exceptions></constructor><method fulltype="net.sf.saxon.om.Sequence" id="call" type="Sequence" visibility="public"><comment><sentence>Invoke the function</sentence><return><body><div>the result of invoking the function</div></body></return></comment><params><param fulltype="net.sf.saxon.expr.XPathContext" name="context" type="XPathContext"><body><div>the XPath dynamic evaluation context</div></body></param><param fulltype="net.sf.saxon.om.Sequence[]" name="args" type="Sequence[]"><body><div>the actual arguments to be supplied</div></body></param></params><exceptions><exception fulltype="net.sf.saxon.trans.XPathException" id="XPathException"><sentence>net.sf.saxon.trans.XPathException if execution of the function fails</sentence></exception></exceptions></method><method fulltype="net.sf.saxon.functions.hof.CoercedFunction" id="coerce" static="true" type="CoercedFunction" visibility="public"><comment><body><div>Factory method to create a CoercedFunction with a given type, for a given targetFunction.
 It is assumed that we have already established that coercion is needed.
 Called from Bytecode compiler.</div></body><sentence>Factory method to create a CoercedFunction with a given type, for a given targetFunction.</sentence><return><body><div>the function after coercion</div></body></return></comment><params><param fulltype="net.sf.saxon.om.Function" name="suppliedFunction" type="Function"><body><div>the function to be coerced</div></body></param><param fulltype="net.sf.saxon.type.SpecificFunctionType" name="requiredType" type="SpecificFunctionType"><body><div>the target type for the coercion</div></body></param><param fulltype="net.sf.saxon.expr.parser.RoleDiagnostic" name="role" type="RoleDiagnostic"><body><div>diagnostic information about the role of the expression being coerced</div></body></param></params><exceptions><exception fulltype="net.sf.saxon.trans.XPathException" id="XPathException"><sentence>XPathException if the function cannot be coerced to the required type (for example,
 because it has the wrong arity)</sentence></exception></exceptions></method><method fulltype="void" id="export" type="void" visibility="public"><comment><sentence>Export information about this function item to the SEF file</sentence></comment><override-of fulltype="net.sf.saxon.functions.AbstractFunction" method="export(net.sf.saxon.trace.ExpressionPresenter)" type="AbstractFunction"/><params><param fulltype="net.sf.saxon.trace.ExpressionPresenter" name="out" type="ExpressionPresenter"><body><div>the SEF output destination</div></body></param></params><exceptions><exception fulltype="net.sf.saxon.trans.XPathException" id="XPathException"/></exceptions></method><method fulltype="net.sf.saxon.query.AnnotationList" id="getAnnotations" type="AnnotationList" visibility="public"><comment><body><div>Get the function annotations. These are the same as the annotations of the base function</div></body><sentence>Get the function annotations.</sentence><return><body><div>the annotations of the base function</div></body></return></comment><override-of fulltype="net.sf.saxon.functions.AbstractFunction" method="getAnnotations()" type="AbstractFunction"/></method><method fulltype="int" id="getArity" type="int" visibility="public"><comment><sentence>Get the arity of the function</sentence><return><body><div>the number of arguments in the function signature</div></body></return></comment></method><method fulltype="java.lang.String" id="getDescription" type="String" visibility="public"><comment><body><div>Get a description of this function for use in error messages. For named functions, the description
 is the function name (as a lexical QName). For others, it might be, for example, "inline function",
 or "partially-applied ends-with function".</div></body><sentence>Get a description of this function for use in error messages.</sentence><return><body><div>a description of the function for use in error messages</div></body></return></comment></method><method fulltype="net.sf.saxon.type.FunctionItemType" id="getFunctionItemType" type="FunctionItemType" visibility="public"><comment><sentence>Get the item type of the function item</sentence><return><body><div>the function item's type</div></body></return></comment></method><method fulltype="net.sf.saxon.om.StructuredQName" id="getFunctionName" type="StructuredQName" visibility="public"><comment><sentence>Get the name of the function, or null if it is anonymous</sentence><return><body><div>null indicating that this is an anonymous inline function</div></body></return></comment></method><method fulltype="void" id="setTargetFunction" type="void" visibility="public"><comment><sentence>Set the target function</sentence></comment><params><param fulltype="net.sf.saxon.om.Function" name="targetFunction" type="Function"><body><div>the function to be wrapped by a type-checking layer</div></body></param></params><exceptions><exception fulltype="net.sf.saxon.trans.XPathException" id="XPathException"><sentence>XPathException if the arity of the supplied function does not match the arity of the required type</sentence></exception></exceptions></method><method fulltype="void" id="typeCheck" type="void" visibility="public"><comment><sentence>Type check the function (may modify it by adding code for converting the arguments)</sentence></comment><override-of fulltype="net.sf.saxon.functions.AbstractFunction" method="typeCheck(net.sf.saxon.expr.parser.ExpressionVisitor, net.sf.saxon.expr.parser.ContextItemStaticInfo)" type="AbstractFunction"/><params><param fulltype="net.sf.saxon.expr.parser.ExpressionVisitor" name="visitor" type="ExpressionVisitor"><body><div>the expression visitor, supplies context information</div></body></param><param fulltype="net.sf.saxon.expr.parser.ContextItemStaticInfo" name="contextItemType" type="ContextItemStaticInfo"><body><div>the context item type at the point where the function definition appears</div></body></param></params><exceptions><exception fulltype="net.sf.saxon.trans.XPathException" id="XPathException"><sentence>XPathException if type checking of the target function fails</sentence></exception></exceptions></method></methods></class><class id="CurriedFunction" fulltype="net.sf.saxon.functions.hof.CurriedFunction" superclass="AbstractFunction" superclassfulltype="net.sf.saxon.functions.AbstractFunction" visibility="public"><extends><inherits><interface fulltype="net.sf.saxon.om.Function" type="Function"/></inherits><interface fulltype="net.sf.saxon.functions.AbstractFunction" type="AbstractFunction"/></extends><comment><sentence>A function obtained by currying another function, that is, the result of calling
 fn:partial-apply</sentence></comment><fields/><methods><constructor id="CurriedFunction" visibility="public"><comment><sentence>Create a curried function</sentence></comment><params><param fulltype="net.sf.saxon.om.Function" name="targetFunction" type="Function"><body><div>the function to be curried</div></body></param><param fulltype="net.sf.saxon.om.Sequence[]" name="boundValues" type="Sequence[]"><body><div>the values to which the arguments are to be bound, representing
                       unbound values (placeholders) by null</div></body></param></params></constructor><method fulltype="net.sf.saxon.om.Sequence" id="call" type="Sequence" visibility="public"><comment><sentence>Invoke the function</sentence><return><body><div>the result of invoking the function</div></body></return></comment><params><param fulltype="net.sf.saxon.expr.XPathContext" name="context" type="XPathContext"><body><div>the XPath dynamic evaluation context</div></body></param><param fulltype="net.sf.saxon.om.Sequence[]" name="args" type="Sequence[]"><body><div>the actual arguments to be supplied</div></body></param></params><exceptions><exception fulltype="net.sf.saxon.trans.XPathException" id="XPathException"><sentence>net.sf.saxon.trans.XPathException if the function reports a dynamic error</sentence></exception></exceptions></method><method fulltype="void" id="export" type="void" visibility="public"><comment><sentence>Output information about this function item</sentence></comment><override-of fulltype="net.sf.saxon.functions.AbstractFunction" method="export(net.sf.saxon.trace.ExpressionPresenter)" type="AbstractFunction"/><params><param fulltype="net.sf.saxon.trace.ExpressionPresenter" name="out" type="ExpressionPresenter"><body><div>the destination to write to</div></body></param></params><exceptions><exception fulltype="net.sf.saxon.trans.XPathException" id="XPathException"/></exceptions></method><method fulltype="net.sf.saxon.query.AnnotationList" id="getAnnotations" type="AnnotationList" visibility="public"><comment><body><div>Get the function annotations (as defined in XQuery). Returns an empty
 list if there are no function annotations. The function annotations on a partially
 applied function are the same as the annotations on its base function.</div></body><sentence>Get the function annotations (as defined in XQuery).</sentence><return><body><div>the function annotations</div></body></return></comment><override-of fulltype="net.sf.saxon.functions.AbstractFunction" method="getAnnotations()" type="AbstractFunction"/></method><method fulltype="int" id="getArity" type="int" visibility="public"><comment><sentence>Get the arity of the function (equal to the number of placeholders)</sentence><return><body><div>the number of arguments in the function signature</div></body></return></comment></method><method fulltype="java.lang.String" id="getDescription" type="String" visibility="public"><comment><body><div>Get a description of this function for use in error messages. For named functions, the description
 is the function name (as a lexical QName). For others, it might be, for example, "inline function",
 or "partially-applied ends-with function".</div></body><sentence>Get a description of this function for use in error messages.</sentence><return><body><div>a description of the function for use in error messages</div></body></return></comment></method><method fulltype="net.sf.saxon.type.FunctionItemType" id="getFunctionItemType" type="FunctionItemType" visibility="public"><comment><sentence>Get the item type of the function item</sentence><return><body><div>the function item's type</div></body></return></comment></method><method fulltype="net.sf.saxon.om.StructuredQName" id="getFunctionName" type="StructuredQName" visibility="public"><comment><sentence>Get the name of the function, or null if it is anonymous</sentence><return><body><div>the function name, or null for an anonymous inline function</div></body></return></comment></method></methods></class><class id="FilterFn" fulltype="net.sf.saxon.functions.hof.FilterFn" superclass="SystemFunction" superclassfulltype="net.sf.saxon.functions.SystemFunction" visibility="public"><extends><interface fulltype="net.sf.saxon.functions.SystemFunction" type="SystemFunction"><extends><inherits><interface fulltype="net.sf.saxon.om.Function" type="Function"/></inherits><interface fulltype="net.sf.saxon.functions.AbstractFunction" type="AbstractFunction"/></extends></interface></extends><comment><sentence>This class implements the function fn:filter(), which is a standard function in XQuery 3.0</sentence></comment><fields/><methods><constructor id="FilterFn" visibility="public"/><method fulltype="net.sf.saxon.om.Sequence" id="call" type="Sequence" visibility="public"><comment><sentence>Evaluate the expression</sentence><return><body><div>the result of the evaluation, in the form of a SequenceIterator</div></body></return></comment><params><param fulltype="net.sf.saxon.expr.XPathContext" name="context" type="XPathContext"><body><div>the dynamic evaluation context</div></body></param><param fulltype="net.sf.saxon.om.Sequence[]" name="arguments" type="Sequence[]"><body><div>the values of the arguments, supplied as SequenceIterators</div></body></param></params><exceptions><exception fulltype="net.sf.saxon.trans.XPathException" id="XPathException"><sentence>net.sf.saxon.trans.XPathException
          if a dynamic error occurs during the evaluation of the expression</sentence></exception></exceptions></method><method fulltype="java.lang.String" id="getStreamerName" type="String" visibility="public"><override-of fulltype="net.sf.saxon.functions.SystemFunction" method="getStreamerName()" type="SystemFunction"/></method></methods></class><class id="FoldLeftFn" fulltype="net.sf.saxon.functions.hof.FoldLeftFn" superclass="FoldingFunction" superclassfulltype="net.sf.saxon.functions.FoldingFunction" visibility="public"><extends><interface fulltype="net.sf.saxon.functions.FoldingFunction" type="FoldingFunction"><extends><interface fulltype="net.sf.saxon.functions.SystemFunction" type="SystemFunction"><extends><inherits><interface fulltype="net.sf.saxon.om.Function" type="Function"/></inherits><interface fulltype="net.sf.saxon.functions.AbstractFunction" type="AbstractFunction"/></extends></interface></extends></interface></extends><comment><sentence>This class implements the function fn:fold-left(), which is a standard function in XPath 3.0</sentence></comment><fields/><methods><constructor id="FoldLeftFn" visibility="public"/><method fulltype="net.sf.saxon.functions.Fold" id="getFold" type="Fold" visibility="public"><override-of fulltype="net.sf.saxon.functions.FoldingFunction" method="getFold(net.sf.saxon.expr.XPathContext, net.sf.saxon.om.Sequence...)" type="FoldingFunction"/><params><param fulltype="net.sf.saxon.expr.XPathContext" name="context" type="XPathContext"/><param fulltype="net.sf.saxon.om.Sequence[]" name="arguments" type="Sequence[]"/></params><exceptions><exception fulltype="net.sf.saxon.trans.XPathException" id="XPathException"/></exceptions></method><method fulltype="net.sf.saxon.type.ItemType" id="getResultItemType" type="ItemType" visibility="public"><comment><sentence>Get the return type, given knowledge of the actual arguments</sentence><return><body><div>the best available item type that the function will return</div></body></return></comment><override-of fulltype="net.sf.saxon.functions.SystemFunction" method="getResultItemType(net.sf.saxon.expr.Expression[])" type="SystemFunction"/><params><param fulltype="net.sf.saxon.expr.Expression[]" name="args" type="Expression[]"><body><div>the actual arguments supplied</div></body></param></params></method></methods><class id="FoldLeftFn.FoldLeftFold" fulltype="net.sf.saxon.functions.hof.FoldLeftFn.FoldLeftFold" superclass="Object" superclassfulltype="java.lang.Object" visibility="public"><implements><interface fulltype="net.sf.saxon.functions.Fold" type="Fold"/></implements><fields/><methods><constructor id="FoldLeftFold" visibility="public"><params><param fulltype="net.sf.saxon.expr.XPathContext" name="context" type="XPathContext"/><param fulltype="net.sf.saxon.om.GroundedValue" name="zero" type="GroundedValue"/><param fulltype="net.sf.saxon.om.Function" name="function" type="Function"/></params></constructor><method fulltype="boolean" id="isFinished" type="boolean" visibility="public"/><method fulltype="void" id="processItem" type="void" visibility="public"><params><param fulltype="net.sf.saxon.om.Item" name="item" type="Item"/></params><exceptions><exception fulltype="net.sf.saxon.trans.XPathException" id="XPathException"/></exceptions></method><method fulltype="net.sf.saxon.om.Sequence" id="result" type="Sequence" visibility="public"/></methods></class></class><class id="FoldRightFn" fulltype="net.sf.saxon.functions.hof.FoldRightFn" superclass="SystemFunction" superclassfulltype="net.sf.saxon.functions.SystemFunction" visibility="public"><extends><interface fulltype="net.sf.saxon.functions.SystemFunction" type="SystemFunction"><extends><inherits><interface fulltype="net.sf.saxon.om.Function" type="Function"/></inherits><interface fulltype="net.sf.saxon.functions.AbstractFunction" type="AbstractFunction"/></extends></interface></extends><comment><sentence>This class implements the function fn:fold-right(), which is a standard function in XQuery 1.1</sentence></comment><fields/><methods><constructor id="FoldRightFn" visibility="public"/><method fulltype="net.sf.saxon.om.Sequence" id="call" type="Sequence" visibility="public"><params><param fulltype="net.sf.saxon.expr.XPathContext" name="context" type="XPathContext"/><param fulltype="net.sf.saxon.om.Sequence[]" name="arguments" type="Sequence[]"/></params><exceptions><exception fulltype="net.sf.saxon.trans.XPathException" id="XPathException"/></exceptions></method><method fulltype="net.sf.saxon.type.ItemType" id="getResultItemType" type="ItemType" visibility="public"><comment><sentence>Get the return type, given knowledge of the actual arguments</sentence><return><body><div>the best available item type that the function will return</div></body></return></comment><override-of fulltype="net.sf.saxon.functions.SystemFunction" method="getResultItemType(net.sf.saxon.expr.Expression[])" type="SystemFunction"/><params><param fulltype="net.sf.saxon.expr.Expression[]" name="args" type="Expression[]"><body><div>the actual arguments supplied</div></body></param></params></method></methods></class><class id="ForEachFn" fulltype="net.sf.saxon.functions.hof.ForEachFn" superclass="SystemFunction" superclassfulltype="net.sf.saxon.functions.SystemFunction" visibility="public"><extends><interface fulltype="net.sf.saxon.functions.SystemFunction" type="SystemFunction"><extends><inherits><interface fulltype="net.sf.saxon.om.Function" type="Function"/></inherits><interface fulltype="net.sf.saxon.functions.AbstractFunction" type="AbstractFunction"/></extends></interface></extends><comment><sentence>This class implements the function fn:for-each() (formerly fn:map), which is a standard function in XQuery 3.0</sentence></comment><fields/><methods><constructor id="ForEachFn" visibility="public"/><method fulltype="net.sf.saxon.om.Sequence" id="call" type="Sequence" visibility="public"><params><param fulltype="net.sf.saxon.expr.XPathContext" name="context" type="XPathContext"/><param fulltype="net.sf.saxon.om.Sequence[]" name="arguments" type="Sequence[]"/></params><exceptions><exception fulltype="net.sf.saxon.trans.XPathException" id="XPathException"/></exceptions></method><method fulltype="net.sf.saxon.type.ItemType" id="getResultItemType" type="ItemType" visibility="public"><comment><sentence>Get the return type, given knowledge of the actual arguments</sentence><return><body><div>the best available item type that the function will return</div></body></return></comment><override-of fulltype="net.sf.saxon.functions.SystemFunction" method="getResultItemType(net.sf.saxon.expr.Expression[])" type="SystemFunction"/><params><param fulltype="net.sf.saxon.expr.Expression[]" name="args" type="Expression[]"><body><div>the actual arguments supplied</div></body></param></params></method></methods></class><class id="ForEachPairFn" fulltype="net.sf.saxon.functions.hof.ForEachPairFn" superclass="SystemFunction" superclassfulltype="net.sf.saxon.functions.SystemFunction" visibility="public"><extends><interface fulltype="net.sf.saxon.functions.SystemFunction" type="SystemFunction"><extends><inherits><interface fulltype="net.sf.saxon.om.Function" type="Function"/></inherits><interface fulltype="net.sf.saxon.functions.AbstractFunction" type="AbstractFunction"/></extends></interface></extends><comment><sentence>This class implements the function fn:for-each-pair() (formerly fn:map-pairs()), which is a standard function in XQuery 3.0</sentence></comment><fields/><methods><constructor id="ForEachPairFn" visibility="public"/><method fulltype="net.sf.saxon.om.Sequence" id="call" type="Sequence" visibility="public"><params><param fulltype="net.sf.saxon.expr.XPathContext" name="context" type="XPathContext"/><param fulltype="net.sf.saxon.om.Sequence[]" name="arguments" type="Sequence[]"/></params><exceptions><exception fulltype="net.sf.saxon.trans.XPathException" id="XPathException"/></exceptions></method><method fulltype="net.sf.saxon.type.ItemType" id="getResultItemType" type="ItemType" visibility="public"><comment><sentence>Get the return type, given knowledge of the actual arguments</sentence><return><body><div>the best available item type that the function will return</div></body></return></comment><override-of fulltype="net.sf.saxon.functions.SystemFunction" method="getResultItemType(net.sf.saxon.expr.Expression[])" type="SystemFunction"/><params><param fulltype="net.sf.saxon.expr.Expression[]" name="args" type="Expression[]"><body><div>the actual arguments supplied</div></body></param></params></method></methods></class><class id="FunctionArity" fulltype="net.sf.saxon.functions.hof.FunctionArity" superclass="SystemFunction" superclassfulltype="net.sf.saxon.functions.SystemFunction" visibility="public"><extends><interface fulltype="net.sf.saxon.functions.SystemFunction" type="SystemFunction"><extends><inherits><interface fulltype="net.sf.saxon.om.Function" type="Function"/></inherits><interface fulltype="net.sf.saxon.functions.AbstractFunction" type="AbstractFunction"/></extends></interface></extends><comment><sentence>This class implements the function function-arity(), which is a standard function in XPath 3.0</sentence></comment><fields/><methods><constructor id="FunctionArity" visibility="public"/><method fulltype="net.sf.saxon.value.IntegerValue" id="call" type="IntegerValue" visibility="public"><comment><sentence>Evaluate the expression</sentence><return><body><div>the result of the evaluation, in the form of a SequenceIterator</div></body></return></comment><params><param fulltype="net.sf.saxon.expr.XPathContext" name="context" type="XPathContext"><body><div>the dynamic evaluation context</div></body></param><param fulltype="net.sf.saxon.om.Sequence[]" name="arguments" type="Sequence[]"><body><div>the values of the arguments, supplied as SequenceIterators</div></body></param></params><exceptions><exception fulltype="net.sf.saxon.trans.XPathException" id="XPathException"><sentence>net.sf.saxon.trans.XPathException
          if a dynamic error occurs during the evaluation of the expression</sentence></exception></exceptions></method><method fulltype="net.sf.saxon.value.IntegerValue[]" id="getIntegerBounds" type="IntegerValue[]" visibility="public"><comment><body><div>For an expression that returns an integer or a sequence of integers, get
 a lower and upper bound on the values of the integers that may be returned, from
 static analysis. The default implementation returns null, meaning "unknown" or
 "not applicable". Other implementations return an array of two IntegerValue objects,
 representing the lower and upper bounds respectively. The values
 UNBOUNDED_LOWER and UNBOUNDED_UPPER are used by convention to indicate that
 the value may be arbitrarily large. The values MAX_STRING_LENGTH and MAX_SEQUENCE_LENGTH
 are used to indicate values limited by the size of a string or the size of a sequence.</div></body><sentence>For an expression that returns an integer or a sequence of integers, get
 a lower and upper bound on the values of the integers that may be returned, from
 static analysis.</sentence><return><body><div>the lower and upper bounds of integer values in the result, or null to indicate
         unknown or not applicable.</div></body></return></comment><override-of fulltype="net.sf.saxon.functions.SystemFunction" method="getIntegerBounds()" type="SystemFunction"/></method></methods></class><class id="FunctionLiteral" fulltype="net.sf.saxon.functions.hof.FunctionLiteral" superclass="Literal" superclassfulltype="net.sf.saxon.expr.Literal" visibility="public"><extends><interface fulltype="net.sf.saxon.expr.Literal" type="Literal"><extends><inherits><interface fulltype="net.sf.saxon.om.IdentityComparable" type="IdentityComparable"/><interface fulltype="net.sf.saxon.expr.ExportAgent" type="ExportAgent"/><interface fulltype="net.sf.saxon.expr.Locatable" type="Locatable"/><interface fulltype="net.sf.saxon.trace.Traceable" type="Traceable"/></inherits><interface fulltype="net.sf.saxon.expr.Expression" type="Expression"/></extends></interface></extends><comment><body><div>A FunctionLiteral is a wrapper around a FunctionItem; it is an expression, whose value is the function
 that it wraps. Note that a FunctionLiteral can be used only where the binding to a specific function is
 statically known. This works for constructor functions, for system functions that have no context
 dependency, and for references to user function (my:f#2) in XQuery, but not in XSLT where the reference
 cannot be fully resolved until separately-compiled packages are linked. In other cases a
 <tag kind="see">net.sf.saxon.functions.hof.UserFunctionReference</tag> is used.</div></body><sentence>A FunctionLiteral is a wrapper around a FunctionItem; it is an expression, whose value is the function
 that it wraps.</sentence></comment><fields/><methods><constructor id="FunctionLiteral" visibility="public"><comment><sentence>Create a literal as a wrapper around a Value</sentence></comment><params><param fulltype="net.sf.saxon.om.Function" name="value" type="Function"><body><div>the value of this literal</div></body></param></params></constructor><method fulltype="int" id="computeCardinality" type="int" visibility="protected"><comment><sentence>Determine the cardinality</sentence></comment><override-of fulltype="net.sf.saxon.expr.Literal" method="computeCardinality()" type="Literal"/></method><method fulltype="int" id="computeHashCode" type="int" visibility="protected"><comment><sentence>Return a hash code to support the equals() function</sentence></comment><override-of fulltype="net.sf.saxon.expr.Literal" method="computeHashCode()" type="Literal"/></method><method fulltype="int" id="computeSpecialProperties" type="int" visibility="protected"><comment><body><div>Compute the static properties of this expression (other than its type). For a
 Value, the only special property is <tag kind="see">net.sf.saxon.expr.StaticProperty#NO_NODES_NEWLY_CREATED</tag>.</div></body><sentence>Compute the static properties of this expression (other than its type).</sentence><return><body><div>the value <tag kind="see">net.sf.saxon.expr.StaticProperty#NO_NODES_NEWLY_CREATED</tag></div></body></return></comment><override-of fulltype="net.sf.saxon.expr.Literal" method="computeSpecialProperties()" type="Literal"/></method><method fulltype="net.sf.saxon.expr.Expression" id="copy" type="Expression" visibility="public"><comment><body><div>Copy an expression. This makes a deep copy.</div></body><sentence>Copy an expression.</sentence><return><body><div>the copy of the original expression</div></body></return></comment><override-of fulltype="net.sf.saxon.expr.Literal" method="copy(net.sf.saxon.expr.parser.RebindingMap)" type="Literal"/><params><param fulltype="net.sf.saxon.expr.parser.RebindingMap" name="rebindings" type="RebindingMap"><body><div>variables to be re-bound</div></body></param></params></method><method fulltype="boolean" id="equals" type="boolean" visibility="public"><comment><sentence>Determine whether two literals are equal, when considered as expressions.</sentence><return><body><div>true if the two literals are equal. The test here requires (a) identity in the
         sense defined by XML Schema (same value in the same value space), and (b) identical type
         annotations. For example the literal xs:int(3) is not equal (as an expression) to xs:short(3),
         because the two expressions are not interchangeable.</div></body></return></comment><override-of fulltype="net.sf.saxon.expr.Literal" method="equals(java.lang.Object)" type="Literal"/><params><param fulltype="java.lang.Object" name="obj" type="Object"><body><div>the other expression</div></body></param></params></method><method fulltype="void" id="export" type="void" visibility="public"><comment><body><div>Diagnostic print of expression structure. The abstract expression tree
 is written to the supplied output destination.</div></body><sentence>Diagnostic print of expression structure.</sentence></comment><override-of fulltype="net.sf.saxon.expr.Literal" method="export(net.sf.saxon.trace.ExpressionPresenter)" type="Literal"/><params><param fulltype="net.sf.saxon.trace.ExpressionPresenter" name="out" type="ExpressionPresenter"/></params><exceptions><exception fulltype="net.sf.saxon.trans.XPathException" id="XPathException"/></exceptions></method><method fulltype="java.lang.String" id="getExpressionName" type="String" visibility="public"><comment><sentence>Get a name identifying the kind of expression, in terms meaningful to a user.</sentence><return><body><div>a name identifying the kind of expression, in terms meaningful to a user.
 The name will always be in the form of a lexical XML QName, and should match the name used
 in export() output displaying the expression.</div></body></return></comment><override-of fulltype="net.sf.saxon.expr.Literal" method="getExpressionName()" type="Literal"/></method><method fulltype="net.sf.saxon.om.Function" id="getGroundedValue" type="Function" visibility="public"><comment><sentence>Get the value represented by this Literal</sentence><return><body><div>the constant value</div></body></return></comment><override-of fulltype="net.sf.saxon.expr.Literal" method="getGroundedValue()" type="Literal"/></method><method fulltype="net.sf.saxon.type.FunctionItemType" id="getItemType" type="FunctionItemType" visibility="public"><comment><sentence>Determine the data type of the items in the expression, if possible</sentence><return><body><div>for the default implementation: AnyItemType (not known)</div></body></return></comment><override-of fulltype="net.sf.saxon.expr.Literal" method="getItemType()" type="Literal"/></method><method fulltype="boolean" id="isVacuousExpression" type="boolean" visibility="public"><comment><sentence>Determine whether this is a vacuous expression as defined in the XQuery update specification</sentence><return><body><div>true if this expression is vacuous</div></body></return></comment><override-of fulltype="net.sf.saxon.expr.Literal" method="isVacuousExpression()" type="Literal"/></method><method fulltype="void" id="setRetainedStaticContext" type="void" visibility="public"><comment><sentence>Set the retained static context</sentence></comment><override-of fulltype="net.sf.saxon.expr.Expression" method="setRetainedStaticContext(net.sf.saxon.expr.parser.RetainedStaticContext)" type="Expression"/><params><param fulltype="net.sf.saxon.expr.parser.RetainedStaticContext" name="rsc" type="RetainedStaticContext"><body><div>the static context to be retained</div></body></param></params></method><method fulltype="net.sf.saxon.expr.Expression" id="simplify" type="Expression" visibility="public"><comment><sentence>Simplify an expression</sentence><return><body><div>for a Value, this always returns the value unchanged</div></body></return></comment><override-of fulltype="net.sf.saxon.expr.Expression" method="simplify()" type="Expression"/><exceptions><exception fulltype="net.sf.saxon.trans.XPathException" id="XPathException"/></exceptions></method><method fulltype="net.sf.saxon.expr.Expression" id="typeCheck" type="Expression" visibility="public"><comment><sentence>TypeCheck an expression</sentence><return><body><div>for a Value, this always returns the value unchanged</div></body></return></comment><override-of fulltype="net.sf.saxon.expr.Literal" method="typeCheck(net.sf.saxon.expr.parser.ExpressionVisitor, net.sf.saxon.expr.parser.ContextItemStaticInfo)" type="Literal"/><params><param fulltype="net.sf.saxon.expr.parser.ExpressionVisitor" name="visitor" type="ExpressionVisitor"/><param fulltype="net.sf.saxon.expr.parser.ContextItemStaticInfo" name="contextInfo" type="ContextItemStaticInfo"/></params><exceptions><exception fulltype="net.sf.saxon.trans.XPathException" id="XPathException"/></exceptions></method></methods></class><class id="FunctionLookup" fulltype="net.sf.saxon.functions.hof.FunctionLookup" superclass="ContextAccessorFunction" superclassfulltype="net.sf.saxon.functions.ContextAccessorFunction" visibility="public"><extends><interface fulltype="net.sf.saxon.functions.ContextAccessorFunction" type="ContextAccessorFunction"><extends><interface fulltype="net.sf.saxon.functions.SystemFunction" type="SystemFunction"><extends><inherits><interface fulltype="net.sf.saxon.om.Function" type="Function"/></inherits><interface fulltype="net.sf.saxon.functions.AbstractFunction" type="AbstractFunction"/></extends></interface></extends></interface></extends><comment><body><div>This class supports the function-lookup() function in XPath 3.0. It takes as arguments
 a function name (QName) and arity, and returns a function item representing that
 function if found, or an empty sequence if not found.</div></body><sentence>This class supports the function-lookup() function in XPath 3.0.</sentence></comment><fields/><methods><constructor id="FunctionLookup" visibility="public"/><method fulltype="net.sf.saxon.om.Function" id="bindContext" type="Function" visibility="public"><comment><body><div>Bind a context item to appear as part of the function's closure. If this method
 has been called, the supplied context item will be used in preference to the
 context item at the point where the function is actually called.</div></body><sentence>Bind a context item to appear as part of the function's closure.</sentence></comment><override-of fulltype="net.sf.saxon.functions.ContextAccessorFunction" method="bindContext(net.sf.saxon.expr.XPathContext)" type="ContextAccessorFunction"/><params><param fulltype="net.sf.saxon.expr.XPathContext" name="context" type="XPathContext"><body><div>the context to which the function applies. Must not be null.</div></body></param></params></method><method fulltype="net.sf.saxon.om.Sequence" id="call" type="Sequence" visibility="public"><comment><sentence>Evaluate the expression</sentence><return><body><div>the result of the evaluation, in the form of a SequenceIterator</div></body></return></comment><override-of fulltype="net.sf.saxon.functions.ContextAccessorFunction" method="call(net.sf.saxon.expr.XPathContext, net.sf.saxon.om.Sequence[])" type="ContextAccessorFunction"/><params><param fulltype="net.sf.saxon.expr.XPathContext" name="context" type="XPathContext"><body><div>the dynamic evaluation context</div></body></param><param fulltype="net.sf.saxon.om.Sequence[]" name="arguments" type="Sequence[]"><body><div>the values of the arguments, supplied as SequenceIterators</div></body></param></params><exceptions><exception fulltype="net.sf.saxon.trans.XPathException" id="XPathException"><sentence>net.sf.saxon.trans.XPathException
          if a dynamic error occurs during the evaluation of the expression</sentence></exception></exceptions></method><method fulltype="boolean" id="equals" type="boolean" visibility="public"><comment><sentence>Determine whether two expressions are equivalent</sentence></comment><override-of fulltype="net.sf.saxon.functions.SystemFunction" method="equals(java.lang.Object)" type="SystemFunction"/><params><param fulltype="java.lang.Object" name="o" type="Object"/></params></method><method fulltype="int" id="hashCode" type="int" visibility="public"><override-of fulltype="net.sf.saxon.functions.SystemFunction" method="hashCode()" type="SystemFunction"/></method><method fulltype="net.sf.saxon.om.Function" id="lookup" type="Function" visibility="public"><params><param fulltype="net.sf.saxon.om.StructuredQName" name="name" type="StructuredQName"/><param fulltype="int" name="arity" type="int"/><param fulltype="net.sf.saxon.expr.XPathContext" name="context" type="XPathContext"/></params><exceptions><exception fulltype="net.sf.saxon.trans.XPathException" id="XPathException"/></exceptions></method><method fulltype="net.sf.saxon.expr.Expression" id="makeFunctionCall" type="Expression" visibility="public"><override-of fulltype="net.sf.saxon.functions.SystemFunction" method="makeFunctionCall(net.sf.saxon.expr.Expression...)" type="SystemFunction"/><params><param fulltype="net.sf.saxon.expr.Expression[]" name="arguments" type="Expression[]"/></params></method></methods><class id="FunctionLookup.FunctionLookupExportAgent" fulltype="net.sf.saxon.functions.hof.FunctionLookup.FunctionLookupExportAgent" static="true" superclass="Object" superclassfulltype="java.lang.Object" visibility="public"><implements><interface fulltype="net.sf.saxon.expr.ExportAgent" type="ExportAgent"/></implements><fields/><methods><constructor id="FunctionLookupExportAgent" visibility="public"><params><param fulltype="net.sf.saxon.functions.hof.FunctionLookup" name="container" type="FunctionLookup"/><param fulltype="net.sf.saxon.value.QNameValue" name="qName" type="QNameValue"/><param fulltype="net.sf.saxon.value.IntegerValue" name="arity" type="IntegerValue"/></params></constructor><method fulltype="void" id="export" type="void" visibility="public"><params><param fulltype="net.sf.saxon.trace.ExpressionPresenter" name="out" type="ExpressionPresenter"/></params><exceptions><exception fulltype="net.sf.saxon.trans.XPathException" id="XPathException"/></exceptions></method></methods></class></class><class id="FunctionName" fulltype="net.sf.saxon.functions.hof.FunctionName" superclass="SystemFunction" superclassfulltype="net.sf.saxon.functions.SystemFunction" visibility="public"><extends><interface fulltype="net.sf.saxon.functions.SystemFunction" type="SystemFunction"><extends><inherits><interface fulltype="net.sf.saxon.om.Function" type="Function"/></inherits><interface fulltype="net.sf.saxon.functions.AbstractFunction" type="AbstractFunction"/></extends></interface></extends><comment><sentence>This class implements the function function-name(), which is a standard function in XPath 3.0</sentence></comment><fields/><methods><constructor id="FunctionName" visibility="public"/><method fulltype="net.sf.saxon.om.Sequence" id="call" type="Sequence" visibility="public"><comment><sentence>Evaluate the expression</sentence><return><body><div>the result of the evaluation, in the form of a Sequence</div></body></return></comment><params><param fulltype="net.sf.saxon.expr.XPathContext" name="context" type="XPathContext"><body><div>the dynamic evaluation context</div></body></param><param fulltype="net.sf.saxon.om.Sequence[]" name="arguments" type="Sequence[]"><body><div>the values of the arguments, supplied as Sequence objects</div></body></param></params><exceptions><exception fulltype="net.sf.saxon.trans.XPathException" id="XPathException"><sentence>net.sf.saxon.trans.XPathException
          if a dynamic error occurs during the evaluation of the expression</sentence></exception></exceptions></method></methods></class><class id="FunctionSequenceCoercer" final="true" fulltype="net.sf.saxon.functions.hof.FunctionSequenceCoercer" superclass="UnaryExpression" superclassfulltype="net.sf.saxon.expr.UnaryExpression" visibility="public"><extends><interface fulltype="net.sf.saxon.expr.UnaryExpression" type="UnaryExpression"><extends><inherits><interface fulltype="net.sf.saxon.om.IdentityComparable" type="IdentityComparable"/><interface fulltype="net.sf.saxon.expr.ExportAgent" type="ExportAgent"/><interface fulltype="net.sf.saxon.expr.Locatable" type="Locatable"/><interface fulltype="net.sf.saxon.trace.Traceable" type="Traceable"/></inherits><interface fulltype="net.sf.saxon.expr.Expression" type="Expression"/></extends></interface></extends><comment><sentence>An FunctionSequenceCoercer is an expression that performs function coercion on a sequence of function items:
 it takes a sequence of supplied items as input, and wraps each one in a CoercedFunction value, which dynamically
 converts the supplied arguments to the required type, and converts the result in the opposite direction, or
 throws a type error if conversion is not possible.</sentence></comment><fields/><methods><constructor id="FunctionSequenceCoercer" visibility="public"><comment><sentence>Constructor</sentence></comment><params><param fulltype="net.sf.saxon.expr.Expression" name="sequence" type="Expression"><body><div>this must be a sequence of function item values. This is not checked; a ClassCastException
                         will occur if the precondition is not satisfied.</div></body></param><param fulltype="net.sf.saxon.type.SpecificFunctionType" name="requiredItemType" type="SpecificFunctionType"><body><div>the function item type to which all items in the sequence should be converted,</div></body></param><param fulltype="net.sf.saxon.expr.parser.RoleDiagnostic" name="role" type="RoleDiagnostic"/></params></constructor><method fulltype="int" id="computeCardinality" type="int" visibility="protected"><comment><sentence>Determine the static cardinality of the expression</sentence></comment><override-of fulltype="net.sf.saxon.expr.UnaryExpression" method="computeCardinality()" type="UnaryExpression"/></method><method fulltype="int" id="computeHashCode" type="int" visibility="protected"><override-of fulltype="net.sf.saxon.expr.UnaryExpression" method="computeHashCode()" type="UnaryExpression"/></method><method fulltype="int" id="computeSpecialProperties" type="int" visibility="protected"><comment><sentence>Determine the special properties of this expression</sentence><return><body><div><tag kind="see">net.sf.saxon.expr.StaticProperty#NO_NODES_NEWLY_CREATED</tag>.</div></body></return></comment><override-of fulltype="net.sf.saxon.expr.UnaryExpression" method="computeSpecialProperties()" type="UnaryExpression"/></method><method fulltype="net.sf.saxon.expr.Expression" id="copy" type="Expression" visibility="public"><comment><body><div>Copy an expression. This makes a deep copy.</div></body><sentence>Copy an expression.</sentence><return><body><div>the copy of the original expression</div></body></return></comment><override-of fulltype="net.sf.saxon.expr.Expression" method="copy(net.sf.saxon.expr.parser.RebindingMap)" type="Expression"/><params><param fulltype="net.sf.saxon.expr.parser.RebindingMap" name="rebindings" type="RebindingMap"><body><div>variables that need to be re-bound</div></body></param></params></method><method fulltype="boolean" id="equals" type="boolean" visibility="public"><comment><sentence>Is this expression the same as another expression?</sentence></comment><override-of fulltype="net.sf.saxon.expr.UnaryExpression" method="equals(java.lang.Object)" type="UnaryExpression"/><params><param fulltype="java.lang.Object" name="other" type="Object"/></params></method><method fulltype="net.sf.saxon.om.Function" id="evaluateItem" type="Function" visibility="public"><comment><body><div>Evaluate as an Item. This should only be called if the FunctionSequenceCoercer has cardinality zero-or-one</div></body><sentence>Evaluate as an Item.</sentence></comment><override-of fulltype="net.sf.saxon.expr.Expression" method="evaluateItem(net.sf.saxon.expr.XPathContext)" type="Expression"/><params><param fulltype="net.sf.saxon.expr.XPathContext" name="context" type="XPathContext"/></params><exceptions><exception fulltype="net.sf.saxon.trans.XPathException" id="XPathException"/></exceptions></method><method fulltype="void" id="export" type="void" visibility="public"><comment><body><div>Diagnostic print of expression structure. The abstract expression tree
 is written to the supplied output destination.</div></body><sentence>Diagnostic print of expression structure.</sentence></comment><override-of fulltype="net.sf.saxon.expr.UnaryExpression" method="export(net.sf.saxon.trace.ExpressionPresenter)" type="UnaryExpression"/><params><param fulltype="net.sf.saxon.trace.ExpressionPresenter" name="destination" type="ExpressionPresenter"/></params><exceptions><exception fulltype="net.sf.saxon.trans.XPathException" id="XPathException"/></exceptions></method><method fulltype="java.lang.String" id="getExpressionName" type="String" visibility="public"><override-of fulltype="net.sf.saxon.expr.Expression" method="getExpressionName()" type="Expression"/></method><method fulltype="int" id="getImplementationMethod" type="int" visibility="public"><comment><body><div>An implementation of Expression must provide at least one of the methods evaluateItem(), iterate(), or process().
 This method indicates which of these methods is provided directly. The other methods will always be available
 indirectly, using an implementation that relies on one of the other methods.</div></body><sentence>An implementation of Expression must provide at least one of the methods evaluateItem(), iterate(), or process().</sentence><return><body><div>the implementation method, for example <tag kind="see">#ITERATE_METHOD</tag> or <tag kind="see">#EVALUATE_METHOD</tag> or
 <tag kind="see">#PROCESS_METHOD</tag></div></body></return></comment><override-of fulltype="net.sf.saxon.expr.Expression" method="getImplementationMethod()" type="Expression"/></method><method fulltype="net.sf.saxon.type.SpecificFunctionType" id="getItemType" type="SpecificFunctionType" visibility="public"><comment><sentence>Determine the data type of the items returned by the expression, if possible</sentence><return><body><div>a value such as Type.STRING, Type.BOOLEAN, Type.NUMBER, Type.NODE,
 or Type.ITEM (meaning not known in advance)</div></body></return></comment><override-of fulltype="net.sf.saxon.expr.UnaryExpression" method="getItemType()" type="UnaryExpression"/></method><method fulltype="net.sf.saxon.expr.OperandRole" id="getOperandRole" type="OperandRole" visibility="protected"><override-of fulltype="net.sf.saxon.expr.UnaryExpression" method="getOperandRole()" type="UnaryExpression"/></method><method fulltype="net.sf.saxon.expr.parser.RoleDiagnostic" id="getRole" type="RoleDiagnostic" visibility="public"><comment><return><body><div>the role locator</div></body></return></comment></method><method fulltype="net.sf.saxon.om.SequenceIterator" id="iterate" type="SequenceIterator" visibility="public"><comment><sentence>Iterate over the sequence of functions, wrapping each one in a CoercedFunction object</sentence></comment><override-of fulltype="net.sf.saxon.expr.Expression" method="iterate(net.sf.saxon.expr.XPathContext)" type="Expression"/><params><param fulltype="net.sf.saxon.expr.XPathContext" name="context" type="XPathContext"/></params><exceptions><exception fulltype="net.sf.saxon.trans.XPathException" id="XPathException"/></exceptions></method><method fulltype="net.sf.saxon.expr.Expression" id="simplify" type="Expression" visibility="public"><comment><sentence>Simplify an expression</sentence></comment><override-of fulltype="net.sf.saxon.expr.Expression" method="simplify()" type="Expression"/><exceptions><exception fulltype="net.sf.saxon.trans.XPathException" id="XPathException"/></exceptions></method><method fulltype="net.sf.saxon.expr.Expression" id="typeCheck" type="Expression" visibility="public"><comment><sentence>Type-check the expression</sentence></comment><override-of fulltype="net.sf.saxon.expr.UnaryExpression" method="typeCheck(net.sf.saxon.expr.parser.ExpressionVisitor, net.sf.saxon.expr.parser.ContextItemStaticInfo)" type="UnaryExpression"/><params><param fulltype="net.sf.saxon.expr.parser.ExpressionVisitor" name="visitor" type="ExpressionVisitor"/><param fulltype="net.sf.saxon.expr.parser.ContextItemStaticInfo" name="contextInfo" type="ContextItemStaticInfo"/></params><exceptions><exception fulltype="net.sf.saxon.trans.XPathException" id="XPathException"/></exceptions></method></methods><class id="FunctionSequenceCoercer.Coercer" fulltype="net.sf.saxon.functions.hof.FunctionSequenceCoercer.Coercer" static="true" superclass="Object" superclassfulltype="java.lang.Object" visibility="public"><implements><interface fulltype="net.sf.saxon.expr.ItemMappingFunction" type="ItemMappingFunction"/></implements><fields/><methods><constructor id="Coercer" visibility="public"><params><param fulltype="net.sf.saxon.type.SpecificFunctionType" name="requiredItemType" type="SpecificFunctionType"/><param fulltype="net.sf.saxon.Configuration" name="config" type="Configuration"/><param fulltype="net.sf.saxon.s9api.Location" name="locator" type="Location"/></params></constructor><method fulltype="net.sf.saxon.om.Function" id="mapItem" type="Function" visibility="public"><params><param fulltype="net.sf.saxon.om.Item" name="item" type="Item"/></params><exceptions><exception fulltype="net.sf.saxon.trans.XPathException" id="XPathException"/></exceptions></method></methods></class></class><class id="LoadXqueryModule" fulltype="net.sf.saxon.functions.hof.LoadXqueryModule" superclass="SystemFunction" superclassfulltype="net.sf.saxon.functions.SystemFunction" visibility="public"><implements><interface fulltype="net.sf.saxon.expr.Callable" type="Callable"/></implements><extends><interface fulltype="net.sf.saxon.functions.SystemFunction" type="SystemFunction"><extends><inherits><interface fulltype="net.sf.saxon.om.Function" type="Function"/></inherits><interface fulltype="net.sf.saxon.functions.AbstractFunction" type="AbstractFunction"/></extends></interface></extends><comment><body><div>This class implements the function load-xquery-module(), which is a standard function in XPath 3.1.
 It is classified as a higher-order function and therefore requires Saxon-PE or higher.</div></body><sentence>This class implements the function load-xquery-module(), which is a standard function in XPath 3.1.</sentence></comment><fields/><methods><constructor id="LoadXqueryModule" visibility="public"/><method fulltype="net.sf.saxon.ma.map.MapItem" id="call" type="MapItem" visibility="public"><comment><sentence>Invoke the function</sentence><return><body><div>the result of invoking the function</div></body></return></comment><params><param fulltype="net.sf.saxon.expr.XPathContext" name="context" type="XPathContext"><body><div>the XPath dynamic evaluation context</div></body></param><param fulltype="net.sf.saxon.om.Sequence[]" name="args" type="Sequence[]"><body><div>the actual arguments to be supplied</div></body></param></params><exceptions><exception fulltype="net.sf.saxon.trans.XPathException" id="XPathException"><sentence>net.sf.saxon.trans.XPathException if a dynamic error occurs within the function</sentence></exception></exceptions></method><method fulltype="net.sf.saxon.expr.XPathContext" id="makeNewContext" type="XPathContext" visibility="public"><comment><sentence>Prepare an XPathContext object for evaluating the function</sentence><return><body><div>a suitable context for evaluating the function (which may or may
 not be the same as the caller's context)</div></body></return></comment><override-of fulltype="net.sf.saxon.functions.AbstractFunction" method="makeNewContext(net.sf.saxon.expr.XPathContext, net.sf.saxon.expr.ContextOriginator)" type="AbstractFunction"/><params><param fulltype="net.sf.saxon.expr.XPathContext" name="callingContext" type="XPathContext"><body><div>the XPathContext of the function calling expression</div></body></param><param fulltype="net.sf.saxon.expr.ContextOriginator" name="originator" type="ContextOriginator"><body><div>identifies the location of the caller for diagnostics</div></body></param></params></method><method fulltype="net.sf.saxon.functions.OptionsParameter" id="makeOptionsParameter" static="true" type="OptionsParameter" visibility="public"/></methods></class><class id="PartialApply" fulltype="net.sf.saxon.functions.hof.PartialApply" superclass="Expression" superclassfulltype="net.sf.saxon.expr.Expression" visibility="public"><extends><inherits><interface fulltype="net.sf.saxon.om.IdentityComparable" type="IdentityComparable"/><interface fulltype="net.sf.saxon.expr.ExportAgent" type="ExportAgent"/><interface fulltype="net.sf.saxon.expr.Locatable" type="Locatable"/><interface fulltype="net.sf.saxon.trace.Traceable" type="Traceable"/></inherits><interface fulltype="net.sf.saxon.expr.Expression" type="Expression"/></extends><comment><body><div>This expression class implements the operation of currying (or performing partial application) of a function.
 That is, it takes a function and a set of argument bindings as input, and produces a new function as output.</div></body><sentence>This expression class implements the operation of currying (or performing partial application) of a function.</sentence></comment><fields/><methods><constructor id="PartialApply" visibility="public"><comment><sentence>Create a partial function application expression</sentence></comment><params><param fulltype="net.sf.saxon.expr.Expression" name="base" type="Expression"><body><div>the expression that returns the function to be called</div></body></param><param fulltype="net.sf.saxon.expr.Expression[]" name="boundArguments" type="Expression[]"><body><div>an array in which each element is either an expression to be bound to the corresponding
                       argument, or null to represent a placeholder ("?" in the source syntax)</div></body></param></params></constructor><method fulltype="int" id="computeCardinality" type="int" visibility="protected"><override-of fulltype="net.sf.saxon.expr.Expression" method="computeCardinality()" type="Expression"/></method><method fulltype="int" id="computeHashCode" type="int" visibility="protected"><comment><sentence>Hashcode supporting equals()</sentence></comment><override-of fulltype="net.sf.saxon.expr.Expression" method="computeHashCode()" type="Expression"/></method><method fulltype="net.sf.saxon.expr.Expression" id="copy" type="Expression" visibility="public"><override-of fulltype="net.sf.saxon.expr.Expression" method="copy(net.sf.saxon.expr.parser.RebindingMap)" type="Expression"/><params><param fulltype="net.sf.saxon.expr.parser.RebindingMap" name="rebindings" type="RebindingMap"/></params></method><method fulltype="boolean" id="equals" type="boolean" visibility="public"><comment><sentence>Is this expression the same as another expression?</sentence><return><body><div>true if the two expressions are statically equivalent</div></body></return></comment><override-of fulltype="net.sf.saxon.expr.Expression" method="equals(java.lang.Object)" type="Expression"/><params><param fulltype="java.lang.Object" name="other" type="Object"><body><div>the expression to be compared with this one</div></body></param></params></method><method fulltype="net.sf.saxon.om.Function" id="evaluateItem" type="Function" visibility="public"><comment><sentence>Evaluate this expression at run-time</sentence><return><body><div>the result of the function, or null to represent an empty sequence</div></body></return></comment><override-of fulltype="net.sf.saxon.expr.Expression" method="evaluateItem(net.sf.saxon.expr.XPathContext)" type="Expression"/><params><param fulltype="net.sf.saxon.expr.XPathContext" name="context" type="XPathContext"><body><div>The XPath dynamic evaluation context</div></body></param></params><exceptions><exception fulltype="net.sf.saxon.trans.XPathException" id="XPathException"><sentence>net.sf.saxon.trans.XPathException
          if a dynamic error occurs during evaluation of the function.</sentence></exception></exceptions></method><method fulltype="void" id="export" type="void" visibility="public"><override-of fulltype="net.sf.saxon.expr.Expression" method="export(net.sf.saxon.trace.ExpressionPresenter)" type="Expression"/><params><param fulltype="net.sf.saxon.trace.ExpressionPresenter" name="out" type="ExpressionPresenter"/></params><exceptions><exception fulltype="net.sf.saxon.trans.XPathException" id="XPathException"/></exceptions></method><method fulltype="net.sf.saxon.expr.Expression" id="getArgument" type="Expression" visibility="public"><params><param fulltype="int" name="n" type="int"/></params></method><method fulltype="net.sf.saxon.expr.Expression" id="getBaseExpression" type="Expression" visibility="public"/><method fulltype="java.lang.String" id="getExpressionName" type="String" visibility="public"><comment><sentence>Get a name identifying the kind of expression, in terms meaningful to a user.</sentence><return><body><div>a name identifying the kind of expression, in terms meaningful to a user.
 The name will always be in the form of a lexical XML QName, and should match the name used
 in export() output displaying the expression.</div></body></return></comment><override-of fulltype="net.sf.saxon.expr.Expression" method="getExpressionName()" type="Expression"/></method><method fulltype="int" id="getImplementationMethod" type="int" visibility="public"><override-of fulltype="net.sf.saxon.expr.Expression" method="getImplementationMethod()" type="Expression"/></method><method fulltype="net.sf.saxon.type.ItemType" id="getItemType" type="ItemType" visibility="public"><override-of fulltype="net.sf.saxon.expr.Expression" method="getItemType()" type="Expression"/></method><method fulltype="int" id="getNumberOfArguments" type="int" visibility="public"/><method fulltype="int" id="getNumberOfPlaceHolders" type="int" visibility="public"/><method fulltype="java.lang.Iterable" id="operands" type="Iterable" visibility="public"><type fulltype="net.sf.saxon.expr.Operand" type="Operand"/><override-of fulltype="net.sf.saxon.expr.Expression" method="operands()" type="Expression"/></method><method fulltype="void" id="setBaseExpression" type="void" visibility="public"><params><param fulltype="net.sf.saxon.expr.Expression" name="base" type="Expression"/></params></method><method fulltype="java.lang.String" id="toString" type="String" visibility="public"><comment><body><div><p>The toString() method for an expression attempts to give a representation of the expression
 in an XPath-like form.</p>
 <p>For subclasses of Expression that represent XPath expressions, the result should always be a string that
 parses as an XPath 3.0 expression. The expression produced should be equivalent to the original making certain
 assumptions about the static context. In general the expansion will make no assumptions about namespace bindings,
 except that (a) the prefix "xs" is used to refer to the XML Schema namespace, and (b) the default funcion namespace
 is assumed to be the "fn" namespace.</p>
 <p>In the case of XSLT instructions and XQuery expressions, the toString() method gives an abstracted view of the syntax
 that is not designed in general to be parseable.</p></div></body><sentence>The toString() method for an expression attempts to give a representation of the expression
 in an XPath-like form.</sentence><return><body><div>a representation of the expression as a string</div></body></return></comment><override-of fulltype="net.sf.saxon.expr.Expression" method="toString()" type="Expression"/></method><method fulltype="net.sf.saxon.expr.Expression" id="typeCheck" type="Expression" visibility="public"><override-of fulltype="net.sf.saxon.expr.Expression" method="typeCheck(net.sf.saxon.expr.parser.ExpressionVisitor, net.sf.saxon.expr.parser.ContextItemStaticInfo)" type="Expression"/><params><param fulltype="net.sf.saxon.expr.parser.ExpressionVisitor" name="visitor" type="ExpressionVisitor"/><param fulltype="net.sf.saxon.expr.parser.ContextItemStaticInfo" name="contextInfo" type="ContextItemStaticInfo"/></params><exceptions><exception fulltype="net.sf.saxon.trans.XPathException" id="XPathException"/></exceptions></method></methods></class><class id="RandomNumberGenerator" fulltype="net.sf.saxon.functions.hof.RandomNumberGenerator" superclass="SystemFunction" superclassfulltype="net.sf.saxon.functions.SystemFunction" visibility="public"><implements><interface fulltype="net.sf.saxon.expr.Callable" type="Callable"/></implements><extends><interface fulltype="net.sf.saxon.functions.SystemFunction" type="SystemFunction"><extends><inherits><interface fulltype="net.sf.saxon.om.Function" type="Function"/></inherits><interface fulltype="net.sf.saxon.functions.AbstractFunction" type="AbstractFunction"/></extends></interface></extends><comment><sentence>This class implements the function random-number-generator(), which is a standard function in XPath 3.1</sentence></comment><fields><field final="true" fulltype="net.sf.saxon.ma.map.MapType" id="RETURN_TYPE" static="true" type="MapType" visibility="public"/></fields><methods><constructor id="RandomNumberGenerator" visibility="public"/><method fulltype="net.sf.saxon.om.Sequence" id="call" type="Sequence" visibility="public"><params><param fulltype="net.sf.saxon.expr.XPathContext" name="context" type="XPathContext"/><param fulltype="net.sf.saxon.om.Sequence[]" name="arguments" type="Sequence[]"/></params><exceptions><exception fulltype="net.sf.saxon.trans.XPathException" id="XPathException"/></exceptions></method></methods></class><class id="Sort_3" fulltype="net.sf.saxon.functions.hof.Sort_3" superclass="Sort_2" superclassfulltype="net.sf.saxon.functions.Sort_2" visibility="public"><extends><interface fulltype="net.sf.saxon.functions.Sort_2" type="Sort_2"><extends><interface fulltype="net.sf.saxon.functions.Sort_1" type="Sort_1"><extends><interface fulltype="net.sf.saxon.functions.SystemFunction" type="SystemFunction"><extends><inherits><interface fulltype="net.sf.saxon.om.Function" type="Function"/></inherits><interface fulltype="net.sf.saxon.functions.AbstractFunction" type="AbstractFunction"/></extends></interface></extends></interface></extends></interface></extends><comment><sentence>This class implements the function fn:sort#2, which is a higher-order function in XPath 3.1
 available only in Saxon-PE and above</sentence></comment><fields/><methods><constructor id="Sort_3" visibility="public"/><method fulltype="net.sf.saxon.om.Sequence" id="call" type="Sequence" visibility="public"><comment><sentence>Evaluate the expression</sentence><return><body><div>the result of the evaluation, in the form of a SequenceIterator</div></body></return></comment><override-of fulltype="net.sf.saxon.functions.Sort_2" method="call(net.sf.saxon.expr.XPathContext, net.sf.saxon.om.Sequence[])" type="Sort_2"/><params><param fulltype="net.sf.saxon.expr.XPathContext" name="context" type="XPathContext"><body><div>the dynamic evaluation context</div></body></param><param fulltype="net.sf.saxon.om.Sequence[]" name="arguments" type="Sequence[]"><body><div>the values of the arguments, supplied as SequenceIterators</div></body></param></params><exceptions><exception fulltype="net.sf.saxon.trans.XPathException" id="XPathException"><sentence>XPathException if a dynamic error occurs during the evaluation of the expression</sentence></exception></exceptions></method></methods></class><class id="SystemFunctionWithBoundContextItem" fulltype="net.sf.saxon.functions.hof.SystemFunctionWithBoundContextItem" superclass="AbstractFunction" superclassfulltype="net.sf.saxon.functions.AbstractFunction" visibility="public"><extends><inherits><interface fulltype="net.sf.saxon.om.Function" type="Function"/></inherits><interface fulltype="net.sf.saxon.functions.AbstractFunction" type="AbstractFunction"/></extends><comment><sentence>A Callable that wraps another Callable and a Dynamic Context, in effect acting as a closure that
 executes the original callable with a saved context.</sentence></comment><fields/><methods><constructor id="SystemFunctionWithBoundContextItem" visibility="public"><params><param fulltype="net.sf.saxon.functions.SystemFunction" name="target" type="SystemFunction"/><param fulltype="net.sf.saxon.expr.XPathContext" name="context" type="XPathContext"/></params></constructor><method fulltype="net.sf.saxon.om.Sequence" id="call" type="Sequence" visibility="public"><comment><sentence>Evaluate the expression</sentence><return><body><div>the result of the evaluation, in the form of a SequenceIterator</div></body></return></comment><params><param fulltype="net.sf.saxon.expr.XPathContext" name="context" type="XPathContext"><body><div>the dynamic evaluation context</div></body></param><param fulltype="net.sf.saxon.om.Sequence[]" name="arguments" type="Sequence[]"><body><div>the values of the arguments, supplied as SequenceIterators</div></body></param></params><exceptions><exception fulltype="net.sf.saxon.trans.XPathException" id="XPathException"><sentence>XPathException
          if a dynamic error occurs during the evaluation of the expression</sentence></exception></exceptions></method><method fulltype="int" id="getArity" type="int" visibility="public"><comment><sentence>Get the arity of the function</sentence><return><body><div>the number of arguments in the function signature</div></body></return></comment></method><method fulltype="java.lang.String" id="getDescription" type="String" visibility="public"><comment><body><div>Get a description of this function for use in error messages. For named functions, the description
 is the function name (as a lexical QName). For others, it might be, for example, "inline function",
 or "partially-applied ends-with function".</div></body><sentence>Get a description of this function for use in error messages.</sentence><return><body><div>a description of the function for use in error messages</div></body></return></comment></method><method fulltype="net.sf.saxon.type.FunctionItemType" id="getFunctionItemType" type="FunctionItemType" visibility="public"><comment><sentence>Get the item type of the function item</sentence><return><body><div>the function item's type</div></body></return></comment></method><method fulltype="net.sf.saxon.om.StructuredQName" id="getFunctionName" type="StructuredQName" visibility="public"><comment><sentence>Get the name of the function, or null if it is anonymous</sentence><return><body><div>the function name, or null for an anonymous inline function</div></body></return></comment></method></methods></class><class id="UnresolvedXQueryFunctionItem" fulltype="net.sf.saxon.functions.hof.UnresolvedXQueryFunctionItem" superclass="AbstractFunction" superclassfulltype="net.sf.saxon.functions.AbstractFunction" visibility="public"><extends><inherits><interface fulltype="net.sf.saxon.om.Function" type="Function"/></inherits><interface fulltype="net.sf.saxon.functions.AbstractFunction" type="AbstractFunction"/></extends><fields/><methods><constructor id="UnresolvedXQueryFunctionItem" visibility="public"><params><param fulltype="net.sf.saxon.query.XQueryFunction" name="fd" type="XQueryFunction"/><param fulltype="net.sf.saxon.trans.SymbolicName.F" name="functionName" type="SymbolicName.F"/><param fulltype="net.sf.saxon.functions.hof.UserFunctionReference" name="ref" type="UserFunctionReference"/></params></constructor><method fulltype="net.sf.saxon.om.Sequence" id="call" type="Sequence" visibility="public"><params><param fulltype="net.sf.saxon.expr.XPathContext" name="context" type="XPathContext"/><param fulltype="net.sf.saxon.om.Sequence[]" name="args" type="Sequence[]"/></params><exceptions><exception fulltype="net.sf.saxon.trans.XPathException" id="XPathException"/></exceptions></method><method fulltype="int" id="getArity" type="int" visibility="public"/><method fulltype="java.lang.String" id="getDescription" type="String" visibility="public"/><method fulltype="net.sf.saxon.type.FunctionItemType" id="getFunctionItemType" type="FunctionItemType" visibility="public"/><method fulltype="net.sf.saxon.om.StructuredQName" id="getFunctionName" type="StructuredQName" visibility="public"/><method fulltype="net.sf.saxon.functions.hof.UserFunctionReference" id="getFunctionReference" type="UserFunctionReference" visibility="public"/></methods></class><class id="UserFunctionReference" fulltype="net.sf.saxon.functions.hof.UserFunctionReference" superclass="Expression" superclassfulltype="net.sf.saxon.expr.Expression" visibility="public"><implements><interface fulltype="net.sf.saxon.expr.ComponentInvocation" type="ComponentInvocation"/><interface fulltype="net.sf.saxon.expr.UserFunctionResolvable" type="UserFunctionResolvable"/><interface fulltype="net.sf.saxon.expr.Callable" type="Callable"/></implements><extends><inherits><interface fulltype="net.sf.saxon.om.IdentityComparable" type="IdentityComparable"/><interface fulltype="net.sf.saxon.expr.ExportAgent" type="ExportAgent"/><interface fulltype="net.sf.saxon.expr.Locatable" type="Locatable"/><interface fulltype="net.sf.saxon.trace.Traceable" type="Traceable"/></inherits><interface fulltype="net.sf.saxon.expr.Expression" type="Expression"/></extends><comment><body><div>A UserFunctionReference is an expression in the form local:f#1 where local:f is a user-defined function.
 Evaluating the expression returns a function item. The reason that UserFunctionReference is treated
 as an expression rather than a value is that the binding to the actual function may be deferred, for
 example if the function is overridden in a different package.</div></body><sentence>A UserFunctionReference is an expression in the form local:f#1 where local:f is a user-defined function.</sentence></comment><fields/><methods><constructor id="UserFunctionReference" visibility="public"><params><param fulltype="net.sf.saxon.expr.instruct.UserFunction" name="target" type="UserFunction"/></params></constructor><constructor id="UserFunctionReference" visibility="public"><params><param fulltype="net.sf.saxon.trans.SymbolicName" name="name" type="SymbolicName"/></params></constructor><method fulltype="net.sf.saxon.om.Function" id="call" type="Function" visibility="public"><comment><sentence>Call the Callable.</sentence><return><body><div>the result of the evaluation, in the form of a Sequence. It is the responsibility
 of the callee to ensure that the type of result conforms to the expected result type.</div></body></return></comment><params><param fulltype="net.sf.saxon.expr.XPathContext" name="context" type="XPathContext"><body><div>the dynamic evaluation context</div></body></param><param fulltype="net.sf.saxon.om.Sequence[]" name="arguments" type="Sequence[]"><body><div>the values of the arguments, supplied as Sequences.
                  <p>Generally it is advisable, if calling iterate() to process a supplied sequence, to
                  call it only once; if the value is required more than once, it should first be converted
                  to a <tag kind="see">net.sf.saxon.om.GroundedValue</tag> by calling the utility method
                  SequenceTool.toGroundedValue().</p>
                  <p>If the expected value is a single item, the item should be obtained by calling
                  Sequence.head(): it cannot be assumed that the item will be passed as an instance of
                  <tag kind="see">net.sf.saxon.om.Item</tag> or <tag kind="see">net.sf.saxon.value.AtomicValue</tag>.</p>
                  <p>It is the caller's responsibility to perform any type conversions required
                  to convert arguments to the type expected by the callee. An exception is where
                  this Callable is explicitly an argument-converting wrapper around the original
                  Callable.</p></div></body></param></params><exceptions><exception fulltype="net.sf.saxon.trans.XPathException" id="XPathException"><sentence>XPathException if a dynamic error occurs during the evaluation of the expression</sentence></exception></exceptions></method><method fulltype="int" id="computeCardinality" type="int" visibility="protected"><comment><sentence>Compute the static cardinality of this expression</sentence><return><body><div>the computed cardinality, as one of the values <tag kind="see">net.sf.saxon.expr.StaticProperty#ALLOWS_ZERO_OR_ONE</tag>,
 <tag kind="see">net.sf.saxon.expr.StaticProperty#EXACTLY_ONE</tag>, <tag kind="see">net.sf.saxon.expr.StaticProperty#ALLOWS_ONE_OR_MORE</tag>,
 <tag kind="see">net.sf.saxon.expr.StaticProperty#ALLOWS_ZERO_OR_MORE</tag></div></body></return></comment><override-of fulltype="net.sf.saxon.expr.Expression" method="computeCardinality()" type="Expression"/></method><method fulltype="net.sf.saxon.expr.Expression" id="copy" type="Expression" visibility="public"><comment><body><div>Copy an expression. This makes a deep copy.</div></body><sentence>Copy an expression.</sentence><return><body><div>the copy of the original expression</div></body></return></comment><override-of fulltype="net.sf.saxon.expr.Expression" method="copy(net.sf.saxon.expr.parser.RebindingMap)" type="Expression"/><params><param fulltype="net.sf.saxon.expr.parser.RebindingMap" name="rebindings" type="RebindingMap"><body><div>variables that need to be re-bound</div></body></param></params></method><method fulltype="net.sf.saxon.om.Function" id="evaluateItem" type="Function" visibility="public"><comment><body><div>Evaluate an expression as a single item. This always returns either a single Item or
 null (denoting the empty sequence). No conversion is done. This method should not be
 used unless the static type of the expression is a subtype of "item" or "item?": that is,
 it should not be called if the expression may return a sequence. There is no guarantee that
 this condition will be detected.</div></body><sentence>Evaluate an expression as a single item.</sentence><return><body><div>the node or atomic value that results from evaluating the
 expression; or null to indicate that the result is an empty
 sequence</div></body></return></comment><override-of fulltype="net.sf.saxon.expr.Expression" method="evaluateItem(net.sf.saxon.expr.XPathContext)" type="Expression"/><params><param fulltype="net.sf.saxon.expr.XPathContext" name="context" type="XPathContext"><body><div>The context in which the expression is to be evaluated</div></body></param></params><exceptions><exception fulltype="net.sf.saxon.trans.XPathException" id="XPathException"><sentence>net.sf.saxon.trans.XPathException if any dynamic error occurs evaluating the
                                           expression</sentence></exception></exceptions></method><method fulltype="void" id="export" type="void" visibility="public"><override-of fulltype="net.sf.saxon.expr.Expression" method="export(net.sf.saxon.trace.ExpressionPresenter)" type="Expression"/><params><param fulltype="net.sf.saxon.trace.ExpressionPresenter" name="out" type="ExpressionPresenter"/></params><exceptions><exception fulltype="net.sf.saxon.trans.XPathException" id="XPathException"/></exceptions></method><method fulltype="int" id="getArity" type="int" visibility="public"><comment><sentence>Get the arity of the function</sentence><return><body><div>the number of arguments in the function signature</div></body></return></comment></method><method fulltype="int" id="getBindingSlot" type="int" visibility="public"><comment><body><div>Get the binding slot to be used. This is the offset within the binding vector of the containing
 component where the actual target component is to be found.</div></body><sentence>Get the binding slot to be used.</sentence><return><body><div>the offset in the binding vector of the containing package where the target component
 can be found.</div></body></return></comment></method><method fulltype="java.lang.String" id="getExpressionName" type="String" visibility="public"><override-of fulltype="net.sf.saxon.expr.Expression" method="getExpressionName()" type="Expression"/></method><method fulltype="net.sf.saxon.expr.Component" id="getFixedTarget" type="Component" visibility="public"><comment><body><div>Get the target component if this is known in advance, that is, if the target component
 is private or final. Otherwise, return null.</div></body><sentence>Get the target component if this is known in advance, that is, if the target component
 is private or final.</sentence><return><body><div>the bound component if the binding has been fixed</div></body></return></comment></method><method fulltype="net.sf.saxon.type.FunctionItemType" id="getFunctionItemType" type="FunctionItemType" visibility="public"><comment><sentence>Get the item type of the function item</sentence><return><body><div>the function item's type</div></body></return></comment><params><param fulltype="net.sf.saxon.type.TypeHierarchy" name="th" type="TypeHierarchy"><body><div>the type hierarchy cache</div></body></param></params></method><method fulltype="net.sf.saxon.om.StructuredQName" id="getFunctionName" type="StructuredQName" visibility="public"><comment><sentence>Get the name of the function, or null if it is anonymous</sentence><return><body><div>the function name, or null for an anonymous inline function</div></body></return></comment></method><method fulltype="int" id="getImplementationMethod" type="int" visibility="public"><comment><body><div>An implementation of Expression must provide at least one of the methods evaluateItem(), iterate(), or process().
 This method indicates which of these methods is provided directly. The other methods will always be available
 indirectly, using an implementation that relies on one of the other methods.</div></body><sentence>An implementation of Expression must provide at least one of the methods evaluateItem(), iterate(), or process().</sentence><return><body><div>the implementation method, for example <tag kind="see">#ITERATE_METHOD</tag> or <tag kind="see">#EVALUATE_METHOD</tag> or
 <tag kind="see">#PROCESS_METHOD</tag></div></body></return></comment><override-of fulltype="net.sf.saxon.expr.Expression" method="getImplementationMethod()" type="Expression"/></method><method fulltype="net.sf.saxon.type.ItemType" id="getItemType" type="ItemType" visibility="public"><comment><body><div>Determine the data type of the expression, if possible. All expression return
 sequences, in general; this method determines the type of the items within the
 sequence, assuming that (a) this is known in advance, and (b) it is the same for
 all items in the sequence.
 <p>This method should always return a result, though it may be the best approximation
 that is available at the time.</p></div></body><sentence>Determine the data type of the expression, if possible.</sentence><return><body><div>a value such as Type.STRING, Type.BOOLEAN, Type.NUMBER,
 Type.NODE, or Type.ITEM (meaning not known at compile time)</div></body></return></comment><override-of fulltype="net.sf.saxon.expr.Expression" method="getItemType()" type="Expression"/></method><method fulltype="net.sf.saxon.expr.instruct.UserFunction" id="getNominalTarget" type="UserFunction" visibility="public"/><method fulltype="net.sf.saxon.type.UType" id="getStaticUType" type="UType" visibility="public"><comment><sentence>Get the static type of the expression as a UType, following precisely the type
 inference rules defined in the XSLT 3.0 specification.</sentence><return><body><div>the static item type of the expression according to the XSLT 3.0 defined rules</div></body></return></comment><override-of fulltype="net.sf.saxon.expr.Expression" method="getStaticUType(net.sf.saxon.type.UType)" type="Expression"/><params><param fulltype="net.sf.saxon.type.UType" name="contextItemType" type="UType"><body><div>the static type of the context item</div></body></param></params></method><method fulltype="net.sf.saxon.trans.SymbolicName" id="getSymbolicName" type="SymbolicName" visibility="public"><comment><sentence>Get the symbolic name of the component that this invocation references</sentence><return><body><div>the symbolic name of the target component</div></body></return></comment></method><method fulltype="net.sf.saxon.expr.Expression" id="optimize" type="Expression" visibility="public"><comment><body><div>Perform optimisation of an expression and its subexpressions. This is the third and final
 phase of static optimization.
 <p>This method is called after all references to functions and variables have been resolved
 to the declaration of the function or variable, and after all type checking has been done.</p></div></body><sentence>Perform optimisation of an expression and its subexpressions.</sentence><return><body><div>the original expression, rewritten if appropriate to optimize execution</div></body></return></comment><override-of fulltype="net.sf.saxon.expr.Expression" method="optimize(net.sf.saxon.expr.parser.ExpressionVisitor, net.sf.saxon.expr.parser.ContextItemStaticInfo)" type="Expression"/><params><param fulltype="net.sf.saxon.expr.parser.ExpressionVisitor" name="visitor" type="ExpressionVisitor"><body><div>an expression visitor</div></body></param><param fulltype="net.sf.saxon.expr.parser.ContextItemStaticInfo" name="contextInfo" type="ContextItemStaticInfo"><body><div>the static type of "." at the point where this expression is invoked.
                    The parameter is set to null if it is known statically that the context item will be undefined.
                    If the type of the context item is not known statically, the argument is set to
                    <tag kind="see">net.sf.saxon.type.Type#ITEM_TYPE</tag></div></body></param></params><exceptions><exception fulltype="net.sf.saxon.trans.XPathException" id="XPathException"><sentence>XPathException if an error is discovered during this phase
                        (typically a type error)</sentence></exception></exceptions></method><method fulltype="void" id="setBindingSlot" type="void" visibility="public"><comment><body><div>Set the binding slot to be used. This is the offset within the binding vector of the containing
 component where the actual target component is to be found. The target template is not held directly
 in the invocation instruction/expression itself because it can be overridden in a using package.</div></body><sentence>Set the binding slot to be used.</sentence></comment><params><param fulltype="int" name="slot" type="int"><body><div>the offset in the binding vector of the containing package where the target component
             can be found.</div></body></param></params></method><method fulltype="void" id="setFunction" type="void" visibility="public"><params><param fulltype="net.sf.saxon.expr.instruct.UserFunction" name="function" type="UserFunction"/></params></method><method fulltype="net.sf.saxon.expr.Expression" id="simplify" type="Expression" visibility="public"><override-of fulltype="net.sf.saxon.expr.Expression" method="simplify()" type="Expression"/><exceptions><exception fulltype="net.sf.saxon.trans.XPathException" id="XPathException"/></exceptions></method><method fulltype="java.lang.String" id="toShortString" type="String" visibility="public"><override-of fulltype="net.sf.saxon.expr.Expression" method="toShortString()" type="Expression"/></method><method fulltype="java.lang.String" id="toString" type="String" visibility="public"><override-of fulltype="net.sf.saxon.expr.Expression" method="toString()" type="Expression"/></method><method fulltype="net.sf.saxon.expr.Expression" id="typeCheck" type="Expression" visibility="public"><comment><body><div>Perform type checking of an expression and its subexpressions. This is the second phase of
 static optimization.
 <p>This checks statically that the operands of the expression have
 the correct type; if necessary it generates code to do run-time type checking or type
 conversion. A static type error is reported only if execution cannot possibly succeed, that
 is, if a run-time type error is inevitable. The call may return a modified form of the expression.</p>
 <p>This method is called after all references to functions and variables have been resolved
 to the declaration of the function or variable. However, the types of such functions and
 variables may not be accurately known if they have not been explicitly declared.</p></div></body><sentence>Perform type checking of an expression and its subexpressions.</sentence><return><body><div>the original expression, rewritten to perform necessary run-time type checks,
 and to perform other type-related optimizations</div></body></return></comment><override-of fulltype="net.sf.saxon.expr.Expression" method="typeCheck(net.sf.saxon.expr.parser.ExpressionVisitor, net.sf.saxon.expr.parser.ContextItemStaticInfo)" type="Expression"/><params><param fulltype="net.sf.saxon.expr.parser.ExpressionVisitor" name="visitor" type="ExpressionVisitor"><body><div>an expression visitor</div></body></param><param fulltype="net.sf.saxon.expr.parser.ContextItemStaticInfo" name="contextInfo" type="ContextItemStaticInfo"><body><div>Information available statically about the context item: whether it is (possibly)
                    absent; its static type; its streaming posture.</div></body></param></params><exceptions><exception fulltype="net.sf.saxon.trans.XPathException" id="XPathException"><sentence>XPathException if an error is discovered during this phase
                        (typically a type error)</sentence></exception></exceptions></method></methods><class id="UserFunctionReference.BoundUserFunction" fulltype="net.sf.saxon.functions.hof.UserFunctionReference.BoundUserFunction" static="true" superclass="AbstractFunction" superclassfulltype="net.sf.saxon.functions.AbstractFunction" visibility="public"><implements><interface fulltype="net.sf.saxon.expr.ContextOriginator" type="ContextOriginator"/></implements><extends><inherits><interface fulltype="net.sf.saxon.om.Function" type="Function"/></inherits><interface fulltype="net.sf.saxon.functions.AbstractFunction" type="AbstractFunction"/></extends><comment><body><div>A BoundUserFunction represents a user-defined function seen as a component. A single source-level
 XSLT function may be the actor in several different components (in different stylesheet packages).
 Although the code of the function is identical in each case, the bindings to other stylesheet components
 may be different.</div></body><sentence>A BoundUserFunction represents a user-defined function seen as a component.</sentence></comment><fields/><methods><constructor id="BoundUserFunction" visibility="public"><params><param fulltype="net.sf.saxon.expr.ExportAgent" name="agent" type="ExportAgent"/><param fulltype="net.sf.saxon.om.Function" name="function" type="Function"/><param fulltype="net.sf.saxon.expr.Component" name="component" type="Component"/><param fulltype="net.sf.saxon.Controller" name="controller" type="Controller"/></params></constructor><method fulltype="net.sf.saxon.om.Sequence" id="call" type="Sequence" visibility="public"><params><param fulltype="net.sf.saxon.expr.XPathContext" name="context" type="XPathContext"/><param fulltype="net.sf.saxon.om.Sequence[]" name="args" type="Sequence[]"/></params><exceptions><exception fulltype="net.sf.saxon.trans.XPathException" id="XPathException"/></exceptions></method><method fulltype="void" id="export" type="void" visibility="public"><override-of fulltype="net.sf.saxon.functions.AbstractFunction" method="export(net.sf.saxon.trace.ExpressionPresenter)" type="AbstractFunction"/><params><param fulltype="net.sf.saxon.trace.ExpressionPresenter" name="out" type="ExpressionPresenter"/></params><exceptions><exception fulltype="net.sf.saxon.trans.XPathException" id="XPathException"/></exceptions></method><method fulltype="net.sf.saxon.query.AnnotationList" id="getAnnotations" type="AnnotationList" visibility="public"><override-of fulltype="net.sf.saxon.functions.AbstractFunction" method="getAnnotations()" type="AbstractFunction"/></method><method fulltype="int" id="getArity" type="int" visibility="public"/><method fulltype="net.sf.saxon.Controller" id="getController" type="Controller" visibility="public"/><method fulltype="java.lang.String" id="getDescription" type="String" visibility="public"/><method fulltype="net.sf.saxon.type.FunctionItemType" id="getFunctionItemType" type="FunctionItemType" visibility="public"/><method fulltype="net.sf.saxon.om.StructuredQName" id="getFunctionName" type="StructuredQName" visibility="public"/><method fulltype="net.sf.saxon.om.Function" id="getTargetFunction" type="Function" visibility="public"/><method fulltype="net.sf.saxon.expr.XPathContext" id="makeNewContext" type="XPathContext" visibility="public"><override-of fulltype="net.sf.saxon.functions.AbstractFunction" method="makeNewContext(net.sf.saxon.expr.XPathContext, net.sf.saxon.expr.ContextOriginator)" type="AbstractFunction"/><params><param fulltype="net.sf.saxon.expr.XPathContext" name="oldContext" type="XPathContext"/><param fulltype="net.sf.saxon.expr.ContextOriginator" name="originator" type="ContextOriginator"/></params></method></methods></class></class></package>