<?xml version="1.0" encoding="UTF-8"?><package id="net.sf.saxon.ma.trie"><class id="ImmutableHashTrieMap" abstract="true" fulltype="net.sf.saxon.ma.trie.ImmutableHashTrieMap" superclass="Object" superclassfulltype="java.lang.Object" visibility="public"><type fulltype="K" type="K"/><type fulltype="V" type="V"/><paramtypes><type name="K"/><type name="V"/></paramtypes><implements><interface fulltype="net.sf.saxon.ma.trie.ImmutableMap" type="ImmutableMap"><type fulltype="K" type="K"/><type fulltype="V" type="V"/><paramtypes><type name="K"/><type name="V"/></paramtypes></interface><interface fulltype="java.lang.Iterable" type="Iterable"><type fulltype="T" type="T"/><paramtypes><type name="T"/></paramtypes></interface></implements><fields/><methods><constructor id="ImmutableHashTrieMap" visibility="public"/><method fulltype="net.sf.saxon.ma.trie.ImmutableHashTrieMap" id="empty" static="true" type="ImmutableHashTrieMap" visibility="public"><type fulltype="K" type="K"/><type fulltype="V" type="V"/><paramtypes><type name="K"/><type name="V"/></paramtypes></method><method fulltype="V" id="get" type="V" visibility="public"><params><param fulltype="K" name="key" type="K"/></params></method><method fulltype="net.sf.saxon.ma.trie.ImmutableHashTrieMap" id="put" type="ImmutableHashTrieMap" visibility="public"><type fulltype="K" type="K"/><type fulltype="V" type="V"/><params><param fulltype="K" name="key" type="K"/><param fulltype="V" name="value" type="V"/></params></method><method fulltype="net.sf.saxon.ma.trie.ImmutableHashTrieMap" id="remove" type="ImmutableHashTrieMap" visibility="public"><type fulltype="K" type="K"/><type fulltype="V" type="V"/><params><param fulltype="K" name="key" type="K"/></params></method></methods></class><class id="ImmutableList" abstract="true" fulltype="net.sf.saxon.ma.trie.ImmutableList" superclass="Object" superclassfulltype="java.lang.Object" visibility="public"><type fulltype="T" type="T"/><paramtypes><type name="T"/></paramtypes><paramtags><tag comment="the type of the elements in the list">T</tag></paramtags><implements><interface fulltype="java.lang.Iterable" type="Iterable"><type fulltype="T" type="T"/><paramtypes><type name="T"/></paramtypes></interface></implements><comment><body><div>An immutable list implementation that only supports sequential traversal using an iterator,
 prepending an item to the start, and extraction of the head()/tail() of the list. Unlike
 <tag kind="see">net.sf.saxon.ma.parray.ImmList</tag>, it is optimized for sequential access rather than
 direct access.</div></body><sentence>An immutable list implementation that only supports sequential traversal using an iterator,
 prepending an item to the start, and extraction of the head()/tail() of the list.</sentence></comment><fields/><methods><constructor id="ImmutableList" visibility="public"/><method fulltype="net.sf.saxon.ma.trie.ImmutableList" id="empty" static="true" type="ImmutableList" visibility="public"><type fulltype="T" type="T"/><comment><sentence>Return an empty list</sentence><return><body><div>an empty list</div></body></return></comment><paramtypes><type name="T"/></paramtypes><paramtags><tag comment="the nominal item type of the list elements">T</tag></paramtags></method><method fulltype="boolean" id="equals" type="boolean" visibility="public"><comment><sentence>Test whether two lists are equal</sentence><return><body><div>true if the other object is an instance of this ImmutableList class, and the
 elements of the two lists are pairwise equal.</div></body></return></comment><override-of fulltype="java.lang.Object" method="equals(java.lang.Object)" type="Object"/><params><param fulltype="java.lang.Object" name="o" type="Object"><body><div>the other list</div></body></param></params></method><method abstract="true" fulltype="T" id="head" type="T" visibility="public"><comment><sentence>Get the first item in the list</sentence><return><body><div>the first item in the list</div></body></return></comment></method><method abstract="true" fulltype="boolean" id="isEmpty" type="boolean" visibility="public"><comment><sentence>Ask whether the list is empty</sentence><return><body><div>true if and only if the list contains no items</div></body></return></comment></method><method fulltype="java.util.Iterator" id="iterator" type="Iterator" visibility="public"><type fulltype="T" type="T"/><comment><sentence>Get an iterator over the elements of the list</sentence><return><body><div>an iterator over the list</div></body></return></comment></method><method fulltype="net.sf.saxon.ma.trie.ImmutableList" id="prepend" type="ImmutableList" visibility="public"><type fulltype="T" type="T"/><comment><sentence>Return a list with a new item added at the start</sentence><return><body><div>a new list</div></body></return></comment><params><param fulltype="T" name="element" type="T"><body><div>the item to be added at the start</div></body></param></params></method><method fulltype="net.sf.saxon.ma.trie.ImmutableList" id="reverse" type="ImmutableList" visibility="public"><type fulltype="T" type="T"/><comment><sentence>Return a list with the contents of this list in reverse order</sentence><return><body><div>the reversed list</div></body></return></comment></method><method final="true" fulltype="int" id="size" type="int" visibility="public"><comment><body><div>Get the size of the list (the number of items). Note that this is an O(n) operation.</div></body><sentence>Get the size of the list (the number of items).</sentence><return><body><div>the size of the list.</div></body></return></comment></method><method abstract="true" fulltype="net.sf.saxon.ma.trie.ImmutableList" id="tail" type="ImmutableList" visibility="public"><type fulltype="T" type="T"/><comment><sentence>Get all items in the list other than the first</sentence><return><body><div>a list containing all items except the first</div></body></return></comment></method><method fulltype="java.lang.String" id="toString" type="String" visibility="public"><comment><sentence>Return a string representation of the list contents</sentence><return><body><div>a string in the form "[item1, item2, ...]"</div></body></return></comment><override-of fulltype="java.lang.Object" method="toString()" type="Object"/></method></methods></class><class id="ImmutableMap" abstract="true" fulltype="net.sf.saxon.ma.trie.ImmutableMap" interface="true" visibility="public"><type fulltype="K" type="K"/><type fulltype="V" type="V"/><paramtypes><type name="K"/><type name="V"/></paramtypes><implements><interface fulltype="java.lang.Iterable" type="Iterable"><type fulltype="T" type="T"/><paramtypes><type name="T"/></paramtypes></interface></implements><fields/><methods><method abstract="true" fulltype="V" id="get" type="V" visibility="public"><comment><body><div>Retrieve a stored value from the map based on the key for the
 associated entry. If no entry exists with the given key, we
 return None.</div></body><sentence>Retrieve a stored value from the map based on the key for the
 associated entry.</sentence><return><body><div>Some(value) if an entry exists with the given key, or
         None if no entry with the given key was found.</div></body></return></comment><params><param fulltype="K" name="key" type="K"><body><div>the key for the entry to retrieve</div></body></param></params></method><method abstract="true" fulltype="java.util.Iterator" id="iterator" type="Iterator" visibility="public"><type fulltype="net.sf.saxon.ma.trie.TrieKVP" type="TrieKVP"><type fulltype="K" type="K"/><type fulltype="V" type="V"/></type><comment><sentence>Iterate over the entries in the map</sentence><return><body><div>an iterator over the key-value pairs held in the map</div></body></return></comment></method><method abstract="true" fulltype="net.sf.saxon.ma.trie.ImmutableMap" id="put" type="ImmutableMap" visibility="public"><type fulltype="K" type="K"/><type fulltype="V" type="V"/><comment><body><div>Add a new entry to the map. If an entry already exists with the
 given key, the returned map will contain this entry, but not the
 existing entry.</div></body><sentence>Add a new entry to the map.</sentence><return><body><div>a new map with this item added</div></body></return></comment><params><param fulltype="K" name="key" type="K"><body><div>the key to use to retrieve this item</div></body></param><param fulltype="V" name="value" type="V"><body><div>the value stored for this item</div></body></param></params></method><method abstract="true" fulltype="net.sf.saxon.ma.trie.ImmutableMap" id="remove" type="ImmutableMap" visibility="public"><type fulltype="K" type="K"/><type fulltype="V" type="V"/><comment><body><div>Remove an entry from the map. If no entry exists with the given
 key, the returned map will have identical contents to the original
 map (and may, in fact, be the original map itself).</div></body><sentence>Remove an entry from the map.</sentence><return><body><div>a new map with the entry with the given key removed (or
         a map with the original contents if no entry was found
         for the given key).</div></body></return></comment><params><param fulltype="K" name="key" type="K"><body><div>the key for the entry to remove</div></body></param></params></method></methods><implemented-by><class fulltype="net.sf.saxon.ma.trie.ImmutableHashTrieMap" type="ImmutableHashTrieMap"/></implemented-by></class><class id="TrieKVP" final="true" fulltype="net.sf.saxon.ma.trie.TrieKVP" superclass="Object" superclassfulltype="java.lang.Object" visibility="public"><type fulltype="K" type="K"/><type fulltype="V" type="V"/><paramtypes><type name="K"/><type name="V"/></paramtypes><fields><field final="true" fulltype="K" id="key" type="K" visibility="public"/><field final="true" fulltype="V" id="value" type="V" visibility="public"/></fields><methods><constructor id="TrieKVP" visibility="public"><params><param fulltype="K" name="v1" type="K"/><param fulltype="V" name="v2" type="V"/></params></constructor><method fulltype="boolean" id="equals" type="boolean" visibility="public"><override-of fulltype="java.lang.Object" method="equals(java.lang.Object)" type="Object"/><params><param fulltype="java.lang.Object" name="o" type="Object"/></params></method><method fulltype="K" id="getKey" type="K" visibility="public"/><method fulltype="V" id="getValue" type="V" visibility="public"/><method fulltype="int" id="hashCode" type="int" visibility="public"><override-of fulltype="java.lang.Object" method="hashCode()" type="Object"/></method><method fulltype="java.lang.String" id="toString" type="String" visibility="public"><override-of fulltype="java.lang.Object" method="toString()" type="Object"/></method></methods></class></package>