<?xml version="1.0" encoding="UTF-8"?><package id="net.sf.saxon.sxpath"><class id="AbstractStaticContext" abstract="true" fulltype="net.sf.saxon.sxpath.AbstractStaticContext" superclass="Object" superclassfulltype="java.lang.Object" visibility="public"><implements><interface fulltype="net.sf.saxon.expr.StaticContext" type="StaticContext"/></implements><comment><body><div>An abstract and configurable implementation of the StaticContext interface,
 which defines the static context of an XPath expression.
 <p>This class implements those parts of the functionality of a static context
 that tend to be common to most implementations: simple-valued properties such
 as base URI and default element namespace; availability of the standard
 function library; and support for collations.</p></div></body><sentence>An abstract and configurable implementation of the StaticContext interface,
 which defines the static context of an XPath expression.</sentence></comment><fields><field fulltype="boolean" id="usingDefaultFunctionLibrary" type="boolean" visibility="protected"/></fields><methods><constructor id="AbstractStaticContext" visibility="public"/><method final="true" fulltype="void" id="addFunctionLibrary" type="void" visibility="protected"><comment><sentence>Add a function library to the list of function libraries</sentence></comment><params><param fulltype="net.sf.saxon.functions.FunctionLibrary" name="library" type="FunctionLibrary"><body><div>the function library to be added</div></body></param></params></method><method fulltype="net.sf.saxon.Configuration" id="getConfiguration" type="Configuration" visibility="public"><comment><sentence>Get the system configuration</sentence></comment></method><method fulltype="net.sf.saxon.s9api.Location" id="getContainingLocation" type="Location" visibility="public"/><method fulltype="net.sf.saxon.trans.DecimalFormatManager" id="getDecimalFormatManager" type="DecimalFormatManager" visibility="public"><comment><sentence>Get a DecimalFormatManager to resolve the names of decimal formats used in calls
 to the format-number() function.</sentence><return><body><div>the decimal format manager for this static context; a newly created empty
         DecimalFormatManager if none has been supplied</div></body></return><attribute name="@since"><body><div>9.2</div></body></attribute></comment></method><method fulltype="java.lang.String" id="getDefaultCollationName" type="String" visibility="public"><comment><sentence>Get the name of the default collation.</sentence><return><body><div>the name of the default collation; or the name of the codepoint collation
         if no default collation has been defined</div></body></return></comment></method><method fulltype="java.lang.String" id="getDefaultElementNamespace" type="String" visibility="public"><comment><sentence>Get the default namespace URI for elements and types
 Return NamespaceConstant.NULL (that is, the zero-length string) for the non-namespace</sentence><return><body><div>the default namespace for elements and type</div></body></return></comment></method><method fulltype="java.lang.String" id="getDefaultFunctionNamespace" type="String" visibility="public"><comment><body><div>Get the default function namespace.
 The value "" (or NamespaceConstant.NULL) represents the non-namespace</div></body><sentence>Get the default function namespace.</sentence><return><body><div>the default namesapce for functions</div></body></return></comment></method><method fulltype="net.sf.saxon.functions.FunctionLibrary" id="getFunctionLibrary" type="FunctionLibrary" visibility="public"><comment><body><div>Get the function library containing all the in-scope functions available in this static
 context. This method is called by the XPath parser when binding a function call in the
 XPath expression to an implementation of the function.</div></body><sentence>Get the function library containing all the in-scope functions available in this static
 context.</sentence></comment></method><method fulltype="net.sf.saxon.trans.KeyManager" id="getKeyManager" type="KeyManager" visibility="public"><comment><sentence>Get the KeyManager, containing definitions of keys available for use.</sentence><return><body><div>the KeyManager. This is used to resolve key names, both explicit calls
         on key() used in XSLT, and system-generated calls on key() which may
         also appear in XQuery and XPath</div></body></return></comment></method><method fulltype="net.sf.saxon.expr.PackageData" id="getPackageData" type="PackageData" visibility="public"><comment><sentence>Get data about the unit of compilation (XQuery module, XSLT package) to which this
 container belongs</sentence></comment></method><method fulltype="net.sf.saxon.type.ItemType" id="getRequiredContextItemType" type="ItemType" visibility="public"><comment><body><div>Get the required type of the context item. If no type has been explicitly declared for the context
 item, an instance of AnyItemType (representing the type item()) is returned.</div></body><sentence>Get the required type of the context item.</sentence><return><body><div>the required type of the context item</div></body></return><attribute name="@since"><body><div>9.3</div></body></attribute></comment></method><method fulltype="java.lang.String" id="getStaticBaseURI" type="String" visibility="public"><comment><body><div>Get the Base URI, for resolving any relative URI's used
 in the expression. Used by the document() function, resolve-uri(), etc.</div></body><sentence>Get the Base URI, for resolving any relative URI's used
 in the expression.</sentence><return><body><div>"" if no base URI has been set</div></body></return></comment></method><method fulltype="java.lang.String" id="getSystemId" type="String" visibility="public"><comment><body><div>Get the system ID of the container of the expression. Used to construct error messages.</div></body><sentence>Get the system ID of the container of the expression.</sentence><return><body><div>"" always</div></body></return></comment></method><method fulltype="net.sf.saxon.s9api.UnprefixedElementMatchingPolicy" id="getUnprefixedElementMatchingPolicy" type="UnprefixedElementMatchingPolicy" visibility="public"><comment><sentence>Get the policy for matching unprefixed element names.</sentence><return><body><div>the policy to be used</div></body></return></comment></method><method fulltype="java.util.function.BiConsumer" id="getWarningHandler" type="BiConsumer" visibility="public"><type fulltype="java.lang.String" type="String"/><type fulltype="net.sf.saxon.s9api.Location" type="Location"/><comment><sentence>Get the callback function that will be called to handle any static warnings found while
 processing warnings from the XPath parser</sentence><return><body><div>the function to be called to handle static warnings, if one has been supplied.
                When a warning is
                issued, the handler's <tag kind="code">accept</tag> method is called, supplying the string
                of the warning message and the location information as the two arguments.</div></body></return><attribute name="@since"><body><div>10.0</div></body></attribute></comment></method><method fulltype="int" id="getXPathVersion" type="int" visibility="public"><comment><body><div>Get the XPath language level supported, as an integer (being the actual version
 number times ten). In Saxon 9.9 the possible values are 20 (XPath 2.0), 30 (XPath 3.0),
 31 (XPath 3.1), and 305 (XPath 3.0 plus the extensions defined in XSLT 3.0).</div></body><sentence>Get the XPath language level supported, as an integer (being the actual version
 number times ten).</sentence><return><body><div>the XPath language level; the return value will be either 20, 30, 305, or 31</div></body></return><attribute name="@since"><body><div>9.7</div></body></attribute></comment></method><method fulltype="boolean" id="isInBackwardsCompatibleMode" type="boolean" visibility="public"><comment><sentence>Determine whether Backwards Compatible Mode is used</sentence><return><body><div>true if XPath 1.0 compatibility mode is to be set to true;
         otherwise false</div></body></return></comment></method><method fulltype="void" id="issueWarning" type="void" visibility="public"><comment><body><div>Issue a compile-time warning. This method is used during XPath expression compilation to
 output warning conditions. The default implementation writes the message to the
 error reporter registered with the Configuration.</div></body><sentence>Issue a compile-time warning.</sentence></comment><params><param fulltype="java.lang.String" name="s" type="String"/><param fulltype="net.sf.saxon.s9api.Location" name="locator" type="Location"/></params></method><method fulltype="net.sf.saxon.expr.XPathContext" id="makeEarlyEvaluationContext" type="XPathContext" visibility="public"><comment><sentence>Construct a dynamic context for early evaluation of constant subexpressions</sentence></comment></method><method fulltype="net.sf.saxon.expr.parser.RetainedStaticContext" id="makeRetainedStaticContext" type="RetainedStaticContext" visibility="public"><comment><sentence>Construct a RetainedStaticContext, which extracts information from this StaticContext
 to provide the subset of static context information that is potentially needed
 during expression evaluation</sentence><return><body><div>a RetainedStaticContext object: either a newly created one, or one that is
 reused from a previous invocation.</div></body></return></comment></method><method fulltype="net.sf.saxon.type.ItemType" id="resolveTypeAlias" type="ItemType" visibility="public"><comment><body><div>Get type alias. This is a Saxon extension. A type alias is a QName which can
 be used as a shorthand for an itemtype, using the syntax ~typename anywhere that
 an item type is permitted.</div></body><sentence>Get type alias.</sentence><return><body><div>the corresponding item type, if the name is recognised; otherwise null.</div></body></return></comment><params><param fulltype="net.sf.saxon.om.StructuredQName" name="typeName" type="StructuredQName"><body><div>the name of the type alias</div></body></param></params></method><method fulltype="void" id="setBackwardsCompatibilityMode" type="void" visibility="public"><comment><sentence>Set XPath 1.0 backwards compatibility mode on or off</sentence></comment><params><param fulltype="boolean" name="option" type="boolean"><body><div>true if XPath 1.0 compatibility mode is to be set to true;
               otherwise false</div></body></param></params></method><method fulltype="void" id="setBaseURI" type="void" visibility="public"><comment><sentence>Set the base URI in the static context</sentence></comment><params><param fulltype="java.lang.String" name="baseURI" type="String"><body><div>the base URI of the expression; the value null is allowed to indicate that the base URI is not available.</div></body></param></params></method><method fulltype="void" id="setConfiguration" type="void" visibility="protected"><comment><body><div>Set the Configuration. This is protected so it can be used only by subclasses;
 the configuration will normally be set at construction time</div></body><sentence>Set the Configuration.</sentence></comment><params><param fulltype="net.sf.saxon.Configuration" name="config" type="Configuration"><body><div>the configuration</div></body></param></params></method><method fulltype="void" id="setContainingLocation" type="void" visibility="public"><comment><sentence>Set the containing location, which represents the location of the outermost expression using this
 static context (typically, subexpressions will have a nested location that refers to this outer
 containing location)</sentence></comment><params><param fulltype="net.sf.saxon.s9api.Location" name="location" type="Location"><body><div>the location map to be used</div></body></param></params></method><method fulltype="void" id="setDecimalFormatManager" type="void" visibility="public"><comment><sentence>Set the DecimalFormatManager used to resolve the names of decimal formats used in calls
 to the format-number() function.</sentence></comment><params><param fulltype="net.sf.saxon.trans.DecimalFormatManager" name="manager" type="DecimalFormatManager"><body><div>the decimal format manager for this static context, or null if no named decimal
                formats are available in this environment.</div></body></param></params></method><method fulltype="void" id="setDefaultCollationName" type="void" visibility="public"><comment><sentence>Set the name of the default collation for this static context.</sentence></comment><params><param fulltype="java.lang.String" name="collationName" type="String"><body><div>the name of the default collation</div></body></param></params></method><method fulltype="void" id="setDefaultElementNamespace" type="void" visibility="public"><comment><sentence>Set the default namespace for elements and types</sentence></comment><params><param fulltype="java.lang.String" name="uri" type="String"><body><div>the namespace to be used for unprefixed element and type names.
            The value "" (or NamespaceConstant.NULL) represents the non-namespace</div></body></param></params></method><method final="true" fulltype="void" id="setDefaultFunctionLibrary" type="void" visibility="protected"><comment><body><div>Initialize the default function library for XPath.
 This can be overridden using setFunctionLibrary().</div></body><sentence>Initialize the default function library for XPath.</sentence></comment></method><method final="true" fulltype="void" id="setDefaultFunctionLibrary" type="void" visibility="public"><params><param fulltype="int" name="version" type="int"/></params></method><method fulltype="void" id="setDefaultFunctionNamespace" type="void" visibility="public"><comment><sentence>Set the default function namespace</sentence></comment><params><param fulltype="java.lang.String" name="uri" type="String"><body><div>the namespace to be used for unprefixed function names.
            The value "" (or NamespaceConstant.NULL) represents the non-namespace</div></body></param></params></method><method fulltype="void" id="setFunctionLibrary" type="void" visibility="public"><comment><sentence>Set the function library to be used</sentence></comment><params><param fulltype="net.sf.saxon.functions.FunctionLibraryList" name="lib" type="FunctionLibraryList"><body><div>the function library</div></body></param></params></method><method fulltype="void" id="setPackageData" type="void" visibility="public"><comment><sentence>Set data about the unit of compilation (XQuery module, XSLT package)</sentence></comment><params><param fulltype="net.sf.saxon.expr.PackageData" name="packageData" type="PackageData"><body><div>the package data</div></body></param></params></method><method fulltype="void" id="setSchemaAware" type="void" visibility="public"><comment><sentence>Say whether this static context is schema-aware</sentence></comment><params><param fulltype="boolean" name="aware" type="boolean"><body><div>true if this static context is schema-aware</div></body></param></params></method><method fulltype="void" id="setTypeAlias" type="void" visibility="public"><comment><body><div>Register an alias for an ItemType. This is a Saxon extension. If <tag kind="code">typename</tag>
 has been registered as an alias for, say, map{xs:string, xs:integer*}, then
 the syntax <tag kind="code">type(typename)</tag> is accepted anywhere this ItemType would
 be accepted.</div></body><sentence>Register an alias for an ItemType.</sentence></comment><params><param fulltype="net.sf.saxon.om.StructuredQName" name="name" type="StructuredQName"><body><div>the alias name of the type</div></body></param><param fulltype="net.sf.saxon.type.ItemType" name="type" type="ItemType"><body><div>the type to which this alias refers</div></body></param></params></method><method fulltype="void" id="setUnprefixedElementMatchingPolicy" type="void" visibility="public"><comment><sentence>Set the policy for matching unprefixed element names.</sentence></comment><params><param fulltype="net.sf.saxon.s9api.UnprefixedElementMatchingPolicy" name="policy" type="UnprefixedElementMatchingPolicy"><body><div>the policy to be used</div></body></param></params></method><method fulltype="void" id="setWarningHandler" type="void" visibility="public"><comment><sentence>Set a callback function that will be called to handle any static warnings found while
 processing warnings from the XPath parser</sentence><attribute name="@since"><body><div>10.0</div></body></attribute></comment><params><param fulltype="java.util.function.BiConsumer" name="handler" type="BiConsumer"><type fulltype="java.lang.String" type="String"/><type fulltype="net.sf.saxon.s9api.Location" type="Location"/><body><div>the function to be called to handle static warnings. When a warning is
                issued, the handler's <tag kind="code">accept</tag> method is called, supplying the string
                of the warning message as the argument.  The default warning handler sends
                the information to the default <tag kind="see">net.sf.saxon.lib.ErrorReporter</tag> associated with the
                Saxon <tag kind="see">net.sf.saxon.Configuration</tag>.</div></body></param></params></method><method fulltype="void" id="setXPathLanguageLevel" type="void" visibility="public"><comment><body><div>Set the XPath language level supported.
 The current levels supported are 20 (=2.0), 31 (=3.1), and 40 (=4.0). The default is 3.1.</div></body><sentence>Set the XPath language level supported.</sentence><attribute name="@since"><body><div>9.3. From 9.8 this only affects the XPath syntax that is accepted;
 it does not affect the function library that is available, which must be
 set separately using <tag kind="see">#setFunctionLibrary(FunctionLibraryList)</tag></div></body></attribute></comment><params><param fulltype="int" name="level" type="int"><body><div>the XPath language level</div></body></param></params></method></methods><subclasses><class fulltype="net.sf.saxon.sxpath.IndependentContext" type="IndependentContext"/><class fulltype="net.sf.saxon.xpath.JAXPXPathStaticContext" type="JAXPXPathStaticContext"/><class fulltype="net.sf.saxon.style.UseWhenStaticContext" type="UseWhenStaticContext"/></subclasses></class><class id="IndependentContext" fulltype="net.sf.saxon.sxpath.IndependentContext" superclass="AbstractStaticContext" superclassfulltype="net.sf.saxon.sxpath.AbstractStaticContext" visibility="public"><implements><interface fulltype="net.sf.saxon.sxpath.XPathStaticContext" type="XPathStaticContext"/><interface fulltype="net.sf.saxon.om.NamespaceResolver" type="NamespaceResolver"/></implements><extends><inherits><interface fulltype="net.sf.saxon.expr.StaticContext" type="StaticContext"/></inherits><interface fulltype="net.sf.saxon.sxpath.AbstractStaticContext" type="AbstractStaticContext"/></extends><comment><body><div>An IndependentContext provides a context for parsing an XPath expression appearing
 in a context other than a stylesheet.
 <p>This class is used in a number of places where freestanding XPath expressions occur.
 These include the native Saxon XPath API, the .NET XPath API, XPath expressions used
 in XML Schema identity constraints, and XPath expressions supplied to saxon:evaluate().
 It is not used by the JAXP XPath API (though it shares code with that API through
 the common superclass AbstractStaticContext).</p>
 <p>This class currently provides no mechanism for binding user-defined functions.</p></div></body><sentence>An IndependentContext provides a context for parsing an XPath expression appearing
 in a context other than a stylesheet.</sentence></comment><fields><field fulltype="boolean" id="autoDeclare" type="boolean" visibility="protected"/><field fulltype="net.sf.saxon.expr.instruct.Executable" id="executable" type="Executable" visibility="protected"/><field fulltype="net.sf.saxon.om.NamespaceResolver" id="externalResolver" type="NamespaceResolver" visibility="protected"/><field fulltype="java.util.Set" id="importedSchemaNamespaces" type="Set" visibility="protected"><type fulltype="java.lang.String" type="String"/></field><field fulltype="java.util.HashMap" id="namespaces" type="HashMap" visibility="protected"><type fulltype="java.lang.String" type="String"/><type fulltype="java.lang.String" type="String"/></field><field fulltype="net.sf.saxon.expr.parser.OptimizerOptions" id="optimizerOptions" type="OptimizerOptions" visibility="protected"/><field fulltype="boolean" id="parentlessContextItem" type="boolean" visibility="protected"/><field fulltype="net.sf.saxon.type.ItemType" id="requiredContextItemType" type="ItemType" visibility="protected"/><field fulltype="net.sf.saxon.expr.parser.RetainedStaticContext" id="retainedStaticContext" type="RetainedStaticContext" visibility="protected"/><field fulltype="java.util.HashMap" id="variables" type="HashMap" visibility="protected"><type fulltype="net.sf.saxon.om.StructuredQName" type="StructuredQName"/><type fulltype="net.sf.saxon.sxpath.XPathVariable" type="XPathVariable"/></field></fields><methods><constructor id="IndependentContext" visibility="public"><comment><sentence>Create an IndependentContext along with a new (non-schema-aware) Saxon Configuration</sentence></comment></constructor><constructor id="IndependentContext" visibility="public"><comment><sentence>Create an IndependentContext using a specific Configuration</sentence></comment><params><param fulltype="net.sf.saxon.Configuration" name="config" type="Configuration"><body><div>the Saxon configuration to be used</div></body></param></params></constructor><constructor id="IndependentContext" visibility="public"><comment><sentence>Create a IndependentContext as a copy of another IndependentContext</sentence></comment><params><param fulltype="net.sf.saxon.sxpath.IndependentContext" name="ic" type="IndependentContext"><body><div>the IndependentContext to be copied</div></body></param></params></constructor><method fulltype="net.sf.saxon.expr.Expression" id="bindVariable" type="Expression" visibility="public"><comment><body><div>Bind a variable used in an XPath Expression to the XSLVariable element in which it is declared.
 This method is provided for use by the XPath parser, and it should not be called by the user of
 the API, or overridden, unless variables are to be declared using a mechanism other than the
 declareVariable method of this class.</div></body><sentence>Bind a variable used in an XPath Expression to the XSLVariable element in which it is declared.</sentence><return><body><div>the resulting variable reference</div></body></return></comment><params><param fulltype="net.sf.saxon.om.StructuredQName" name="qName" type="StructuredQName"><body><div>the name of the variable</div></body></param></params><exceptions><exception fulltype="net.sf.saxon.trans.XPathException" id="XPathException"/></exceptions></method><method fulltype="void" id="clearAllNamespaces" type="void" visibility="public"><comment><body><div>Clear all the declared namespaces, including the standard ones (xml, xslt, saxon).
 Leave only the XML namespace and the default namespace (xmlns="").
 This also resets the default element namespace to the "null" namespace.</div></body><sentence>Clear all the declared namespaces, including the standard ones (xml, xslt, saxon).</sentence></comment></method><method fulltype="void" id="clearNamespaces" type="void" visibility="public"><comment><body><div>Clear all the declared namespaces, except for the standard ones (xml, xsl, saxon).
 This also resets the default element namespace to the "null" namespace</div></body><sentence>Clear all the declared namespaces, except for the standard ones (xml, xsl, saxon).</sentence></comment></method><method fulltype="void" id="declareNamespace" type="void" visibility="public"><comment><sentence>Declare a namespace whose prefix can be used in expressions</sentence></comment><params><param fulltype="java.lang.String" name="prefix" type="String"><body><div>The namespace prefix. Must not be null. Supplying "" sets the
               default element namespace.</div></body></param><param fulltype="java.lang.String" name="uri" type="String"><body><div>The namespace URI. Must not be null.</div></body></param></params></method><method fulltype="net.sf.saxon.sxpath.XPathVariable" id="declareVariable" type="XPathVariable" visibility="public"><comment><body><div>Declare a variable. A variable must be declared before an expression referring
 to it is compiled. The initial value of the variable will be the empty sequence</div></body><sentence>Declare a variable.</sentence><return><body><div>an XPathVariable object representing information about the variable that has been
         declared.</div></body></return></comment><params><param fulltype="net.sf.saxon.value.QNameValue" name="qname" type="QNameValue"><body><div>The name of the variable</div></body></param></params></method><method fulltype="net.sf.saxon.sxpath.XPathVariable" id="declareVariable" type="XPathVariable" visibility="public"><comment><body><div>Declare a variable. A variable must be declared before an expression referring
 to it is compiled. The initial value of the variable will be the empty sequence</div></body><sentence>Declare a variable.</sentence><return><body><div>an XPathVariable object representing information about the variable that has been
         declared.</div></body></return><attribute name="@since"><body><div>9.2</div></body></attribute></comment><params><param fulltype="net.sf.saxon.om.StructuredQName" name="qName" type="StructuredQName"><body><div>the name of the variable.</div></body></param></params></method><method fulltype="net.sf.saxon.sxpath.XPathVariable" id="declareVariable" type="XPathVariable" visibility="public"><comment><body><div>Declare a variable. A variable must be declared before an expression referring
 to it is compiled. The initial value of the variable will be the empty sequence</div></body><sentence>Declare a variable.</sentence><return><body><div>an XPathVariable object representing information about the variable that has been
         declared.</div></body></return></comment><params><param fulltype="java.lang.String" name="namespaceURI" type="String"><body><div>The namespace URI of the name of the variable. Supply "" to represent
                     names in no namespace (null is also accepted)</div></body></param><param fulltype="java.lang.String" name="localName" type="String"><body><div>The local part of the name of the variable (an NCName)</div></body></param></params></method><method fulltype="int" id="getColumnNumber" type="int" visibility="public"/><method fulltype="java.util.Collection" id="getDeclaredVariables" type="Collection" visibility="public"><type fulltype="net.sf.saxon.sxpath.XPathVariable" type="XPathVariable"/></method><method fulltype="net.sf.saxon.expr.instruct.Executable" id="getExecutable" type="Executable" visibility="public"/><method fulltype="net.sf.saxon.sxpath.XPathVariable" id="getExternalVariable" type="XPathVariable" visibility="public"><comment><sentence>Get the declared variable with a given name, if there is one</sentence><return><body><div>the explicitly or implicitly declared variable with this name if it exists,
         or null otherwise</div></body></return><attribute name="@since"><body><div>9.2</div></body></attribute></comment><params><param fulltype="net.sf.saxon.om.StructuredQName" name="qName" type="StructuredQName"><body><div>the name of the required variable</div></body></param></params></method><method fulltype="java.lang.Iterable" id="getExternalVariables" type="Iterable" visibility="public"><type fulltype="net.sf.saxon.sxpath.XPathVariable" type="XPathVariable"/><comment><sentence>Get an iterator over all the variables that have been declared, either explicitly by an
 application call on declareVariable(), or implicitly if the option allowUndeclaredVariables
 is set.</sentence><return><body><div>an iterator; the objects returned by this iterator will be instances of XPathVariable</div></body></return><attribute name="@since"><body><div>9.2</div></body></attribute></comment></method><method fulltype="java.util.Set" id="getImportedSchemaNamespaces" type="Set" visibility="public"><type fulltype="java.lang.String" type="String"/><comment><sentence>Get the set of imported schemas</sentence><return><body><div>a Set, the set of URIs representing the names of imported schemas</div></body></return></comment></method><method fulltype="int" id="getLineNumber" type="int" visibility="public"/><method fulltype="net.sf.saxon.om.NamespaceResolver" id="getNamespaceResolver" type="NamespaceResolver" visibility="public"/><method fulltype="net.sf.saxon.expr.parser.OptimizerOptions" id="getOptimizerOptions" type="OptimizerOptions" visibility="public"><comment><body><div>Get the optimizer options being used for compiling expressions that use this static context.
 By default the optimizer options set in the <tag kind="see">net.sf.saxon.Configuration</tag> are used.</div></body><sentence>Get the optimizer options being used for compiling expressions that use this static context.</sentence><return><body><div>the optimizer options being used</div></body></return></comment></method><method fulltype="java.lang.String" id="getPublicId" type="String" visibility="public"/><method fulltype="net.sf.saxon.type.ItemType" id="getRequiredContextItemType" type="ItemType" visibility="public"><comment><body><div>Get the required type of the context item. If no type has been explicitly declared for the context
 item, an instance of AnyItemType (representing the type item()) is returned.</div></body><sentence>Get the required type of the context item.</sentence><return><body><div>the required type of the context item</div></body></return><attribute name="@since"><body><div>9.3</div></body></attribute></comment><override-of fulltype="net.sf.saxon.sxpath.AbstractStaticContext" method="getRequiredContextItemType()" type="AbstractStaticContext"/></method><method fulltype="int" id="getSlotNumber" type="int" visibility="public"><comment><sentence>Get the slot number allocated to a particular variable</sentence><return><body><div>the slot number, or -1 if the variable has not been declared</div></body></return></comment><params><param fulltype="net.sf.saxon.value.QNameValue" name="qname" type="QNameValue"><body><div>the name of the variable</div></body></param></params></method><method fulltype="net.sf.saxon.expr.instruct.SlotManager" id="getStackFrameMap" type="SlotManager" visibility="public"><comment><body><div>Get a Stack Frame Map containing definitions of all the declared variables. This will return a newly
 created object that the caller is free to modify by adding additional variables, without affecting
 the static context itself.</div></body><sentence>Get a Stack Frame Map containing definitions of all the declared variables.</sentence></comment></method><method fulltype="java.lang.String" id="getURIForPrefix" type="String" visibility="public"><comment><body><div>Get the namespace URI corresponding to a given prefix. Return null
 if the prefix is not in scope.</div></body><sentence>Get the namespace URI corresponding to a given prefix.</sentence><return><body><div>the uri for the namespace, or null if the prefix is not in scope.
         Return "" if the prefix maps to the null namespace.</div></body></return></comment><params><param fulltype="java.lang.String" name="prefix" type="String"><body><div>the namespace prefix</div></body></param><param fulltype="boolean" name="useDefault" type="boolean"><body><div>true if the default namespace is to be used when the
                   prefix is ""</div></body></param></params></method><method fulltype="boolean" id="isAllowUndeclaredVariables" type="boolean" visibility="public"><comment><body><div>Ask whether undeclared variables are allowed. By default, they are not allowed. When
 undeclared variables are allowed, it is not necessary to predeclare the variables that
 may be used in the XPath expression; instead, a variable is automatically declared when a reference
 to the variable is encountered within the expression.</div></body><sentence>Ask whether undeclared variables are allowed.</sentence><return><body><div>true if undeclared variables are allowed, false if they are not allowed.</div></body></return><attribute name="@since"><body><div>9.2</div></body></attribute></comment></method><method fulltype="boolean" id="isContextItemParentless" type="boolean" visibility="public"><comment><sentence>Ask whether the context item is known to be parentless</sentence><return><body><div>true if it is known that the context item for evaluating the expression will have no parent</div></body></return></comment></method><method fulltype="boolean" id="isImportedSchema" type="boolean" visibility="public"><params><param fulltype="java.lang.String" name="namespace" type="String"/></params></method><method fulltype="java.util.Iterator" id="iteratePrefixes" type="Iterator" visibility="public"><type fulltype="java.lang.String" type="String"/><comment><body><div>Get an iterator over all the prefixes declared in this namespace context. This will include
 the default namespace (prefix="") and the XML namespace where appropriate</div></body><sentence>Get an iterator over all the prefixes declared in this namespace context.</sentence></comment></method><method fulltype="net.sf.saxon.expr.parser.RetainedStaticContext" id="makeRetainedStaticContext" type="RetainedStaticContext" visibility="public"><comment><body><div>Construct a RetainedStaticContext, which extracts information from this StaticContext
 to provide the subset of static context information that is potentially needed
 during expression evaluation.

 This implementation returns the same RetainedStaticContext object each time, which relies
 on the information in the static context being effectively immutable while the IndependentContext
 object remains in use.</div></body><sentence>Construct a RetainedStaticContext, which extracts information from this StaticContext
 to provide the subset of static context information that is potentially needed
 during expression evaluation.</sentence><return><body><div>a RetainedStaticContext object: either a newly created one, or one that is
 reused from a previous invocation.</div></body></return></comment><override-of fulltype="net.sf.saxon.sxpath.AbstractStaticContext" method="makeRetainedStaticContext()" type="AbstractStaticContext"/></method><method fulltype="void" id="setAllowUndeclaredVariables" type="void" visibility="public"><comment><body><div>Say whether undeclared variables are allowed. By default, they are not allowed. When
 undeclared variables are allowed, it is not necessary to predeclare the variables that
 may be used in the XPath expression; instead, a variable is automatically declared when a reference
 to the variable is encountered within the expression.</div></body><sentence>Say whether undeclared variables are allowed.</sentence><attribute name="@since"><body><div>9.2</div></body></attribute></comment><params><param fulltype="boolean" name="allow" type="boolean"><body><div>true if undeclared variables are allowed, false if they are not allowed.</div></body></param></params></method><method fulltype="void" id="setContextItemParentless" type="void" visibility="public"><params><param fulltype="boolean" name="parentless" type="boolean"/></params></method><method fulltype="void" id="setDefaultElementNamespace" type="void" visibility="public"><comment><sentence>Set the default namespace for elements and types</sentence></comment><override-of fulltype="net.sf.saxon.sxpath.AbstractStaticContext" method="setDefaultElementNamespace(java.lang.String)" type="AbstractStaticContext"/><params><param fulltype="java.lang.String" name="uri" type="String"><body><div>the namespace to be used for unprefixed element and type names.
            The value "" (or NamespaceConstant.NULL) represents the non-namespace</div></body></param></params></method><method fulltype="void" id="setExecutable" type="void" visibility="public"><params><param fulltype="net.sf.saxon.expr.instruct.Executable" name="exec" type="Executable"/></params></method><method fulltype="void" id="setImportedSchemaNamespaces" type="void" visibility="public"><comment><sentence>Register the set of imported schema namespaces</sentence></comment><params><param fulltype="java.util.Set" name="namespaces" type="Set"><type fulltype="java.lang.String" type="String"/><body><div>the set of namespaces for which schema components are available in the
                   static context</div></body></param></params></method><method fulltype="void" id="setNamespaceResolver" type="void" visibility="public"><comment><body><div>Set an external namespace resolver. If this is set, then all resolution of namespace
 prefixes is delegated to the external namespace resolver, and namespaces declared
 individually on this IndependentContext object are ignored.</div></body><sentence>Set an external namespace resolver.</sentence></comment><params><param fulltype="net.sf.saxon.om.NamespaceResolver" name="resolver" type="NamespaceResolver"><body><div>the external NamespaceResolver</div></body></param></params></method><method fulltype="void" id="setNamespaces" type="void" visibility="public"><comment><body><div>Declares all the namespaces that are in-scope for a given node, removing all previous
 namespace declarations.
 In addition, the standard namespaces (xml, xslt, saxon) are declared. This method also
 sets the default element namespace to be the same as the default namespace for this node.</div></body><sentence>Declares all the namespaces that are in-scope for a given node, removing all previous
 namespace declarations.</sentence></comment><params><param fulltype="net.sf.saxon.om.NodeInfo" name="node" type="NodeInfo"><body><div>The node whose in-scope namespaces are to be used as the context namespaces.
             If the node is an attribute, text node, etc, then the namespaces of its parent element are used.</div></body></param></params></method><method fulltype="void" id="setOptimizerOptions" type="void" visibility="public"><comment><body><div>Set the optimizer options to be used for compiling expressions that use this static context.
 By default the optimizer options set in the <tag kind="see">net.sf.saxon.Configuration</tag> are used.</div></body><sentence>Set the optimizer options to be used for compiling expressions that use this static context.</sentence></comment><params><param fulltype="net.sf.saxon.expr.parser.OptimizerOptions" name="options" type="OptimizerOptions"><body><div>the optimizer options to be used</div></body></param></params></method><method fulltype="void" id="setRequiredContextItemType" type="void" visibility="public"><comment><body><div>Declare the static type of the context item. If this type is declared, and if a context item
 is supplied when the query is invoked, then the context item must conform to this type (no
 type conversion will take place to force it into this type).</div></body><sentence>Declare the static type of the context item.</sentence><attribute name="@since"><body><div>9.3</div></body></attribute></comment><params><param fulltype="net.sf.saxon.type.ItemType" name="type" type="ItemType"><body><div>the required type of the context item</div></body></param></params></method></methods><subclasses><class fulltype="com.saxonica.ee.schema.sdoc.SchemaElement.XPathStaticContext" type="SchemaElement.XPathStaticContext"/></subclasses></class><class id="XPathDynamicContext" fulltype="net.sf.saxon.sxpath.XPathDynamicContext" superclass="Object" superclassfulltype="java.lang.Object" visibility="public"><comment><body><div>This object represents the dynamic XPath execution context for use in the free-standing Saxon XPath API.
 The dynamic context holds the context item and the values of external variables used by the XPath expression.
 <p>This object is always created via the method
 <tag kind="see">net.sf.saxon.sxpath.XPathExpression#createDynamicContext(net.sf.saxon.om.Item)</tag></p></div></body><sentence>This object represents the dynamic XPath execution context for use in the free-standing Saxon XPath API.</sentence></comment><fields/><methods><constructor id="XPathDynamicContext" visibility="protected"><params><param fulltype="net.sf.saxon.type.ItemType" name="contextItemType" type="ItemType"/><param fulltype="net.sf.saxon.expr.XPathContextMajor" name="contextObject" type="XPathContextMajor"/><param fulltype="net.sf.saxon.expr.instruct.SlotManager" name="stackFrameMap" type="SlotManager"/></params></constructor><method fulltype="void" id="checkExternalVariables" type="void" visibility="protected"><comment><sentence>Check that all external variables have been given a value</sentence></comment><params><param fulltype="net.sf.saxon.expr.instruct.SlotManager" name="stackFrameMap" type="SlotManager"><body><div>describes the stack frame</div></body></param><param fulltype="int" name="numberOfExternals" type="int"><body><div>the number of variables that need to be supplied</div></body></param></params><exceptions><exception fulltype="net.sf.saxon.trans.XPathException" id="XPathException"><sentence>XPathException if required variables have not been given a value</sentence></exception></exceptions></method><method fulltype="net.sf.saxon.lib.CollectionFinder" id="getCollectionFinder" type="CollectionFinder" visibility="public"><comment><body><div>Get the collection finder associated with this configuration. This is used to dereference
 collection URIs used in the fn:collection and fn:uri-collection functions</div></body><sentence>Get the collection finder associated with this configuration.</sentence><return><body><div>the CollectionFinder to be used</div></body></return><attribute name="@since"><body><div>9.7</div></body></attribute></comment></method><method fulltype="net.sf.saxon.om.Item" id="getContextItem" type="Item" visibility="public"><comment><sentence>Get the context item</sentence><return><body><div>the context item if there is one, or null otherwise</div></body></return></comment></method><method fulltype="net.sf.saxon.lib.ErrorReporter" id="getErrorReporter" type="ErrorReporter" visibility="public"><comment><body><div>Get the error listener. If no ErrorListener
 has been set locally, the ErrorListener in the Controller is returned; this in turn defaults
 to the ErrorListener set in the Configuration.</div></body><sentence>Get the error listener.</sentence><return><body><div>the ErrorListener in use. This will always be an UnfailingErrorListener,
 which is a Saxon subclass of ErrorListener that throws no exceptions.</div></body></return><attribute name="@since"><body><div>9.2. Changed in 9.6 to use a local ErrorListener.
 Changed in 10.0 to use an ErrorReporter rather than an ErrorListener</div></body></attribute></comment></method><method fulltype="net.sf.saxon.lib.ResourceResolver" id="getResourceResolver" type="ResourceResolver" visibility="public"><comment><sentence>Get the resource resolver.</sentence><return><body><div>the user-supplied URI resolver if there is one, or null otherwise. If no Resolver
 has been set locally, the Resolver in the Controller is returned; this in turn defaults
 to the resolver set in the Configuration.</div></body></return><attribute name="@since"><body><div>9.2. Changed in 9.6 to use a local URIResolver. Changed in 11.1 to use a ResourceResolver
 rather than a URIResolver.</div></body></attribute></comment></method><method fulltype="net.sf.saxon.lib.UnparsedTextURIResolver" id="getUnparsedTextURIResolver" type="UnparsedTextURIResolver" visibility="public"><comment><sentence>Get the URI resolver for unparsed text.</sentence><return><body><div>the user-supplied unparsed text URI resolver if there is one, or the
 system-defined one otherwise</div></body></return><attribute name="@since"><body><div>9.5</div></body></attribute></comment></method><method fulltype="net.sf.saxon.expr.XPathContext" id="getXPathContextObject" type="XPathContext" visibility="public"><comment><sentence>For system use: get the wrapped XPathContext object</sentence><return><body><div>the underlying XPathContext object</div></body></return></comment></method><method fulltype="void" id="setCollectionFinder" type="void" visibility="public"><comment><body><div>Set the collection finder associated with this configuration. This is used to dereference
 collection URIs used in the fn:collection and fn:uri-collection functions</div></body><sentence>Set the collection finder associated with this configuration.</sentence><attribute name="@since"><body><div>9.7</div></body></attribute></comment><params><param fulltype="net.sf.saxon.lib.CollectionFinder" name="cf" type="CollectionFinder"><body><div>the CollectionFinder to be used</div></body></param></params></method><method fulltype="void" id="setContextItem" type="void" visibility="public"><comment><sentence>Set the context item for evaluation of the XPath Expression</sentence></comment><params><param fulltype="net.sf.saxon.om.Item" name="item" type="Item"><body><div>the context item</div></body></param></params><exceptions><exception fulltype="net.sf.saxon.trans.XPathException" id="XPathException"><sentence>XPathException if the node is in a document that was built under the wrong configuration</sentence></exception></exceptions></method><method fulltype="void" id="setErrorReporter" type="void" visibility="public"><comment><body><div>Set the error listener. The ErrorListener is set locally to this XPathContext
 object.</div></body><sentence>Set the error listener.</sentence><attribute name="@since"><body><div>9.2. Changed in 9.6 to set the ErrorListener locally.
 Changed in 10.0 to use an ErrorReporter rather than an ErrorListener</div></body></attribute></comment><params><param fulltype="net.sf.saxon.lib.ErrorReporter" name="listener" type="ErrorReporter"><body><div>the ErrorListener to be used</div></body></param></params></method><method fulltype="void" id="setResourceResolver" type="void" visibility="public"><comment><body><div>Set an object that will be used to resolve URIs used in
 document(), etc.  The URIResolver is set locally to this XPathContext
 object.</div></body><sentence>Set an object that will be used to resolve URIs used in
 document(), etc.</sentence><attribute name="@since"><body><div>9.2. Changed in 9.6 to set the URIResolver locally. Changed in 11.1 to use a ResourceResolver
 rather than a URIResolver.</div></body></attribute></comment><params><param fulltype="net.sf.saxon.lib.ResourceResolver" name="resolver" type="ResourceResolver"><body><div>An object that implements the URIResolver interface, or
                 null.</div></body></param></params></method><method fulltype="void" id="setUnparsedTextURIResolver" type="void" visibility="public"><comment><sentence>Set an object that will be used to resolve URIs used in
 fn:unparsed-text() and related functions.</sentence><attribute name="@since"><body><div>9.5</div></body></attribute></comment><params><param fulltype="net.sf.saxon.lib.UnparsedTextURIResolver" name="resolver" type="UnparsedTextURIResolver"><body><div>An object that implements the UnparsedTextURIResolver interface, or
                 null.</div></body></param></params></method><method fulltype="void" id="setVariable" type="void" visibility="public"><comment><sentence>Set the value of an external variable used within the XPath expression</sentence></comment><params><param fulltype="net.sf.saxon.sxpath.XPathVariable" name="variable" type="XPathVariable"><body><div>the object representing the variable.
                 Note that setting the value of a variable does not modify the <tag kind="see">net.sf.saxon.sxpath.XPathVariable</tag>
                 object itself, which means that this method is thread-safe.</div></body></param><param fulltype="net.sf.saxon.om.Sequence" name="value" type="Sequence"><body><div>The value of the variable.</div></body></param></params><exceptions><exception fulltype="net.sf.saxon.trans.XPathException" id="XPathException"><sentence>XPathException if the supplied value does not conform to the required type of the
                        variable; or if the supplied value contains a node that does not belong to this Configuration
                        (or another Configuration that shares the same namePool)</sentence></exception></exceptions></method></methods></class><class id="XPathEvaluator" fulltype="net.sf.saxon.sxpath.XPathEvaluator" superclass="Object" superclassfulltype="java.lang.Object" visibility="public"><comment><body><div>This class provides a native Saxon API for free-standing evaluation of XPath expressions. This is the
 primitive XPath interface used internally within Saxon.
 <p>The preferred API for user applications calling XPath is the s9api <tag kind="see">net.sf.saxon.s9api.XPathCompiler</tag>
 interface.</p></div></body><sentence>This class provides a native Saxon API for free-standing evaluation of XPath expressions.</sentence><attribute name="@since"><body><div>8.4</div></body></attribute></comment><fields/><methods><constructor id="XPathEvaluator" visibility="public"><comment><sentence>Construct an XPathEvaluator with a specified configuration.</sentence></comment><params><param fulltype="net.sf.saxon.Configuration" name="config" type="Configuration"><body><div>the configuration to be used. If the XPathEvaluator is
               to be used to run schema-aware XPath expressions this must be an instance
               of <tag kind="code">EnterpriseConfiguration</tag></div></body></param></params></constructor><method fulltype="net.sf.saxon.sxpath.XPathExpression" id="createExpression" type="XPathExpression" visibility="public"><comment><sentence>Prepare (compile) an XPath expression for subsequent evaluation.</sentence><return><body><div>an XPathExpression object representing the prepared expression</div></body></return></comment><params><param fulltype="java.lang.String" name="expression" type="String"><body><div>The XPath expression to be compiled, supplied as a string.</div></body></param></params><exceptions><exception fulltype="net.sf.saxon.trans.XPathException" id="XPathException"><sentence>XPathException if the syntax of the expression is wrong, or if it references namespaces,
                        variables, or functions that have not been declared.</sentence></exception></exceptions></method><method fulltype="net.sf.saxon.sxpath.XPathExpression" id="createPattern" type="XPathExpression" visibility="public"><comment><body><div>Prepare (compile) an XSLT pattern for subsequent evaluation. The result is an XPathExpression
 object representing a (pseudo-) expression that when evaluated returns a boolean result: true
 if the context node matches the pattern, false if it does not.</div></body><sentence>Prepare (compile) an XSLT pattern for subsequent evaluation.</sentence><return><body><div>an XPathExpression object representing the pattern, wrapped as an expression</div></body></return><attribute name="@since"><body><div>9.1</div></body></attribute></comment><params><param fulltype="java.lang.String" name="pattern" type="String"><body><div>the XSLT pattern to be compiled, supplied as a string</div></body></param></params><exceptions><exception fulltype="net.sf.saxon.trans.XPathException" id="XPathException"><sentence>XPathException if the syntax of the expression is wrong, or if it references namespaces,
                        variables, or functions that have not been declared.</sentence></exception></exceptions></method><method fulltype="net.sf.saxon.Configuration" id="getConfiguration" type="Configuration" visibility="public"><comment><sentence>Get the Configuration in use.</sentence><return><body><div>the Saxon configuration</div></body></return></comment></method><method fulltype="net.sf.saxon.sxpath.XPathStaticContext" id="getStaticContext" type="XPathStaticContext" visibility="public"><comment><body><div>Get the current static context. This will always return a value; if no static context has been
 supplied by the user, the system will have created its own. A system-created static context
 will always be an instance of <tag kind="see">net.sf.saxon.sxpath.IndependentContext</tag></div></body><sentence>Get the current static context.</sentence><return><body><div>the static context object</div></body></return></comment></method><method fulltype="net.sf.saxon.expr.Expression" id="postProcess" type="Expression" visibility="protected"><comment><body><div>Customize the expression post-optimization. This method does nothing,
 but can be overridden in a subclass</div></body><sentence>Customize the expression post-optimization.</sentence></comment><params><param fulltype="net.sf.saxon.expr.Expression" name="exp" type="Expression"><body><div>the expression after optimization</div></body></param><param fulltype="net.sf.saxon.expr.parser.ExpressionVisitor" name="visitor" type="ExpressionVisitor"><body><div>an expression visitor that includes static context information</div></body></param><param fulltype="net.sf.saxon.expr.parser.ContextItemStaticInfo" name="cit" type="ContextItemStaticInfo"><body><div>information about the context item type</div></body></param></params><exceptions><exception fulltype="net.sf.saxon.trans.XPathException" id="XPathException"/></exceptions></method><method fulltype="void" id="setStaticContext" type="void" visibility="public"><comment><body><div>Set the static context for compiling XPath expressions. This provides more detailed control over the
 environment in which the expression is compiled, for example it allows namespace prefixes to
 be declared, variables to be bound and functions to be defined. For most purposes, the static
 context can be defined by providing and tailoring an instance of the <tag kind="see">net.sf.saxon.sxpath.IndependentContext</tag> class.
 Until this method is called, a default static context is used, in which no namespaces are defined
 other than the standard ones (xml, xslt, and saxon), and no variables or functions (other than the
 core XPath functions) are available.</div></body><sentence>Set the static context for compiling XPath expressions.</sentence></comment><params><param fulltype="net.sf.saxon.sxpath.XPathStaticContext" name="context" type="XPathStaticContext"><body><div>the XPath static context
                <p>Setting a new static context clears any variables and namespaces that have previously been declared.</p></div></body></param></params></method></methods><subclasses><class fulltype="com.saxonica.ee.schema.sdoc.XSDAssert.CustomizedXPath" type="XSDAssert.CustomizedXPath"/></subclasses></class><class id="XPathExpression" fulltype="net.sf.saxon.sxpath.XPathExpression" superclass="Object" superclassfulltype="java.lang.Object" visibility="public"><comment><body><div>This class is a representation of an XPath Expression for use with the <tag kind="see">net.sf.saxon.sxpath.XPathEvaluator</tag> class.
 It is modelled on the XPath API defined in JAXP 1.3, but is free-standing, and is more strongly typed.
 <p>In Saxon 9.6, the methods that returned Object and did implicit conversion to a native Java object
 have been removed; all conversions must now be done explicitly.</p></div></body><sentence>This class is a representation of an XPath Expression for use with the <tag kind="see">net.sf.saxon.sxpath.XPathEvaluator</tag> class.</sentence></comment><fields/><methods><constructor id="XPathExpression" visibility="protected"><comment><sentence>The constructor is protected, to ensure that instances can only be
 created using the createExpression() or createPattern() method of XPathEvaluator</sentence></comment><params><param fulltype="net.sf.saxon.expr.StaticContext" name="env" type="StaticContext"><body><div>the static context of the expression</div></body></param><param fulltype="net.sf.saxon.expr.Expression" name="exp" type="Expression"><body><div>the internal representation of the compiled expression</div></body></param><param fulltype="net.sf.saxon.expr.instruct.Executable" name="exec" type="Executable"><body><div>the Executable associated with this expression</div></body></param></params></constructor><method fulltype="net.sf.saxon.sxpath.XPathDynamicContext" id="createDynamicContext" type="XPathDynamicContext" visibility="public"><comment><sentence>Create a dynamic context suitable for evaluating this expression, without supplying a context
 item</sentence><return><body><div>an XPathDynamicContext object representing a suitable dynamic context. This will
         be initialized with a stack frame suitable for holding the variables used by the
         expression.</div></body></return></comment></method><method fulltype="net.sf.saxon.sxpath.XPathDynamicContext" id="createDynamicContext" type="XPathDynamicContext" visibility="public"><comment><sentence>Create a dynamic context suitable for evaluating this expression</sentence><return><body><div>an XPathDynamicContext object representing a suitable dynamic context. This will
         be initialized with a stack frame suitable for holding the variables used by the
         expression.</div></body></return></comment><params><param fulltype="net.sf.saxon.om.Item" name="contextItem" type="Item"><body><div>the initial context item, which may be null if no
                    context item is required, or if it is to be supplied later</div></body></param></params><exceptions><exception fulltype="net.sf.saxon.trans.XPathException" id="XPathException"><sentence>XPathException if the context item does not match the required context item type
                        set up in the static context</sentence></exception></exceptions></method><method fulltype="net.sf.saxon.sxpath.XPathDynamicContext" id="createDynamicContext" type="XPathDynamicContext" visibility="public"><comment><body><div>Create a dynamic context suitable for evaluating this expression within an environment
 represented by an existing controller. The dynamic context will inherit properties of the
 Controller such as the current error listener, URI resolver, document pool, and implicit
 timezone.</div></body><sentence>Create a dynamic context suitable for evaluating this expression within an environment
 represented by an existing controller.</sentence><return><body><div>an XPathDynamicContext object representing a suitable dynamic context. This will
         be initialized with a stack frame suitable for holding the variables used by the
         expression.</div></body></return><attribute name="@since"><body><div>9.2</div></body></attribute></comment><params><param fulltype="net.sf.saxon.Controller" name="controller" type="Controller"><body><div>an existing controller. May be null, in which case the method is
                    equivalent to calling <tag kind="see">#createDynamicContext(net.sf.saxon.om.Item)</tag></div></body></param><param fulltype="net.sf.saxon.om.Item" name="contextItem" type="Item"><body><div>the initial context item, which may be null if no
                    context item is required, or if it is to be supplied later</div></body></param></params><exceptions><exception fulltype="net.sf.saxon.trans.XPathException" id="XPathException"><sentence>XPathException if the context item does not match the required context item type
                        set up in the static context</sentence></exception></exceptions></method><method fulltype="boolean" id="effectiveBooleanValue" type="boolean" visibility="public"><comment><sentence>Evaluate the expression, returning its effective boolean value</sentence><return><body><div>the effective boolean value of the result, as defined by the fn:boolean() function</div></body></return></comment><params><param fulltype="net.sf.saxon.sxpath.XPathDynamicContext" name="context" type="XPathDynamicContext"><body><div>the XPath dynamic context</div></body></param></params><exceptions><exception fulltype="net.sf.saxon.trans.XPathException" id="XPathException"><sentence>XPathException if a dynamic error occurs, or if the result is a value for which
                        no effective boolean value is defined</sentence></exception></exceptions></method><method fulltype="java.util.List" id="evaluate" type="List" visibility="public"><type fulltype="net.sf.saxon.om.Item" type="Item"/><comment><sentence>Execute the expression, returning the result as a List, whose members will be instances
 of the class <tag kind="see">net.sf.saxon.om.Item</tag></sentence><return><body><div>a list of items representing the result of the expression</div></body></return></comment><params><param fulltype="net.sf.saxon.sxpath.XPathDynamicContext" name="context" type="XPathDynamicContext"><body><div>the XPath dynamic context</div></body></param></params><exceptions><exception fulltype="net.sf.saxon.trans.XPathException" id="XPathException"><sentence>XPathException if a dynamic error occurs while evaluation the expression</sentence></exception></exceptions></method><method fulltype="net.sf.saxon.om.Item" id="evaluateSingle" type="Item" visibility="public"><comment><body><div>Execute the expression, returning the result as a single <tag kind="see">net.sf.saxon.om.Item</tag>
 If the result of the expression is a sequence containing more than one item, items after
 the first are discarded. If the result is an empty sequence, the method returns null.</div></body><sentence>Execute the expression, returning the result as a single <tag kind="see">net.sf.saxon.om.Item</tag>
 If the result of the expression is a sequence containing more than one item, items after
 the first are discarded.</sentence><return><body><div>the first item in the result of the expression, or null to indicate that the result
         is an empty sequence</div></body></return></comment><params><param fulltype="net.sf.saxon.sxpath.XPathDynamicContext" name="context" type="XPathDynamicContext"><body><div>the XPath dynamic context</div></body></param></params><exceptions><exception fulltype="net.sf.saxon.trans.XPathException" id="XPathException"><sentence>XPathException if a dynamic error occurs during the expression evaluation</sentence></exception></exceptions></method><method fulltype="net.sf.saxon.expr.instruct.Executable" id="getExecutable" type="Executable" visibility="public"><comment><sentence>Get the Executable associated with this expression</sentence><return><body><div>the associated Executable</div></body></return></comment></method><method fulltype="net.sf.saxon.expr.Expression" id="getInternalExpression" type="Expression" visibility="public"><comment><body><div>Low-level method to get the internal Saxon expression object. This exposes a wide range of
 internal methods that may be needed by specialized applications, and allows greater control
 over the dynamic context for evaluating the expression.</div></body><sentence>Low-level method to get the internal Saxon expression object.</sentence><return><body><div>the underlying Saxon expression object.</div></body></return></comment></method><method fulltype="net.sf.saxon.om.SequenceIterator" id="iterate" type="SequenceIterator" visibility="public"><comment><body><div>Execute the expression, returning the result as a <tag kind="see">net.sf.saxon.om.SequenceIterator</tag>, whose members will be instances
 of the class <tag kind="see">net.sf.saxon.om.Item</tag>
 <p>Note that if evaluation of the expression fails with a dynamic error, this will generally
 be reported in the form of an exception thrown by the next() method of the <tag kind="see">net.sf.saxon.om.SequenceIterator</tag></p></div></body><sentence>Execute the expression, returning the result as a <tag kind="see">net.sf.saxon.om.SequenceIterator</tag>, whose members will be instances
 of the class <tag kind="see">net.sf.saxon.om.Item</tag></sentence><return><body><div>an iterator over the result of the expression</div></body></return></comment><params><param fulltype="net.sf.saxon.sxpath.XPathDynamicContext" name="context" type="XPathDynamicContext"><body><div>the XPath dynamic context</div></body></param></params><exceptions><exception fulltype="net.sf.saxon.trans.XPathException" id="XPathException"><sentence>XPathException if a dynamic error occurs during the expression evaluation (though in many
                        cases, the error will only be detected when the iterator is actually used).</sentence></exception></exceptions></method><method fulltype="void" id="setStackFrameMap" type="void" visibility="protected"><comment><sentence>Define the number of slots needed for local variables within the expression</sentence></comment><params><param fulltype="net.sf.saxon.expr.instruct.SlotManager" name="map" type="SlotManager"><body><div>the stack frame map identifying all the variables used by the expression, both
                                  those declared internally, and references to variables declared externally</div></body></param><param fulltype="int" name="numberOfExternalVariables" type="int"><body><div>the number of slots in the stack frame allocated to
                                  externally-declared variables. These must be assigned a value before execution starts</div></body></param></params></method></methods></class><class id="XPathStaticContext" abstract="true" fulltype="net.sf.saxon.sxpath.XPathStaticContext" interface="true" visibility="public"><implements><interface fulltype="net.sf.saxon.expr.StaticContext" type="StaticContext"/></implements><comment><body><div>This interface defines methods that must be provided when Saxon's free-standing XPath API is used.
 The default implementation of this interface is <tag kind="see">net.sf.saxon.sxpath.IndependentContext</tag>, and
 that implementation should be adequate for most purposes; but for extra customization, a user-written
 implementation of this interface may be used instead.</div></body><sentence>This interface defines methods that must be provided when Saxon's free-standing XPath API is used.</sentence></comment><fields/><methods><method abstract="true" fulltype="net.sf.saxon.sxpath.XPathVariable" id="declareVariable" type="XPathVariable" visibility="public"><comment><body><div>Declare a variable. A variable must be declared before an expression referring
 to it is compiled. The initial value of the variable will be the empty sequence.</div></body><sentence>Declare a variable.</sentence><return><body><div>a Variable object representing information about the variable that has been
         declared.</div></body></return></comment><params><param fulltype="net.sf.saxon.value.QNameValue" name="qname" type="QNameValue"><body><div>The name of the variable</div></body></param></params></method><method abstract="true" fulltype="net.sf.saxon.sxpath.XPathVariable" id="declareVariable" type="XPathVariable" visibility="public"><comment><body><div>Declare a variable. A variable must be declared before an expression referring
 to it is compiled. The initial value of the variable will be the empty sequence.</div></body><sentence>Declare a variable.</sentence><return><body><div>an XPathVariable object representing information about the variable that has been
         declared.</div></body></return></comment><params><param fulltype="java.lang.String" name="namespaceURI" type="String"><body><div>The namespace URI of the name of the variable. Supply "" to represent
                     names in no namespace (null is also accepted)</div></body></param><param fulltype="java.lang.String" name="localName" type="String"><body><div>The local part of the name of the variable (an NCName)</div></body></param></params></method><method abstract="true" fulltype="net.sf.saxon.expr.instruct.SlotManager" id="getStackFrameMap" type="SlotManager" visibility="public"><comment><body><div>Get a Stack Frame Map containing definitions of all the declared variables. This will return a newly
 created object that the caller is free to modify by adding additional variables, without affecting
 the static context itself.</div></body><sentence>Get a Stack Frame Map containing definitions of all the declared variables.</sentence><return><body><div>a SlotManager object holding details of the allocation of variables on the stack frame.</div></body></return></comment></method><method abstract="true" fulltype="boolean" id="isContextItemParentless" type="boolean" visibility="public"><comment><sentence>Ask whether the context item is known to be parentless</sentence><return><body><div>true if it is known that the context item for evaluating the expression will have no parent</div></body></return></comment></method><method abstract="true" fulltype="void" id="setDefaultElementNamespace" type="void" visibility="public"><comment><sentence>Set the default namespace for elements and types</sentence></comment><params><param fulltype="java.lang.String" name="uri" type="String"><body><div>The namespace to be used to qualify unprefixed element names and type names appearing
            in the XPath expression.</div></body></param></params></method><method abstract="true" fulltype="void" id="setNamespaceResolver" type="void" visibility="public"><comment><body><div>Set an external namespace resolver. If this is set, then all resolution of namespace
 prefixes is delegated to the external namespace resolver, and namespaces declared
 individually on this IndependentContext object are ignored.</div></body><sentence>Set an external namespace resolver.</sentence></comment><params><param fulltype="net.sf.saxon.om.NamespaceResolver" name="resolver" type="NamespaceResolver"><body><div>the external namespace resolver</div></body></param></params></method></methods><implemented-by><class fulltype="net.sf.saxon.sxpath.IndependentContext" type="IndependentContext"/><class fulltype="com.saxonica.ee.schema.sdoc.SchemaElement.XPathStaticContext" type="SchemaElement.XPathStaticContext"/></implemented-by></class><class id="XPathVariable" final="true" fulltype="net.sf.saxon.sxpath.XPathVariable" superclass="Object" superclassfulltype="java.lang.Object" visibility="public"><implements><interface fulltype="net.sf.saxon.expr.LocalBinding" type="LocalBinding"/></implements><comment><body><div>An object representing an XPath variable for use in the standalone XPath API. The object
 can only be created by calling the declareVariable method of class <tag kind="see">net.sf.saxon.sxpath.IndependentContext</tag>.
 Note that once declared, this object is thread-safe: it does not hold the actual variable
 value, which means it can be used with any number of evaluations of a given XPath expression,
 in series or in parallel.
 <p>A variable can be given a value by calling
 <tag kind="see">XPathDynamicContext#setVariable(XPathVariable, net.sf.saxon.om.Sequence)</tag>.
 Note that the value of the variable is not held in the XPathVariable object, but in the
 XPathDynamicContext, which means that the XPathVariable itself can be used in multiple threads.</p></div></body><sentence>An object representing an XPath variable for use in the standalone XPath API.</sentence></comment><fields/><methods><method fulltype="void" id="addReference" type="void" visibility="public"><comment><body><div>Method called by the XPath expression parser to register a reference to this variable.
 This method should not be called by users of the API.</div></body><sentence>Method called by the XPath expression parser to register a reference to this variable.</sentence></comment><params><param fulltype="net.sf.saxon.expr.VariableReference" name="ref" type="VariableReference"/><param fulltype="boolean" name="isLoopingReference" type="boolean"/></params></method><method fulltype="net.sf.saxon.om.Sequence" id="evaluateVariable" type="Sequence" visibility="public"><comment><body><div>Get the value of the variable. This method is used by the XPath execution engine
 to retrieve the value. Note that the value is not held within the variable itself,
 but within the dynamic context.</div></body><sentence>Get the value of the variable.</sentence><return><body><div>The value of the variable</div></body></return></comment><params><param fulltype="net.sf.saxon.expr.XPathContext" name="context" type="XPathContext"><body><div>The dynamic evaluation context</div></body></param></params></method><method fulltype="net.sf.saxon.om.Sequence" id="getDefaultValue" type="Sequence" visibility="public"><comment><sentence>Get the default value of the variable</sentence><return><body><div>the default value if one has been registered, or null otherwise</div></body></return></comment></method><method fulltype="net.sf.saxon.value.IntegerValue[]" id="getIntegerBoundsForVariable" type="IntegerValue[]" visibility="public"><comment><body><div>If the variable is bound to an integer, get the minimum and maximum possible values.
 Return null if unknown or not applicable</div></body><sentence>If the variable is bound to an integer, get the minimum and maximum possible values.</sentence></comment></method><method fulltype="int" id="getLocalSlotNumber" type="int" visibility="public"><comment><body><div>If this is a local variable held on the local stack frame, return the corresponding slot number.
 In other cases, return -1.</div></body><sentence>If this is a local variable held on the local stack frame, return the corresponding slot number.</sentence></comment></method><method fulltype="net.sf.saxon.value.SequenceType" id="getRequiredType" type="SequenceType" visibility="public"><comment><body><div>Get the required type of this variable. If no required type has been specified,
 the type <code>item()*</code> is returned.</div></body><sentence>Get the required type of this variable.</sentence><return><body><div>the required type of the variable</div></body></return></comment></method><method fulltype="net.sf.saxon.om.StructuredQName" id="getVariableQName" type="StructuredQName" visibility="public"><comment><sentence>Get the name of the variable as a QNameValue.</sentence><return><body><div>the name of the variable, as a QNameValue</div></body></return></comment></method><method final="true" fulltype="boolean" id="isAssignable" type="boolean" visibility="public"><comment><body><div>Test whether it is permitted to assign to the variable using the saxon:assign
 extension element. This will only be for an XSLT global variable where the extra
 attribute saxon:assignable="yes" is present.</div></body><sentence>Test whether it is permitted to assign to the variable using the saxon:assign
 extension element.</sentence><return><body><div>false (always)</div></body></return></comment></method><method fulltype="boolean" id="isGlobal" type="boolean" visibility="public"><comment><body><div>Ask whether the binding is local or global. A global binding is one that has a fixed
 value for the life of a query or transformation; any other binding is local. An XPath
 variable is treated as a local variable (largely because it is held on the stack frame)</div></body><sentence>Ask whether the binding is local or global.</sentence><return><body><div>false (always)</div></body></return></comment></method><method fulltype="boolean" id="isIndexedVariable" type="boolean" visibility="public"><comment><sentence>Ask whether the binding is to be indexed</sentence><return><body><div>true if the variable value can be indexed</div></body></return></comment></method><method fulltype="net.sf.saxon.sxpath.XPathVariable" id="make" static="true" type="XPathVariable" visibility="public"><comment><sentence>Factory method, for use by the declareVariable method of class IndependentContext</sentence><return><body><div>the constructed XPathVariable</div></body></return></comment><params><param fulltype="net.sf.saxon.om.StructuredQName" name="name" type="StructuredQName"><body><div>the name of the variable to create</div></body></param></params></method><method fulltype="void" id="setDefaultValue" type="void" visibility="public"><comment><sentence>Set a default value for the variable, to be used if no specific value is
 supplied when the expression is evaluated</sentence></comment><params><param fulltype="net.sf.saxon.om.Sequence" name="defaultValue" type="Sequence"><body><div>the default value for the variable</div></body></param></params></method><method fulltype="void" id="setIndexedVariable" type="void" visibility="public"><comment><sentence>Say that the bound value has the potential to be indexed</sentence></comment></method><method fulltype="void" id="setRequiredType" type="void" visibility="public"><comment><body><div>Set the required type of this variable. If no required type is specified,
 the type <code>item()*</code> is assumed.</div></body><sentence>Set the required type of this variable.</sentence></comment><params><param fulltype="net.sf.saxon.value.SequenceType" name="requiredType" type="SequenceType"><body><div>the required type</div></body></param></params></method><method fulltype="void" id="setSlotNumber" type="void" visibility="public"><comment><body><div>Set the slot number allocated to this variable. This method is for internal use.</div></body><sentence>Set the slot number allocated to this variable.</sentence></comment><params><param fulltype="int" name="slotNumber" type="int"><body><div>the slot number to be allocated</div></body></param></params></method></methods></class></package>