<?xml version="1.0" encoding="UTF-8"?><package id="net.sf.saxon.option.axiom"><class id="AxiomAttributeWrapper" fulltype="net.sf.saxon.option.axiom.AxiomAttributeWrapper" superclass="Object" superclassfulltype="java.lang.Object" visibility="public"><implements><interface fulltype="net.sf.saxon.om.NodeInfo" type="NodeInfo"/><interface fulltype="net.sf.saxon.tree.wrapper.VirtualNode" type="VirtualNode"/><interface fulltype="net.sf.saxon.tree.wrapper.SiblingCountingNode" type="SiblingCountingNode"/></implements><comment><body><div>A node in the XML parse tree representing an XML element, character content,
 or attribute.
 <p>This is the implementation of the NodeInfo interface used as a wrapper for
 Axiom nodes.</p>
 <p>Note that in Axiom, an OMAttribute is not an OMNode. Therefore, we need a separate
 class AttributeWrapper for attribute nodes.</p></div></body><sentence>A node in the XML parse tree representing an XML element, character content,
 or attribute.</sentence></comment><fields><field fulltype="int" id="index" type="int" visibility="protected"/><field fulltype="org.apache.axiom.om.OMAttribute" id="node" type="OMAttribute" visibility="protected"/></fields><methods><constructor id="AxiomAttributeWrapper" visibility="protected"><comment><sentence>This constructor is protected: nodes should be created using the wrap
 factory method on the DocumentWrapper class</sentence></comment><params><param fulltype="org.apache.axiom.om.OMAttribute" name="node" type="OMAttribute"><body><div>The Axiom attribute node to be wrapped</div></body></param><param fulltype="net.sf.saxon.option.axiom.AxiomParentNodeWrapper" name="parent" type="AxiomParentNodeWrapper"><body><div>The NodeWrapper that wraps the parent of this attribute node</div></body></param><param fulltype="int" name="index" type="int"><body><div>Position of this node among its siblings</div></body></param></params></constructor><method fulltype="net.sf.saxon.om.AtomicSequence" id="atomize" type="AtomicSequence" visibility="public"><comment><sentence>Get the typed value.</sentence><return><body><div>the typed value. If requireSingleton is set to true, the result
         will always be an AtomicValue. In other cases it may be a Value
         representing a sequence whose items are atomic values.</div></body></return><attribute name="@since"><body><div>8.5 (signature changed in 9.5)</div></body></attribute></comment></method><method fulltype="int" id="compareOrder" type="int" visibility="public"><comment><body><div>Determine the relative position of this node and another node, in
 document order. The other node will always be in the same document.</div></body><sentence>Determine the relative position of this node and another node, in
 document order.</sentence><return><body><div>-1 if this node precedes the other node, +1 if it follows the
         other node, or 0 if they are the same node. (In this case,
         isSameNode() will always return true, and the two nodes will
         produce the same result for generateId())</div></body></return></comment><params><param fulltype="net.sf.saxon.om.NodeInfo" name="other" type="NodeInfo"><body><div>The other node, whose position is to be compared with this
              node</div></body></param></params></method><method fulltype="boolean" id="equals" type="boolean" visibility="public"><comment><body><div>The equals() method compares nodes for identity. It is defined to give the same result
 as isSameNodeInfo().</div></body><sentence>The equals() method compares nodes for identity.</sentence><return><body><div>true if this NodeInfo object and the supplied NodeInfo object represent
         the same node in the tree.</div></body></return><attribute name="@since"><body><div>8.7 Previously, the effect of the equals() method was not defined. Callers
        should therefore be aware that third party implementations of the NodeInfo interface may
        not implement the correct semantics. It is safer to use isSameNodeInfo() for this reason.
        The equals() method has been defined because it is useful in contexts such as a Java Set or HashMap.</div></body></attribute></comment><override-of fulltype="java.lang.Object" method="equals(java.lang.Object)" type="Object"/><params><param fulltype="java.lang.Object" name="other" type="Object"><body><div>the node to be compared with this node</div></body></param></params></method><method fulltype="void" id="generateId" type="void" visibility="public"><comment><body><div>Get a character string that uniquely identifies this node. Note:
 a.isSameNode(b) if and only if generateId(a)==generateId(b)</div></body><sentence>Get a character string that uniquely identifies this node.</sentence></comment><params><param fulltype="java.lang.StringBuilder" name="buffer" type="StringBuilder"><body><div>a buffer to contain a string that uniquely identifies this node, across all documents</div></body></param></params></method><method fulltype="net.sf.saxon.om.NamespaceMap" id="getAllNamespaces" type="NamespaceMap" visibility="public"><comment><body><div>Get all the namespace bindings that are in-scope for this element.
 <p>For an element return all the prefix-to-uri bindings that are in scope. This may include
 a binding to the default namespace (represented by a prefix of ""). It will never include
 "undeclarations" - that is, the namespace URI will never be empty; the effect of an undeclaration
 is to remove a binding from the in-scope namespaces, not to add anything.</p>
 <p>For a node other than an element, returns null.</p></div></body><sentence>Get all the namespace bindings that are in-scope for this element.</sentence><return><body><div>the in-scope namespaces for an element, or null for any other kind of node.</div></body></return></comment></method><method fulltype="java.lang.String" id="getAttributeValue" type="String" visibility="public"><comment><sentence>Get the string value of a given attribute of this node</sentence><return><body><div>the attribute value if it exists, or null if it does not exist. Always returns null
         if this node is not an element.</div></body></return><attribute name="@since"><body><div>9.4</div></body></attribute></comment><params><param fulltype="java.lang.String" name="uri" type="String"><body><div>the namespace URI of the attribute name. Supply the empty string for an attribute
              that is in no namespace</div></body></param><param fulltype="java.lang.String" name="local" type="String"><body><div>the local part of the attribute name.</div></body></param></params></method><method fulltype="java.lang.String" id="getBaseURI" type="String" visibility="public"><comment><sentence>Get the Base URI for the node, that is, the URI used for resolving a
 relative URI contained in the node.</sentence></comment></method><method fulltype="net.sf.saxon.Configuration" id="getConfiguration" type="Configuration" visibility="public"><comment><sentence>Get the configuration</sentence></comment></method><method fulltype="net.sf.saxon.om.NamespaceBinding[]" id="getDeclaredNamespaces" type="NamespaceBinding[]" visibility="public"><comment><sentence>Get all namespace undeclarations and undeclarations defined on this element.</sentence><return><body><div>An array of integers representing the namespace declarations and undeclarations present on
         this element. For a node other than an element, return null. Otherwise, the returned array is a
         sequence of namespace codes, whose meaning may be interpreted by reference to the name pool. The
         top half word of each namespace code represents the prefix, the bottom half represents the URI.
         If the bottom half is zero, then this is a namespace undeclaration rather than a declaration.
         The XML namespace is never included in the list. If the supplied array is larger than required,
         then the first unused entry will be set to -1.
         <p>For a node other than an element, the method returns null.</p></div></body></return></comment><params><param fulltype="net.sf.saxon.om.NamespaceBinding[]" name="buffer" type="NamespaceBinding[]"><body><div>If this is non-null, and the result array fits in this buffer, then the result
               may overwrite the contents of this array, to avoid the cost of allocating a new array on the heap.</div></body></param></params></method><method fulltype="java.lang.String" id="getDisplayName" type="String" visibility="public"><comment><body><div>Get the display name of this node. For elements and attributes this is
 [prefix:]localname. For unnamed nodes, it is an empty string.</div></body><sentence>Get the display name of this node.</sentence><return><body><div>The display name of this node. For a node with no name, return an
         empty string.</div></body></return></comment></method><method fulltype="int" id="getFingerprint" type="int" visibility="public"><comment><body><div>Get fingerprint. The fingerprint is a coded form of the expanded name
 of the node: two nodes
 with the same name code have the same namespace URI and the same local name.
 The fingerprint contains no information about the namespace prefix. For a name
 in the null namespace, the fingerprint is the same as the name code.</div></body><sentence>Get fingerprint.</sentence><return><body><div>an integer fingerprint; two nodes with the same fingerprint have
 the same expanded QName. For unnamed nodes (text nodes, comments, document nodes,
 and namespace nodes for the default namespace), returns -1.</div></body></return><attribute name="@since"><body><div>8.4 (moved into FingerprintedNode at some stage; then back into NodeInfo at 9.8).</div></body></attribute></comment></method><method fulltype="java.lang.String" id="getLocalPart" type="String" visibility="public"><comment><body><div>Get the local part of the name of this node. This is the name after the
 ":" if any.</div></body><sentence>Get the local part of the name of this node.</sentence><return><body><div>the local part of the name. For an unnamed node, returns "".</div></body></return></comment></method><method fulltype="int" id="getNodeKind" type="int" visibility="public"><comment><sentence>Return the type of node.</sentence><return><body><div>one of the values Node.ELEMENT, Node.TEXT, Node.ATTRIBUTE, etc.</div></body></return></comment></method><method fulltype="net.sf.saxon.om.NodeInfo" id="getParent" type="NodeInfo" visibility="public"><comment><sentence>Get the NodeInfo object representing the parent of this node</sentence></comment></method><method fulltype="java.lang.String" id="getPrefix" type="String" visibility="public"><comment><body><div>Get the prefix of the name of the node. This is defined only for elements and attributes.
 If the node has no prefix, or for other kinds of node, return a zero-length string.</div></body><sentence>Get the prefix of the name of the node.</sentence><return><body><div>The prefix of the name of the node.</div></body></return></comment></method><method fulltype="org.apache.axiom.om.OMAttribute" id="getRealNode" type="OMAttribute" visibility="public"><comment><body><div>Get the node underlying this virtual node. If this is a VirtualNode the method
 will automatically drill down through several layers of wrapping.</div></body><sentence>Get the node underlying this virtual node.</sentence><return><body><div>The underlying node.</div></body></return></comment></method><method fulltype="net.sf.saxon.om.NodeInfo" id="getRoot" type="NodeInfo" visibility="public"><comment><sentence>Get the root node of the tree containing this node</sentence><return><body><div>the NodeInfo representing the top-level ancestor of this node.
         This will not necessarily be a document node</div></body></return></comment></method><method fulltype="net.sf.saxon.type.SchemaType" id="getSchemaType" type="SchemaType" visibility="public"><comment><body><div>Get the type annotation of this node, if any. The type annotation is represented as
 SchemaType object.
 <p>Types derived from a DTD are not reflected in the result of this method.</p></div></body><sentence>Get the type annotation of this node, if any.</sentence><return><body><div>For element and attribute nodes: the type annotation derived from schema
         validation (defaulting to xs:untyped and xs:untypedAtomic in the absence of schema
         validation). For comments, text nodes, processing instructions, and namespaces: null.
         For document nodes, either xs:untyped if the document has not been validated, or
         xs:anyType if it has.</div></body></return><attribute name="@since"><body><div>9.4</div></body></attribute></comment></method><method fulltype="int" id="getSiblingPosition" type="int" visibility="public"><comment><sentence>Get the index position of this node among its siblings (starting from 0)</sentence></comment></method><method fulltype="java.lang.String" id="getSystemId" type="String" visibility="public"><comment><sentence>Get the System ID for the node.</sentence><return><body><div>the System Identifier of the entity in the source document
         containing the node, or null if not known. Note this is not the
         same as the base URI: the base URI can be modified by xml:base,
         but the system ID cannot.</div></body></return></comment></method><method fulltype="net.sf.saxon.om.TreeInfo" id="getTreeInfo" type="TreeInfo" visibility="public"><comment><sentence>Get information about the tree to which this NodeInfo belongs</sentence><return><body><div>the TreeInfo</div></body></return><attribute name="@since"><body><div>9.7</div></body></attribute></comment></method><method fulltype="org.apache.axiom.om.OMAttribute" id="getUnderlyingNode" type="OMAttribute" visibility="public"><comment><sentence>Get the underlying Axiom node, to implement the VirtualNode interface</sentence></comment></method><method fulltype="net.sf.saxon.str.UnicodeString" id="getUnicodeStringValue" type="UnicodeString" visibility="public"><comment><body><div>Return the string value of the node. The interpretation of this depends
 on the type of node. For an element it is the accumulated character
 content of the element, including descendant elements.</div></body><sentence>Return the string value of the node.</sentence><return><body><div>the string value of the node</div></body></return></comment></method><method fulltype="java.lang.String" id="getURI" type="String" visibility="public"><comment><body><div>Get the URI part of the name of this node. This is the URI corresponding
 to the prefix, or the URI of the default namespace if appropriate.</div></body><sentence>Get the URI part of the name of this node.</sentence><return><body><div>The URI of the namespace of this node. For an unnamed node, or
         for a node with an empty prefix, return an empty string.</div></body></return></comment></method><method fulltype="boolean" id="hasChildNodes" type="boolean" visibility="public"><comment><body><div>Determine whether the node has any children.
 <p>Note: the result is equivalent to
 <code>getEnumeration(Axis.CHILD, AnyNodeTest.getInstance()).hasNext()</code></p></div></body><sentence>Determine whether the node has any children.</sentence></comment></method><method fulltype="boolean" id="hasFingerprint" type="boolean" visibility="public"><comment><body><div>Ask whether this NodeInfo implementation holds a fingerprint identifying the name of the
 node in the NamePool. If the answer is true, then the <tag kind="see">#getFingerprint</tag> method must
 return the fingerprint of the node. If the answer is false, then the <tag kind="see">#getFingerprint</tag>
 method should throw an <tag kind="code">UnsupportedOperationException</tag>. In the case of unnamed nodes
 such as text nodes, the result can be either true (in which case getFingerprint() should
 return -1) or false (in which case getFingerprint may throw an exception).</div></body><sentence>Ask whether this NodeInfo implementation holds a fingerprint identifying the name of the
 node in the NamePool.</sentence><return><body><div>true if the implementation of this node provides fingerprints.</div></body></return><attribute name="@since"><body><div>9.8; previously Saxon relied on using <code>FingerprintedNode</code> as a marker interface.</div></body></attribute></comment></method><method fulltype="int" id="hashCode" type="int" visibility="public"><comment><sentence>The hashCode() method obeys the contract for hashCode(): that is, if two objects are equal
 (represent the same node) then they must have the same hashCode()</sentence><attribute name="@since"><body><div>8.7 Previously, the effect of the equals() and hashCode() methods was not defined. Callers
        should therefore be aware that third party implementations of the NodeInfo interface may
        not implement the correct semantics.</div></body></attribute></comment><override-of fulltype="java.lang.Object" method="hashCode()" type="Object"/></method><method fulltype="boolean" id="isId" type="boolean" visibility="public"><comment><sentence>Determine whether this node has the is-id property</sentence><return><body><div>true if the node is an ID</div></body></return></comment></method><method fulltype="boolean" id="isIdref" type="boolean" visibility="public"><comment><sentence>Determine whether this node has the is-idref property</sentence><return><body><div>true if the node is an IDREF or IDREFS element or attribute</div></body></return></comment></method><method fulltype="net.sf.saxon.tree.iter.AxisIterator" id="iterateAxis" type="AxisIterator" visibility="public"><comment><sentence>Return an iteration over the nodes reached by the given axis from this
 node</sentence><return><body><div>a SequenceIterator that scans the nodes reached by the axis in
         turn.</div></body></return></comment><params><param fulltype="int" name="axisNumber" type="int"><body><div>the axis to be used</div></body></param><param fulltype="net.sf.saxon.pattern.NodePredicate" name="nodeTest" type="NodePredicate"><body><div>A pattern to be matched by the returned nodes</div></body></param></params></method><method fulltype="net.sf.saxon.s9api.Location" id="saveLocation" type="Location" visibility="public"><comment><body><div>Get an immutable copy of this Location object. By default Location objects may be mutable, so they
 should not be saved for later use. The result of this operation holds the same location information,
 but in an immutable form.</div></body><sentence>Get an immutable copy of this Location object.</sentence></comment></method><method fulltype="void" id="setSystemId" type="void" visibility="public"><params><param fulltype="java.lang.String" name="uri" type="String"/></params></method></methods></class><class id="AxiomDocument" fulltype="net.sf.saxon.option.axiom.AxiomDocument" superclass="GenericTreeInfo" superclassfulltype="net.sf.saxon.om.GenericTreeInfo" visibility="public"><implements><interface fulltype="net.sf.saxon.lib.ActiveSource" type="ActiveSource"/></implements><extends><inherits><interface fulltype="net.sf.saxon.om.TreeInfo" type="TreeInfo"/><interface fulltype="javax.xml.transform.Source" type="Source"/></inherits><interface fulltype="net.sf.saxon.om.GenericTreeInfo" type="GenericTreeInfo"/></extends><comment><sentence>Information about a tree that wraps an AXIOM document</sentence></comment><fields/><methods><constructor id="AxiomDocument" visibility="public"><comment><sentence>Create a Saxon wrapper for an Axiom document node</sentence></comment><params><param fulltype="org.apache.axiom.om.OMDocument" name="root" type="OMDocument"><body><div>The Axiom root node</div></body></param><param fulltype="java.lang.String" name="baseURI" type="String"><body><div>The base URI for all the nodes in the tree</div></body></param><param fulltype="net.sf.saxon.Configuration" name="config" type="Configuration"><body><div>The configuration which defines the name pool used for all
                names in this tree</div></body></param></params></constructor><method fulltype="void" id="deliver" type="void" visibility="public"><comment><sentence>Implement ActiveSource by delivering the document to a supplied receiver</sentence></comment><params><param fulltype="net.sf.saxon.event.Receiver" name="receiver" type="Receiver"><body><div>the receiver to which events representing the parsed XML document will be sent</div></body></param><param fulltype="net.sf.saxon.lib.ParseOptions" name="options" type="ParseOptions"><body><div>options for parsing the source</div></body></param></params><exceptions><exception fulltype="net.sf.saxon.trans.XPathException" id="XPathException"><sentence>XPathException if things don't work out</sentence></exception></exceptions></method><method fulltype="net.sf.saxon.om.NodeInfo" id="makeWrapper" static="true" type="NodeInfo" visibility="protected"><comment><sentence>Factory method to wrap an Axiom node with a wrapper that implements the
 Saxon NodeInfo interface.</sentence><return><body><div>The new wrapper for the supplied node</div></body></return></comment><params><param fulltype="org.apache.axiom.om.OMNode" name="node" type="OMNode"><body><div>The Axiom node (an element, text, processing-instruction, or comment node)</div></body></param><param fulltype="net.sf.saxon.option.axiom.AxiomDocument" name="docWrapper" type="AxiomDocument"><body><div>The wrapper for the Document containing this node</div></body></param><param fulltype="net.sf.saxon.option.axiom.AxiomParentNodeWrapper" name="parent" type="AxiomParentNodeWrapper"><body><div>The wrapper for the parent of the Axiom node. May be null if not known.</div></body></param><param fulltype="int" name="index" type="int"><body><div>The position of this node relative to its siblings. May be -1 if not known</div></body></param></params></method><method fulltype="net.sf.saxon.om.NodeInfo" id="selectID" type="NodeInfo" visibility="public"><comment><sentence>Get the element with a given ID, if any</sentence><return><body><div>the element with the given ID, or null if there is no such ID
         present (or if the parser has not notified attributes as being of
         type ID).</div></body></return></comment><override-of fulltype="net.sf.saxon.om.GenericTreeInfo" method="selectID(java.lang.String, boolean)" type="GenericTreeInfo"/><params><param fulltype="java.lang.String" name="id" type="String"><body><div>the required ID value</div></body></param><param fulltype="boolean" name="getParent" type="boolean"><body><div>true if the parent of the selected node is required (for element-with-id)</div></body></param></params></method><method fulltype="net.sf.saxon.om.NodeInfo" id="wrap" type="NodeInfo" visibility="public"><comment><sentence>Wrap a node in the Axiom document.</sentence><return><body><div>the wrapping NodeInfo object</div></body></return></comment><params><param fulltype="org.apache.axiom.om.OMNode" name="node" type="OMNode"><body><div>The node to be wrapped. This must be a node in the same
             document (the system does not check for this).</div></body></param></params></method></methods><class id="AxiomDocument.FollowingSiblingIterator" fulltype="net.sf.saxon.option.axiom.AxiomDocument.FollowingSiblingIterator" static="true" superclass="Object" superclassfulltype="java.lang.Object" visibility="protected"><implements><interface fulltype="net.sf.saxon.tree.iter.AxisIterator" type="AxisIterator"/></implements><fields/><methods><constructor id="FollowingSiblingIterator" visibility="public"><params><param fulltype="org.apache.axiom.om.OMNode" name="start" type="OMNode"/><param fulltype="net.sf.saxon.option.axiom.AxiomParentNodeWrapper" name="commonParent" type="AxiomParentNodeWrapper"/><param fulltype="net.sf.saxon.option.axiom.AxiomDocument" name="docWrapper" type="AxiomDocument"/></params></constructor><method fulltype="net.sf.saxon.om.NodeInfo" id="next" type="NodeInfo" visibility="public"/></methods></class><class id="AxiomDocument.PrecedingSiblingIterator" fulltype="net.sf.saxon.option.axiom.AxiomDocument.PrecedingSiblingIterator" static="true" superclass="Object" superclassfulltype="java.lang.Object" visibility="protected"><implements><interface fulltype="net.sf.saxon.tree.iter.AxisIterator" type="AxisIterator"/></implements><fields/><methods><constructor id="PrecedingSiblingIterator" visibility="public"><params><param fulltype="org.apache.axiom.om.OMNode" name="start" type="OMNode"/><param fulltype="net.sf.saxon.option.axiom.AxiomParentNodeWrapper" name="commonParent" type="AxiomParentNodeWrapper"/><param fulltype="net.sf.saxon.option.axiom.AxiomDocument" name="docWrapper" type="AxiomDocument"/></params></constructor><method fulltype="net.sf.saxon.om.NodeInfo" id="next" type="NodeInfo" visibility="public"/></methods></class></class><class id="AxiomDocumentNodeWrapper" fulltype="net.sf.saxon.option.axiom.AxiomDocumentNodeWrapper" superclass="AxiomParentNodeWrapper" superclassfulltype="net.sf.saxon.option.axiom.AxiomParentNodeWrapper" visibility="public"><extends><inherits><interface fulltype="net.sf.saxon.tree.wrapper.SiblingCountingNode" type="SiblingCountingNode"/></inherits><interface fulltype="net.sf.saxon.option.axiom.AxiomParentNodeWrapper" type="AxiomParentNodeWrapper"><extends><inherits><interface fulltype="net.sf.saxon.om.NodeInfo" type="NodeInfo"/><interface fulltype="net.sf.saxon.tree.wrapper.VirtualNode" type="VirtualNode"/></inherits><interface fulltype="net.sf.saxon.tree.wrapper.AbstractNodeWrapper" type="AbstractNodeWrapper"/></extends></interface></extends><comment><sentence>The document node in an AXIOM tree</sentence></comment><fields/><methods><constructor id="AxiomDocumentNodeWrapper" visibility="public"><comment><sentence>Create a Saxon wrapper for an Axiom document node</sentence></comment><params><param fulltype="org.apache.axiom.om.OMDocument" name="root" type="OMDocument"><body><div>The Axiom root node</div></body></param><param fulltype="java.lang.String" name="baseURI" type="String"><body><div>The base URI for all the nodes in the tree</div></body></param><param fulltype="net.sf.saxon.Configuration" name="config" type="Configuration"><body><div>The configuration which defines the name pool used for all
                names in this tree</div></body></param></params></constructor><method fulltype="int" id="compareOrder" type="int" visibility="public"><comment><body><div>Determine the relative position of this node and another node, in
 document order. The other node will always be in the same document.</div></body><sentence>Determine the relative position of this node and another node, in
 document order.</sentence><return><body><div>-1 if this node precedes the other node, +1 if it follows the
 other node, or 0 if they are the same node. (In this case,
 isSameNode() will always return true, and the two nodes will
 produce the same result for generateId())</div></body></return></comment><params><param fulltype="net.sf.saxon.om.NodeInfo" name="other" type="NodeInfo"><body><div>The other node, whose position is to be compared with this
              node</div></body></param></params></method><method fulltype="boolean" id="equals" type="boolean" visibility="public"><comment><body><div>Determine whether this is the same node as another node.
 <p>Note that two different NodeInfo instances can represent the same conceptual node.
 Therefore the "==" operator should not be used to test node identity. The equals()
 method should give the same result as isSameNodeInfo(), but since this rule was introduced
 late it might not apply to all implementations.</p>
 <p>Note: a.isSameNodeInfo(b) if and only if generateId(a)==generateId(b).</p>
 <p>This method has the same semantics as isSameNode() in DOM Level 3, but
 works on Saxon NodeInfo objects rather than DOM Node objects.</p></div></body><sentence>Determine whether this is the same node as another node.</sentence><return><body><div>true if this NodeInfo object and the supplied NodeInfo object represent
 the same node in the tree.</div></body></return></comment><override-of fulltype="net.sf.saxon.tree.wrapper.AbstractNodeWrapper" method="equals(java.lang.Object)" type="AbstractNodeWrapper"/><params><param fulltype="java.lang.Object" name="other" type="Object"><body><div>the node to be compared with this node</div></body></param></params></method><method fulltype="java.lang.String" id="getBaseURI" type="String" visibility="public"><comment><sentence>Get the Base URI for the node, that is, the URI used for resolving a relative URI contained
 in the node.</sentence></comment><override-of fulltype="net.sf.saxon.tree.wrapper.AbstractNodeWrapper" method="getBaseURI()" type="AbstractNodeWrapper"/></method><method fulltype="java.lang.String" id="getDisplayName" type="String" visibility="public"><comment><body><div>Get the display name of this node. For elements and attributes this is
 [prefix:]localname. For unnamed nodes, it is an empty string.</div></body><sentence>Get the display name of this node.</sentence><return><body><div>The display name of this node. For a node with no name, return an
 empty string.</div></body></return></comment><override-of fulltype="net.sf.saxon.tree.wrapper.AbstractNodeWrapper" method="getDisplayName()" type="AbstractNodeWrapper"/></method><method fulltype="java.lang.String" id="getLocalPart" type="String" visibility="public"><comment><body><div>Get the local part of the name of this node. This is the name after the
 ":" if any.</div></body><sentence>Get the local part of the name of this node.</sentence><return><body><div>the local part of the name. For an unnamed node, returns "".</div></body></return></comment></method><method fulltype="int" id="getNodeKind" type="int" visibility="public"><comment><body><div>Get the kind of node. This will be a value such as <tag kind="see">net.sf.saxon.type.Type#ELEMENT</tag>
 or <tag kind="see">net.sf.saxon.type.Type#ATTRIBUTE</tag>. There are seven kinds of node: documents, elements, attributes,
 text, comments, processing-instructions, and namespaces.</div></body><sentence>Get the kind of node.</sentence><return><body><div>an integer identifying the kind of node. These integer values are the
 same as those used in the DOM</div></body></return><attribute name="@see" see="java">net.sf.saxon.type.Type</attribute><attribute name="@since"><body><div>8.4</div></body></attribute></comment></method><method fulltype="net.sf.saxon.om.NodeInfo" id="getParent" type="NodeInfo" visibility="public"><comment><sentence>Get the NodeInfo object representing the parent of this node</sentence></comment></method><method fulltype="java.lang.String" id="getPrefix" type="String" visibility="public"><comment><body><div>Get the prefix of the name of the node. This is defined only for elements and attributes.
 If the node has no prefix, or for other kinds of node, return a zero-length string.</div></body><sentence>Get the prefix of the name of the node.</sentence><return><body><div>The prefix of the name of the node.</div></body></return></comment></method><method fulltype="net.sf.saxon.om.NodeInfo" id="getRoot" type="NodeInfo" visibility="public"><comment><sentence>Get the root node of the tree containing this node</sentence><return><body><div>the NodeInfo representing the top-level ancestor of this node.
 This will not necessarily be a document node. If this node has no parent,
 then the method returns this node.</div></body></return><attribute name="@since"><body><div>8.4</div></body></attribute></comment><override-of fulltype="net.sf.saxon.tree.wrapper.AbstractNodeWrapper" method="getRoot()" type="AbstractNodeWrapper"/></method><method fulltype="int" id="getSiblingPosition" type="int" visibility="public"><comment><sentence>Get the index position of this node among its siblings (starting from 0)</sentence><return><body><div>0 for the first child, 1 for the second child, etc.</div></body></return></comment></method><method fulltype="java.lang.String" id="getSystemId" type="String" visibility="public"><comment><body><div>Get the System ID for the node. Note this is not the
 same as the base URI: the base URI can be modified by xml:base, but
 the system ID cannot. The base URI is used primarily for resolving
 relative URIs within the content of the document. The system ID is
 used primarily in conjunction with a line number, for identifying the
 location of elements within the source XML, in particular when errors
 are found. For a document node, the System ID represents the value of
 the document-uri property as defined in the XDM data model.</div></body><sentence>Get the System ID for the node.</sentence><return><body><div>the System Identifier of the entity in the source document
 containing the node, or null if not known or not applicable.</div></body></return><attribute name="@since"><body><div>8.4</div></body></attribute></comment><override-of fulltype="net.sf.saxon.tree.wrapper.AbstractNodeWrapper" method="getSystemId()" type="AbstractNodeWrapper"/></method><method fulltype="java.lang.String" id="getURI" type="String" visibility="public"><comment><body><div>Get the URI part of the name of this node. This is the URI corresponding
 to the prefix, or the URI of the default namespace if appropriate.</div></body><sentence>Get the URI part of the name of this node.</sentence><return><body><div>The URI of the namespace of this node. For an unnamed node, or
 for a node with an empty prefix, return an empty string.</div></body></return></comment></method><method fulltype="boolean" id="isTyped" type="boolean" visibility="public"><comment><sentence>Ask whether the document contains any nodes whose type annotation is anything other than
 UNTYPED</sentence><return><body><div>true if the document contains elements whose type is other than UNTYPED</div></body></return></comment></method><method fulltype="net.sf.saxon.tree.iter.AxisIterator" id="iterateAttributes" type="AxisIterator" visibility="protected"><override-of fulltype="net.sf.saxon.tree.wrapper.AbstractNodeWrapper" method="iterateAttributes(net.sf.saxon.pattern.NodeTest)" type="AbstractNodeWrapper"/><params><param fulltype="net.sf.saxon.pattern.NodeTest" name="nodeTest" type="NodeTest"/></params></method><method fulltype="net.sf.saxon.tree.iter.AxisIterator" id="iterateSiblings" type="AxisIterator" visibility="protected"><override-of fulltype="net.sf.saxon.tree.wrapper.AbstractNodeWrapper" method="iterateSiblings(net.sf.saxon.pattern.NodeTest, boolean)" type="AbstractNodeWrapper"/><params><param fulltype="net.sf.saxon.pattern.NodeTest" name="nodeTest" type="NodeTest"/><param fulltype="boolean" name="forwards" type="boolean"/></params></method><method fulltype="net.sf.saxon.om.NodeInfo" id="makeWrapper" static="true" type="NodeInfo" visibility="protected"><comment><sentence>Factory method to wrap an Axiom node with a wrapper that implements the
 Saxon NodeInfo interface.</sentence><return><body><div>The new wrapper for the supplied node</div></body></return></comment><params><param fulltype="org.apache.axiom.om.OMNode" name="node" type="OMNode"><body><div>The Axiom node (an element, text, processing-instruction, or comment node)</div></body></param><param fulltype="net.sf.saxon.option.axiom.AxiomDocument" name="docWrapper" type="AxiomDocument"><body><div>The wrapper for the Document containing this node</div></body></param><param fulltype="net.sf.saxon.option.axiom.AxiomParentNodeWrapper" name="parent" type="AxiomParentNodeWrapper"><body><div>The wrapper for the parent of the Axiom node. May be null if not known.</div></body></param><param fulltype="int" name="index" type="int"><body><div>The position of this node relative to its siblings. May be -1 if not known</div></body></param></params></method><method fulltype="void" id="setSystemId" type="void" visibility="public"><comment><body><div>Set the system identifier for this Source.
 <p>The system identifier is optional if the source does not
 get its data from a URL, but it may still be useful to provide one.
 The application can use a system identifier, for example, to resolve
 relative URIs and to include in error messages and warnings.</p></div></body><sentence>Set the system identifier for this Source.</sentence></comment><override-of fulltype="net.sf.saxon.tree.wrapper.AbstractNodeWrapper" method="setSystemId(java.lang.String)" type="AbstractNodeWrapper"/><params><param fulltype="java.lang.String" name="systemId" type="String"><body><div>The system identifier as a URL string.</div></body></param></params></method></methods><class id="AxiomDocumentNodeWrapper.FollowingSiblingIterator" fulltype="net.sf.saxon.option.axiom.AxiomDocumentNodeWrapper.FollowingSiblingIterator" static="true" superclass="Object" superclassfulltype="java.lang.Object" visibility="protected"><implements><interface fulltype="net.sf.saxon.tree.iter.AxisIterator" type="AxisIterator"/></implements><fields/><methods><constructor id="FollowingSiblingIterator" visibility="public"><params><param fulltype="org.apache.axiom.om.OMNode" name="start" type="OMNode"/><param fulltype="net.sf.saxon.option.axiom.AxiomParentNodeWrapper" name="commonParent" type="AxiomParentNodeWrapper"/><param fulltype="net.sf.saxon.option.axiom.AxiomDocument" name="docWrapper" type="AxiomDocument"/></params></constructor><method fulltype="net.sf.saxon.om.NodeInfo" id="next" type="NodeInfo" visibility="public"/></methods></class><class id="AxiomDocumentNodeWrapper.PrecedingSiblingIterator" fulltype="net.sf.saxon.option.axiom.AxiomDocumentNodeWrapper.PrecedingSiblingIterator" static="true" superclass="Object" superclassfulltype="java.lang.Object" visibility="protected"><implements><interface fulltype="net.sf.saxon.tree.iter.AxisIterator" type="AxisIterator"/></implements><fields/><methods><constructor id="PrecedingSiblingIterator" visibility="public"><params><param fulltype="org.apache.axiom.om.OMNode" name="start" type="OMNode"/><param fulltype="net.sf.saxon.option.axiom.AxiomParentNodeWrapper" name="commonParent" type="AxiomParentNodeWrapper"/><param fulltype="net.sf.saxon.option.axiom.AxiomDocument" name="docWrapper" type="AxiomDocument"/></params></constructor><method fulltype="net.sf.saxon.om.NodeInfo" id="next" type="NodeInfo" visibility="public"/></methods></class></class><class id="AxiomElementNodeWrapper" fulltype="net.sf.saxon.option.axiom.AxiomElementNodeWrapper" superclass="AxiomParentNodeWrapper" superclassfulltype="net.sf.saxon.option.axiom.AxiomParentNodeWrapper" visibility="public"><extends><inherits><interface fulltype="net.sf.saxon.tree.wrapper.SiblingCountingNode" type="SiblingCountingNode"/></inherits><interface fulltype="net.sf.saxon.option.axiom.AxiomParentNodeWrapper" type="AxiomParentNodeWrapper"><extends><inherits><interface fulltype="net.sf.saxon.om.NodeInfo" type="NodeInfo"/><interface fulltype="net.sf.saxon.tree.wrapper.VirtualNode" type="VirtualNode"/></inherits><interface fulltype="net.sf.saxon.tree.wrapper.AbstractNodeWrapper" type="AbstractNodeWrapper"/></extends></interface></extends><comment><sentence>A node in the XDM tree; specifically, a node that wraps an Axiom element node.</sentence></comment><fields><field fulltype="net.sf.saxon.option.axiom.AxiomDocument" id="docWrapper" type="AxiomDocument" visibility="protected"/><field fulltype="int" id="index" type="int" visibility="protected"/></fields><methods><constructor id="AxiomElementNodeWrapper" visibility="protected"><comment><sentence>This constructor is protected: nodes should be created using the wrap
 factory method on the DocumentWrapper class</sentence></comment><params><param fulltype="org.apache.axiom.om.OMElement" name="node" type="OMElement"><body><div>The Axiom node to be wrapped</div></body></param><param fulltype="net.sf.saxon.option.axiom.AxiomDocument" name="docWrapper" type="AxiomDocument"><body><div>The wrapper around the document node at the root of the tree</div></body></param><param fulltype="net.sf.saxon.option.axiom.AxiomParentNodeWrapper" name="parent" type="AxiomParentNodeWrapper"><body><div>The NodeWrapper that wraps the parent of this node</div></body></param><param fulltype="int" name="index" type="int"><body><div>Position of this node among its siblings</div></body></param></params></constructor><method fulltype="int" id="compareOrder" type="int" visibility="public"><comment><body><div>Determine the relative position of this node and another node, in
 document order. The other node will always be in the same document.</div></body><sentence>Determine the relative position of this node and another node, in
 document order.</sentence><return><body><div>-1 if this node precedes the other node, +1 if it follows the
         other node, or 0 if they are the same node. (In this case,
         isSameNode() will always return true, and the two nodes will
         produce the same result for generateId())</div></body></return></comment><params><param fulltype="net.sf.saxon.om.NodeInfo" name="other" type="NodeInfo"><body><div>The other node, whose position is to be compared with this
              node</div></body></param></params></method><method fulltype="net.sf.saxon.om.NamespaceMap" id="getAllNamespaces" type="NamespaceMap" visibility="public"><comment><body><div>Get all the namespace bindings that are in-scope for this element.
 <p>For an element return all the prefix-to-uri bindings that are in scope. This may include
 a binding to the default namespace (represented by a prefix of ""). It will never include
 "undeclarations" - that is, the namespace URI will never be empty; the effect of an undeclaration
 is to remove a binding from the in-scope namespaces, not to add anything.</p>
 <p>For a node other than an element, returns null.</p></div></body><sentence>Get all the namespace bindings that are in-scope for this element.</sentence><return><body><div>the in-scope namespaces for an element, or null for any other kind of node.</div></body></return></comment><override-of fulltype="net.sf.saxon.tree.wrapper.AbstractNodeWrapper" method="getAllNamespaces()" type="AbstractNodeWrapper"/></method><method fulltype="java.lang.String" id="getAttributeValue" type="String" visibility="public"><comment><sentence>Get the string value of a given attribute of this node</sentence><return><body><div>the attribute value if it exists, or null if it does not exist. Always returns null
         if this node is not an element.</div></body></return><attribute name="@since"><body><div>9.4</div></body></attribute></comment><override-of fulltype="net.sf.saxon.tree.wrapper.AbstractNodeWrapper" method="getAttributeValue(java.lang.String, java.lang.String)" type="AbstractNodeWrapper"/><params><param fulltype="java.lang.String" name="uri" type="String"><body><div>the namespace URI of the attribute name. Supply the empty string for an attribute
              that is in no namespace</div></body></param><param fulltype="java.lang.String" name="local" type="String"><body><div>the local part of the attribute name.</div></body></param></params></method><method fulltype="net.sf.saxon.om.NamespaceBinding[]" id="getDeclaredNamespaces" type="NamespaceBinding[]" visibility="public"><comment><sentence>Get all namespace undeclarations and undeclarations defined on this element.</sentence><return><body><div>An array of integers representing the namespace declarations and undeclarations present on
         this element. For a node other than an element, return null. Otherwise, the returned array is a
         sequence of namespace codes, whose meaning may be interpreted by reference to the name pool. The
         top half word of each namespace code represents the prefix, the bottom half represents the URI.
         If the bottom half is zero, then this is a namespace undeclaration rather than a declaration.
         The XML namespace is never included in the list. If the supplied array is larger than required,
         then the first unused entry will be set to -1.
         <p>For a node other than an element, the method returns null.</p></div></body></return></comment><override-of fulltype="net.sf.saxon.tree.wrapper.AbstractNodeWrapper" method="getDeclaredNamespaces(net.sf.saxon.om.NamespaceBinding[])" type="AbstractNodeWrapper"/><params><param fulltype="net.sf.saxon.om.NamespaceBinding[]" name="buffer" type="NamespaceBinding[]"><body><div>If this is non-null, and the result array fits in this buffer, then the result
               may overwrite the contents of this array, to avoid the cost of allocating a new array on the heap.</div></body></param></params></method><method fulltype="java.lang.String" id="getLocalPart" type="String" visibility="public"><comment><body><div>Get the local part of the name of this node. This is the name after the
 ":" if any.</div></body><sentence>Get the local part of the name of this node.</sentence><return><body><div>the local part of the name. For an unnamed node, returns "".</div></body></return></comment></method><method fulltype="int" id="getNodeKind" type="int" visibility="public"><comment><sentence>Return the type of node.</sentence><return><body><div>one of the values Node.ELEMENT, Node.TEXT, Node.ATTRIBUTE, etc.</div></body></return></comment></method><method fulltype="net.sf.saxon.option.axiom.AxiomParentNodeWrapper" id="getParent" type="AxiomParentNodeWrapper" visibility="public"><comment><sentence>Get the NodeInfo object representing the parent of this node</sentence></comment></method><method fulltype="java.lang.String" id="getPrefix" type="String" visibility="public"><comment><body><div>Get the prefix of the name of the node. This is defined only for elements and attributes.
 If the node has no prefix, or for other kinds of node, return a zero-length string.</div></body><sentence>Get the prefix of the name of the node.</sentence><return><body><div>The prefix of the name of the node.</div></body></return></comment></method><method fulltype="net.sf.saxon.om.NodeInfo" id="getRoot" type="NodeInfo" visibility="public"><comment><sentence>Get the root node of the tree containing this node</sentence><return><body><div>the NodeInfo representing the top-level ancestor of this node.
         This will not necessarily be a document node</div></body></return></comment><override-of fulltype="net.sf.saxon.tree.wrapper.AbstractNodeWrapper" method="getRoot()" type="AbstractNodeWrapper"/></method><method fulltype="net.sf.saxon.type.SchemaType" id="getSchemaType" type="SchemaType" visibility="public"><comment><body><div>Get the type annotation of this node, if any. The type annotation is represented as
 SchemaType object.
 <p>Types derived from a DTD are not reflected in the result of this method.</p></div></body><sentence>Get the type annotation of this node, if any.</sentence><return><body><div>For element and attribute nodes: the type annotation derived from schema
         validation (defaulting to xs:untyped and xs:untypedAtomic in the absence of schema
         validation). For comments, text nodes, processing instructions, and namespaces: null.
         For document nodes, either xs:untyped if the document has not been validated, or
         xs:anyType if it has.</div></body></return><attribute name="@since"><body><div>9.4</div></body></attribute></comment></method><method fulltype="int" id="getSiblingPosition" type="int" visibility="public"><comment><sentence>Get the index position of this node among its siblings (starting from 0)</sentence></comment></method><method fulltype="java.lang.String" id="getURI" type="String" visibility="public"><comment><body><div>Get the URI part of the name of this node. This is the URI corresponding
 to the prefix, or the URI of the default namespace if appropriate.</div></body><sentence>Get the URI part of the name of this node.</sentence><return><body><div>The URI of the namespace of this node. For an unnamed node, or
         for a node with an empty prefix, return an empty string.</div></body></return></comment></method><method fulltype="net.sf.saxon.tree.iter.AxisIterator" id="iterateAttributes" type="AxisIterator" visibility="protected"><override-of fulltype="net.sf.saxon.tree.wrapper.AbstractNodeWrapper" method="iterateAttributes(net.sf.saxon.pattern.NodeTest)" type="AbstractNodeWrapper"/><params><param fulltype="net.sf.saxon.pattern.NodeTest" name="nodeTest" type="NodeTest"/></params></method><method fulltype="net.sf.saxon.tree.iter.AxisIterator" id="iterateSiblings" type="AxisIterator" visibility="protected"><override-of fulltype="net.sf.saxon.tree.wrapper.AbstractNodeWrapper" method="iterateSiblings(net.sf.saxon.pattern.NodeTest, boolean)" type="AbstractNodeWrapper"/><params><param fulltype="net.sf.saxon.pattern.NodeTest" name="nodeTest" type="NodeTest"/><param fulltype="boolean" name="forwards" type="boolean"/></params></method></methods></class><class id="AxiomLeafNodeWrapper" fulltype="net.sf.saxon.option.axiom.AxiomLeafNodeWrapper" superclass="AbstractNodeWrapper" superclassfulltype="net.sf.saxon.tree.wrapper.AbstractNodeWrapper" visibility="public"><implements><interface fulltype="net.sf.saxon.tree.wrapper.SiblingCountingNode" type="SiblingCountingNode"/></implements><extends><inherits><interface fulltype="net.sf.saxon.om.NodeInfo" type="NodeInfo"/><interface fulltype="net.sf.saxon.tree.wrapper.VirtualNode" type="VirtualNode"/></inherits><interface fulltype="net.sf.saxon.tree.wrapper.AbstractNodeWrapper" type="AbstractNodeWrapper"/></extends><comment><body><div>A node in the XDM tree. This is the implementation of the NodeInfo interface used as a wrapper for
 Axiom comment, text, and processing instruction nodes.</div></body><sentence>A node in the XDM tree.</sentence></comment><fields><field fulltype="int" id="index" type="int" visibility="protected"/><field fulltype="org.apache.axiom.om.OMNode" id="node" type="OMNode" visibility="protected"/><field fulltype="short" id="nodeKind" type="short" visibility="protected"/></fields><methods><constructor id="AxiomLeafNodeWrapper" visibility="protected"><comment><sentence>This constructor is protected: nodes should be created using the wrap
 factory method on the DocumentWrapper class</sentence></comment><params><param fulltype="org.apache.axiom.om.OMNode" name="node" type="OMNode"><body><div>The Axiom node to be wrapped</div></body></param><param fulltype="net.sf.saxon.option.axiom.AxiomDocument" name="docWrapper" type="AxiomDocument"><body><div>The wrapper of the containing document node - must not be null</div></body></param><param fulltype="net.sf.saxon.option.axiom.AxiomParentNodeWrapper" name="parent" type="AxiomParentNodeWrapper"><body><div>The NodeWrapper that wraps the parent of this node; null means unknwon</div></body></param><param fulltype="int" name="index" type="int"><body><div>Position of this node among its siblings</div></body></param></params></constructor><method fulltype="int" id="compareOrder" type="int" visibility="public"><comment><body><div>Determine the relative position of this node and another node, in
 document order. The other node will always be in the same document.</div></body><sentence>Determine the relative position of this node and another node, in
 document order.</sentence><return><body><div>-1 if this node precedes the other node, +1 if it follows the
         other node, or 0 if they are the same node. (In this case,
         isSameNode() will always return true, and the two nodes will
         produce the same result for generateId())</div></body></return></comment><params><param fulltype="net.sf.saxon.om.NodeInfo" name="other" type="NodeInfo"><body><div>The other node, whose position is to be compared with this
              node</div></body></param></params></method><method fulltype="void" id="generateId" type="void" visibility="public"><comment><body><div>Get a character string that uniquely identifies this node. Note:
 a.isSameNode(b) if and only if generateId(a)==generateId(b)</div></body><sentence>Get a character string that uniquely identifies this node.</sentence></comment><params><param fulltype="java.lang.StringBuilder" name="buffer" type="StringBuilder"><body><div>a buffer to contain a string that uniquely identifies this node, across all documents</div></body></param></params></method><method fulltype="net.sf.saxon.om.NamespaceBinding[]" id="getDeclaredNamespaces" type="NamespaceBinding[]" visibility="public"><comment><sentence>Get all namespace undeclarations and undeclarations defined on this element.</sentence><return><body><div>An array of integers representing the namespace declarations and undeclarations present on
         this element. For a node other than an element, return null. Otherwise, the returned array is a
         sequence of namespace codes, whose meaning may be interpreted by reference to the name pool. The
         top half word of each namespace code represents the prefix, the bottom half represents the URI.
         If the bottom half is zero, then this is a namespace undeclaration rather than a declaration.
         The XML namespace is never included in the list. If the supplied array is larger than required,
         then the first unused entry will be set to -1.
         <p>For a node other than an element, the method returns null.</p></div></body></return></comment><override-of fulltype="net.sf.saxon.tree.wrapper.AbstractNodeWrapper" method="getDeclaredNamespaces(net.sf.saxon.om.NamespaceBinding[])" type="AbstractNodeWrapper"/><params><param fulltype="net.sf.saxon.om.NamespaceBinding[]" name="buffer" type="NamespaceBinding[]"><body><div>If this is non-null, and the result array fits in this buffer, then the result
               may overwrite the contents of this array, to avoid the cost of allocating a new array on the heap.</div></body></param></params></method><method fulltype="java.lang.String" id="getDisplayName" type="String" visibility="public"><comment><body><div>Get the display name of this node. For elements and attributes this is
 [prefix:]localname. For unnamed nodes, it is an empty string.</div></body><sentence>Get the display name of this node.</sentence><return><body><div>The display name of this node. For a node with no name, return an
         empty string.</div></body></return></comment><override-of fulltype="net.sf.saxon.tree.wrapper.AbstractNodeWrapper" method="getDisplayName()" type="AbstractNodeWrapper"/></method><method fulltype="java.lang.String" id="getLocalPart" type="String" visibility="public"><comment><body><div>Get the local part of the name of this node. This is the name after the
 ":" if any.</div></body><sentence>Get the local part of the name of this node.</sentence><return><body><div>the local part of the name. For an unnamed node, returns "".</div></body></return></comment></method><method fulltype="int" id="getNodeKind" type="int" visibility="public"><comment><sentence>Return the type of node.</sentence><return><body><div>one of the values Node.ELEMENT, Node.TEXT, Node.ATTRIBUTE, etc.</div></body></return></comment></method><method fulltype="net.sf.saxon.option.axiom.AxiomParentNodeWrapper" id="getParent" type="AxiomParentNodeWrapper" visibility="public"><comment><sentence>Get the NodeInfo object representing the parent of this node</sentence></comment></method><method fulltype="java.lang.String" id="getPrefix" type="String" visibility="public"><comment><body><div>Get the prefix of the name of the node. This is defined only for elements and attributes.
 If the node has no prefix, or for other kinds of node, return a zero-length string.</div></body><sentence>Get the prefix of the name of the node.</sentence><return><body><div>The prefix of the name of the node.</div></body></return></comment></method><method fulltype="net.sf.saxon.om.NodeInfo" id="getRoot" type="NodeInfo" visibility="public"><comment><sentence>Get the root node of the tree containing this node</sentence><return><body><div>the NodeInfo representing the top-level ancestor of this node.
         This will not necessarily be a document node</div></body></return></comment><override-of fulltype="net.sf.saxon.tree.wrapper.AbstractNodeWrapper" method="getRoot()" type="AbstractNodeWrapper"/></method><method fulltype="net.sf.saxon.type.SchemaType" id="getSchemaType" type="SchemaType" visibility="public"><comment><body><div>Get the type annotation of this node, if any. The type annotation is represented as
 SchemaType object.
 <p>Types derived from a DTD are not reflected in the result of this method.</p></div></body><sentence>Get the type annotation of this node, if any.</sentence><return><body><div>For element and attribute nodes: the type annotation derived from schema
         validation (defaulting to xs:untyped and xs:untypedAtomic in the absence of schema
         validation). For comments, text nodes, processing instructions, and namespaces: null.
         For document nodes, either xs:untyped if the document has not been validated, or
         xs:anyType if it has.</div></body></return><attribute name="@since"><body><div>9.4</div></body></attribute></comment></method><method fulltype="int" id="getSiblingPosition" type="int" visibility="public"><comment><sentence>Get the index position of this node among its siblings (starting from 0)</sentence></comment></method><method fulltype="org.apache.axiom.om.OMNode" id="getUnderlyingNode" type="OMNode" visibility="public"><comment><sentence>Get the underlying XOM node, to implement the VirtualNode interface</sentence></comment></method><method fulltype="net.sf.saxon.str.UnicodeString" id="getUnicodeStringValue" type="UnicodeString" visibility="public"><comment><body><div>Get the value of the item as a CharSequence. This is in some cases more efficient than
 the version of the method that returns a String.</div></body><sentence>Get the value of the item as a CharSequence.</sentence><return><body><div>the string value of the node</div></body></return></comment></method><method fulltype="java.lang.String" id="getURI" type="String" visibility="public"><comment><body><div>Get the URI part of the name of this node. This is the URI corresponding
 to the prefix, or the URI of the default namespace if appropriate.</div></body><sentence>Get the URI part of the name of this node.</sentence><return><body><div>The URI of the namespace of this node. For an unnamed node, or
         for a node with an empty prefix, return an empty string.</div></body></return></comment></method><method fulltype="boolean" id="hasChildNodes" type="boolean" visibility="public"><comment><body><div>Determine whether the node has any children.
 <p>Note: the result is equivalent to
 <code>getEnumeration(Axis.CHILD, AnyNodeTest.getInstance()).hasNext()</code></p></div></body><sentence>Determine whether the node has any children.</sentence></comment><override-of fulltype="net.sf.saxon.tree.wrapper.AbstractNodeWrapper" method="hasChildNodes()" type="AbstractNodeWrapper"/></method><method fulltype="net.sf.saxon.tree.iter.AxisIterator" id="iterateAttributes" type="AxisIterator" visibility="protected"><override-of fulltype="net.sf.saxon.tree.wrapper.AbstractNodeWrapper" method="iterateAttributes(net.sf.saxon.pattern.NodeTest)" type="AbstractNodeWrapper"/><params><param fulltype="net.sf.saxon.pattern.NodeTest" name="nodeTest" type="NodeTest"/></params></method><method fulltype="net.sf.saxon.tree.iter.AxisIterator" id="iterateChildren" type="AxisIterator" visibility="protected"><override-of fulltype="net.sf.saxon.tree.wrapper.AbstractNodeWrapper" method="iterateChildren(net.sf.saxon.pattern.NodeTest)" type="AbstractNodeWrapper"/><params><param fulltype="net.sf.saxon.pattern.NodeTest" name="nodeTest" type="NodeTest"/></params></method><method fulltype="net.sf.saxon.tree.iter.AxisIterator" id="iterateDescendants" type="AxisIterator" visibility="protected"><override-of fulltype="net.sf.saxon.tree.wrapper.AbstractNodeWrapper" method="iterateDescendants(net.sf.saxon.pattern.NodeTest, boolean)" type="AbstractNodeWrapper"/><params><param fulltype="net.sf.saxon.pattern.NodeTest" name="nodeTest" type="NodeTest"/><param fulltype="boolean" name="includeSelf" type="boolean"/></params></method><method fulltype="net.sf.saxon.tree.iter.AxisIterator" id="iterateSiblings" type="AxisIterator" visibility="protected"><override-of fulltype="net.sf.saxon.tree.wrapper.AbstractNodeWrapper" method="iterateSiblings(net.sf.saxon.pattern.NodeTest, boolean)" type="AbstractNodeWrapper"/><params><param fulltype="net.sf.saxon.pattern.NodeTest" name="nodeTest" type="NodeTest"/><param fulltype="boolean" name="forwards" type="boolean"/></params></method></methods></class><class id="AxiomObjectModel" fulltype="net.sf.saxon.option.axiom.AxiomObjectModel" superclass="TreeModel" superclassfulltype="net.sf.saxon.om.TreeModel" visibility="public"><implements><interface fulltype="net.sf.saxon.lib.ExternalObjectModel" type="ExternalObjectModel"/></implements><extends><interface fulltype="net.sf.saxon.om.TreeModel" type="TreeModel"/></extends><comment><body><div>This interface must be implemented by any third-party object model that can
 be wrapped with a wrapper that implements the Saxon Object Model (the NodeInfo interface).
 This implementation of the interface supports wrapping of Axiom Documents.</div></body><sentence>This interface must be implemented by any third-party object model that can
 be wrapped with a wrapper that implements the Saxon Object Model (the NodeInfo interface).</sentence></comment><fields/><methods><constructor id="AxiomObjectModel" visibility="public"/><method fulltype="net.sf.saxon.event.Receiver" id="getDocumentBuilder" type="Receiver" visibility="public"><comment><body><div>Test whether this object model recognizes a particular kind of JAXP Result object,
 and if it does, return a Receiver that builds an instance of this data model from
 a sequence of events. If the Result is not recognized, return null.</div></body><sentence>Test whether this object model recognizes a particular kind of JAXP Result object,
 and if it does, return a Receiver that builds an instance of this data model from
 a sequence of events.</sentence><return><body><div>Always null, because no Axiom Result implementation is recognized.</div></body></return></comment><params><param fulltype="javax.xml.transform.Result" name="result" type="Result"/></params></method><method fulltype="java.lang.String" id="getDocumentClassName" type="String" visibility="public"><comment><sentence>Get the name of a characteristic class, which, if it can be loaded, indicates that the supporting libraries
 for this object model implementation are available on the classpath</sentence><return><body><div>by convention (but not necessarily) the class that implements a document node in the relevant
 external model</div></body></return></comment></method><method fulltype="java.lang.String" id="getIdentifyingURI" type="String" visibility="public"><comment><sentence>Get the URI of the external object model as used in the JAXP factory interfaces for obtaining
 an XPath implementation</sentence></comment></method><method fulltype="net.sf.saxon.option.axiom.AxiomObjectModel" id="getInstance" static="true" type="AxiomObjectModel" visibility="public"/><method fulltype="net.sf.saxon.expr.JPConverter" id="getJPConverter" type="JPConverter" visibility="public"><params><param fulltype="java.lang.Class" name="sourceClass" type="Class"/><param fulltype="net.sf.saxon.Configuration" name="config" type="Configuration"/></params></method><method fulltype="java.lang.String" id="getName" type="String" visibility="public"><override-of fulltype="net.sf.saxon.om.TreeModel" method="getName()" type="TreeModel"/></method><method fulltype="net.sf.saxon.expr.PJConverter" id="getNodeListCreator" type="PJConverter" visibility="public"><comment><sentence>Get a converter that converts a sequence of XPath nodes to this model's representation
 of a node list.</sentence><return><body><div>if the model does not recognize this node as one of its own, return null. Otherwise
         return a PJConverter that takes a list of XPath nodes (represented as NodeInfo objects) and
         returns a collection of nodes in this object model</div></body></return></comment><params><param fulltype="java.lang.Object" name="node" type="Object"><body><div>an example of the kind of node used in this model</div></body></param></params></method><method fulltype="net.sf.saxon.expr.PJConverter" id="getPJConverter" type="PJConverter" visibility="public"><params><param fulltype="java.lang.Class" name="targetClass" type="Class"><type fulltype="?" type="?"/></param></params></method><method fulltype="int" id="getSymbolicValue" type="int" visibility="public"><override-of fulltype="net.sf.saxon.om.TreeModel" method="getSymbolicValue()" type="TreeModel"/></method><method fulltype="net.sf.saxon.event.Builder" id="makeBuilder" type="Builder" visibility="public"><override-of fulltype="net.sf.saxon.om.TreeModel" method="makeBuilder(net.sf.saxon.event.PipelineConfiguration)" type="TreeModel"/><params><param fulltype="net.sf.saxon.event.PipelineConfiguration" name="pipe" type="PipelineConfiguration"/></params></method><method fulltype="net.sf.saxon.om.NodeInfo" id="unravel" type="NodeInfo" visibility="public"><comment><body><div>Wrap or unwrap a node using this object model to return the corresponding Saxon node. If the supplied
 source does not belong to this object model, return null</div></body><sentence>Wrap or unwrap a node using this object model to return the corresponding Saxon node.</sentence></comment><params><param fulltype="javax.xml.transform.Source" name="source" type="Source"/><param fulltype="net.sf.saxon.Configuration" name="config" type="Configuration"/></params></method><method fulltype="net.sf.saxon.om.NodeInfo" id="wrapNode" type="NodeInfo" visibility="public"><comment><sentence>Wrap a node within the external object model in a node wrapper that implements the Saxon
 VirtualNode interface (which is an extension of NodeInfo)</sentence><return><body><div>the wrapper for the node, as an instance of VirtualNode</div></body></return></comment><params><param fulltype="net.sf.saxon.option.axiom.AxiomDocument" name="document" type="AxiomDocument"><body><div>the document wrapper, as a DocumentInfo object</div></body></param><param fulltype="java.lang.Object" name="node" type="Object"><body><div>the node to be wrapped. This must be a node within the document wrapped by the
                 DocumentInfo provided in the first argument</div></body></param></params></method></methods></class><class id="AxiomParentNodeWrapper" abstract="true" fulltype="net.sf.saxon.option.axiom.AxiomParentNodeWrapper" superclass="AbstractNodeWrapper" superclassfulltype="net.sf.saxon.tree.wrapper.AbstractNodeWrapper" visibility="public"><implements><interface fulltype="net.sf.saxon.tree.wrapper.SiblingCountingNode" type="SiblingCountingNode"/></implements><extends><inherits><interface fulltype="net.sf.saxon.om.NodeInfo" type="NodeInfo"/><interface fulltype="net.sf.saxon.tree.wrapper.VirtualNode" type="VirtualNode"/></inherits><interface fulltype="net.sf.saxon.tree.wrapper.AbstractNodeWrapper" type="AbstractNodeWrapper"/></extends><comment><sentence>A node in the XDM tree; specifically, a node that wraps an Axiom document node or element node.</sentence></comment><fields><field fulltype="org.apache.axiom.om.OMContainer" id="node" type="OMContainer" visibility="protected"/></fields><methods><constructor id="AxiomParentNodeWrapper" visibility="protected"><params><param fulltype="org.apache.axiom.om.OMContainer" name="node" type="OMContainer"/></params></constructor><method fulltype="net.sf.saxon.om.AtomicSequence" id="atomize" type="AtomicSequence" visibility="public"><comment><sentence>Get the typed value.</sentence><return><body><div>the typed value. If requireSingleton is set to true, the result
         will always be an AtomicValue. In other cases it may be a Value
         representing a sequence whose items are atomic values.</div></body></return></comment><override-of fulltype="net.sf.saxon.tree.wrapper.AbstractNodeWrapper" method="atomize()" type="AbstractNodeWrapper"/></method><method fulltype="void" id="generateId" type="void" visibility="public"><comment><body><div>Get a character string that uniquely identifies this node. Note:
 a.isSameNode(b) if and only if generateId(a)==generateId(b)</div></body><sentence>Get a character string that uniquely identifies this node.</sentence></comment><params><param fulltype="java.lang.StringBuilder" name="buffer" type="StringBuilder"><body><div>a buffer to contain a string that uniquely identifies this node, across all documents</div></body></param></params></method><method fulltype="org.apache.axiom.om.OMContainer" id="getUnderlyingNode" type="OMContainer" visibility="public"><comment><sentence>Get the underlying Axiom node, to implement the VirtualNode interface</sentence></comment></method><method fulltype="net.sf.saxon.str.UnicodeString" id="getUnicodeStringValue" type="UnicodeString" visibility="public"><comment><sentence>Get the string value of the node as a UnicodeString.</sentence><return><body><div>the node's string value</div></body></return></comment></method><method fulltype="boolean" id="hasChildNodes" type="boolean" visibility="public"><comment><body><div>Determine whether the node has any children.
 <p>Note: the result is equivalent to
 <code>getEnumeration(Axis.CHILD, AnyNodeTest.getInstance()).hasNext()</code></p></div></body><sentence>Determine whether the node has any children.</sentence></comment><override-of fulltype="net.sf.saxon.tree.wrapper.AbstractNodeWrapper" method="hasChildNodes()" type="AbstractNodeWrapper"/></method><method final="true" fulltype="net.sf.saxon.tree.iter.AxisIterator" id="iterateChildren" type="AxisIterator" visibility="protected"><override-of fulltype="net.sf.saxon.tree.wrapper.AbstractNodeWrapper" method="iterateChildren(net.sf.saxon.pattern.NodeTest)" type="AbstractNodeWrapper"/><params><param fulltype="net.sf.saxon.pattern.NodeTest" name="nodeTest" type="NodeTest"/></params></method><method fulltype="net.sf.saxon.tree.iter.AxisIterator" id="iterateDescendants" type="AxisIterator" visibility="protected"><override-of fulltype="net.sf.saxon.tree.wrapper.AbstractNodeWrapper" method="iterateDescendants(net.sf.saxon.pattern.NodeTest, boolean)" type="AbstractNodeWrapper"/><params><param fulltype="net.sf.saxon.pattern.NodeTest" name="nodeTest" type="NodeTest"/><param fulltype="boolean" name="includeSelf" type="boolean"/></params></method></methods><class id="AxiomParentNodeWrapper.ChildWrappingIterator" fulltype="net.sf.saxon.option.axiom.AxiomParentNodeWrapper.ChildWrappingIterator" superclass="AxiomParentNodeWrapper.AxiomWrappingIterator" superclassfulltype="net.sf.saxon.option.axiom.AxiomParentNodeWrapper.AxiomWrappingIterator" visibility="protected"><extends><inherits><interface fulltype="net.sf.saxon.tree.iter.AxisIterator" type="AxisIterator"/></inherits><interface fulltype="net.sf.saxon.option.axiom.AxiomParentNodeWrapper.AxiomWrappingIterator" type="AxiomParentNodeWrapper.AxiomWrappingIterator"/></extends><comment><sentence>Iterator over the children of a supplied node</sentence></comment><fields/><methods><constructor id="ChildWrappingIterator" visibility="public"><params><param fulltype="net.sf.saxon.option.axiom.AxiomParentNodeWrapper" name="commonParent" type="AxiomParentNodeWrapper"/><param fulltype="net.sf.saxon.pattern.NodeTest" name="nodeTest" type="NodeTest"/></params></constructor><method fulltype="net.sf.saxon.om.NodeInfo" id="wrap" type="NodeInfo" visibility="protected"><override-of fulltype="net.sf.saxon.option.axiom.AxiomParentNodeWrapper.AxiomWrappingIterator" method="wrap(java.lang.Object)" type="AxiomParentNodeWrapper.AxiomWrappingIterator"/><params><param fulltype="java.lang.Object" name="node" type="Object"/></params></method></methods></class><class id="AxiomParentNodeWrapper.DescendantWrappingIterator" fulltype="net.sf.saxon.option.axiom.AxiomParentNodeWrapper.DescendantWrappingIterator" superclass="AxiomParentNodeWrapper.AxiomWrappingIterator" superclassfulltype="net.sf.saxon.option.axiom.AxiomParentNodeWrapper.AxiomWrappingIterator" visibility="protected"><extends><inherits><interface fulltype="net.sf.saxon.tree.iter.AxisIterator" type="AxisIterator"/></inherits><interface fulltype="net.sf.saxon.option.axiom.AxiomParentNodeWrapper.AxiomWrappingIterator" type="AxiomParentNodeWrapper.AxiomWrappingIterator"/></extends><comment><sentence>Iterator over the descendants of a supplied node (optionally including the node itself)</sentence></comment><fields/><methods><constructor id="DescendantWrappingIterator" visibility="public"><params><param fulltype="net.sf.saxon.option.axiom.AxiomParentNodeWrapper" name="parentWrapper" type="AxiomParentNodeWrapper"/><param fulltype="net.sf.saxon.pattern.NodeTest" name="nodeTest" type="NodeTest"/><param fulltype="boolean" name="includeSelf" type="boolean"/></params></constructor><method fulltype="net.sf.saxon.om.NodeInfo" id="wrap" type="NodeInfo" visibility="protected"><override-of fulltype="net.sf.saxon.option.axiom.AxiomParentNodeWrapper.AxiomWrappingIterator" method="wrap(java.lang.Object)" type="AxiomParentNodeWrapper.AxiomWrappingIterator"/><params><param fulltype="java.lang.Object" name="node" type="Object"/></params></method></methods></class><subclasses><class fulltype="net.sf.saxon.option.axiom.AxiomDocumentNodeWrapper" type="AxiomDocumentNodeWrapper"/><class fulltype="net.sf.saxon.option.axiom.AxiomElementNodeWrapper" type="AxiomElementNodeWrapper"/></subclasses></class><class id="AxiomWriter" fulltype="net.sf.saxon.option.axiom.AxiomWriter" superclass="Builder" superclassfulltype="net.sf.saxon.event.Builder" visibility="public"><extends><inherits><interface fulltype="net.sf.saxon.event.Receiver" type="Receiver"/></inherits><interface fulltype="net.sf.saxon.event.Builder" type="Builder"/></extends><comment><sentence>JDOMWriter is a Receiver that constructs a JDOM document from the stream of events</sentence></comment><fields/><methods><constructor id="AxiomWriter" visibility="public"><comment><sentence>Create an AxiomWriter using the default node factory</sentence></comment><params><param fulltype="net.sf.saxon.event.PipelineConfiguration" name="pipe" type="PipelineConfiguration"><body><div>information about the Saxon pipeline</div></body></param></params></constructor><method fulltype="void" id="characters" type="void" visibility="public"><comment><sentence>Character data.</sentence></comment><params><param fulltype="net.sf.saxon.str.UnicodeString" name="chars" type="UnicodeString"/><param fulltype="net.sf.saxon.s9api.Location" name="locationId" type="Location"/><param fulltype="int" name="properties" type="int"/></params><exceptions><exception fulltype="net.sf.saxon.trans.XPathException" id="XPathException"/></exceptions></method><method fulltype="void" id="close" type="void" visibility="public"><comment><sentence>End of the document.</sentence></comment><override-of fulltype="net.sf.saxon.event.Builder" method="close()" type="Builder"/></method><method fulltype="void" id="comment" type="void" visibility="public"><comment><sentence>Handle a comment.</sentence></comment><params><param fulltype="net.sf.saxon.str.UnicodeString" name="chars" type="UnicodeString"/><param fulltype="net.sf.saxon.s9api.Location" name="locationId" type="Location"/><param fulltype="int" name="properties" type="int"/></params><exceptions><exception fulltype="net.sf.saxon.trans.XPathException" id="XPathException"/></exceptions></method><method fulltype="void" id="endDocument" type="void" visibility="public"><comment><sentence>Notify the end of a document node</sentence></comment><exceptions><exception fulltype="net.sf.saxon.trans.XPathException" id="XPathException"/></exceptions></method><method fulltype="void" id="endElement" type="void" visibility="public"><comment><sentence>End of an element.</sentence></comment><exceptions><exception fulltype="net.sf.saxon.trans.XPathException" id="XPathException"/></exceptions></method><method fulltype="net.sf.saxon.om.NodeInfo" id="getCurrentRoot" type="NodeInfo" visibility="public"><comment><sentence>Get the current root node.</sentence><return><body><div>a Saxon wrapper around the constructed XOM document node</div></body></return></comment><override-of fulltype="net.sf.saxon.event.Builder" method="getCurrentRoot()" type="Builder"/></method><method fulltype="org.apache.axiom.om.OMDocument" id="getDocument" type="OMDocument" visibility="public"><comment><sentence>Get the constructed document node</sentence><return><body><div>the document node of the constructed XOM tree</div></body></return></comment></method><method fulltype="void" id="open" type="void" visibility="public"><comment><sentence>Start of the document.</sentence></comment><override-of fulltype="net.sf.saxon.event.Builder" method="open()" type="Builder"/></method><method fulltype="void" id="processingInstruction" type="void" visibility="public"><comment><sentence>Handle a processing instruction.</sentence></comment><params><param fulltype="java.lang.String" name="target" type="String"/><param fulltype="net.sf.saxon.str.UnicodeString" name="data" type="UnicodeString"/><param fulltype="net.sf.saxon.s9api.Location" name="locationId" type="Location"/><param fulltype="int" name="properties" type="int"/></params><exceptions><exception fulltype="net.sf.saxon.trans.XPathException" id="XPathException"/></exceptions></method><method fulltype="void" id="setUnparsedEntity" type="void" visibility="public"><comment><sentence>Notify an unparsed entity URI.</sentence></comment><params><param fulltype="java.lang.String" name="name" type="String"><body><div>The name of the unparsed entity</div></body></param><param fulltype="java.lang.String" name="systemID" type="String"><body><div>The system identifier of the unparsed entity</div></body></param><param fulltype="java.lang.String" name="publicID" type="String"><body><div>The public identifier of the unparsed entity</div></body></param></params><exceptions><exception fulltype="net.sf.saxon.trans.XPathException" id="XPathException"/></exceptions></method><method fulltype="void" id="startDocument" type="void" visibility="public"><comment><sentence>Start of a document node.</sentence></comment><params><param fulltype="int" name="properties" type="int"><body><div>properties of the node</div></body></param></params><exceptions><exception fulltype="net.sf.saxon.trans.XPathException" id="XPathException"/></exceptions></method><method fulltype="void" id="startElement" type="void" visibility="public"><comment><sentence>Start of an element.</sentence></comment><params><param fulltype="net.sf.saxon.om.NodeName" name="elemName" type="NodeName"/><param fulltype="net.sf.saxon.type.SchemaType" name="type" type="SchemaType"/><param fulltype="net.sf.saxon.om.AttributeMap" name="attributes" type="AttributeMap"/><param fulltype="net.sf.saxon.om.NamespaceMap" name="namespaces" type="NamespaceMap"/><param fulltype="net.sf.saxon.s9api.Location" name="location" type="Location"/><param fulltype="int" name="properties" type="int"/></params><exceptions><exception fulltype="net.sf.saxon.trans.XPathException" id="XPathException"/></exceptions></method><method fulltype="boolean" id="usesTypeAnnotations" type="boolean" visibility="public"><comment><sentence>Ask whether this Receiver (or the downstream pipeline) makes any use of the type annotations
 supplied on element and attribute events</sentence><return><body><div>true if the Receiver makes any use of this information. If false, the caller
         may supply untyped nodes instead of supplying the type annotation</div></body></return></comment><override-of fulltype="net.sf.saxon.event.Builder" method="usesTypeAnnotations()" type="Builder"/></method></methods></class></package>