<?xml version="1.0" encoding="UTF-8"?><package id="net.sf.saxon.regex.charclass"><class id="Categories" fulltype="net.sf.saxon.regex.charclass.Categories" superclass="Object" superclassfulltype="java.lang.Object" visibility="public"><comment><body><div>Data for Regular expression character categories. The data is in an XML file derived from the Unicode
 database (In Saxon 9.6, this is based on Unicode 6.2.0). Since Saxon 9.4,
 we no longer make use of Java's support for character categories since there are too many differences
 from Unicode.</div></body><sentence>Data for Regular expression character categories.</sentence></comment><fields><field final="true" fulltype="net.sf.saxon.regex.charclass.PredicateCharacterClass" id="ESCAPE_c" static="true" type="PredicateCharacterClass" visibility="public"/><field final="true" fulltype="net.sf.saxon.regex.charclass.CharacterClass" id="ESCAPE_C" static="true" type="CharacterClass" visibility="public"/><field final="true" fulltype="net.sf.saxon.regex.charclass.Categories.Category" id="ESCAPE_d" static="true" type="Categories.Category" visibility="public"/><field final="true" fulltype="net.sf.saxon.regex.charclass.CharacterClass" id="ESCAPE_D" static="true" type="CharacterClass" visibility="public"/><field final="true" fulltype="net.sf.saxon.regex.charclass.PredicateCharacterClass" id="ESCAPE_i" static="true" type="PredicateCharacterClass" visibility="public"/><field final="true" fulltype="net.sf.saxon.regex.charclass.CharacterClass" id="ESCAPE_I" static="true" type="CharacterClass" visibility="public"/><field final="true" fulltype="net.sf.saxon.regex.charclass.CharacterClass" id="ESCAPE_s" static="true" type="CharacterClass" visibility="public"/><field final="true" fulltype="net.sf.saxon.regex.charclass.CharacterClass" id="ESCAPE_S" static="true" type="CharacterClass" visibility="public"/><field final="true" fulltype="net.sf.saxon.regex.charclass.PredicateCharacterClass" id="ESCAPE_w" static="true" type="PredicateCharacterClass" visibility="public"/><field final="true" fulltype="net.sf.saxon.regex.charclass.CharacterClass" id="ESCAPE_W" static="true" type="CharacterClass" visibility="public"/></fields><methods><constructor id="Categories" visibility="public"/><method fulltype="net.sf.saxon.regex.charclass.Categories.Category" id="getCategory" static="true" synchronized="true" type="Categories.Category" visibility="public"><comment><sentence>Get a predicate to test characters for membership of one of the Unicode
 character categories</sentence><return><body><div>a predicate that tests whether a given character belongs to the category</div></body></return></comment><params><param fulltype="java.lang.String" name="cat" type="String"><body><div>a one-character or two-character category name, for example L or Lu</div></body></param></params></method></methods><class id="Categories.Category" fulltype="net.sf.saxon.regex.charclass.Categories.Category" static="true" superclass="Object" superclassfulltype="java.lang.Object" visibility="public"><implements><interface fulltype="net.sf.saxon.regex.charclass.CharacterClass" type="CharacterClass"/></implements><comment><body><div>A Category is a CharacterClass represented in a regular expression as \p{Xx}.
 The label Xx is retained, and can be used to determine whether or not two
 categories are disjoint.</div></body><sentence>A Category is a CharacterClass represented in a regular expression as \p{Xx}.</sentence></comment><fields/><methods><constructor id="Category" visibility="public"><params><param fulltype="java.lang.String" name="label" type="String"/><param fulltype="net.sf.saxon.z.IntPredicateProxy" name="predicate" type="IntPredicateProxy"/></params></constructor><method fulltype="net.sf.saxon.z.IntSet" id="getIntSet" type="IntSet" visibility="public"/><method fulltype="boolean" id="isDisjoint" type="boolean" visibility="public"><params><param fulltype="net.sf.saxon.regex.charclass.CharacterClass" name="other" type="CharacterClass"/></params></method><method fulltype="boolean" id="test" type="boolean" visibility="public"><params><param fulltype="int" name="value" type="int"/></params></method></methods></class></class><class id="CharacterClass" abstract="true" fulltype="net.sf.saxon.regex.charclass.CharacterClass" interface="true" visibility="public"><implements><interface fulltype="net.sf.saxon.z.IntPredicateProxy" type="IntPredicateProxy"/></implements><comment><body><div>A character class represents a set of characters for regex matching purposes. It extends IntPredicate,
 so there is a mechanism for testing whether a particular codepoint is a member of the class. In
 addition it provides a method for testing whether two classes are disjoint, which is used when
 optimizing regular expressions.</div></body><sentence>A character class represents a set of characters for regex matching purposes.</sentence></comment><fields/><methods><method abstract="true" fulltype="net.sf.saxon.z.IntSet" id="getIntSet" type="IntSet" visibility="public"><comment><body><div>Get the set of matching characters if available. If not available, return null</div></body><sentence>Get the set of matching characters if available.</sentence></comment></method><method abstract="true" fulltype="boolean" id="isDisjoint" type="boolean" visibility="public"><comment><body><div>Ask whether this character class is known to be disjoint with another character class
 (that is, the two classes have no characters in common). If in doubt, return false.</div></body><sentence>Ask whether this character class is known to be disjoint with another character class
 (that is, the two classes have no characters in common).</sentence><return><body><div>true if the character classes are known to be disjoint; false if there may
 be characters in common between the two classes</div></body></return></comment><params><param fulltype="net.sf.saxon.regex.charclass.CharacterClass" name="other" type="CharacterClass"><body><div>the other character class</div></body></param></params></method><method abstract="true" fulltype="boolean" id="test" type="boolean" visibility="public"><comment><sentence>Test whether a particular codepoint is a member of the character class</sentence><return><body><div>true if it matches</div></body></return></comment><params><param fulltype="int" name="value" type="int"><body><div>the codepoint to be tested</div></body></param></params></method></methods><implemented-by><class fulltype="net.sf.saxon.regex.charclass.Categories.Category" type="Categories.Category"/><class fulltype="net.sf.saxon.regex.charclass.EmptyCharacterClass" type="EmptyCharacterClass"/><class fulltype="net.sf.saxon.regex.charclass.IntSetCharacterClass" type="IntSetCharacterClass"/><class fulltype="net.sf.saxon.regex.charclass.InverseCharacterClass" type="InverseCharacterClass"/><class fulltype="net.sf.saxon.regex.charclass.PredicateCharacterClass" type="PredicateCharacterClass"/><class fulltype="net.sf.saxon.regex.charclass.SingletonCharacterClass" type="SingletonCharacterClass"/></implemented-by></class><class id="EmptyCharacterClass" fulltype="net.sf.saxon.regex.charclass.EmptyCharacterClass" superclass="Object" superclassfulltype="java.lang.Object" visibility="public"><implements><interface fulltype="net.sf.saxon.regex.charclass.CharacterClass" type="CharacterClass"/></implements><comment><body><div>A character class represents a set of characters for regex matching purposes. The empty
 character class matches no characters</div></body><sentence>A character class represents a set of characters for regex matching purposes.</sentence></comment><fields/><methods><method fulltype="net.sf.saxon.regex.charclass.CharacterClass" id="getComplement" static="true" type="CharacterClass" visibility="public"/><method fulltype="net.sf.saxon.regex.charclass.EmptyCharacterClass" id="getInstance" static="true" type="EmptyCharacterClass" visibility="public"/><method fulltype="net.sf.saxon.z.IntSet" id="getIntSet" type="IntSet" visibility="public"/><method fulltype="boolean" id="isDisjoint" type="boolean" visibility="public"><params><param fulltype="net.sf.saxon.regex.charclass.CharacterClass" name="other" type="CharacterClass"/></params></method><method fulltype="boolean" id="test" type="boolean" visibility="public"><params><param fulltype="int" name="value" type="int"/></params></method></methods></class><class id="IntSetCharacterClass" fulltype="net.sf.saxon.regex.charclass.IntSetCharacterClass" superclass="Object" superclassfulltype="java.lang.Object" visibility="public"><implements><interface fulltype="net.sf.saxon.regex.charclass.CharacterClass" type="CharacterClass"/></implements><comment><body><div>A character class represents a set of characters for regex matching purposes. An
 IntSetCharacterClass is a character class represented by a set of integer
 codepoints</div></body><sentence>A character class represents a set of characters for regex matching purposes.</sentence></comment><fields/><methods><constructor id="IntSetCharacterClass" visibility="public"><params><param fulltype="net.sf.saxon.z.IntSet" name="intSet" type="IntSet"/></params></constructor><method fulltype="net.sf.saxon.z.IntSet" id="getIntSet" type="IntSet" visibility="public"/><method fulltype="boolean" id="isDisjoint" type="boolean" visibility="public"><comment><body><div>Ask whether this character class is known to be disjoint with another character class
 (that is, the two classes have no characters in common). If in doubt, return false.</div></body><sentence>Ask whether this character class is known to be disjoint with another character class
 (that is, the two classes have no characters in common).</sentence><return><body><div>true if the character classes are known to be disjoint; false if there may
 be characters in common between the two classes</div></body></return></comment><params><param fulltype="net.sf.saxon.regex.charclass.CharacterClass" name="other" type="CharacterClass"><body><div>the other character class</div></body></param></params></method><method fulltype="boolean" id="test" type="boolean" visibility="public"><params><param fulltype="int" name="value" type="int"/></params></method></methods></class><class id="InverseCharacterClass" fulltype="net.sf.saxon.regex.charclass.InverseCharacterClass" superclass="Object" superclassfulltype="java.lang.Object" visibility="public"><implements><interface fulltype="net.sf.saxon.regex.charclass.CharacterClass" type="CharacterClass"/></implements><comment><body><div>A character class represents a set of characters for regex matching purposes. An inverse
 character class is the complement of another character class</div></body><sentence>A character class represents a set of characters for regex matching purposes.</sentence></comment><fields/><methods><constructor id="InverseCharacterClass" visibility="public"><comment><sentence>Create the complement of a character class, that is, a character class containing exactly
 those characters that are not included in the supplied character class</sentence></comment><params><param fulltype="net.sf.saxon.regex.charclass.CharacterClass" name="complement" type="CharacterClass"><body><div>the class of which this one is the complement</div></body></param></params></constructor><method fulltype="net.sf.saxon.regex.charclass.CharacterClass" id="getComplement" type="CharacterClass" visibility="public"><comment><sentence>Get the character class of which this class is the complement</sentence><return><body><div>the complement of this character class</div></body></return></comment></method><method fulltype="net.sf.saxon.z.IntSet" id="getIntSet" type="IntSet" visibility="public"/><method fulltype="boolean" id="isDisjoint" type="boolean" visibility="public"><params><param fulltype="net.sf.saxon.regex.charclass.CharacterClass" name="other" type="CharacterClass"/></params></method><method fulltype="boolean" id="test" type="boolean" visibility="public"><params><param fulltype="int" name="value" type="int"/></params></method></methods></class><class id="PredicateCharacterClass" fulltype="net.sf.saxon.regex.charclass.PredicateCharacterClass" superclass="Object" superclassfulltype="java.lang.Object" visibility="public"><implements><interface fulltype="net.sf.saxon.regex.charclass.CharacterClass" type="CharacterClass"/></implements><comment><body><div>A character class represents a set of characters for regex matching purposes. A predicate
 character class is one where the determination of membership is established by executing
 a function.</div></body><sentence>A character class represents a set of characters for regex matching purposes.</sentence></comment><fields/><methods><constructor id="PredicateCharacterClass" visibility="public"><params><param fulltype="java.util.function.IntPredicate" name="predicate" type="IntPredicate"/></params></constructor><method fulltype="net.sf.saxon.z.IntSet" id="getIntSet" type="IntSet" visibility="public"/><method fulltype="boolean" id="isDisjoint" type="boolean" visibility="public"><params><param fulltype="net.sf.saxon.regex.charclass.CharacterClass" name="other" type="CharacterClass"/></params></method><method fulltype="boolean" id="test" type="boolean" visibility="public"><params><param fulltype="int" name="value" type="int"/></params></method></methods></class><class id="SingletonCharacterClass" fulltype="net.sf.saxon.regex.charclass.SingletonCharacterClass" superclass="Object" superclassfulltype="java.lang.Object" visibility="public"><implements><interface fulltype="net.sf.saxon.regex.charclass.CharacterClass" type="CharacterClass"/></implements><comment><body><div>A character class represents a set of characters for regex matching purposes. A singleton
 character class matches exactly one character</div></body><sentence>A character class represents a set of characters for regex matching purposes.</sentence></comment><fields/><methods><constructor id="SingletonCharacterClass" visibility="public"><params><param fulltype="int" name="codepoint" type="int"/></params></constructor><method fulltype="int" id="getCodepoint" type="int" visibility="public"/><method fulltype="net.sf.saxon.z.IntSet" id="getIntSet" type="IntSet" visibility="public"/><method fulltype="boolean" id="isDisjoint" type="boolean" visibility="public"><params><param fulltype="net.sf.saxon.regex.charclass.CharacterClass" name="other" type="CharacterClass"/></params></method><method fulltype="boolean" id="test" type="boolean" visibility="public"><params><param fulltype="int" name="value" type="int"/></params></method></methods></class></package>