<?xml version="1.0" encoding="UTF-8"?><article id="about" title="About Saxon">
   <h1>About Saxon</h1>

   <aside>If you need help finding your way around this documentation, there is a full <a href="../help-system" class="bodylink">guide to the documentation system</a>.
   </aside>
   
   <p>This is the documentation for the Saxon version 11 series.</p>

   <p>A full history of changes over successive releases appears in the <a class="bodylink" href="/changes">Change
         history</a>.</p>
   
   <h2 class="subtitle">Technology platforms</h2>
   
   <p>The documentation includes information specific to the Java, C#, and C/C++, PHP and Python
      versions of the Saxon product, referred to as <b>SaxonJ</b>, <b>SaxonCS</b> and <b>SaxonC</b> respectively.</p>
   
   <p class="javaonly">Information specific to the Java product (SaxonJ) is highlighted like this, and can be hidden
   using the "Java" checkbox at the bottom of the page. Although APIs are always described using Java syntax,
   they can also be used from other JVM-based languages such as Scala.</p>
   
   <p class="csonly">Information specific to the C# product (SaxonCS) is highlighted like this, and can be hidden
      using the "C#" checkbox at the bottom of the page. Although APIs are always described using C# syntax,
      they can also be used from other .NET-based languages such as VB.NET.</p>
   
   <p class="conly">Information specific to the C/C++, PHP and Python product (SaxonC) is highlighted like
      this, and can be hidden using the "C" checkbox at the bottom of the page.</p>
   
   <h2 class="subtitle">XML technologies</h2>

   <p>Saxon 11 includes highly conformant implementations of the current W3C Recommendations: XSLT
      3.0, XQuery 3.1, XPath 3.1, and XSD 1.1. See <a class="bodylink" href="/conformance">Standards
         conformance</a> for more details.</p> 

   <p>Support for older specifications such as XSLT 2.0 and XQuery 1.0 has been dropped, but of course
      the newer specifications have a high level of backwards compatibility so existing code should
      continue to run without any problems. Support for two superseded specifications is retained
      for the time being: XSD 1.0 and XPath 2.0.</p>
   
   <p>XSLT 2.0 and 3.0 define a "backwards compatibility mode" for running XSLT 1.0 stylesheets:
      this is available in all Saxon editions.</p>
   
   <h2 class="subtitle">Product editions</h2>

   
      <p>For SaxonJ and SaxonC this documentation covers three Saxon editions: home, professional, and enterprise (HE, PE,
      and EE). The Home Edition remains open source (under the Mozilla Public License 2.0). An
      outline of what is present in each edition can be found in the <a class="bodylink" href="http://www.saxonica.com/products/feature-matrix-11.xml">feature matrix</a>. Broadly
      speaking:</p>
      <ul>
        <li>Saxon-HE includes support for published W3C recommendations at the minimum
          conformance level;</li>
        <li>Saxon-PE includes support for optional W3C features and for Saxon
          extensions;</li>
        <li>Saxon-EE includes features needed for advanced applications and high
          performance.</li>
      </ul> 
   
   <p class="csonly">SaxonCS is currently available only in the Enterprise Edition (SaxonCS-EE), so the
      suffix -EE is normally omitted; however statements about Enterprise Edition should be taken
      as referring both to SaxonJ-EE and SaxonCS-EE unless otherwise specified.
   </p>
   <p>See also <a class="bodylink" href="packages">Choosing a software package</a>.</p>
   
   <h2 class="subtitle">Other documentation</h2>

   <p class="conly">Much of this documentation is applicable to the SaxonC product, but you should also check
      the <a href="http://www.saxonica.com/saxon-c/documentation11" class="bodylink">SaxonC documentation</a>
      for aspects specific to that platform (including full details of the APIs for C/C++, PHP and Python).</p>
   
   <p>The documentation also contains information relevant to SaxonJS (in particular the Reference
      sections on <a class="bodylink" href="/xsl-elements">XSLT elements</a>, <a class="bodylink" href="/expressions">XPath syntax</a>, and <a class="bodylink" href="/functions">Functions
            library</a>), but please see the main <a class="bodylink" href="http://www.saxonica.com/saxon-js/documentation">SaxonJS documentation</a> for specific
      SaxonJS product information.</p>
   
   <p>See also the <a href="/javadoc" class="bodylink">Java API specifications</a> for SaxonJ and <a href="/dotnetdoc" class="bodylink">C# API specifications</a> for SaxonCS.</p>

   <aside>This documentation (including full API documentation for both the Java and .NET platforms)
      is provided on the <a href="http://www.saxonica.com/" class="bodylink">Saxonica</a> website.
      It is also included in the <code>saxon-resources-11.zip</code> file available for download
      from the <a href="http://www.saxonica.com/download/download_page.xml" class="bodylink">Saxonica
            download page</a>. The resources file is separate from the software download, and it
      includes sample applications as well as this documentation for all Saxon editions.</aside>


   <section id="gettingstarted" title="Getting started">
      <h1>Getting started</h1>
      
      

      <p>If you are new to Saxon, or to the Java or .NET platform, 
         or to XML, XSLT, and XQuery, this section provides a
         quick checklist of the things you need to do before you can run your first application.</p>

      <p>First decide which platform you want to use. If you already use either the Java or .NET
         platform, it's simplest to use the platform you are familiar with. If you don't use either
         of these platforms, we recommend starting with Java, as Saxon has been available on Java
         for longer and this version is therefore better integrated and better documented. If you
         currently use both, then the choice largely depends on what language you want to use to
         write your own applications.</p>
      <nav>
         <ul/>
      </nav>
      
      <p class="conly">For information on getting started with SaxonC, please see <a class="bodylink" href="http://www.saxonica.com/saxon-c/documentation11/#!about/gettingstarted">Getting started</a> in
         the SaxonC documentation.</p>

      <section id="gettingstartedjava" title="Getting started with SaxonJ" class="javaonly">
         <h1>Getting started with SaxonJ</h1>

         <p>Saxon doesn't come with a graphical user interface: it's a library designed to be integrated into
            other tools and applications. You will therefore start by using it from the operating
            system command line.</p>

         <p>Alternatively, Saxon is integrated with popular XML development environments such as <a class="bodylink" href="http://www.oxygenxml.com/">Oxygen XML Editor</a> and <a class="bodylink" href="http://www.stylusstudio.com/">Stylus Studio</a>, which will handle all the
            installation dependencies.</p>
         <ol>
            <li>
               <p>Ensure that Java is installed. SaxonJ 11 requires Java 8 or later. If for some
                  reason you need to run with an earlier Java release, SaxonJ 9.8 ran with Java SE 6 or later. 
                  To check that Java is installed, try typing <code>java -version</code>
                  at the command prompt. If it is not installed, you can <a href="http://www.oracle.com/technetwork/java/javase/downloads/index.html" class="bodylink">get the software from Oracle</a>.</p>
            </li>
            <li>
               <p>Download the Saxon software. You will typically start with the open-source version
                  SaxonJ-HE which you can download:</p>
                 <ul>
                    <li>From <a href="https://mvnrepository.com/artifact/net.sf.saxon/Saxon-HE" class="bodylink">Maven</a></li>
                    <li>From <a href="http://sourceforge.net/project/showfiles.php?group_id=29872" class="bodylink">SourceForge</a></li>
                 </ul>
               <p>Alternatively, the commercial versions of the
                  product (SaxonJ-PE and SaxonJ-EE) can be downloaded from <a href="http://www.saxonica.com/" class="bodylink">www.saxonica.com</a>.</p> 
               <p>Because
                  the software is pure Java, the same software us used whether you are running on
                  Windows, Linux, or Mac OS/X.</p>
            </li>
            <li>
               <p>The software comes as a zip file. Unzip it into a suitable directory, for example
                     <code>c:\saxon</code>.</p>
            </li>
            <li>

               <p>To check that the software is working, try running a simple query from the command
                  line, as follows. The filename after the "-cp" flag should match the location
                  where you installed the software. The file will be called
                     <code>saxon-he-11.1.jar</code> for Saxon Home Edition, <code>saxon-pe-11.1.jar</code> for
                  the Professional Edition, or <code>saxon-ee-11.1.jar</code> for the Enterprise
                  Edition (where the "11.1" in the name will change to "11.2", "11.3", etc. in
                  subsequent maintenance releases):</p>

               <kbd>java -cp c:\saxon\saxon-he-11.1.jar net.sf.saxon.Query -t -qs:"current-date()"</kbd>

               <p>Here:</p>
                  <ul>
                     <li><strong>java</strong> tells the operating system to run the Java virtual
                        machine</li>
                     <li>the filename after <strong>-cp</strong> is known as the classpath, and
                        tells Java where to find the Saxon application software</li>
                     <li><strong>net.sf.saxon.Query</strong> is the Saxon entry point for the XQuery
                        processor</li>
                     <li>the option <strong>-t</strong> tells Saxon to report what it is doing
                        on the console</li>
                     <li>the option <strong>-qs:"current-date()"</strong> tells Saxon to
                        run the simple query <code>current-date()</code>, which returns the current date
                        and displays the result on the console.</li>
                  </ul>
  
               <p>If this doesn't work, there are three possible reasons: the operating system can't
                  find the Java software; Java can't find the Saxon software; or Saxon has been
                  invoked, but has failed to run your query. The error message should give you a
                  clue which of these is the case.</p>
            </li>
            <li>
               <p>As a first-time user, you may find it useful to install the sample applications.
                  These are packaged together with a copy of this documentation in the file
                  <code>saxon-resources-11.zip</code>. This can be downloaded from
                  either the SourceForge or Saxonica sites (it is the same file in both cases).
                  Unzip the contents of this file into the same directory as the Saxon software.
                  When you run a program that uses Saxon, this program as well as Saxon itself will
                  need to be on the classpath. For more details of the classpath, see <a class="bodylink" href="../../installationjava">Installing (Java)</a>.</p>
            </li>
           <li><p>You might also like to experiment with the <a class="bodylink" href="/gizmo">Gizmo</a> tool. This is a simple interactive command-line
           application allowing you to display, search, and modify XML files from a terminal, as
           well as to invoke XSD validation and XSLT transformations. It is a useful testbed for
           trying out XPath expressions, or for examining the structure of unfamiliar XML documents.</p></li>
            <li>
               <p>If you are using features specific to SaxonJ-PE or SaxonJ-EE (the commercial
                  editions of Saxon), you will need to obtain a file containing a licence key. You
                  can apply for a free 30-day evaluation license key by going to <a href="http://www.saxonica.com/" class="bodylink">www.saxonica.com</a> and
                  clicking on "Download / Evaluation License". The license key file will be sent by email
                  within 24 hours. This file, called <code>saxon-license.lic</code>, is best
                  placed in the same directory where the file <code>saxon-pe-11.#.jar</code> or
                     <code>saxon-ee-11.#.jar</code> is found. <i>When running Saxon from the command
                     line, it not usually necessary for the directory containing the license file
                     to be on the classpath. </i> For more details on Saxon license keys, see the <a class="bodylink" href="../../license">Saxon licenses</a> section. </p>
            </li>
         </ol>

         <p>You can now run one of the sample stylesheets or queries that comes with the
               <code>saxon-resources</code> download. Assuming you installed Saxon-HE into
               <code>c:\saxon</code>, make this your current directory, and type:</p>

         <p>
            <i>for XSLT (all on one line):</i>
         </p>
         <kbd>java -cp saxon-he-11.1.jar net.sf.saxon.Transform -t -s:samples\data\books.xml 
     -xsl:samples\styles\books.xsl -o:c:\temp.html</kbd>

         <p>
            <i>for XQuery (all on one line):</i>
         </p>
         <kbd>java -cp saxon-he-11.1.jar net.sf.saxon.Query -t 
   -s:samples\data\books.xml -q:samples\query\books-to-html.xq -o:c:\temp.html</kbd>

         <p>Now open <code>c:\temp.html</code> in your browser to check that it worked.</p>

         <p>For more details on installing SaxonJ, see <a class="bodylink" href="../../installationjava">Installing (Java)</a>.</p>
         
      </section>

      <section id="gettingstarteddotnet" title="Getting started with SaxonCS" class="csonly">
         <h1>Getting started with SaxonCS</h1>
         
         <p>SaxonCS is a new product for .NET Core, replacing the older Saxon/.NET product. The older
         product was built by compiling the Java source code to bytecode, and then converting this to run
         on .NET using the IKVM converter. IKVM has never supported .NET Core (which is the strategic version
         of .NET for the future), and development has been discontinued, so SaxonCS uses a different approach:
         Saxonica developed a source code transpiler that converts the Java source code of the product to
         equivalent C# code.</p>

         <p>SaxonCS doesn't come with a graphical user interface: it's designed to be integrated into
            other tools and applications. You will therefore start by using it from the operating
            system command line.</p>
         
         <p>SaxonCS is currently only available in the Enterprise Edition, which requires a license
         file that you can obtain from Saxonica.</p>

         <ol>
            <li>
               <p>SaxonCS is targeted at .NET 5, which you will need to install separately.
                  For details, see <a class="bodylink" href="https://dotnet.microsoft.com/download/dotnet/5.0">https://dotnet.microsoft.com/download/dotnet/5.0</a>.
               There's a bewildering variety of options. Choose the latest version of the SDK (for example, SDK 5.0.400)
               corresponding to your chosen operating system (Windows, MacOS, or Linux) and CPU 
               architecture (for example Arm64, x64, or x86).</p>

            </li>
            <li>
               <p>Download the software from <a href="https://www.nuget.org" class="bodylink">nuget</a>. 
                  Search for the package name SaxonCS. Alternatively, add SaxonCS as a dependency to your
                  Visual Studio or Rider project, and it will be downloaded and installed automatically by the IDE.
                  No further installation is needed.
               </p>
            </li>
            <li>
               <p>You will need to obtain a file containing a licence key. The license key is
                  interchangeable between the Java, .NET, and C/C++ platforms. You can apply for a free
                  30-day evaluation license key by going to <a href="http://www.saxonica.com/" class="bodylink">www.saxonica.com</a> and clicking on "Try Saxon for 30 days".
                  The license key file will be sent by email within 24 hours. This file, called
                  <code>saxon-license.lic</code>, should be placed in a suitable directory,
                  and the environment variable <code>SAXON_LICENSE_DIR</code> must be set to the
                  name of this directory.</p>
            </li>
            <li>
               <p>To run Saxon from the command line, invoke it via the <code>dotnet</code> command,
               for example:</p>
               <kbd>dotnet SaxonCS transform -s:source.xml -xsl:stylesheet.xsl</kbd>
               
               <p>See the <a class="bodylink" href="https://docs.microsoft.com/en-us/dotnet/core/tools/dotnet">dotnet documentation</a>
               for further details.</p>
               
               <p>Note that the SaxonCS DLL has a single entry point (<code>Main</code> method). As well as specifying
               the DLL you want to execute (SaxonCS) you therefore need to specify which Saxon utility you want to run, for example
               <code>transform</code>, <code>query</code>, or <code>validate</code>.</p>
            </li>
            <li>
               <p>As a first-time user, you may want to install the sample application <code>Example.cs</code>.
                  This is included in the file
                  <code>saxon-resources-11.zip</code>, which can be downloaded from
                  the Saxonica site. Unzip the contents of this file into the same directory as the SaxonCS software.
               The easiest (or most productive) way to run the sample application is to create a command-line application in your IDE
               (for example, Visual Studio), copy the <code>Example.cs</code> source code into the IDE as your entry module,
               and add a dependency on SaxonCS 11.</p>
            </li>
            
         </ol>


         <p>You can now use the command line to run one of the sample stylesheets or queries that comes with the
               <code>saxon-resources</code> download. Assuming you installed into
               <code>c:\saxon</code>, make this your current directory, and type:</p>

         <p>
            <i>for XSLT (all on one line):</i>
         </p>
         <kbd>dotnet SaxonCS transform -t -s:samples\data\books.xml 
     -xsl:samples\styles\books.xsl -o:c:\temp.html</kbd>

         <p>
            <i>for XQuery (all on one line):</i>
         </p>
         <kbd>dotnet SaxonCS query -t -s:samples\data\books.xml 
       -q:samples\query\books-to-html.xq -o:c:\temp.html</kbd>

         <p>Now open <code>c:\temp.html</code> in your browser to check that it worked.</p>

         <p>For more complete details on installing SaxonCS on the .NET platform, see <a class="bodylink" href="../../installationdotnet">Installing: .NET platform</a>.</p>
         
      </section>
   </section>
   <section id="whatis" title="What is Saxon?">
      <h1>What is Saxon?</h1>


      <p>The Saxon package is a collection of tools for processing XML documents. The main
         components are: </p>
      <ul>
         <li>
            <p>An XSLT processor, which can be used from the command line, or invoked from an
               application, using a supplied API. Saxon implements the XSLT 3.0 Recommendation.
               The product can also be used to run XSLT 2.0 stylesheets, or XSLT 1.0
               stylesheets in backwards compatibility mode.</p>
         </li>
         <li>
            <p>An XPath processor accessible to applications via a supplied API. This supports 
               XPath 2.0 and XPath 3.1. It can also be used in backwards-compatibility mode to
               evaluate XPath 1.0 expressions.</p>
         </li>
         <li>
            <p>An XQuery processor that can be used from the command line, or invoked from an
               application by use of a supplied API. This supports XQuery 3.1, which also allows
               XQuery 1.0 or 3.0 queries to be executed.
               With Saxon-EE, you can also use the XQuery extensions defined in the XQuery Update 1.0 Recommendation, but later
               working drafts of XQuery Update are not supported (W3C has abandoned work on these versions).</p>
         </li>
         <li>
            <p>An XML Schema Processor. This supports both XSD 1.0 and XSD 1.1. This can be used on
               its own to validate a schema for correctness, or to validate a source document
               against the definitions in a schema. It is also used to support the schema-aware
               functionality of the XSLT and XQuery processors. Like the other tools, it can be run
               from the command line, or invoked from an application.</p>
         </li>

         <li class="javaonly">
            <p>On the Java platform, when using XSLT, XPath, XQuery, or XML schema validation, SaxonJ offers
               a choice of APIs. If you need portability across different vendors' tools, you can
               use the JAXP API for XSLT, XPath, and XML Schema processing, and the XQJ interface
               for XQuery. On the other hand, if you want a more integrated and complete API
               offering access to all Saxon's facilities, the s9api interface is recommended. You
               can also dive down deeper into the SaxonJ internals if you need to: there has been no
               particular attempt to make interfaces private, and all public interfaces are
               documented in the JavaDoc. Clearly, the deeper you go, the greater the risk of
               interfaces changing in future releases.</p>
         </li>
         <li class="csonly">
            <p>On the .NET platform, SaxonCS offers an API that enables close integration with other
               services available from .NET, notably the XML-related classes in the
                  <code>System.Xml</code> namespace. It isn't possible to use Saxon as a transparent
               plug-in replacement for the <code>System.Xml.Xsl</code> processor.
               However, it is possible to use it as a functional replacement with minor changes to
               your application code.</p>
            <p>The SaxonCS product, available with Saxon 11, is a complete redesign. The previous
            .NET product was built using the IKVM technology, which confined it to .NET Framework 4.x.
            SaxonCS is built by converting Java source code to C#, and runs on .NET 5, fitting
            in with Microsoft's strategic direction. The API for the new product retains many of the
            classes and methods from the older product, but we have taken the opportunity to modernize
            the design (for example by using delegates rather than interfaces for callbacks), and it's therefore
            likely that most applications will need to make adjustments.</p>
         </li>
      </ul>

      <p>Full details of Saxon's conformance to the specifications are provided in the <a class="bodylink" href="/conformance">Conformance</a> section.</p>

      <p>As well as features standardized by W3C, Saxon provides an extensive library of <a class="bodylink" href="/extensions">extensions</a>, all implemented in conformance with
         the XSLT and XQuery Recommendations to ensure that portable stylesheets and queries can be
         written. These include the <a href="http://www.exslt.org/" class="bodylink">EXSLT</a>
         extension libraries <strong>common</strong>, <strong>sets</strong>, <strong>math</strong>,
         and <strong>dates-and-times</strong>, and the <a href="http://www.expath.org/" class="bodylink">EXPath</a> modules <strong>binary</strong>, <strong>file</strong>, and
            <strong>archive</strong>. Many of these extensions were pioneered in Saxon and have
         since become available in other products.</p>

      <p class="javaonly">These extension libraries in most cases require Saxon-PE or higher, and in some cases require
         Saxon-EE.</p>
     
       <aside>Some Saxon extensions are described in the documentation as <b>experimental</b>. This
       means that they may be withdrawn or redesigned in future releases, in response to feedback
       on their usability, performance, or reliability.</aside>
   </section>

   <section id="packages" title="Choosing the Saxon edition">
      <h1>Choosing the Saxon edition</h1>

      <p class="javaonly">SaxonJ (on the Java platform) is distributed in three editions: SaxonJ-HE,
         SaxonJ-PE, and SaxonJ-EE. SaxonJ-HE is available under an open-source
         license (specifically, the Mozilla Public License 2.0), and all its features are available
         to all users. SaxonJ-PE and SaxonJ-EE are commercial products and require activation by a
         license key.</p>
      
      <p class="csonly">SaxonCS (on the .NET platform) currently offers only the Enterprise Edition functionality.
         SaxonCS is a commercial product and requires activation by a Saxon-EE license key.</p>
      
      <p class="conly">SaxonC (on the Native platform) is distributed in three editions: SaxonC-HE,
         SaxonC-PE, and SaxonC-EE. SaxonC-HE is available under an open-source
         license (specifically, the Mozilla Public License 2.0), and all its features are available
         to all users. SaxonC-PE and SaxonC-EE are commercial products and require activation by a
         license key.</p>
      
      <p>Also available, but not described here in detail, is SaxonJS, the JavaScript edition,
      which runs on Node.js and in all modern browsers. For further information, see the
         <a class="bodylink" href="http://www.saxonica.com/saxon-js/documentation">SaxonJS documentation</a>.</p>

      <p>There are also restricted licenses that work with SaxonJ-EE, SaxonCS or SaxonC-EE but restrict its
         capability:</p>

      <ul>
         <li>
            <p>The EET license provides schema validation and schema-aware XSLT transformation only
               (no XQuery)</p>
         </li>

         <li>
            <p>The EEQ license provides schema validation and schema-aware XQuery only (no XSLT)</p>
         </li>

         <li>
            <p>The EEV license provides schema validation only (no XQuery or XSLT)</p>
         </li>
      </ul>

      <p>For a full table showing the features available in each edition and licensing variant, on each
         platform, see the <a href="http://www.saxonica.com/products/feature-matrix-11.xml" class="bodylink">feature matrix</a>.</p>

      <p>For information on obtaining and setting up a license key, see the <a class="bodylink" href="/about/license">Saxon licenses</a> section.</p>


      <p>For commercial information including prices, terms and conditions, maintenance and upgrade
         offerings, site licensing, and redistribution licensing, see the <a href="http://www.saxonica.com/shop/shop.xml" class="bodylink">online store</a>.</p>
   </section>


   <section id="installationjava" title="Installation: Java platform" class="javaonly">
      <h1>Installation: Java platform</h1>


      <p>This section explains in more detail how to install SaxonJ on the Java platform. For a basic
         "quick start" guide, see <a class="bodylink" href="/about/gettingstarted/gettingstartedjava">Getting started with Saxon on the Java
            platform</a>.</p>
      <nav>
         <ul/>
      </nav>
       
      <section id="prerequisites" title="Prerequisites" class="javaonly">
         <h1>Prerequisites</h1>

         <p>The following software must be installed separately, it is not included with the Saxon
            download.</p>
         <ul>
            <li>
               <p>To run SaxonJ you need at least a Java VM, and preferably a Java development
                  environment. SaxonJ 11 requires at least Java SE 8 (also known as JDK 1.8). 
                  It should also run under all subsequent Java versions, but this may not be 
                  fully tested. </p>
            </li>
            
            <li>

               <p>SaxonJ has options to work with source trees constructed using DOM, JDOM2,
                  XOM, DOM4J, or AXIOM:</p>
               <ul>
                  <li>
                     <p>To use SaxonJ with DOM, you do not need any extra code on your classpath. The
                        DOM implementation must support DOM Level-3 interfaces, and the DOM must
                        be built with namespace processing enabled. SaxonJ is tested with both the
                        DOM implementation provided by the Apache Xerces parser, and the DOM that is
                        packaged with the Oracle JDK. It should work with other DOM implementations,
                        but this can never be 100% guaranteed without testing. Many DOM
                        implementations, especially non-productized implementations, deviate in
                        minor but significant ways from the specifications. </p>
                     <p>The DOM must be namespace-aware: this is typically set using the
                     method <code>DocumentBuilderFactory.setNamespaceAware(true)</code>. This
                     is not the default setting.</p>
                  </li>
                  <li>
                     <p>For the other object models, JDOM2, XOM, DOM4J, and AXIOM, the
                        supporting Saxon adapter code is integrated into the JAR files for SaxonJ-PE
                        and SaxonJ-EE, but is available only as source code for SaxonJ-HE. To exploit
                        this code with the open source Home Edition, you will need to compile the
                        source code from the relevant subpackage of
                        <code>net.sf.saxon.option</code>, and register it using the
                        method <a class="javalink" href="net.sf.saxon.Configuration#registerExternalObjectModel">registerExternalObjectModel</a> on the <a class="javalink" href="net.sf.saxon.Configuration">Configuration</a> object, or via the <a class="bodylink" href="/configuration/configuration-file">configuration
                           file</a>. (With SaxonJ-PE and SaxonJ-EE, the supported object models
                     are registered automatically if the underlying code is found on the classpath.)</p>
                  </li>
                 <li><p><i>Note that support for JDOM version 1 was dropped in SaxonJ 10.</i></p></li>

               </ul>
            </li>
         </ul>

         <p>By default SaxonJ uses an XML parser that supports the SAX2 interface. Saxon has been
            tested successfully in the past with a wide variety of such parsers including Ælfred,
            Xerces, Lark, SUN Project X, Crimson, Piccolo, Oracle XML, xerces, xml4j, and xp. In
            the past Saxonica recommended using the Apache version of Xerces in preference to the
            built-in parser delivered with the JDK, but since JDK 8 the built-in parser appears to be equally
            reliable. The parser must be SAX2-compliant. All the
            relevant JAR files must be installed on your Java classpath.</p>

         <p>SaxonJ will also work with a StAX parser. Generally speaking, StAX parsers are 
            less robust and less interoperable than SAX parsers, and any performance advantage is likely to be very minor.
            However, the support for StAX provides the ability to supply input via a customized pull
            pipeline. SaxonJ is tested with Woodstox 3.0.0.</p>
         
      </section>


      <section id="installingjava" title="Installing the software" class="javaonly">
         <h1>Installing the software</h1>


         <p>An index of all currently available open-source versions of Saxon is on <a href="http://sourceforge.net/project/showfiles.php?group_id=29872" class="bodylink">the download page at SourceForge</a>. It is also possible to install using Maven
         using the artifact id <code>Saxon-HE</code> (please avoid other artefacts using the Saxon name
         which were created at various times by third parties and are not maintained by Saxonica).</p>

         <p>For the commercial versions of SaxonJ, please follow the download links from <a href="http://www.saxonica.com/" class="bodylink">www.saxonica.com</a>. Historic
            versions of the software are not listed on the website, but are available to existing
            users on request.</p>

         <aside>Please see the <a class="bodylink" href="/changes">change log</a> for details of all
            changes in this release.</aside>

         <p>Installation of SaxonJ on the Java platform simply involves unzipping the supplied
            download file into a suitable directory. The procedure is the same for all editions (HE,
            PE, and EE). The JAR files are differently named in each edition.</p>


         <p>One of the files that will be created in this directory is the principal JAR file. This
            is <strong>saxon-he-11.1.jar</strong>, <strong>saxon-pe-11.0.jar</strong>, or
               <strong>saxon-ee-11.1.jar</strong> depending on which Saxon edition you are using.
         The "11.1" in the name will change to "11.2", "11.3", etc. in subsequent maintenance releases.</p>

         <p>There are some additional JAR files to support optional features such as the SQL
            interface and the ICU localization library. When running SaxonJ, the principal JAR file
            should be on the class path. The class path is normally represented by an environment
            variable named CLASSPATH: see your Java documentation for details. Note that the JAR
            file itself (not the directory that contains it) should be named on the class path.</p>

         <p>Some environments (for example Java IDEs such as Eclipse, and servlet containers such as
            tomcat) build the classpath themselves: they might ask you to register the location of
            JAR files via a graphical user interface or a text configuration file, or they might ask
            you to put the JAR files in a well known place (for example <code>WEB-INF/lib</code> in
            the case of tomcat). Follow the instructions for the environment you are using.</p>
         
      </section>

      <section id="jarfiles" title="JAR files included in the product" class="javaonly">
         <h1>JAR files included in the product</h1>


         <p>The full list of JAR files in the SaxonJ distribution is as follows. Here "11.#"
         means "11.0", "11.1", "11.2", etc. depending on the maintenance release.</p>
         <table>
            <thead>
               <tr>
                  <td>
                     <p>
                        <strong>JAR file</strong>
                     </p>
                  </td>
                 <td>
                   <p>
                     <strong>Size (approx)</strong>
                   </p>
                 </td>
                  <td>
                     <p>
                        <strong>Contents</strong>
                     </p>
                  </td>
                 <td>
                   <p>
                     <strong>Included in Editions</strong>
                   </p>
                 </td>
               </tr>
            </thead>
            <tbody>
               <tr>
                  <td>
                     <p><span class="nowrap">saxon-he-11.#.jar</span></p>
                  </td>
                 <td>
                   <p>5.1Mb</p>
                 </td>
                  <td>
                     <p>SaxonJ Home Edition. Contains all the software in SaxonJ-HE, except as noted
                        below.</p>
                  </td>
                 <td><p>HE</p></td>
               </tr>
               <tr>
                  <td>
                     <p><span class="nowrap">saxon-pe-11.#.jar</span></p>
                  </td>
                 <td>
                   <p>6Mb</p>
                 </td>
                  <td>
                     <p>SaxonJ Professional Edition. Contains all the software in SaxonJ-PE, except as
                        noted below.</p>
                  </td>
                 <td><p>PE</p></td>
               </tr>
               <tr>
                  <td>
                     <p><span class="nowrap">saxon-ee-11.#.jar</span></p>
                  </td>
                 <td>
                   <p>8.1Mb</p>
                 </td>
                  <td>
                     <p>SaxonJ Enterprise Edition. Contains all the software in SaxonJ-EE, except as
                        noted below.</p>
                  </td>
                 <td><p>EE</p></td>
               </tr>

               
              
              <tr>
                <td>
                   <p><span class="nowrap">saxon-xqj-11.#.jar</span></p>
                </td>
                <td>
                  <p>100Kb</p>
                </td>
                <td>
                  <p>Support for the XQJ (XQuery for Java) API. Provided as a separate JAR file in Saxon-HE
                  so that it can be excluded from distributions that require pure OSI-approved open source
                  licensing. The code is included as an integral part of SaxonJ-PE and SaxonJ-EE, so no
                  separate JAR file is required in those cases.</p>
                </td>
                <td><p>HE</p></td>
              </tr>

               <tr>
                  <td>
                     <p><span class="nowrap">saxon-sql-11.#.jar</span></p>
                  </td>
                 <td>
                   <p>74Kb</p>
                 </td>
                  <td>
                     <p>Supports XSLT and XPath extensions for accessing and updating a relational database
                        from within a stylesheet or query. Provided with SaxonJ-PE and SaxonJ-EE. The source
                        code is open source so that it can be modified, but it requires support for
                        element extensibility, which requires SaxonJ-PE or higher.</p>
                  </td>
                 <td><p>PE, EE</p></td>
               </tr>

               <tr>
                  <td>
                     <p><span class="nowrap">saxon-he-test-11.#.jar</span></p>
                  </td>
                 <td>
                   <p>127Kb</p>
                 </td>
                  <td>
                     <p>Test drivers for running the W3C test suites for XSLT and XQuery against
                        SaxonJ-HE. The test drivers are
                        published as open source code in the <code>saxon-resources</code>
                       download. The test suites themselves are on GitHub: repositories
                     <code>w3c/xslt30-test</code> and <code>w3c/qt3tests</code>.</p>
                  </td>
                 <td><p>HE</p></td>
               </tr>

               <tr>
                  <td>
                     <p><span class="nowrap">saxon-pe-test-11.#.jar</span></p>
                  </td>
                 <td>
                   <p>176Kb</p>
                 </td>
                  <td>
                     <p>Test drivers for running the W3C test suites for XSLT and XQuery
                       against SaxonJ-PE. The test suites themselves are on GitHub: repositories
                       <code>w3c/xslt30-test</code> and <code>w3c/qt3tests</code>.</p>
                  </td>
                 <td><p>PE</p></td>
               </tr>
              
              <tr>
                <td>
                   <p><span class="nowrap">saxon-ee-test-11.#.jar</span></p>
                </td>
                <td>
                  <p>215Kb</p>
                </td>
                <td>
                  <p>Test drivers for running the W3C test suites for XSLT, XQuery, and XSD
                    against SaxonJ-EE. The test suites themselves are on GitHub: repositories
                    <code>w3c/xslt30-test</code>, <code>w3c/qt3tests</code>, <code>w3c/xsdtests</code>.
                  </p>
                </td>
                <td><p>EE</p></td>
              </tr>
               
               <tr>
                  <td>
                     <p><span class="nowrap">icu4j-59.2.jar</span></p>
                  </td>
                  <td>
                     <p>11.9Mb</p>
                  </td>
                  <td>
                     <p>A copy of the open source <a class="bodylink" href="http://site.icu-project.org">ICU-J</a> localization library, used
                        to support sorting and date/number formatting in a wide variety of
                        languages. If this JAR
                        file is not present on the classpath, this will restrict the collations and
                        localization options available to those that are found in the Java runtime.</p>
                     <p>It should be possible to replace this JAR with a later version downloaded from
                        the ICU project.</p>
                     <p>(Previous SaxonJ releases used a tailored version of this JAR file. With experience,
                        we found that this added complexity and delivered no tangible benefits.)</p>
                  </td>
                  <td><p>PE, EE</p></td>
               </tr>
              
              <tr>
                <td>
                   <p><span class="nowrap">jline-2.14.6.jar</span></p>
                </td>
                <td>
                  <p>269Kb</p>
                </td>
                <td>
                  <p>JLine 2: an open source library supporting interactive command-line applications,
                  including content completion and command history. This is used by the Gizmo utility.</p>
                </td>
                <td><p>HE, PE, EE</p></td>
              </tr>
               
               <tr>
                  <td>
                     <p><span class="nowrap">xmlresolver-4.2.0.jar</span></p>
                  </td>
                  <td>
                     <p>150Kb</p>
                  </td>
                  <td>
                     <p>XML Resolver: an open source library supporting the resolution of URIs using
                     a catalog; it also handles the data and classpath URI schemes, and provides resource
                     caching.</p>
                  </td>
                  <td><p>HE, PE, EE</p></td>
               </tr>
               
               <tr>
                  <td>
                     <p><span class="nowrap">xmlresolverdata-4.2.0.jar</span></p>
                  </td>
                  <td>
                     <p>1.0Mb</p>
                  </td>
                  <td>
                     <p>XML Resolver Data: a package of commonly used W3C resources, such as DTDs and
                        external entities used by XHTML, SVG, and MathML; these will be automatically
                        picked up by the XML Resolver avoiding a costly fetch from the W3C web site.</p>
                  </td>
                  <td><p>HE, PE, EE</p></td>
               </tr>
               
            </tbody>
         </table>

         <p>When running any Java application, SaxonJ included, all Java classes that are needed must
            be present on the classpath. The classpath can be set in the form of an environment
            variable, or it can be included in the <code>java</code> command that invokes the
            application.</p>
         
         <p>The manifest of the main Saxon JAR file (for example <code>saxon-he-11.1.jar</code>)
            includes a <code>Class-Path</code> entry that automatically brings in the <code>jline</code>
            and <code>xmlresolver</code> dependencies, so you should not normally need to add these
            to the classpath manually. In fact these dependencies are present in two forms: a versioned
            form (such as <code>lib/jline-2.14.6.jar</code>) which picks up the version that is
            issued with the Saxon product, and an unversioned form (<code>lib/jline.jar</code>) which
            is designed to make it easy to replace the issued version with a compatible maintenance
            release should this become necessary.</p>

         <p>The classpath is written as a list of filenames. These will either be the names of
            directories (folders) that contain relevant classes, or the names of JAR files
            containing the classes. On Windows, the names in the list are separated by semicolons;
            on Linux and macOS, a colon is used.</p>

         <p>The table above lists the JAR files provided with SaxonJ that you may need to include on
            your classpath. In addition, you may need to include the following
            resource:</p>
         <table>
            <thead>
               <tr>
                  <td>
                     <p>
                        <strong>Resource</strong>
                     </p>
                  </td>
                  <td>
                     <p>
                        <strong>Description</strong>
                     </p>
                  </td>
               </tr>
            </thead>
            <tbody>
               <tr>
                  <td>
                     <p><span class="nowrap">saxon-license.lic</span></p>
                  </td>
                  <td>
                     <p>License file. This is needed only for running SaxonJ-EE/SaxonJ-PE. The license
                        file is obtained when you purchase the product or when you apply for an
                        evaluation license. If the license file is placed in the same directory
                        as the <code>saxon-pe-11.#.jar</code> or <code>saxon-ee-11.#.jar</code> JAR file, then
                     SaxonJ will usually be able to find it without further assistance; in some class-loading
                     environments, however, the <em>directory containing the license file</em> 
                        (not the license file itself) needs to be listed
                     on the classpath.</p>
                  </td>
               </tr>
               
            </tbody>
         </table>
         
         <h2 class="subtitle">Verifying the Saxon JAR files</h2>
         
         <p>Before releasing new versions of the SaxonJ JAR files, Saxonica signs them with a digital signature which you
            can use to verify that the files have not been tampered with. The signatures are based on a digital certificate 
            issued to Saxonica by the security company GlobalSign.</p>
         
         <p>You can verify that a particular JAR file (for example <code>saxon-ee-11.1.jar</code>) has a valid signature using the command:</p>
         
         <kbd>jarsigner -verify saxon-ee-11.1.jar</kbd>
         
         <p>More usefully, you can check that it was signed by Saxonica with the command:</p>
         
         <kbd>jarsigner -verify -verbose saxon-ee-11.1.jar</kbd>
         
         <p>This produces voluminous information about the contents of the JAR file, ending with details of the security certificate, 
            something like this:</p>
         
         <samp>- Signed by "EMAILADDRESS=mike@saxonica.com, CN=Saxonica Limited, O=Saxonica Limited, L=Reading, ST=Berkshire, C=GB"
    Digest algorithm: SHA-256
    Signature algorithm: SHA256withRSA, 4096-bit key
  Timestamped by "CN=GlobalSign TSA for Advanced - G4 - 003-01, O=GlobalSign nv-sa, C=BE" on Sat Jan 29 08:59:55 UTC 2022
    Timestamp digest algorithm: SHA-256
    Timestamp signature algorithm: SHA256withSHA256withRSA, 3072-bit key</samp>
         
         <p>The details will vary from release to release, but will always identify Saxonica as the originator, and give the date
            on which the JAR file was built prior to release.</p>
         
         <p>Saxonica signs both the open-source and commercial JAR files. The signature does not prevent the JAR file being unpacked
            and modified, but it means that you can always distinguish a modified JAR file from the original.</p>
         
      </section>
      <section id="classloading-and-osgi" title="Class loading and OSGi" class="javaonly">
         <h1>Class loading and OSGi</h1>
         <aside>This information is intended for advanced users only.</aside>
         
         <p>SaxonJ runs in a wide variety of Java environments without problems, but problems can occasionally arise
         because of the specialized requirements of particular platforms. This is particularly true of environments
         that have their own way of doing Java class loading (examples are Eclipse and Apache Camel).</p>
         
         <p>As a general rule, arbitrary failures can arise if more than one SaxonJ version is on the classpath.
         This applies both across versions (for example SaxonJ 10 and SaxonJ 9.9) and across editions (say SaxonJ-EE and SaxonJ-HE).
         Note that although there are many classes (such as <code>net.sf.saxon.Configuration</code>) which are present in all
         three SaxonJ editions (HE, PE, EE) the actual content of the class may vary slightly between editions, which is why
         mixing classes loaded from different editions is generally fatal.</p>
         
         <p>JAXP provides the ability to load parsers, XSLT transformation engines, XPath processors, and schema processors
         by searching the classpath for a JAR file that declares itself appropriately as a service provider. The intent of this
         mechanism is that applications can switch from one processor to another simply by changing what JAR files are on the classpath.
         In Saxonica's experience this mechanism can often cause problems, because the level of compatibility between different
         providers is not good enough. If an XSLT stylesheet has been tested under Xalan, for example, there are many reasons
         why it might not work under Saxon (or vice versa): the products implement different versions of the W3C specifications,
         many features of the W3C specifications have been left implementation-defined (for example, vendor extension functions),
         and even at the API level, products are in many cases allowed to interpret the specifications in their own way.
         Therefore Saxonica recommends that applications should explicitly load a software package that has been tested with the
         application and is known to work, rather than allowing a different provider to be substituted simply by changing the classpath.</p>
         
         <p>SaxonJ uses dynamic loading to access resources in a number of situations, for example:</p>
         
         <ul>
            <li>Locating the license file for SaxonJ-PE and SaxonJ-EE</li>
            <li>Under Saxon-EE, loading bytecode that has been dynamically generated</li>
            <li>Loading user-supplied extension functions</li>
            <li>Loading copies of commonly-used W3C schemas and DTDs (issued within the Saxon JAR file in
            folder <code>net/sf/saxon/data</code>)</li>
            <li>Invoking "plugins" of various kinds, such as localization code, collations, URI resolvers, non-standard XML parsers</li>
         </ul>
         
         <p>Generally all such dynamic loading is channeled via a <code>DynamicLoader</code> object obtained as a property of the
         <code>Configuration</code>. Applications with specialist requirements can either customize Saxon's <code>DynamicLoader</code>
         (for example by calling <code>configuration.getDymanicLoader().setClassLoader()</code>), or they can replace Saxon's
         <code>DynamicLoader</code> with one of their own.</p>
         
         <p>By default, Saxon's <code>DynamicLoader</code> uses the following strategy to load a class, in order:</p>
         
         <ol>
            <li>Check if the class is present in a list of known, pre-registered classes, and if so, return the known class.</li>
            <li>Use any <code>ClassLoader</code> that has been explicitly registered using <code>DynamicLoader.setClassLoader()</code>.</li>
            <li>Use the context class loader for the current thread.</li>
            <li>Use <code>Class.forName()</code>.</li>
         </ol>
         
         <p>This strategy sometimes fails in environments that use OSGi (for example Apache Camel). Saxon does not explicitly support OSGi.
            In some cases users have reported
            that a sufficient workaround is to call <code>configuration.getDynamicLoader().setClassLoader(Configuration.class.getClassLoader());</code>.</p>
         
         <p>The area that tends to be most problematic in complex environments is loading of Saxon-generated bytecode. 
            The simplest workaround here is to switch off bytecode generation. This can be done using the configuration option
            <a class="bodylink" href="/configuration/config-features@GENERATE_BYTE_CODE">GENERATE_BYTE_CODE</a>, or by an appropriate call on <code>XsltCompiler.getUnderlyingCompilerInfo().setOptimizerOptions()</code>.
         The performance benefit of bytecode generation is typically in the range 10%-40%, so in many cases the performance hit will not be
         noticeable.</p>
         
         <p>See also <a class="bodylink" href="/about/license/licensefaq">Troubleshooting license file problems</a>.</p>
         
      </section>
       
   </section>

   <section id="installationdotnet" title="Installation: .NET platform" class="csonly">
      <h1>Installation: .NET platform</h1>
     
 
      <p>This section explains in more detail how to install SaxonCS on the .NET platform. For a basic
         "quick start" guide, see <a class="bodylink" href="/about/gettingstarted/gettingstarteddotnet">Getting started with SaxonCS</a>.</p>

      <aside>The source code of Saxon is written in Java. SaxonCS has been produced by converting 
         the Java source code into C# source code,
         using a Saxonica-produced transpiler written primarily in XSLT. Calls from Saxon to
         library classes in the JDK are generally mapped to equivalent classes in .NET; in a few
         cases, SaxonCS emulates the Java class directly. Some functionality such as the interface
         with the XML parser and the DOM is rewritten for SaxonCS, and some third-party libraries
         are used where appropriate, for example Singulink libraries for handling extended-precision
         decimal and integer arithmetic.</aside>


      <p>For more information about SaxonCS on the .NET platform, see <a class="bodylink" href="/saxon-cs">SaxonCS</a>.</p>


      <h2 class="subtitle">Prerequisites: .NET platform</h2>

      <p>The following software must be installed separately, it is not included with the Saxon
         download.</p>
      <ul>
         <li>
            <p>To run SaxonCS you need to install .NET 5. This is the only release on which the product
            has been validated; if you want to try it on other versions, please let us know your experience.</p>
         </li>
         <li>
            <p>SaxonCS validation has taken place primarily on MacOS, with extensive regression testing on Windows and Linux.
            It is supported on all three platforms.</p>
         </li>
      </ul>



      <h2 class="subtitle">Installing the software</h2>
      
      <p>Before you can run the software, you will need to ensure that a license file is installed, as described
         in <a class="bodylink" href="/about/license/licensekey">Setting up a license key</a>.</p>
         
      <p>The software is designed to be installed using Nuget, in which case all its dependencies
      will be automatically loaded as well. It consists of a single DLL file, named SaxonCS.</p>

      <p>To invoke SaxonCS from a C# application, simply add a Nuget dependency to your project
      as you would for any other third-party library.</p>
      
      <p>To run XSLT transformations, XQuery queries, or XSD validation from the command line,
      two approaches are possible:</p>
      
      <ul>
         <li><p>Firstly, having installed the DLL using Nuget, you can use the dotnet command, for example:</p>
            <kbd>dotnet SaxonCS transform -t -s:source.xml -xsl:stylesheet.xsl</kbd>
         </li>
         <li><p>Alternatively, executables are available for specific platforms from 
            <a class="bodylink" href="https://www.saxonica.com/download/dotnet.xml">https://www.saxonica.com/download/dotnet.xml</a>.
         Having installed the right executable for your target platform, you can invoke it directly using a command such as:</p>
            <kbd>SaxonCS transform -t -s:source.xml -xsl:stylesheet.xsl</kbd>
         </li>
      </ul>
         
      

      <h2 class="subtitle">Sample applications</h2>

      <p>SaxonCS is distributed with a sample application <code>Example.cs</code> illustrating
         a variety of use cases for invoking the Saxon API to perform queries and transformations.
         This is issued
         (together with this documentation and other resources) in a separate download file
         <code>saxon-resources-11.zip</code>, available from the Saxonica
         website. Once this is unzipped, the sample applications can be found in the directory
         <code>/samples</code>. They are described in <a class="bodylink" href="/samples">Samples</a>.</p>
         
         <p>As well as the <code>Example.cs</code> application, the issued samples include a variety
            of simple XML documents, schemas, stylesheets, and queries, which can be used to gain
            familiarity with the command line interface. They are described in <a class="bodylink" href="/samples">Samples</a>.</p>
         

      
   </section>
   
   <section id="installationnative" title="Installation: C/C++, PHP and Python platform" class="conly">
      <h1>Installation: C/C++, PHP and Python platform</h1>
      
      <p>Details about installing SaxonC and the PHP and Python extensions, on Linux, Mac OS and Windows, is
         contained in the <a class="bodylink" href="https://www.saxonica.com/saxon-c/documentation/index.html#!starting">Getting started</a>
         section of the SaxonC documentation.</p>
      
   </section>

   <section id="license" title="Saxon licenses">
      <h1>Saxon licenses</h1>

      <p>This section provides further information on the license keys needed to run Saxon products,
         for the Java, .NET, and C/C++ platforms.</p>

      <nav>
         <ul/>
      </nav>

      <section id="licensekey" title="Setting up a license key">
         <h1>Setting up a license key</h1>

         <p>The open-source Saxon-HE product does not require any license key. For Saxon-PE and
            Saxon-EE (Java and C/C++), and also for SaxonCS, you need to obtain a license key from Saxonica. You can order a free
            license key for a 30-day evaluation, or purchase an unrestricted license key, from the
               <a href="http://www.saxonica.com/" class="bodylink">Saxonica</a> website.</p>
         
         <p><i>From Saxon 11, license keys have an expiry date, configured according to 
            the terms under which you purchased the product. If the license has expired, Saxon will continue to run,
         but with degraded performance. Messages are logged when expiry is imminent.</i></p>
         
         <p>License files are interchangeable across the Java, .NET, and C/C++ products. License files issued
         for previous releases continue to function with Saxon 11 until the date on which their upgrade 
         entitlement ends.</p>

         <p>When you order a license key, we will send you an email message containing a link
            to a location on Saxonica's servers where the license file is available for download.
            The link is valid for 30 days. When you download the file, you must keep the name
            <code>saxon-license.lic</code>.</p>
         
         <p>Saxon will search for the license key in the following
            locations:</p>
         <ol>
            <li>
               <p>If you supply a Saxon <a class="bodylink" href="/configuration/configuration-file">configuration file</a>,
               the location given in the <code>licenseFileLocation</code> attribute of the
               outermost <code>configuration</code> element in this file.</p>
            </li>
            <li>
               <p>The location specified using the configuration property <a class="bodylink" href="/configuration/config-features@LICENSE_FILE_LOCATION">LICENSE_FILE_LOCATION</a>.</p>
               <p>When this property
               is set on the <code>Configuration</code>, Saxon will immediately attempt to load the specified
               file, avoiding any subsequent attempt to search for it on the classpath and elsewhere.
               This mechanism is useful in environments that are otherwise difficult to control: for
               example configuration properties can be specified as attributes to the
               <code>factory</code> element of <dfn>Ant</dfn>'s <code>&lt;xslt&gt;</code> task.</p>
            </li>
            <li class="javaonly">
               <p>For SaxonJ only, the directory containing the executable SaxonJ software, that is
                     <code>saxon-ee-11.#.jar</code> or <code>saxon-pe-11.#.jar</code>. This only works if SaxonJ is able
                  to discover where it was loaded from, which depends on the <code>ClassLoader</code> used to load it;
                  as a result this mechanism fails on some application servers.
               </p>
            </li>
            <li class="javaonly">
               <p>For SaxonJ  only, the directories identified by the environment variable
                        <code><dfn>SAXON_HOME</dfn></code> and <code>SAXON_HOME/bin</code>.</p>
            </li>
            <li class="javaonly">
               <p>All directories on the Java class path. When running from the command line, you
                  can set the classpath using the <code>-cp</code> option on the <code>java</code>
                  command, or via the environment variable <code>CLASSPATH</code>. More complex
                  environments might have other ways of building the classpath. In Tomcat, for
                  example, the license file should be treated in the same way as free-standing
                  (unjarred) classes, and placed in the <code>WEB-INF/classes</code> directory.</p>
            </li>
            <li class="csonly">
               <p>For SaxonCS only, the directory identified by the environment variable
                  <code><dfn>SAXON_LICENSE_DIR</dfn></code>.</p>
            </li>
         </ol>



         <p>If you acquire Saxon as a component of an application with which it has
            been integrated, the application may activate the software automatically using an OEM
            license key. In this case you do not need to acquire an individual license key of your
            own. This also applies if you want to run transformations or validate using schemas
            that a developer has issued in compiled form with an embedded license key: in this case
            you will need to download the Saxon-EE software, but you do not need to install a
         separate license key.</p>

         <p>
            <i>Please be aware that the terms and conditions under which license files are issued
               require you to ensure that it is kept confidential and secure, and is used only on
               one machine. It must not be copied to other computers, or made available for sharing
               on a file server.</i>
         </p>
      </section>

      <section id="verifylicense" title="Verifying a license" class="javaonly">
         <h1>Verifying a license</h1>

         <p>For SaxonJ, to verify your license you can use one of the following
            simple commands, which will return various information from the license (including the
            Saxon edition covered, name of the licensee, date issued, etc.).</p>
         
         <p>For example for SaxonJ-PE 11.2:</p>
         <kbd>java -cp saxon-pe-11.2.jar com.saxonica.config.Verifier saxon-license.lic </kbd>
         <p>Similarly, for SaxonJ-EE 11.2:</p>
         <kbd>java -cp saxon-ee-11.2.jar com.saxonica.config.Verifier saxon-license.lic </kbd>
         
      </section>
      
      <section id="checklicense" title="Checking a license is found">
         
         <h1>Checking a license is found</h1>
         
         <p>To check that a valid license for SaxonJ-PE or SaxonJ-EE has been found and Saxon is
            running with full functionality, try running one of the following simple commands.</p>
         <div class="javaonly"><p>On Java (for example, for SaxonJ-EE 11.1):</p>
         <kbd>java -cp saxon-ee-11.1.jar net.sf.saxon.Query -qs:"saxon:string-to-hexBinary('saxon', 'utf-8')"</kbd>
         </div>
         <div class="csonly"><p>On .NET:</p>
         <kbd>dotnet SaxonCS query -qs:"saxon:string-to-hexBinary('saxon', 'utf-8')"</kbd>
         </div>
         <p class="javaonly">SaxonJ will revert to SaxonJ-HE functionality if it cannot find a valid license file.
            The above query uses a Saxon extension function which requires Saxon-PE or -EE, so
            it will produce the correct answer ("7361786F6E") if the license is found, but return an
            error message if the license is not found.</p>
         <p class="csonly">SaxonCS will fail and exit if no license file is found.</p>
         <p>See <a class="bodylink" href="../licensefaq">Troubleshooting license key problems</a>
            for advice if the license is not found.</p>
      </section>

      <section id="licensefaq" title="Troubleshooting license key problems">
         <h1>Troubleshooting license key problems</h1>

         <p>If you are having trouble running Saxon-PE or Saxon-EE for the first time, here is a
            list of the most common problems:</p>
         <ul>
            <li>

               <p><strong>If your license key does not arrive</strong> within 24 hours, it may be
                  because it has been intercepted by your company's spam/virus checker. This is
                  increasingly common. Send us an email and we will try to find a way through your
                  company's defenses.</p>

               <p>Another possible cause is that you provided an email address that doesn't work.
                  It's surprising how many people do this.</p>
            </li>
         </ul>

         <p>And some less common problems:</p>
         <ul>
            <li>
               <p>
                  <strong>Check that the filename is <code>saxon-license.lic</code>
                  </strong>. Some mail systems, notably Yahoo, have been known to change the hyphen
                  to an underscore in transit.</p>
            </li>
            <li>
               <p>
                  <strong>If Saxon says it cannot find the license key</strong>, please read the
                  instructions above for where to install the license key once again.</p>
               
               <p class="javaonly">If you're relying on SaxonJ finding the license file in the directory that contains
               the SaxonJ JAR file, be aware that this doesn't always work (it depends on security settings).
               Try a different mechanism: the simplest is to put the directory containing the license file on the classpath. </p>
               
               <p class="javaonly">If you are convinced that the directory containing the license file is on the
                  classpath, check that you are not running the software using the <strong>java
                     -jar</strong> option, which ignores everything on the classpath.</p>
            </li>
            <li>
               <p>
                  <strong>If Saxon says that a particular operation requires Saxon-PE or
                     Saxon-EE</strong>, this may mean that you are running SaxonJ-HE software, or
                  that you have invoked Saxon using a SaxonJ-HE entry point, or that Saxon has
                  reverted to SaxonJ-HE functionality because it could not find a valid license file
                  (in the latter case it will usually have produced a message to this effect: but
                  depending on your application, you might not see the message).</p>
               
               <div class="javaonly">
               <p>You can check what version of Saxon is on the classpath by calling the static method
                  <code>net.sf.saxon.Version.getProductTitle()</code> from your Java code.</p>
               
               <p>If you are using the JAXP API, check that the <code>TransformerFactory</code>
              that is instantiated is an instance of <code>ProfessionalTransformerFactory</code>
              or <code>EnterpriseTransformerFactory</code>. Remember that you don't have to rely
              on the JAXP search mechanism to find a <code>TransformerFactory</code>; you can 
              create an instance directly using (for example) <code>new ProfessionalTransformerFactory()</code>,
              which is not only more reliable, it is also much faster.</p>
               
               <p>If you are using the s9api API, check that you created a <code>Processor</code>
               object using <code>new Processor(true)</code> rather than <code>new Processor(false)</code>.</p>
               
               <p>You can check what Saxon edition you are effectively running by finding the <code>Configuration</code>
                  object (for example, by using <code>Processor.getUnderlyingConfiguration()</code>)
                  and calling its <code>getEditionCode()</code> method. </p>
               </div>
               <p>From an XSLT stylesheet, you can establish what version and variant of Saxon you are running by calling
               <code>system-property('xsl:product-version')</code>.</p>
            </li>
            <li>
               <p>
                  <strong>If Saxon says the license key is invalid</strong> then it probably is.
                  Very occasionally a license file gets corrupted in transit. Please ask for another
                  copy (or we might issue you a new license). Sometimes the corruptions can be
                  traced to the use of non-ASCII characters in license fields such as your name or
                  Company (email systems can be unkind to such files). In the event of problems, try
                  applying again, restricting yourself to ASCII characters.</p>
               
                  <p><i>In the past, license files containing non-ASCII characters (in your name or
                     your company's name) often caused problems. We believe this problem is now fixed. 
                     However, email transmission is not all under
                  our control, so this remains a possibility.</i></p>
            </li>
            <li>
               <p>
                  <strong>If Saxon says the license key has expired</strong> this generally means
                  you are using a 30-day evaluation license and the expiry date has been reached.
                  (Perhaps you have obtained a new license key, and Saxon is still picking up the
                  old one.) If it's taking you longer to evaluate the software than you planned,
                  please send us an email explaining the circumstances before you apply for another
                  license, otherwise the request may be refused.</p>
               <p>From Saxon 11, paid license keys also have an expiry date. If you weren't expecting
               the license to have expired, check that you aren't picking up an old license file.
               To avoid disruption to a production workload if you fail to renew your license in time,
               Saxon continues functioning after the license expires, but with increasingly degraded
               performance the longer the period since expiry.</p>
               <p>If you run Saxon from the command line with the <code>-t</code> option, it will report
               the serial number of the license file that it picked up. Check that this is your most current
               license file.</p>
            </li>
            <li>
               <p>
                  <strong>If Saxon says the license key does not cover the version of Saxon that you
                     are using</strong>, this usually means that you purchased a standard license
                  key which covers free upgrades for one year, and that year has elapsed. You will
                  need to purchase an upgrade, which can be done online. Older paid-for licenses were
                  permanent, but only in relation to software issued within one year of the
                  purchase.</p>
               <p>If you run Saxon from the command line with the <code>-t</code> option, it will report
                  the serial number of the license file that it picked up. Check that this is your most current
                  license file.</p>
            </li>
            <li>
               <p>
                  <strong>If Saxon says the license is temporarily suspended</strong>, try again after 
                  five minutes. Evaluation licenses occasionally (and randomly) issue this message to
                  discourage attempts to use them for running a live producton service.</p>
            </li>
         </ul>
      </section>
   </section>

   <section id="resources" title="Source code, samples, and other resources">

      <h1>Source code, samples, and other resources</h1>

      <p>Source code, sample files, and documentation are not included in the same download file as
         the executable code. Instead, the samples and documentation are available in a separate
         resources file <code>saxon-resources-11.zip</code>, which can be downloaded from either the
         <a href="https://sourceforge.net/projects/saxon/files/" class="bodylink">SourceForge Saxon
            project</a> or the <a href="http://www.saxonica.com/" class="bodylink">www.saxonica.com</a> sites. The documentation is also available
         online.</p>
      
      
      <h2 class="subtitle">Source code</h2>

      <p>It is not necessary to download or recompile the source code unless you
         need to make changes (and it is rarely necessary to make changes, because Saxon provides
         extensive system programming hooks to enable customization). The exception to this is that
         in SaxonJ-HE, adapters for external object models, and localization code for non-English
         languages, are provided in source form only.</p>
      
      <p>The original source code (the code that Saxonica's developers work with) contains
         preprocessor directives that mark some of the code to be included only in some Saxonica
         products and not others. Saxonica makes this original source code available, as required
         by the terms of an open source license. However, for many users it is simpler to work with
         the version of the code that has been preprocessed for SaxonJ-HE. The preprocessed code
         can be dropped directly into an IDE such as Eclipse or IntelliJ.</p>
      
      <ul>
         <li>The original source code, including preprocessor directives, is available in 
            <a href="https://saxonica.plan.io/projects/saxonmirrorhe/repository" class="bodylink">a GIT repository</a>. This also includes gradle build scripts, which
               you may need to customize to remove unwanted dependencies.</li>
         <li>The preprocessed source code, suitable for dropping into your IDE, is available
            as a download on <a href="https://sourceforge.net/projects/saxon/files/Saxon-HE/" class="bodylink">SourceForge</a>.</li>
      </ul>

      <p>The modules included in the original source code of SaxonJ-HE are also used, 
         with different preprocessing, in
         SaxonJ-PE and SaxonJ-EE. Source code for the additional components of the commercial editions
         is not provided. The source code is the same between the Java and .NET platforms: both
         products are generated from the same source, though there are some modules that apply only
         to one platform or the other.</p>
      
      <p class="csonly">Source code for SaxonCS is not available. (The bulk of the C# code
      is generated from Java using proprietary tools, so it would not be useful.)</p>


      <h2 class="subtitle">User documentation</h2>

      <p>User documentation (this documentation, together with API specifications for the Java and
         C# products) is also available for download from the SourceForge site. The resources
         download contains exactly the same information as the documentation section of the Saxonica
         website. It also contains this documentation in its original XHTML form, together with the
         schemas and stylesheets used to publish it. Note that online documentation is available
         only for a few recent Saxon versions; older versions can be downloaded from
         SourceForge.</p>

      <h2 class="subtitle">Sample applications</h2>

      <p>The resources download contains a number of sample applications, found in the directory
            <code>/samples</code>. They are described in the <a class="bodylink" href="/samples">Samples</a> section of the documentation. </p>
   </section>

   <section id="historical" title="Historical note">
      <h1>Historical note</h1>


      <p>Saxon has been under development since 1998. Throughout that time the development
      has been led by Michael Kay.</p>

      <p>Saxon was originally written to support an internal project in ICL (now part of <a href="http://www.fujitsu.com" class="bodylink">Fujitsu</a>), and ICL continued to
         sponsor development of Saxon until Michael Kay left the company in January 2001. ICL chose
         not to market it as a commercial product, but to make the code available to the public
         under the Mozilla public license. From 2001 through 2003 Michael Kay worked for <a href="http://www.softwareag.com" class="bodylink">Software AG</a>, who continued to
         sponsor the development of Saxon as an open source product.</p>

      <p>In March 2004 Michael Kay founded <a href="http://www.saxonica.com/" class="bodylink">Saxonica Limited</a> to provide ongoing development and support of Saxon as a
         commercial venture. Saxonica continues to develop the open source version of
         Saxon (Saxon-HE), while at the same time delivering 
         additional software (Saxon-PE and Saxon-EE, and more recently SaxonCS) as commercial offerings. The commercial
         product incorporates the code of the open-source product in its entirety, with many additions
         such as schema processing, streaming, advanced optimization, and multi-threading, and 
         it is produced in accordance with the provisions defined
         by the Mozilla Public License.</p>

      <p>The first port of Saxon to the .NET platform was pioneered by Pieter Siegers Kort and M. David
         Peterson, without any involvement from Saxonica. They used the open source IKVM tool
         to cross-compile Java bytecode into CIL assemblies. Their work was absorbed into the Saxonica
         product line from Saxon 8.7 onwards. At this stage a new .NET API was developed, and the product made
         much greater use of .NET services such as collations and regular expression processing.
         In 2019 Microsoft announced that the future of .NET lay with .NET Core, and that .NET Framework
         would be discontinued. IKVM has never supported .NET Core, and was no longer being developed,
         so a new approach was necessary. Saxonica decided to develop transpiler technology to convert
         the Java source code to C#, and the result is being shipped as SaxonCS.</p>

      <p>
         <i>It is unfortunately not possible to release SaxonJ-HE under any license other than the
            Mozilla Public License. Although the amount of code from external contributors is small,
            it is not practically feasible to obtain the necessary permission from all these people
            to release under a different license. From Saxon 9.5, Saxonica moved forward to the
            Mozilla Public License 2.0; the differences are only of interest to lawyers, but the
            language is more concise and readable.</i>
      </p>

      <p>In 2010 Saxonica started work on a prototype of Saxon-CE, a cut-down version of Saxon
         cross-compiled to run in the browser using the Google Web Toolkit (GWT). This was released as a product in June 2012.
         However, the use of GWT imposed severe constraints, and in 2016 Saxonica embarked on a replacement, 
         SaxonJS, written in pure Javascript, which was released in February 2017.</p>
      
      <p>SaxonC was first released (as a beta) in November 2013, and new releases have appeared regularly since.
      SaxonC uses the Excelsior JET technology to compile the Java source code "ahead of time" into executable
      machine code for the target hardware architecture; the Java code is augmented with an API layer providing
      call interfaces from C, C++, PHP, and Python. Although the company that produced Excelsior JET is now defunct,
      the technology still works, and we are completing current work in progress using JET while at the same time
      starting to explore alternative ways forward for the future.</p>

      <p>The name Saxon was chosen because originally it was a layer on top of SAX. Also, it
         originally used the Ælfred parser (among others); those who study English history will know
         that Ælfred was a Saxon king.</p>
   </section>
   <section id="support" title="Technical support">
      <h1>Technical support</h1>

      <p>Saxonica prides itself in offering excellent technical support both to users of the open source
      products, and to commercial clients. There is no conflict between the two communities, because expert
      users in the open source community are often able to offer advice to commercial users, so it's in Saxonica's
      interest to work closely with both groups.</p>
      
      <p>Saxonica is a small company, which has advantages and disadvantages:</p>
      
      <ul>
         <li>When you raise a query, it will go straight to a developer who knows the product internals well.
         We don't have layers of support staff that you have to get past before you talk to someone who knows
         the answer.</li>
         <li>On the down side, we're not on the phone 24 hours a day. We operate primarily by email and internet
         forums where you can usually expect a response within a day or so. Also, if you're using Saxon alongside
         third-party software or on esoteric hardware platforms, we may have difficulty reproducing your problem.</li>
      </ul>
      
      <p>If you're an open source user, you have no entitlement to support, but we try to help anyway, because
      that's how the reputation of the product grows.</p>
      
      <p>If you're a paid-up user, your entitlement to support is defined in the 
         <a class="bodylink" href="/conditions">Licensing</a> conditions of use (or sometimes in a custom contract).</p>

      <p>Some users like to formalize their support expectations using a Service Level Agreement. We do have
      policies that define our aspirations in terms of service level commitments, but in reality, we've found
      it very difficult to express these unambiguously. For example, the time taken to fix a bug depends how
      hard it is to solve, and isn't something we can control by putting more people onto the job. Similarly,
      we've tried to write guidelines for where to draw the boundary between free support and paid consultancy,
      but in practice each case has to be decided on its merits.</p>
      <nav>
         <ul/>
      </nav>

      <section id="forum" title="Lists and forums for getting help">
         <h1>Lists and forums for getting help</h1>


         <p>If you have a general question about XSLT, XPath, XQuery or XSD coding, that is not specifically
            related to Saxon, we recommend asking on <a href="http://stackoverflow.com/">StackOverflow</a>.
            There are suitable tags for categorizing your question, and there is a helpful community of users
            prepared to provide answers.</p>
         
         <p>You can also use <a href="http://stackoverflow.com/">StackOverflow</a> to ask Saxon-specific questions
            (using the <code>saxon</code> tag); Saxonica keeps an eye on such questions and tries to ensure that
            they are properly answered, but a question posted here should not be treated as a formal request
            for Saxonica assistance. Many of the answers here come from other users rather than from Saxonica,
            and Saxonica cannot take responsibility for their accuracy.</p>
         
         <p>For many years the <a href="http://www.mulberrytech.com/xsl/xsl-list/" class="bodylink">xsl-list at MulberryTech</a> served the same purpose: 
            these days it is probably more useful for deeper questions about the design principles
            of the various languages, which often lead to interesting discussion among the experts.
            The archives of the list can be searched at <a href="http://xsl-list.markmail.org/" class="bodylink">MarkMail</a>.</p>

         <p>There used to be a similar help forum for XQuery: <a href="http://www.xquery.com/" class="bodylink">talk at xquery.com</a>. However, it has become largely dormant, and
            <a href="http://stackoverflow.com/">StackOverflow</a> is probably a better bet.</p>


         <p>The preferred place for Saxon-specific questions and bug reports is the bug database and
            forum on the Saxonica community site at <a class="bodylink" href="http://saxonica.plan.io/">saxonica.plan.io</a>. This is also where you can
            search for details of known bugs. Saxonica monitors these forums and tries to manage
            issues through to closure (though without any contractual commitment or
            guarantees). </p>
         
         <p>The Saxon help mailing list at SourceForge closed in February 2022. The archives of the
            list are available at <a class="bodylink" href="https://saxon.markmail.org">saxon.markmail.org</a>.</p>
         
         <p>Unless otherwise stated, any code snippets that are published on a public forum in the course 
            of a request for technical support are considered to be implicitly licensed for use in Saxonica's 
            test suite, or where relevant for inclusion in the product itself, for release under the Mozilla 
            Public License.</p>
         


         <aside>Please do not use the bug tracker or forums on SourceForge. The information on these
            is out of date and we no longer monitor them. Instead use the bug tracker and forums on
            the <a class="bodylink" href="http://saxonica.plan.io/">Saxonica community site</a> as
            referenced above.</aside>


      </section>

      <section id="patches" title="Bugs and patches">
         <h1>Bugs and patches</h1>


         <p>If you hit something that looks like a bug, please check the known errors on the
            Saxonica community site <a href="http://saxonica.plan.io/" class="bodylink">saxonica.plan.io</a>.</p>

         <p>You're welcome to submit attachments, but please remember that anything you post here will be available to
            all users. If you submit a repro, please don't include the Saxon JAR file. 
            And <b>never</b> include your license file!</p>

         <p>Commercial users are provided with an email address that allows bug reports
            to be sent to Saxonica privately if preferred.</p>
         
         <p>The open source Java code of SaxonJ-HE is maintained in a 
            <a href="https://saxonica.plan.io/projects/saxonmirrorhe/repository" class="bodylink">GIT repository</a>. 
            (Follow the link, and click the button "How to connect?" for instructions.) This
            repository exists solely to provide early access to source patches; it is
            not used to deliver incremental releases of new functionality. Building the
            JAR files is reasonably easy for an experienced Java programmer; a gradle script is
            provided to assist with this, but may require customization to local
            requirements (for example, deleting the parts concerned only with SaxonJ-EE or SaxonCS). 
            Building the SaxonCS product requires proprietary Saxonica tooling.</p>

         <p>If you wish to contribute modifications to the open source code, you will need to be
            prepared to sign a contributor agreement defining the terms under which the code is made
            available. This may need the written agreement of your employer. You should also check
            with Saxonica in advance to discuss the format of test material to be submitted along
            with code changes; proposed contributions have often been rejected because they came
            without adequate tests.</p>
      </section>
   </section>
   <section id="related" title="Related products">
      <h1>Related products</h1>
      
      
      <p>This section lists some Saxon add-ons and extensions produced by third parties. Saxonica
         Limited takes no responsibility for the quality of these products.</p>
      
      <h2 class="subtitle">Open source tools</h2>
      
      <p><a href="http://sourceforge.net/projects/kernowforsaxon/" class="bodylink">Kernow</a> is a
         graphical front-end for Saxon. This is an open-source product developed by Andrew Welch. It
         provides an effective alternative to the Saxon command line interface for users who prefer
         a GUI for running ad-hoc transformations. <i>This tool was last updated in 2015: we would welcome
            feedback as to whether it still works with current Saxon releases.</i></p>
      
      <p>You can experiment with evaluation of XSLT stylesheets under Saxon (and other XSLT processors) at
         <a href="https://xsltfiddle.liberty-development.net/">https://xsltfiddle.liberty-development.net/</a>.
      </p>
      
      <p><a href="https://xspec.io">XSpec</a> is an open-source framework for running XSLT and XQuery unit tests,
      including features like performance profiling and code coverage. It has an active developer and user community,
      and works with both open-source and commercial Saxon editions.</p>
      
      <p><a href="https://xmlresolver.org">XMLResolver.org</a> provides implementations of callbacks (<code>EntityResolver</code>,
      <code>URIResolver</code>, <code>XmlResolver</code> etc) on both Java and C#, that enable resources identified
      by URI to be retrieved from a local cache, by reference to a resource catalog. The library can be used with 
      Saxon on both the Java and C# platforms. The lead
      developer, Norm Tovey-Walsh, is now with Saxonica, and Saxonica supports his continued involvement in the project.</p>
      
      <p><a href="https://www.schematron.com">Schematron</a> is a language for specifying assertions about XML documents; it
      has a wide range of uses both in conjunction with, and as an alternative to, the XSD schema specification. Both the
      original implementation by Rick Jelliffe, and the more recent implementation by David Maus (<a href="https://github.com/schxslt/schxslt">SchXslt</a>),
      rely heavily on Saxon "under the hood".</p>
      
      
      <h2 class="subtitle">Commercial editors and debuggers</h2>
      
      <p>A number of commercial XML IDEs provide support for XML, XSLT, and/or XQuery editing and
         debugging, with the ability to configure Saxon as the chosen XSLT/XQuery processor. These
         include:</p>
      <ul>
         <li>
            <p>
               <a href="http://www.stylusstudio.com/" class="bodylink">Stylus Studio</a>: offers
               XSLT, XQuery, and XML Schema development and debugging, all using Saxon. It has
               Saxon-EE built-in (but you will need a separate license to run Saxon-EE applications
               outside the IDE).</p>
         </li>
         <li>
            <p>
               <a href="http://www.oxygenxml.com/" class="bodylink">Oxygen XML Editor</a> offers XSLT and XML
               Schema development and debugging for Saxon. It has Saxon-EE built-in (but you will
               need a separate license to run Saxon-EE applications outside the IDE).</p>
         </li>
         <li>
            <p>A budget XML Editor and Debugger for Saxon is <a href="http://www.editix.com/" class="bodylink">EditiX</a>.</p>
         </li>
         <li>
            <p>
               <a href="http://www.altova.com/" class="bodylink">XML Spy from Altova</a> allows you
               to configure Saxon as your XSLT or XQuery processor, but does not provide Saxon
               debugging. If you want to run Saxon-PE or -EE, you will need your own license. There
               is also <a href="https://www.xml-buddy.com/" class="bodylink">a third-party plug-in</a> that allows Saxon-EE to be used for
               schema validation.</p>
         </li>
      </ul>
      <h2 class="subtitle">XQuery documentation</h2>
      
      <p><strong>xqDoc</strong> is a Javadoc-like documentation tool for XQuery. It works with
         Saxon, and is available either as a free-standing tool from <a href="http://xqdoc.org/" class="bodylink">http://xqdoc.org/</a> or as part of <a href="http://www.stylusstudio.com/" class="bodylink">Stylus Studio</a>.</p>
   </section>
</article>