<?xml version="1.0" encoding="UTF-8"?><catalog xmlns="http://www.saxonica.com/ns/doc/catalog"><!--Processed:
        2022 February 17 @ 17:19--><section ref="about">About Saxon</section><section ref="changes">Change history</section><section ref="conditions">Licensing</section><section ref="configuration">Configuration</section><section ref="sourcedocs">Handling XML documents</section><section ref="using-xsl">Using XSLT</section><section ref="using-xquery">Using XQuery</section><section ref="xpath-api">Using XPath</section><section ref="schema-processing">Using XML Schema (XSD)</section><section ref="streaming">Streaming</section><section ref="gizmo">The Gizmo utility</section><section ref="saxon-cs">SaxonCS</section><section ref="localization">Localization</section><section ref="extensibility">Extensibility mechanisms</section><section ref="extensions">Saxon extensions</section><section ref="v4extensions">Experimental 4.0 extensions</section><section ref="samples">Sample Saxon applications</section><section ref="sql-extension">Saxon SQL extension</section><section ref="xsl-elements">Reference: XSLT elements</section><section ref="expressions">Reference: XPath syntax</section><section ref="functions">Reference: Function library</section><section ref="conformance">Standards conformance</section><section ref="javadoc">Java API</section><section ref="dotnetdoc">.NET API</section><section ref="help-system">Using this documentation</section></catalog>