<?xml version="1.0" encoding="UTF-8"?><article id="using-xquery" title="Using XQuery">
   <h1>Using XQuery</h1>


   <p>This section describes how to use Saxon as an XQuery processor, either from the command line,
      or from the Java or C# API.</p>

 

   <p>Saxon 9.8 and later releases implement the <a href="https://www.w3.org/TR/xquery-31/" class="bodylink">XQuery 3.1 Recommendation</a> 
      dated 18 April 2017. Because XQuery 3.1 is backwards compatible with XQuery 1.0 and XQuery 3.0, Saxon will
      also execute queries written according to the 1.0 or 3.0 versions of the specification. Saxon no longer
      has a mode to execute as an XQuery 1.0 or 3.0 processor (that is, to reject constructs 
      that were not present in earlier versions of the language). For information about the conformance of Saxon to the XQuery 3.1
      specification, and about the handling of implementation-defined features of the
      specification, see <a class="bodylink" href="/conformance">Conformance</a>.</p>

   <p>Saxon uses the same run-time engine to support both XQuery and XSLT, reflecting the fact that
      the two languages have very similar semantics. Most of the compile-time code (in particular,
      the type checking logic and the optimizer) is also common. The XQuery support in Saxon
      consists essentially of an XQuery parser (which is itself an extension of the XPath parser);
      the parser generates the same internal interpretable code as the XSLT processor. There are
      also some constructs in the internal expression tree that will only be generated from XQuery
      source rather than XSLT source; examples are the XQuery <code>order by</code> and <code>group
         by</code> clauses, which have no direct XSLT equivalent.</p>

   <p>The XQuery processor may be invoked either from the operating system command line, or via an
      API from a user-written application. There is no graphical user interface provided.</p>

   <p>Saxon is an in-memory processor. Unless you can take advantage of <a class="bodylink" href="/streaming">streaming</a>, Saxon is designed to process source documents
      that fit in memory. Saxon has been used successfully to process source documents of 100Mbytes
      or more without streaming, but if you attempt anything this large, you need to be aware (a)
      that you will need to allocate sufficient memory to the Java VM (at least 5 times the size of
      the source document), and (b) that complex FLWOR expressions may be very time-consuming to
      execute. (In this scenario, Saxon-EE is recommended, because it has a more powerful optimizer
      for complex joins.)</p>

   <aside class="javaonly">The memory available in the Java heap is controlled using the <code>-Xmx</code> option on
      the command line, for example <code>java -Xmx1024m net.sf.saxon.Query ...</code> allocates
      1Gb.</aside>

   <p>
      <i>For details of how to set up collation URIs for use in XQuery, see <a class="bodylink" href="/localization/sorting-and-collations">Sorting and collations</a>.</i>
   </p>
   <section id="commandline" title="From the command line">
      <h1>XQuery from the command line</h1>


      <p>A command is available to run a query contained in a file.</p> 
      <div class="javaonly">
      <p>The form of command on the Java
         platform is:</p>
      <kbd>java  net.sf.saxon.Query   [options]  [ <i>params...</i>] </kbd>
      </div>
      <div class="csonly">
      <p>On SaxonCS, the command takes the form:</p>
      <kbd>dotnet SaxonCS query   [options]  [ <i>params...</i>] </kbd>
      </div>
      <p>The options will generally include either <code>-q:queryFile</code> which takes the query from a file,
      or <code>-qs:query</code> in which the query appears directly in the command line (usually in quotes).</p>
      
      <p>The options must come first, then the parameters. If the last option before the parameters
         has no leading hyphen and option letter then it is recognized as the <code>-q</code>
         option.</p>

      <h2 class="subtitle">Command line options</h2>

      <p>The options are as follows (in any order). Square brackets indicate an optional value.</p>
      <table>
         <tr>
            <td>
               <p>-backup:(on|off)</p>
            </td>
            <td>
               <p>Only relevant when <code>-update:on</code> is specified. Default is
                     <code>on</code>. When backup is enabled, any file that is updated by the query
                  will be preserved in its original state by renaming it, adding ".bak" to the
                  original filename. If backup is disabled, updated files will be silently
                  overwritten.</p>
            </td>
         </tr>
         <tr class="javaonly">
            <td>
               <p>-catalog:filenames</p>
            </td>
            <td>
               <p><i>filenames</i> is either a file name or a list of file names separated by
                  semicolons; the files are OASIS XML catalogs used to define how public identifiers
                  and system identifiers (URIs) used in a source document, query, or schema are to
                  be redirected, typically to resources available locally. For more details see <a class="bodylink" href="/sourcedocs/resources-and-uris/xml-catalogs">Using XML catalogs</a>. </p>
            </td>
         </tr>
         <tr>
            <td>
               <p>-config:filename</p>
            </td>
            <td>
               <p>Indicates that configuration information should be taken from the supplied <a class="bodylink" href="/configuration/configuration-file">configuration
                     file</a>. Any options supplied on the command line override options specified
                  in the configuration file. </p>
            </td>
         </tr>
         <tr>
            <td>
               <p>-dtd:(on|off|recover)</p>
            </td>
            <td>
               <p>Setting <code>-dtd:on</code> requests DTD-based validation of the source file and
                  of any files read using the <code>doc()</code> function. Requires an XML
                  parser that supports validation. The setting <code>-dtd:off</code> (which is the
                  default) suppresses DTD validation. The setting <code>-dtd:recover</code> performs
                  DTD validation but treats the error as non-fatal if it fails. Note that any
                  external DTD is likely to be read even if not used for validation, because DTDs
                  can contain definitions of entities.</p>
            </td>
         </tr>
         <tr>
            <td>
               <p>-expand:(on|off)</p>
            </td>
            <td>
               <p>Normally, if validation using a DTD or schema is requested, any fixed or default
                  values defined in the DTD or schema will be expanded. Specifying
                     <code>-expand:off</code> suppresses this. (In the case of DTD-defined defaults,
                  this might not work with all XML parsers. It does work with the Xerces parser
                  (default for Java) and the Microsoft parser (default for .NET).)</p>
            </td>
         </tr>
         <tr>
            <td>
               <p>-explain[:filename]</p>
            </td>
            <td>
               <p>Display a query execution plan. This is a representation of the expression tree
                  after rewriting by the optimizer. If no file name is specified the output is sent
                  to the standard error stream. The output is a tree in XML format.</p>
            </td>
         </tr>
         <tr class="javaonly">
            <td>
               <p>-ext:(on|off)</p>
            </td>
            <td>
               <p>If <code>ext:off</code> is specified, suppress access to certain external resources.
                  Specifically it sets the configuration option <a class="bodylink" href="/configuration/config-features@ALLOW_EXTERNAL_FUNCTIONS">ALLOW_EXTERNAL_FUNCTIONS</a>,
                  whose effect is rather wider than the name suggests. This option is useful
                  when loading an untrusted query, perhaps from a remote site using an
                  <code>http://</code> URL; it ensures that the query cannot call arbitrary
                  Java methods and thereby gain privileged access to resources on your machine. </p>
            </td>
         </tr>
         <tr class="javaonly">
            <td>
               <p>-init:initializer</p>
            </td>
            <td>
               <p>The value is the name of a user-supplied class that implements the interface <a class="javalink" href="net.sf.saxon.lib.Initializer">Initializer</a>; this
                  initializer will be called during the initialization process, and may be used to
                  set any options required on the <code>Configuration</code> programmatically.</p>
            </td>
         </tr>
         <tr>
            <td>
               <p>-json:file-name</p>
            </td>
            <td>
               <p>Selects a JSON file to act as the primary input of the query. The file is
                  parsed (typically producing a map or array) following the rules of the <code>json-doc</code>
                  function, and the resulting item becomes the initial context item for the query.</p>
               <p>This option cannot be combined with <code>-s</code>.</p>
            </td>
         </tr>
         <tr>
            <td>
               <p>-l[:(on|off)]</p>
            </td>
            <td>
               <p>If <code>-l</code> or <code>-l:on</code> is specified, causes line and column
                  numbers to be maintained for source documents. These are accessible using the
                  extension functions <code>saxon:line-number()</code> and
                     <code>saxon:column-number()</code>. Line numbers are useful when the purpose of
                  the query is to find errors or anomalies in the source XML file. Without this
                  option, line numbers are available while source documents are being parsed and
                  validated, but they are not retained in the tree representation of the
                  document.</p>
            </td>
         </tr>
         <tr class="javaonly">
            <td>
               <p>-mr:classname</p>
            </td>
            <td>
               <p>Use the specified <code>ModuleURIResolver</code> to process all query module URIs.
                  The <code>ModuleURIResolver</code> is a user-defined class that implements the <a class="javalink" href="net.sf.saxon.lib.ModuleURIResolver">ModuleURIResolver</a> interface. It is invoked to process URIs used in the
                     <code>import module</code> declaration in the query prolog, and (if
                     <code>-u</code> is also specified, or if the file name begins with
                     <code>http:</code>, <code>https:</code>, <code>file:</code> or
                     <code>classpath:</code>) to process the URI of the query source file provided
                  on the command line.</p>
            </td>
         </tr>
         <tr>
            <td>
               <p>-now:yyyy-mm-ddThh:mm:ss+hh:mm</p>
            </td>
            <td>
               <p>Sets the value of <code>current-dateTime()</code> (and
                  <code>implicit-timezone()</code>) for the query. This is designed for
                  testing, to enable repeatable results to be obtained for comparison with reference
                  results, or to test that queries can handle significant dates and times such
                  as end-of-year processing.</p>
            </td>
         </tr>
         <tr>
            <td>
               <p>-o:filename</p>
            </td>
            <td>
               <p>Send output to named file. In the absence of this option, the results go to
                  standard output. The output format depends on whether the <code>-wrap</code>
                  option is present. The file is created if it does not already exist; any necessary
                  directories will also be created. If the file does exist, it is overwritten (even
                  if the query fails).</p>
            </td>
         </tr>
         <tr>
            <td>
               <p>-opt:[-]flags</p>
            </td>
            <td>
               <p>Allows individual optimizations to be enabled or disabled selectively. There is a
                  set of single-letter flags identifying particular optimizations:</p>
               <ul>
                  <li>c: generate bytecode</li>
                  <li>d: detect void path expressions</li>
                  <li>e: cache regular expressions</li>
                  <li>f: inline functions</li>
                  <li>g: extract global variables</li>
                  <li>j: just-in-time compilation of template rules (currently XSLT-only)</li>
                  <li>k: create keys</li>
                  <li>l: loop lifting</li>
                  <li>m: miscellaneous</li>
                  <li>n: constant folding</li>
                  <li>r: template rule-sets (not relevant to XQuery)</li>
                  <li>s: extract common subexpressions</li>
                  <li>t: tail call optimization</li>
                  <li>v: inline variables</li>
                  <li>w: create switch statements</li>
                  <li>x: index predicates</li>
               </ul>
               <p>A value such as <code>opt:gs</code> runs with only the selected optimizations;
                  <code>opt:-gs</code> runs with the selected optimizations disabled and all others
                  enabled. The value <code>opt:0</code> suppresses all optimizations. The default is full
                  optimization; this feature allows optimization to be suppressed in cases where
                  reducing compile time is important, or where optimization gets in the way of
                  debugging, or causes extension functions with side-effects to behave
                  unpredictably. (Note however, that even with no optimization, lazy evaluation may
                  still cause the evaluation order to be not as expected.) </p>
            </td>
         </tr>
         <tr>
            <td>
               <p>-outval:(recover|fatal)</p>
            </td>
            <td>
               <p>Normally, if validation of result documents is requested, a validation error is
                  fatal. Setting the option <code>-outval:recover</code> causes such validation
                  failures to be treated as warnings. The validation message is written both to the
                  standard error stream, and (where possible) as a comment in the result document
                  itself.</p>
            </td>
         </tr>
         <tr>
            <td>
               <p>-p[:(on|off)]</p>
            </td>
            <td>
              <p>Enable recognition of query parameters (such as <code>xinclude=yes</code>)
                in the <code>StandardURIResolver</code>. This option is available in Saxon-PE and Saxon-EE only.
                It cannot be used in conjunction with the <code>-r</code> option, and it
                automatically switches on the <code>-u</code> and <code>-sa</code> options. The
                effect is that Saxon-specific query parameters are recognized in a URI. One query
                parameter that is recognized is <code>validation</code>. This may take the values
                <code>strict</code>, <code>lax</code>, or <code>strip</code>. For example,
                <code>source.xml?validation=strict</code> loads a document with strict schema
                validation. </p>
            </td>
         </tr>
         <tr>
            <td>
               <p>-projection:(on|off)</p>
            </td>
            <td>
               <p>Use (or don't use) document projection. <a href="/sourcedocs/beyond-parsing/projection">Document
                     projection</a> is a mechanism that analyzes a query to determine what parts of
                  a document it can potentially access, and then while building a tree to represent
                  the document, leaves out those parts of the tree that cannot make any difference
                  to the result of the query. Requires Saxon-EE. </p>
            </td>
         </tr>
         <tr>
            <td>
               <p>-q:queryfile</p>
            </td>
            <td>
               <p>Identifies the file containing the query. If this is the last option then the
                  <code>-q:</code> prefix may be omitted. The file can be specified as "-" to read
                  the query from standard input: in this case the base URI is that of the current directory.</p>
            </td>
         </tr>
         <tr>
            <td>
               <p>-qs:querystring</p>
            </td>
            <td>
               <p>Allows the query to be specified inline (if it contains spaces, you will need
                  quotes around the expression to keep the command line processor happy). The static base
                  URI of the query is taken from the current working directory. So, for
                  example, <code>java net.sf.saxon.Query -qs:doc('a.xml')//p[1]</code> selects
                  elements within the file <code>a.xml</code> in the current directory.</p>
            </td>
         </tr>
         <tr class="javaonly">
            <td>
               <p>-quit:(on|off)</p>
            </td>
            <td>
               <p>With the default setting, <code>on</code>, the command will quit the Java VM and
                  return an exit code if a failure occurs. This is useful when running from an
                  operating system shell. With the setting <code>quit:off</code> the command instead
                  throws a <code>RunTimeException</code>, which is more useful when the command is
                  invoked from another Java application such as Ant. </p>
            </td>
         </tr>
         <tr class="javaonly">
            <td>
               <p>-r:classname</p>
            </td>
            <td>
               <p>Use the specified <code>URIResolver</code> to process all URIs. The
                     <code>URIResolver</code> is a user-defined class, that implements the
                     <code>URIResolver</code> interface defined in JAXP, whose function is to take a
                  URI supplied as a string, and return a SAX <code>InputSource</code>. It is invoked
                  to process URIs used in the <code>doc()</code> function, and (if <code>-u</code>
                  is also specified) to process the URI of the source file provided on the command
                  line.</p>
            </td>
         </tr>
         <tr>
            <td>
               <p>-repeat:integer</p>
            </td>
            <td>
               <p>Performs the transformation N times, where N is the specified integer. This option
                  is useful for performance measurement, since timings for the first few runs of the
                  query are often dominated by Java warm-up time.</p>
            </td>
         </tr>
         <tr>
            <td>
               <p>-s:filename-or-URI</p>
            </td>
            <td>
               <p>Take input from the specified file. If the <code>-u</code> option is specified, or
                  if the name begins with "file:" or "http:", then the name is assumed to be a URI
                  rather than a filename. This file must contain an XML document. The document node
                  of the document is made available to the query as the context item. The filename can be specified as "-" to read
                  the source document from standard input: in this case the base URI is that of the current directory. </p>
            </td>
         </tr>
         <tr>
            <td>
               <p>-sa</p>
            </td>
            <td>
               <p>Invoke a schema-aware query. Requires Saxon-EE to be installed.</p>
            </td>
         </tr>
         <tr>
            <td>
               <p>-scmin:filename</p>
            </td>
            <td>
               <p>Loads a precompiled schema component model from the given file. The file should be
                  generated in a previous run using the <code>-export</code> option. When this
                  option is used, the <code>-xsd</code> option should not be present. Schemas loaded
                  from an SCM file are assumed to be valid, without checking.</p>
               <p><i>This option is retained for compatibility. From Saxon 9.7, SCM files can also be
                  supplied in the <code>-xsd</code> option.</i></p>
            </td>
         </tr>
         <tr>
            <td>
               <p>-stream:(on|off)</p>
            </td>
            <td>
               <p>Use (or don't use) streaming. Streaming allows simple queries to be executed while
                  the source document is being read, avoiding the need to build a tree
                  representation of the document in memory. For information about the kind of
                  queries that can be streamed, see <a href="/streaming/streamed-query">Streaming XQuery</a>. If the query cannot be streamed, execution will fail
                  with diagnostic errors. Requires Saxon-EE. </p>
            </td>
         </tr>
         <tr>
            <td>
               <p>-strip:(all|none|ignorable)</p>
            </td>
            <td>
               <p>Specifies what whitespace is to be stripped from source documents (applies both to
                  the principal source document and to any documents loaded for example using the
                     <code>doc()</code> function). The default is <code>none</code>: no whitespace
                  stripping.</p>
            </td>
         </tr>
         <tr>
            <td>
               <p>-t</p>
            </td>
            <td>
               <p>Display version and timing information to the standard error output. The output
                  also traces the files that are read and written, and extension modules that are
                  loaded.</p>
            </td>
         </tr>
         <tr>
            <td>
               <p>-T[:classname]</p>
            </td>
            <td>
               <p>Notify query tracing information. Also switches line numbering on for the source
                  document. If a classname is specified, it is a user-defined class, which must
                  implement <a class="javalink" href="net.sf.saxon.lib.TraceListener">TraceListener</a>. If the classname is omitted, a system-supplied trace
                  listener is used. This traces execution of function calls to the standard error
                  output. For performance profiling, set
                  classname to <code>net.sf.saxon.trace.TimingTraceListener</code>. This creates an
                  output file giving timings for each instruction executed. This output file can
                  subsequently be analyzed to give an execution time profile for the query. See
                  <a class="bodylink" href="../performanceanalysis">Performance analysis</a>.</p>
            </td>
         </tr>
         <tr>
            <td>
               <p>-TB:filename</p>
            </td>
            <td>
               <p>Monitors generation of hot-spot bytecode and produces an XML report on the given
                  filename giving, for each expression that was a candidate for bytecode generation
                  and that was actually executed, data about the number of times and speed of execution
                  in the interpreter, the number of times and speed of execution in compiled form,
                  and the cost of compilation. Note that if an expression A contains an expression B
                  and both are candidates for bytecode generation, then the statistics for B relate only
                  to the time before A was compiled in its own right.</p>
            </td>
         </tr>
         <tr class="javaonly">
            <td>
               <p>-TJ</p>
            </td>
            <td>
               <p>Switches on tracing of the binding of calls to external Java methods. This is
                  useful when analyzing why Saxon fails to find a Java method to match an extension
                  function call in the query, or why it chooses one method over another when
                  several are available.</p>
            </td>
         </tr>
         <tr>
            <td>
               <p>-Tlevel:none|low|normal|high</p>
            </td>
            <td>
               <p>Controls the level of detail of the tracing produced by the <code>-T</code> option. The values are:</p>
               <ul>
                  <li><code>none</code> effectively switches tracing off. </li>
                  <li><code>low</code> traces function calls.</li>
                  <li><code>normal</code> traces execution of significant expressions such as element constructors.</li>
                  <li><code>high</code> traces execution of finer-grained expressions such as the clauses of a FLWOR expression.</li>
                  </ul>
                 
            </td>
         </tr>
         <tr>
            <td>
               <p>-Tout:filename</p>
            </td>
            <td>
               <p>Directs the output of tracing to a specified file (assuming that <code>-T</code> is enabled).</p>
            </td>
         </tr>
         <tr>
            <td>
               <p>-TP:filename</p>
            </td>
            <td>
               <p>This is equivalent to setting
                  <code>-T:net.sf.saxon.trace.TimedTraceListener</code> and
                  <code>-traceout:filename</code>; that is, it causes trace profile information
                  to be set to the specified file. This output file can subsequently be analyzed to
                  give an execution time profile for the query. See <a class="bodylink" href="../performanceanalysis">Performance analysis</a>.</p>
            </td>
         </tr>
         <tr>
            <td>
               <p>-traceout:filename</p>
            </td>
            <td>
               <p>Indicates that the output of the <code>trace()</code> function should be directed
                  to a specified file. Alternatively, specify <code>#out</code> to direct the output
                  to <code>System.out</code>, <code>#err</code> to send it to
                     <code>System.err</code> (the default), or <code>#null</code> to have it
                  discarded. This option is ignored when a trace listener is in use: in that case,
                     <code>trace()</code> output goes to the registered trace listener.</p>
            </td>
         </tr>
         <tr>
            <td>
               <p>-tree:(linked|tiny|tinyc)</p>
            </td>
            <td>
               <p>Selects the implementation of the internal tree model. <code>tiny</code> selects
                  the "tiny tree" model (the default), <code>linked</code> selects the linked tree
                  model, <code>tinyc</code> selects the "condensed tiny tree" model. See <a class="bodylink" href="/sourcedocs/tree-models/choosingmodel">Choosing a tree
                  model</a>.</p>
            </td>
         </tr>
         <tr>
            <td>
               <p>-u</p>
            </td>
            <td>
               <p>Indicates that the name of the source document is a URI; otherwise it is taken as
                  a filename, unless it starts with <code>http:</code>, <code>https:</code>,
                     <code>file:</code> or <code>classpath:</code>, in which case it is taken as a
                  URL.</p>
            </td>
         </tr>
         <tr>
            <td>
               <p>-update:(on|off|discard)</p>
            </td>
            <td>
               <p>Indicates whether XQuery Update syntax is accepted. This option requires Saxon-EE.
                  The value <code>on</code> enables XQuery update; any eligible files updated by the
                  query are written back to filestore. A file is eligible for updating if it was
                  read using the <code>doc()</code> or <code>collection()</code> functions using a
                  URI that represents an updateable location. The context document supplied using
                  the <code>-s</code> option is <strong>not</strong> eligible for updating. The
                  default value <code>off</code> disables update (any use of XQuery update syntax is
                  an error). The value <code>discard</code> allows XQuery Update syntax, but
                  modifications made to files are not saved in filestore. If the document supplied
                  in the <code>-s</code> option is updated, the updated document is serialized as
                  the result of the query (writing it to the <code>-o</code> destination); updates
                  to any other documents are simply discarded. Use of the <code>-t</code> option is
                  recommended: it gives feedback on which files have been updated by the query.</p>
            </td>
         </tr>
         <tr>
            <td>
               <p>-val[:(strict|lax)]</p>
            </td>
            <td>
               <p>Requests schema-based validation of the source file and of any files read using
                  the <code>doc()</code> function. This option is available only with Saxon-EE, and
                  it automatically switches on the <code>-sa</code> option. Specify
                     <code>-val</code> or <code>-val:strict</code> to request strict validation, or
                     <code>-val:lax</code> for lax validation.</p>
            </td>
         </tr>
         <tr>
            <td>
               <p>-wrap</p>
            </td>
            <td>
               <p>Wraps the result sequence in an XML element structure that indicates the type of
                  each node or atomic value in the query result. This format can handle any type of
                  query result. In the absence of this option, the command effectively wraps a
                     <code>document{}</code> constructor around the supplied query, so that the
                  result is a single XML document, which is then serialized. This will fail if the
                  query result includes constructs that cannot be added to a document node in this
                  way, notably free-standing attribute nodes.</p>
            </td>
         </tr>
         <tr class="javaonly">
            <td>
               <p>-x:classname</p>
            </td>
            <td>
               <p>Use the specified SAX parser for the source file and any files loaded using the
                     <code>doc()</code> function. The parser must be the fully-qualified class
                  name of a Java class that implements the <code>org.xml.sax.XMLReader</code> or
                     <code>javax.xml.parsers.SAXParserFactory</code> interface, and it must be
                  instantiable using a zero-argument public constructor.</p>
            </td>
         </tr>
         <tr class="javaonly">
            <td>
               <p>-xi:(on|off)</p>
            </td>
            <td>
               <p>Apply XInclude processing to all source XML documents (but not to schema documents). 
                  This currently only works when documents are parsed
                  using the Xerces parser, which is the default in JDK 1.5 and later.</p>
            </td>
         </tr>
         <tr class="javaonly">
            <td>
               <p>-xmlversion:(1.0|1.1)</p>
            </td>
            <td>
               <p>If <code>-xmlversion:1.1</code> is specified, allows XML 1.1 and XML Namespaces
                  1.1 constructs. This option must be set if source documents using XML 1.1 are to
                  be read, or if result documents are to be serialized as XML 1.1. This option also
                  enables use of XML 1.1 constructs within the query itself.</p>
            </td>
         </tr>
         <tr>
            <td>
               <p>-xsd:file1;file2;file3...</p>
            </td>
            <td>
               <p>Loads additional schema documents. The declarations in these schema documents are
                  available when validating source documents (or for use by the
                     <code>validate{}</code> expression). This option may also be used to supply the
                  locations of schema documents that are imported into the query, in the case where
                  the <code>import schema</code> declaration gives the target namespace of the
                  schema but not its location.</p>
            </td>
         </tr>
         <tr>
            <td>
               <p>-xsdversion:(1.0|1.1)</p>
            </td>
            <td>
               <p>If <code>-xsdversion:1.1</code> is specified (the default), allows schema
                  documents using XML Schema 1.1 to be read, and permits XML Schema 1.1 constructs
                  such as assertions.</p>
            </td>
         </tr>
         <tr>
            <td>
               <p>-xsiloc:(on|off)</p>
            </td>
            <td>
               <p>If set to <code>on</code> (the default) the schema processor attempts to load any
                  schema documents referenced in <code>xsi:schemaLocation</code> and
                     <code>xsi:noNamespaceSchemaLocation</code> attributes in the instance document,
                  unless a schema for the specified namespace (or non-namespace) is already
                  available. If set to <code>off</code>, these attributes are ignored.</p>
            </td>
         </tr>
         <tr>
            <td>
               <p>--<i>feature</i>:value</p>
            </td>
            <td>
               <p>Set a feature defined in the <code>Configuration</code> interface. The names of
                  features are defined in the Javadoc for class <a class="javalink" href="net.sf.saxon.lib.Feature">Feature</a> (alternatively see 
                  <a class="bodylink" href="/configuration/config-features">Configuration features</a>): the value used here is the part of the name after
                  the last "/", for example <code>--allow-external-functions:off</code>. Only
                  features accepting a string or boolean may be set; for booleans the values
                  true/false, on/off, yes/no, and 1/0 are recognized.</p>
            </td>
         </tr>
         <tr>
            <td>
               <p>-?</p>
            </td>
            <td>
               <p>Display command syntax.</p>
               <p><i>Note: under some shell languages, this needs to be escaped as <code>-\?</code>.</i></p>
            </td>
         </tr>
         <tr>
            <td>
               <p>--?</p>
            </td>
            <td>
               <p>Display a list of features that are available using the <code>--feature:value</code> syntax.</p>
               <p><i>Note: under some shell languages, this needs to be escaped as <code>--\?</code>.</i></p>
            </td>
         </tr>
      </table>

      <h2 class="subtitle">Command line parameters</h2>

      <p>A <i>param</i> takes the form <code>name=value</code>, <i>name</i> being the name of the
         parameter, and <i>value</i> the value of the parameter. These parameters are accessible
         within the query as external variables, using the <code>$name</code> syntax, provided they
         are declared in the query prolog. If there is no such declaration, the supplied parameter
         value is silently ignored.</p>

      <p>A <i>param</i> preceded by a leading question mark (<code>?</code>) is interpreted as an
         XPath expression. For example, <code>?time=current-dateTime()</code> sets the value of the
         external variable <code>$time</code> to the value of the current date and time, as an
         instance of <code>xs:dateTime</code>, while <code>?debug=false()</code> sets the value of
         the variable <code>$debug</code> to the boolean value <code>false</code>. If the parameter
         has a required type (for example <code>declare variable $p as xs:date external;</code>),
         then the supplied value must be compatible with this type according to the standard rules
         for converting function arguments (it doesn't need to satisfy the stricter rules that apply
         to variable initialization). The static context for the XPath expression includes only the
         standard namespaces conventionally bound to the prefixes <code>xs</code>, <code>fn</code>,
            <code>xsi</code>, and <code>saxon</code>. The static base URI (used when calling the
            <code>doc()</code> function) is the current directory. The dynamic context contains no
         context item, position, or size, and no variables.</p>

      <p>A <i>param</i> preceded by a leading plus sign (<code>+</code>) is interpreted as a
         filename or directory. The content of the file is parsed as XML, and the resulting document
         node is passed to the stylesheet as the value of the parameter. If the parameter value is a
         directory, then all the immediately contained files are parsed as XML, and the resulting
         sequence of document nodes is passed as the value of the parameter. For example,
            <code>+lookup=lookup.xml</code> sets the value of the external variable
            <code>lookup</code> to the document node at the root of the tree representing the parsed
         contents of the file <code>lookup.xml</code>.</p>

      <p>A <i>param</i> preceded by a leading exclamation mark (<code>!</code>) is interpreted as a
         serialization parameter. For example, <code>!indent=yes</code> requests indented output,
         and <code>!encoding=iso-8859-1</code> requests that the serialized output be in ISO 8859/1
         encoding. This is equivalent to specifying the option declaration <code>declare option
            saxon:output "indent=yes";</code> or <code>declare option saxon:output
            "encoding=iso-8859-1";</code> in the query prolog.</p>

      <aside>If you are using the <code>bash</code> shell, you will need to escape "!" as
         "\!".</aside>

      <p>Under Windows, and some other operating systems, it is possible to supply a value
         containing spaces by enclosing it in double quotes, for example <code>name="John
            Smith"</code>. This is a feature of the operating system shell, not something Saxon
         does, so it may not work the same way under every operating system.</p>

      <p>If the parameter name is in a non-null namespace, the parameter can be given a value using
         the syntax <code>{uri}localname=value</code>. Here <code>uri</code> is the namespace URI of
         the parameter's name, and <code>localname</code> is the local part of the name.</p>

      <p>This applies also to output parameters. For example, you can set the indentation level to 4
         by using the parameter <code>!{http://saxon.sf.net/}indent-spaces=4</code>. In this case,
         however, lexical QNames using the prefix <code>saxon</code> are also recognized, for
         example <code>!saxon:indent-spaces=4</code>. For the extended set of output parameters
         supported by Saxon, see <a class="bodylink" href="/extensions/output-extras">Additional
            serialization parameters</a>.</p>
   </section>
   <section id="api-query" title="From a Java application" class="javaonly">
      
      <h1>XQuery from a Java application</h1>

      <p>Saxon offers two different APIs allowing queries to be run from Java:</p>
      <ul>
         <li>
            <p>The XQJ interface is an implementation of the XQuery API for Java (XQJ) interface
               defined in JSR-225. For information on using this API to invoke the Saxon processor,
               see <a href="xqj" class="bodylink">Invoking XQuery using the XQJ API</a>.</p>
         </li>
         <li>
            <p>The s9api interface is a Saxon-specific interface allowing integrated access to all
               Saxon's XML processing capabilities in a uniform way, taking advantage of the type
               safety offered by generics in Java 5. For information on using this API to invoke the
               Saxon processor, see <a href="s9api-query" class="bodylink">Using s9api for
                  XQuery</a>.</p>
         </li>
      </ul>
      

      <section id="s9api-query" title="Using s9api for XQuery" class="javaonly">
         
         <h1>Using s9api for XQuery</h1>
         
         <p>You can perform a query using the s9api interface as follows:</p>
         <ol>
            <li>
               <p>Create a <a class="javalink" href="net.sf.saxon.s9api.Processor">Processor</a> and
                  set any global configuration options on the <code>Processor</code>. If the query
               needs any Saxon-PE or Saxon-EE features, use the constructor <code>new Processor(true);</code>.</p>
            </li>
            <li>
               <p>Optionally, build the source document by calling <code>newDocumentBuilder()</code>
                  to create a document builder, setting appropriate options, and then calling the
                     <code>build()</code> method. This returns an <a class="javalink" href="net.sf.saxon.s9api.XdmNode">XdmNode</a> which can be supplied as input to
                  the query either as the context item, or as the value of an external variable.</p>
            </li>
            <li>
               <p>Call <code>newXQueryCompiler()</code> to create an <a class="javalink" href="net.sf.saxon.s9api.XQueryCompiler">XQueryCompiler</a>. Then set any
                  options that are local to a specific compilation (for example, the destination of
                  error messages, the base URI, or the character encoding of the query text).</p>
            </li>
            <li>
               <p>Call one of the <code>compile()</code> methods to compile a query. The result is
                  an <code>XQueryExecutable</code>, which can be used as often as you like in the
                  same thread or in different threads.</p>
            </li>
            <li>
               <p>To run a query, call the <code>load()</code> method on the
                     <code>XQueryExecutable</code>. This creates an <a class="javalink" href="net.sf.saxon.s9api.XQueryEvaluator">XQueryEvaluator</a>. The
                     <code>XQueryEvaluator</code> can be serially reused, but it must not be shared
                  across multiple threads. Set any options required for the specific query execution
                  (for example, the initial context node, the values of external variables, and the
                  destination for the query result), and then call either the
                     <code>iterator()</code> or the <code>run()</code> method to execute the
                  query.</p>
            </li>
            <li>
               <p>Because the <code>XQueryEvaluator</code> is an <code>Iterable</code>, it is
                  possible to iterate over the results directly using the Java "for-each"
                  construct.</p>
            </li>
            <li><p>The result of the <code>XQueryEvaluator.run()</code> method is an
            <code>XdmValue</code>. From 9.9 Saxon provides powerful facilities to process
            an <code>XdmValue</code> using Java 8 streams. For example, if the query returns
            a single node <code>section</code>,(<code>XdmNode</code> is a subclass of <code>XdmValue</code>), then
            you could test whether it has any descendant <code>para</code> elements with <code>@class="normal"</code>
            by writing <code>if (section.select(descendant("para").where(eq(attribute("class"), "normal")).exists()) {...}</code>.</p>
            </li>
         </ol>

         <p>The output of the query may be retrieved as an iterator over a sequence of items, or it
            may be specified as a <a class="javalink" href="net.sf.saxon.s9api.Destination">Destination</a> object, which allows a wide range of possibilities: you can send the
            output to a serializer, or to a SAX <code>ContentHandler</code>. You can build a tree
            either in Saxon's native format (represented by the s9api class <code>XdmNode</code>) or
            as a DOM. You can send the output to be validated against a schema by nominating a <a class="javalink" href="net.sf.saxon.s9api.SchemaValidator">SchemaValidator</a> as the
            destination, or you can pipe it through an XSLT transformation, because <a class="javalink" href="net.sf.saxon.s9api.XsltTransformer">XsltTransformer</a> also
            implements the <code>Destination</code> interface.</p>

         <p>Examples of s9api queries are included in the <code>saxon-resources</code> file, see
            module <strong>S9APIExamples.java</strong>.</p>
         <h2 class="subtitle">Separate compilation of library modules</h2>

         <p>Under Saxon-EE, it is possible to compile library modules separately from the main
            module. This reduces the compilation time and memory usage when the same library module
            is imported by many main modules for different queries. A method
               <code>compileLibrary()</code> (with a number of overloaded variants supplying the
            input in different ways) is provided in the <code>XQueryCompiler</code> class; any
            library module compiled using this method will be available to all subsequent
            compilations using the same <code>XQueryCompiler</code>. To import the module, simply
            use <code>import module</code> specifying the module URI in the normal way. It is not
            necessary to supply a module location hint (<code>at "URI"</code>), and if any is
            supplied, it will be ignored.</p>
         
      </section>

      <section id="xqj" title="Invoking XQuery using the XQJ API" class="javaonly">
         <h1>Invoking XQuery using the XQJ API</h1>

         <p>XQJ (XQuery API for Java, also known as JSR 225) is a vendor-neutral API for invoking
            XQuery from Java applications. The Final Release (1.0) is published at <a href="http://jcp.org/en/jsr/detail?id=225" class="bodylink">http://jcp.org/en/jsr/detail?id=225</a>. Saxon includes a complete and conformant
            implementation of this API.</p>

         <p>For information on how to use the API, please see the JSR 225 documentation.</p>

         <p>XQJ has many similarities with JDBC, and its general style is that of a client-server
            API in which the application opens a "connection" to a database. This of course does not
            fit the Saxon in-process model particularly well; on the other hand, apart from the
            terminology and the use of some methods (such as the ability to set a connection
            timeout) that make little sense in a Saxon context, the API works equally well in an
            environment like Saxon where the XQuery processor is invoked directly and runs within
            the same Java VM as the client application.</p>

         <p>The samples directory in the issued <code>saxon-resources</code> download file includes
            a Java test application, <strong>XQJExamples.java</strong>, which illustrates some of
            the possible ways of invoking Saxon using the XQJ interface.</p>

         <p>Note that Saxon will generally only recognize its own implementation of XQJ interfaces.
            For example, the interface <a class="javalink" href="com.saxonica.xqj.SaxonXQDynamicContext">XQDynamicContext</a> includes a method
               <code>bindAtomicValue</code> that allows the value of a variable or the context item
            to be supplied. The type of the argument is <code>XQItem</code>: however, Saxon will
            only accept an <code>XQItem</code> that was created by its own implementations of the
            factory methods in <a class="javalink" href="com.saxonica.xqj.SaxonXQDataFactory">XQDataFactory</a>.</p>

         <p>Unlike JAXP interfaces, XQJ does not include an implementation-independent factory
            class. Instead, you start the process by calling <code>new
            SaxonXQDataSource()</code>.</p>

         <p>This constructor will create a new configuration, which will be an
               <code>EnterpriseConfiguration</code> or <code>ProfessionalConfiguration</code> if
            Saxon-EE or Saxon-PE is in use. As an alternative, there is also a constructor that
            allows a specific pre-exising configuration to be used.</p>

         <p>From the <a class="javalink" href="com.saxonica.xqj.SaxonXQDataSource">XQDataSource</a>
            you can call <code>getConnection()</code> to get a connection, and from the connection
            you can call <code>prepareExpression()</code> to compile a query. The resulting
               <code>XQPreparedExpression</code> object has a method <code>executeQuery()</code>
            allowing the query to be evaluated. The result of the query evaluation is an
               <code>XQSequence</code>, which acts as a cursor or iterator: it has a
               <code>next()</code> method allowing you to change the current position, and a
               <code>getItem()</code> method allowing you to retrieve the item at the current
            position. The result of <code>getItem()</code> is an <code>XQItem</code> object, and
            this has methods allowing you to determine the item type, and to convert the item into a
            suitable Java object or value.</p>
         
      </section>
   </section>
   
   <section id="saxon-api-query" title="From a C# application" class="csonly">
      <h1>Using XQuery from C#</h1>
      
      <aside>The same classes and methods can be used from .NET languages other than C#, but
      all the examples here are written in C# terms.</aside>
      
      <p>Note that the current version of SaxonCS offers "enterprise edition" capability only.</p>
      
      <p>You can perform a query using the Saxon.Api interface as follows:</p>
      <ol>
         <li>
            <p>Create a <a class="cslink" href="Saxon.Api.Processor">Processor</a> and
               set any global configuration options on the <code>Processor</code>.</p>
         </li>
         <li>
            <p>Optionally, build the source document by calling <code>NewDocumentBuilder()</code>
               to create a document builder, setting appropriate options, and then calling one of the
               <code>Build()</code> methods. This returns an <a class="cslink" href="Saxon.Api.XdmNode">XdmNode</a> which can be supplied as input to
               the query either as the context item, or as the value of an external variable.</p>
         </li>
         <li>
            <p>Call <code>NewXQueryCompiler()</code> to create an <a class="cslink" href="Saxon.Api.XQueryCompiler">XQueryCompiler</a>. Then set any
               options that are local to a specific compilation (for example, the destination of
               error messages, the base URI, or the character encoding of the query text).</p>
         </li>
         <li>
            <p>Call one of the <code>Compile()</code> methods to compile a query. The result is
               an <code>XQueryExecutable</code>, which can be used as often as you like in the
               same thread or in different threads.</p>
         </li>
         <li>
            <p>To run a query, first call the <code>Load()</code> method on the
               <code>XQueryExecutable</code>. This creates an <a class="cslink" href="Saxon.Api.XQueryEvaluator">XQueryEvaluator</a>. The
               <code>XQueryEvaluator</code> can be serially reused, but it must not be shared
               across multiple threads. Set any options required for the specific query execution
               (for example, the initial context node, the values of external variables, and the
               destination for the query result), and then call any of the methods
               <code>Evaluate()</code>, <code>EvaluateSingle()</code>, <code>Run()</code>,
               <code>RunStreamed()</code>, or <code>GetEnumerator()</code> methods to execute the
               query.</p>
            

         </li>
         <li>
            <p>Because the <code>XQueryEvaluator</code> is an <code>IEnumerable</code>, it is
               possible to iterate over the results directly using the C# "foreach"
               construct:</p>
            <samp>foreach(XdmItem item in compiler.Compile("1 to 10").Load()) {...}</samp>
         </li>
         <li><p>The result of the <code>XQueryEvaluator.Evaluate()</code> method is an
            <code>XdmValue</code>. Saxon provides powerful facilities (modeled on LINQ) to process
            an <code>XdmValue</code> using steps and predicates. For example, if the query returns
            a single node <code>section</code>, (<code>XdmNode</code> is a subclass of <code>XdmValue</code>), then
            you could test whether it has any descendant <code>para</code> elements with <code>@class="normal"</code>
            by writing</p>
            <samp>if (section.Select(Descendant("para").Where(Eq(Attribute("class"), "normal")).Exists()) {...}</samp>
            
            <aside>This example assumes the presence of appropriate <code>using static</code> directives for the
               types <a class="cslink" href="Saxon.Api.Steps">Saxon.Api.Steps</a> and <a class="cslink" href="Saxon.Api.Predicates">Saxon.Api.Predicates</a>.</aside>
         </li>
      </ol>
      
      <p>The output of the query may be retrieved as an iterator over a sequence of items, or it
         may be specified as an <a class="cslink" href="Saxon.Api.IDestination">IDestination</a> object, which allows a wide range of possibilities. The most
         common <code>IDestination</code>  is a <a class="cslink" href="Saxon.Api.Serializer">Serializer</a>, which can format the result as XML, HTML, or JSON. Alternatively, you can build a tree
         either in Saxon's native format (represented by the class <code>Saxon.Api.XdmNode</code>) or
         as a DOM.</p>
      
      <p>Examples of C# queries are included in the <code>saxon-resources</code> file, see
         module <strong>APIExamples.cs</strong>.</p>
      <h2 class="subtitle">Separate compilation of library modules</h2>
      
      <p>Under Saxon-EE, it is possible to compile library modules separately from the main
         module. This reduces the compilation time and memory usage when the same library module
         is imported by many main modules for different queries. A method
         <code>CompileLibrary()</code> (with a number of overloaded variants supplying the
         input in different ways) is provided in the <code>XQueryCompiler</code> class; any
         library module compiled using this method will be available to all subsequent
         compilations using the same <code>XQueryCompiler</code>. To import the module, simply
         use <code>import module</code> specifying the module URI in the normal way. It is not
         necessary to supply a module location hint (<code>at "URI"</code>), and if any is
         supplied, it will be ignored.</p>
      
   </section>
   
   <section id="update" title="Using XQuery Update">
      <h1>Using XQuery Update</h1>


      <p>Saxon-EE supports use of the update extensions to XQuery defined in the W3C Recommendation
            <a href="http://www.w3.org/TR/xquery-update-10/" class="bodylink">http://www.w3.org/TR/xquery-update-10/</a>.</p>

      <p>Update is available only in Saxon-EE, and is supported only if explicitly requested. The
         command line has an option <code>-update:on</code> for this purpose, and all the XQuery
         APIs have an option to enable updating, which must be set before compiling the query. If
         this option is not set, the parser will not recognize update syntax, and any use of
         updating expressions will trigger a syntax error.</p>

      <p>It is possible for an update to modify the document supplied as the context item, or a
         document read using the <code>doc()</code> or <code>collection()</code> function, or even a
         document constructed dynamically by the query itself. When using the various APIs, the
         general policy is that updated documents are never written automatically to disk. Instead,
         the list of updated documents is available to the application on completion of the query,
         and the application can decide whether to save the documents to their original location, or
         to some other location. Documents that were originally read from disk will have a document
         URI property which can be used to decide where to write them back.</p>

      <p>When using XQuery Update from the command line, updated documents will be written back to
         disk if they have a known document URI, and if that URI is an updatable location (which in
         practice means it must be a URI that uses the <code>file://</code> scheme). For testing
         purposes, the write-back can be suppressed by using <code>-update:discard</code>. There is
         also a <code>-backup</code> option to control whether the old file is saved under a
         different name before being overwritten.</p>
      <aside>Saxon does no locking to prevent multiple threads attempting to update the same
         document. This is entirely a user responsibility.</aside>

      <p>Most errors that can arise during updating operations (for example, inserting two
         conflicting attributes) will cause an exception, with the supplied input document in memory
         being left in its original state. However, errors detected during the validation phase
         (that is, when the updated document is invalid against the schema, assuming revalidation is
         requested) are non-recoverable; after such a failure, the state of the document is
         unpredictable. Generally the (invalid) updates will have been made, and some of the updates
         done during schema validation (setting type annotations and default values) may also have
         been made.</p>

      <p>Note that updates to a document will fail unless it is implemented using the <strong>Linked
            Tree</strong> model. This can be selected from the command line using
            <code>-tree:linked</code>, or via configuration settings in the API. It is not at
         present possible to update the Tiny Tree, nor external object models such as DOM, JDOM2, or
         XOM.</p>
   </section>
   <section id="callingfunctions" title="Calling XQuery functions from an application">
      
      <h1>Calling XQuery functions from an application</h1>
      
      <p>Although the usual way to invoke XQuery from a Java or C# application is to compile and execute a
         query as described above, it is also possible to invoke individual XQuery functions
         directly from Java or C# if required.</p>
      
      <div class="javaonly">
      <h2 class="subtitle">Calling XQuery functions from Java</h2>


       <p>This is achieved as follows:</p>
         
         <ol>
            <li><p>First use the s9api interface to create
               an <code>XQueryEvaluator</code> in the usual way</p></li>
            <li><p>Use methods such as <code>setContextItem()</code> and <code>setExternalVariable()</code>
               to supply any information needed by the query</p></li>
            <li><p>Then instead of calling the <code>run()</code> method on the <code>XQueryEvaluator</code> 
               to execute the query, call the method <code>callFunction()</code> to execute a specific function.</p></li>
         </ol>
         
         <p>The third step can be repeated to call different functions or to call the same function with different
            parameters. Having called a function, the context item and external variable values should not be changed.</p>
         
         <p>A function in a query is identified uniquely by a QName and arity. The QName is supplied explicitly in the call on
         <code>callFunction()</code>; the arity is inferred from the length of the argument array.</p>
         
         <p>The arguments to the function are supplied as an array of <code>XdmValue</code> objects, and the result is returned
         as an <code>XdmValue</code>. The <code>XdmValue</code> class has subclasses such as <code>XdmNode</code>, <code>XdmAtomicValue</code>,
            and <code>XdmMap</code> allowing specific types of value to be constructed; it is also possible, of course, to use the
            result of one function call as an argument to another function call.</p>
      
            <p>Saxon applies the standard function conversion rules to convert supplied arguments to the
         required type: for example, if the function expects a string, then you can supply an attribute node, and it will be atomized.</p>

      <p>Here is an example:</p>
         <samp>Processor processor = new Processor(true);
XQueryCompiler qc = processor.newXQueryCompiler();
XQueryExecutable exp1 = qc.compile(
        "declare function local:t1($v1 as xs:integer, $v2 as xs:double*) { " +
        "   $v1 div sum($v2)" +
        "};" +
        "10");
final XQueryEvaluator ev = exp1.load();
XdmValue v1 = new XdmAtomicValue(14);
XdmValue v2 = new XdmAtomicValue(5).append(new XdmAtomicValue(2));
XdmValue result = ev.callFunction(new QName("http://www.w3.org/2005/xquery-local-functions", "t1"), new XdmValue[]{v1, v2});</samp>
      
      <p>The value of <code>result</code> will be the atomic value 2, of type <code>xs:double</code>. The function conversion rules take care of
      the fact that a supplied sequence of integers is accepted where the required type is a sequence of <code>xs:double</code> values.</p>
         
      </div>  
 
      <div class="csonly">
      <h2 class="subtitle">Calling XQuery functions from C#</h2>
      
      
      <p>This is achieved as follows:</p>
      
      <ol>
         <li><p>First use the Saxon.Api interface to create
            an <code>XQueryEvaluator</code> in the usual way</p></li>
         <li><p>Optionally, set the global context item for the query using the <code>ContextItem</code> property.</p></li>
         <li><p>Optionally, set the values of external variables in the query using the <code>SetExternalVariable()</code> method.</p></li>
         <li><p>Then call the method <code>CallFunction()</code> to execute a specific function.</p></li>
      </ol>
      
      <p>The final step can be repeated to call different functions or to call the same function with different
         parameters. Having called a function, the context item and external variable values should not be changed.</p>
      
      <p>A function in a query is identified uniquely by a QName and arity. The QName is supplied explicitly in the call on
         <code>CallFunction()</code>; the arity is inferred from the length of the argument array.</p>
      
      <p>The arguments to the function are supplied as an array of <code>XdmValue</code> objects, and the result is returned
         as an <code>XdmValue</code>. The <code>XdmValue</code> class has subclasses such as <code>XdmNode</code>, <code>XdmAtomicValue</code>,
         and <code>XdmMap</code> allowing specific types of value to be constructed; it is also possible, of course, to use the
         result of one function call as an argument to another function call.</p>
      
      <p>Saxon applies the standard function conversion rules to convert supplied arguments to the
         required type: for example, if the function expects a string, then you can supply an attribute node, and it will be atomized.</p>
      
      <p>Here is an example:</p>
      <samp>Processor processor = new Processor();
XQueryCompiler qc = processor.NewXQueryCompiler();
XQueryExecutable exp1 = qc.Compile(
        "declare function local:t1($v1 as xs:integer, $v2 as xs:double*) { " +
        "   $v1 div sum($v2)" +
        "};" +
        "10");
XQueryEvaluator ev = exp1.Load();
XdmValue v1 = new XdmAtomicValue(14);
XdmValue v2 = new XdmAtomicValue(5).append(new XdmAtomicValue(2));
XdmValue result = ev.CallFunction(new QName("http://www.w3.org/2005/xquery-local-functions", "t1"), v1, v2);</samp>
      
      <p>The value of <code>result</code> will be the atomic value 2, of type <code>xs:double</code>. The function conversion rules take care of
         the fact that a supplied sequence of integers is accepted where the required type is a sequence of <code>xs:double</code> values.</p>
      
      </div>
      
   </section>
   <section id="resultformat" title="Result format">
      <h1>Result format</h1>


      <p>The result of a query is a sequence of nodes and atomic values - which means it is not, in
         general, an XML document. This raises the question as to how the results should be
         output.</p>
      
      <p>The Saxon command line processor for XQuery by default produces the output by
         converting the result sequence to a document following the rules of the XQuery
         <code>document{}</code> constructor, and then serializing this document.</p>
      
      
      <p>XQuery 3.1 defines the <b>adaptive</b> output method to handle non-XML output: you can select this
      with the command line option <code>!method=adaptive</code>. (On some shells, the "!" may need to
      be escaped as "\!".) The adaptive output method attempts to display each of the items in the result
      in an intuitive format: XML format for nodes, string format for atomic values, JSON format for
      maps and arrays.</p>

      
      <p>Another alternative offered by Saxon is wrapped format, requested using the <code>-wrap</code> argument. This
         wraps the result sequence as an XML document, and then serializes the resulting document.
         Each item in the result sequence is wrapped in an element (such as
            <code>result:element</code> or <code>result:atomic-value</code>) according to its type.
         The sequence as a whole is wrapped in a <code>result:sequence</code> element.</p>
   </section>
   <section id="querycompilation" title="Compiling queries to bytecode" class="javaonly">
      <h1>Compiling queries to bytecode</h1>

      <aside>Bytecode generation requires SaxonJ-EE.</aside>

      <p>Since Saxon 9.4, SaxonJ-EE automatically (and selectively) compiles queries to Java
         bytecode.</p>
      
      <p>From Saxon 9.8, bytecode generation is by default applied only to hotspots, that is, parts of the 
         executable code that are found to be frequently executed. These will often be predicates in filter
         expressions. The threshold for generating bytecode is configurable. Bytecode generation can be monitored
      using the <code>-TB</code> option on the command line.</p>

      <p>The performance boost achieved by bytecode generation is variable; 25% is typical. The
         constructs that benefit the most are those where the expression tree contains many
         constructs that are relatively cheap in themselves, such as type conversion, comparisons,
         and arithmetic. This is because the saving from bytecode generation is mainly not in the
         cost of performing primitive operations, but in the cost of deciding which operations to
         perform: so the saving is greater where the number of operations is high relative to their
         average cost.</p>

      <p>There are configuration options to suppress bytecode generation
            (<a class="bodylink" href="/configuration/config-features@GENERATE_BYTE_CODE">GENERATE_BYTE_CODE</a>), to insert debugging logic into the
         generated bytecode (<a class="bodylink" href="/configuration/config-features@DEBUG_BYTE_CODE">DEBUG_BYTE_CODE</a>), and to display the generated
         bytecode (<a class="bodylink" href="/configuration/config-features@DISPLAY_BYTE_CODE">DISPLAY_BYTE_CODE</a>). See <a class="bodylink" href="/configuration/config-features">Configuration features</a> for more
         information.</p>
      
   </section>
   <section id="performanceanalysis" title="Performance analysis" class="javaonly">
      <h1>Performance analysis</h1>
      
      <p>Saxon comes with a simple tool allowing profiling of the execution time in a
         query.</p>
      <p>To run this tool, first execute the query with the <code>-TP:filename</code>
         option, which will gather timed tracing information and create a profile report to the
         specified file (or to the standard error output if no filename is given). For example:</p>
      <kbd>java   net.sf.saxon.Query   -TP:profile.html   -q:<i>queryfile</i>  
      </kbd>
      <p>Then view the resulting <code>profile.html</code> file in your browser.</p>
      <p>The output identifies functions and global variables in the original query by their name,
         line number, and the last few characters of the URI of their module. For
         each instruction it gives the number of times the instruction was executed, the average
         time in milliseconds of each execution, and the total time. Timings are given both gross
         (the time for a function including all the functions it calls recursively), and net (the
         time for a function excluding time in its called functions). The table is sorted according
         to a weighting function that attempts to put the dominant functions and global variables at the
         top. These will not necessarily be those with the greatest time, which tend to be
         instructions that were only executed once but remained active for the duration of the
         query.</p>
      
   </section>
   <section id="extensibility" title="Extensibility">
      <h1>Extensibility</h1>


      <div class="javaonly">
      <p>The Saxon XQuery implementation allows you to call Java methods as external functions. The
         function does not need to be declared. Use a namespace declaration such as <code>declare
            namespace math="java:java.lang.Math"</code>, and invoke the method as
            <code>math:sqrt(2)</code>.</p>

      <p>More details of this mechanism are found in <a class="bodylink" href="/extensibility/extension-functions-J/reflexive-functions">Extension functions</a>.</p>
      </div>
      
      <p>Saxon recognizes the XQuery pragma syntax, but it currently defines only one pragma of its
         own, the <code>saxon:validate-type</code> pragma (see <a class="bodylink" href="../extensions">Extensions</a>), and this is now redundant since the equivalent
         facility is standard in XQuery 3.0. Saxon will adopt the correct fallback behavior if
         presented with a query that uses another vendor's extensions, provided these are designed
         in conformance with the W3C pragma specification.</p>
      
      <p>A function may be marked as a memo function either by using the function annotation
      <code>%saxon:memo-function</code> or by preceding the function declaration with the
         option declaration <code>declare option saxon:memo-function</code>.</p>

      <p>Saxon recognizes the XQuery option declaration syntax. Several specific option
         declarations are provided, but most of these are obsolete:</p>
      
      <ul>
         <li><code>declare option saxon:default</code> declares a default
            value for external variables (query parameters). No longer needed in
         XQuery 3.0, which provides native syntax for declaring default values.</li>
         <li><code>declare option saxon:output</code>
            declares a serialization parameter. Superseded by <code>declare option output:XXXXX</code>.</li>
         <li><code>declare option saxon:memo-function</code>
            defines whether the following function declaration is to be implemented as a memo function;
         superseded by the function annotation <code>%saxon:memo-function</code>.</li>
      </ul>
      <p>Any other option declaration in the Saxon namespace is ignored with a warning; an option
         declaration in any other namespace is ignored silently.</p>
   </section>
   <section id="extensions" title="Extensions">
      <h1>XQuery extensions</h1>


      <p>The full library of Saxon, EXSLT and EXPath functions described in <a class="bodylink" href="/extensions">Extensions</a> is available, except for those (for example, some
         forms of <code>saxon:serialize</code>) that have an intrinsic dependency on an XSLT
         stylesheet.</p>
     
     <p>The XPath syntax extensions described in <a class="bodylink" href="/v4extensions">Experimental 4.0 extensions</a> are also available in XQuery.</p>
     
      <h2 class="subtitle">declare option saxon:default</h2>

      <aside>
         This extension is obsolete, as the functionality is available from Saxon 9.2 onwards
            using the syntax in the XQuery 3.0 specification.
      </aside>

      <p>An XQuery option declaration is defined allowing a default value to be specified for a
         query parameter (external variable). The syntax is illustrated below:</p>
      <samp>declare namespace saxon="http://saxon.sf.net/";
declare option saxon:default "20";
declare variable $x external;
</samp>

      <p>The default value is written as an XPath expression. The surrounding quotes are part of the
         "declare option" syntax, not part of the expression: therefore, if the default value is to
         be supplied as a string literal, two sets of quotes are needed.</p>
      <p>From XQuery 3.0, the above syntax can be replaced by:</p>
      
      <samp>declare variable $x external := 20;</samp>
      <h2 class="subtitle">declare option saxon:output</h2>
      
      <aside>
         From XQuery 3.0, standard serialization parameters can be set using
         <code>declare option output:XXXX</code>. Saxon-specific option declarations
         are still needed for Saxon-specific serialization parameters such as
         <code>saxon:double-space</code>.
      </aside>

      <p>Saxon provides an option declaration to set serialization parameters. This takes the form
         shown in the following example:</p>
      <samp>declare namespace saxon="http://saxon.sf.net/";
declare option saxon:output "method=html";
declare option saxon:output "saxon:indent-spaces=1";
</samp>

      <p>All the standard serialization parameters described in the <a href="http://www.w3.org/TR/xslt-xquery-serialization-31/" class="bodylink">W3C
            Serialization specification</a> are available</p>
      <ul>
         <li>
            <p>allow-duplicate-names</p>
         </li>
         <li>
            <p>build-tree</p>
         </li>
         <li>
            <p>byte-order-mark</p>
         </li>
         <li>
            <p>cdata-section-elements</p>
         </li>
         <li>
            <p>doctype-public</p>
         </li>
         <li>
            <p>doctype-system</p>
         </li>
         <li>
            <p>encoding</p>
         </li>
         <li>
            <p>escape-uri-attributes</p>
         </li>
         <li>
            <p>html-version</p>
         </li>
         <li>
            <p>include-content-type</p>
         </li>
         <li>
            <p>indent</p>
         </li>
         <li>
            <p>item-separator</p>
         </li>
         <li>
            <p>json-node-output-method</p>
         </li>
         <li>
            <p>media-type</p>
         </li>
         <li>
            <p>method</p>
         </li>
         <li>
            <p>normalization-form</p>
         </li>
         <li>
            <p>omit-xml-declaration</p>
         </li>
         <li>
            <p>standalone</p>
         </li>
         <li>
            <p>suppress-indentation</p>
         </li>
         <li>
            <p>undeclare-prefixes</p>
         </li>
         <li>
            <p>use-character-maps</p>
         </li>
         <li>
            <p>version</p>
         </li>
      </ul>

      <p>In addition some Saxon-specific serialization parameters are available: see <a class="bodylink" href="/extensions/output-extras">Additional serialization
            parameters</a>.</p>
      <h2 class="subtitle">declare option saxon:memo-function</h2>

      <p>Saxon provides an option declaration to treat the immediately following function as a
         memo-function. This takes the form shown in the following example:</p>
      <samp>declare namespace saxon="http://saxon.sf.net/";
declare option saxon:memo-function "true";
declare function local:factorial($n as xs:integer) as xs:integer {
  local:factorial($n - 1) * n
};
</samp>
      
      <p>Alternatively:</p>
      
      <samp>declare namespace saxon="http://saxon.sf.net/";
declare %saxon:memo-function function local:factorial($n as xs:integer) as xs:integer {
  local:factorial($n - 1) * n
};
</samp>

      <p>A memo function remembers the results of previous calls, so if it is called twice with the
         same arguments, it will not repeat the computation, but return the previous result.</p>

      <p>The allowed values of the option are "true" and "false" (the default is false), and any
         other value is ignored with a warning.</p>
      <h2 class="subtitle">declare option saxon:allow-cycles</h2>
      
      <p>In XQuery 1.0, it was an error XQST0093 for a function or variable in module A to reference a function
         or variable in module B if there is a function or variable in module B that references one
         in A. This restriction was dropped in XQuery 3.0. Saxon introduced the option <code>declare option saxon:allow-cycles
            "true"</code> to disable the check in XQuery 1.0. The option also disables error XQST0073, which
         otherwise occurs when two modules in different namespaces import each other.</p>

      <p>The allowed values of the option are "true" and "false" (the default is false), and any
         other value is ignored with a warning.</p>

      <p>This option does not disable the check for cycles that would actually cause execution to
         fail, for example a global variable <code>$V1</code> whose initializer uses
            <code>$V2</code>, when <code>$V2</code> similarly depends on <code>$V1</code>.</p>

      <p>Note that this option declaration must be written <i>after</i> the module imports, but
         before any variable or function declarations.</p>
      <h2 class="subtitle">The saxon:validate-type pragma</h2>

      <p>
         <i>This extension is largely obsolescent: since version 9.3, Saxon implements the XQuery
            3.0 syntax for validation by type. The extension does serve one remaining purpose, which
            is to allow attributes to be validated. (The standard syntax requires an element or
            document node.)</i>
      </p>

      <p>Saxon-EE provides a pragma (a language extension) to allow constructed elements to be
         validated against a schema-defined global type definition. The standard
            <code>validate</code> expression allows validation only against a global element
         declaration, but some schemas (an example is FpML) provide very few global elements, and
         instead rely heavily on locally-declared elements having a global type. This makes it
         impossible to construct fragments of an FpML document in a way that takes advantage of
         static and dynamic type checking.</p>

      <p>The extension takes the form:</p>
      <samp>(# saxon:validate-type my:personType #) { expr }
</samp>

      <p>Conceptually, it makes a copy of the result of evaluating <code>expr</code> and validates
         it against the named schema type, causing the copied nodes to acquire type annotations
         based on the validation process. The effect is the same as that of the <code>type</code>
         attribute in XSLT instructions such as <code>xsl:element</code> and
            <code>xsl:copy-of</code>. The schema type (shown in the above example as
            <code>myPersonType</code>) may be a simple type or a complex type defined in an imported
         schema, or a built-in type; it is written as a QName, using the default namespace for
         elements and types if it is unprefixed.</p>

      <p>Note that XQuery processors other than Saxon will typically ignore this pragma, and return
         the value of <code>expr</code> unchanged. Such processors will report type-checking
         failures if the value is used in a context where the required type is <code>element(*,
            type-name)</code>.</p>

      <p>You can use a different namespace prefix in place of <code>saxon</code>, but it must be
         bound using a namespace declaration to the namespace
         <code>"http://saxon.sf.net/"</code>.</p>

      <p>Here is a complete example:</p>
      <samp>module namespace time="http://www.example.com/module/hour-minute-time";
declare namespace saxon="http://saxon.sf.net/";
import schema namespace fpml = "http://www.fpml.org/2005/FpML-4-2" at "....";

declare function time:getCurrentHourMinuteTime() as element(*, fpml:HourMinuteTime) {
    let $time = string(current-time())
    return
        (# saxon:validate-type fpml:HourMinuteTime #) {
            &lt;time&gt;{substring($time, 1, 5)}:00&lt;/time&gt;
        }
};        
</samp>

      <p>Saxon ignores any pragmas in a namespace other than the Saxon namespace; it rejects any
         pragmas whose QName is ill-formed, as well as pragmas in the Saxon namespace whose local
         name is not recognized.</p>

      <p>The construct also allows validation of attributes against a simple type definition, for
         example:</p>
      <samp>module namespace time="http://www.example.com/module/hour-minute-time";
declare namespace saxon="http://saxon.sf.net/";
import schema namespace fpml = "http://www.fpml.org/2005/FpML-4-2" at "....";

declare function time:getCurrentHourMinuteTime() as attribute(*, fpml:HourMinuteTime) {
    let $time = string(current-time())
    return (# saxon:validate-type fpml:HourMinuteTime #) {
       attribute time {concat(substring($time, 1, 5), ':00')}
    }
};        
</samp>
   </section>
   <section id="usecases" title="Use cases">
      <h1>Use cases</h1>


      <p>Saxon runs all the <a href="http://www.w3.org/TR/xquery-use-cases" class="bodylink">W3C
            XQuery use cases</a>.</p>

      <p>The relevant queries (some of which have been corrected from those published by W3C) are
          included in the <code>saxon-resources</code> download (folder <code>use-cases</code>) together with batch
         scripts for running them. A few additional use cases have been added to show features that
         would otherwise not be exercised. A separate script is available for running the STRONG use
         cases since these require Saxon-EE.</p>

       <p>Also included in the <code>saxon-resources</code> download is a query <code>samples/query/tour.xq</code>. This is a
         query that generates a knight's tour of the chessboard. It is written as a demonstration of
         recursive functional programming in XQuery. It requires no input document. You need to
         supply a parameter on the command line indicating the square where the knight should start,
         for example <code>start=h8</code>. The output is an HTML document. For more details, see
         the <a class="bodylink" href="/samples/tour">Knight's tour</a> sample information.</p>
   </section>
</article>