<?xml version="1.0" encoding="UTF-8"?><article id="javadoc-packages"><section id="net.sf.saxon.trans"><div><p>This package provides a miscellaneous collection of
 helper classes for XSLT transformation. They are of no direct interest to user applications,
 except for the <code>XPathException</code> class, which is used to represent many
 errors in public methods.</p></div></section><section id="net.sf.saxon.trans.rules"><div><p>This package provides classes to implement matching of patterns for selection
 of template rules within a mode.</p></div></section><section id="net.sf.saxon.trans.packages"><div><p>This package contains classes used to support creation of XSLT 3.0 packages. Note that
 creation of packages is specific to Saxon-EE, but such packages can in general be loaded
 and executed by Saxon-HE or Saxon-PE.</p>
 <p>None of these classes will be used by typical user applications.</p></div></section><section id="net.sf.saxon.functions"><div><p>This package provides implementations of all the core functions available for use
 in XPath expressions. This includes all the functions defined in the XPath 2.0
 <i>Functions and Operators</i> specification, as well as the additional functions
 defined for use in XSLT. The package also includes Saxon extension functions. Most
 of these are in a single class <code>Extensions</code>, but some of the more
 complex functions are in their own classes, for example <code>Evaluate</code> implements
 <code>saxon:evaluate()</code>.</p>
 <p>There is one class for group of closely-related functions. These all inherit from the class
 net.sf.saxon.expr.Function. The class <code>StandardFunction</code> is used to map a function
 name to its implementation; it contains tables of information describing the signature of each
 function, so that the type-checking code is completely generic.</p>
 <p>The package also contains machinery for defining user extension functions. A collection
 of functions is represented by a <code>FunctionLibrary</code> object. There are several
 standard function libraries available, covering core functions, Saxon extension functions
 constructor functions, and user extension functions: each category is covered by a subclass
 of <code>FunctionLibrary</code>, and there is also a <code>FunctionLibraryList</code> that
 represents the total collection of functions in these individual libraries. The
 <code>JavaExtensionLibrary</code> contains the logic for binding Java extension functions
 given their name and arity and the types of their arguments. The class <code>ExtensionFunctionCall</code>
 contains the run-time logic for converting XPath values to the required Java types, and for converting
 the result back to an XPath value.</p>
 <p>These classes, although public, will not normally be used directly by user-written
 Java applications. There are a few exceptions, such as <code>ResolveURI</code> which deliberately
 expose functionality equivalent to the XPath function in a static method.</p></div></section><section id="net.sf.saxon.functions.hof"><div><p>The package <code>com.saxonica.functions.hof</code> contains code to support higher-order functions.</p>
 <p>Higher-order functions are supported in XSLT 3.0, XPath 3.1, and XQuery 3.1, in Saxon-PE and Saxon-EE only.</p>
 <p>The package includes code to support both the core facilities of dynamic creation and invocation of function
 objects, and also specific higher-order functions defined in the <i>Functions and Operators</i> library
 such as <code>fn:filter</code>, <code>fn:for-each</code> and <code>fn:fold-left</code>.</p></div></section><section id="net.sf.saxon.functions.registry"><div><p>This package contains libraries of function signatures for the standard functions available in various Saxon-HE environments.</p></div></section><section id="net.sf.saxon.s9api"><div><p>This package provides Saxon's preferred Java API for XSLT, XQuery, XPath, and XML Schema processing.
 The interface is designed to hide as much as possible of the detail of the
 implementation. However, the API architecture faithfully reflects the internal architecture
 of the Saxon product, unlike standard APIs such as JAXP and XQJ which in many cases force
 compromises in the design and performance of the application.</p>
 <p>An application starts by loading a <a href="net.sf.saxon.s9api.Processor" class="javalink">net.sf.saxon.s9api.Processor</a>, which allows configuration options
 to be set. As far as possible, an application should instantiate a single <code>Processor</code>.</p>
 <p>The interfaces for XSLT, XQuery, and XPath processing all follow the same pattern. There is a three-stage
 execution model: first a compiler is created using a factory method in the <code>Processor</code> object.
 The compiler holds compile-time options and the static context information. Then the compiler's
 <code>compile()</code> method is called to create an executable, a representation of the compiled stylesheet,
 query, or expression. This is thread-safe and immutable once created. To run the query or transformation,
 first call the <code>load()</code> method to create a run-time object called variously an <a href=" net.sf.saxon.s9api.XsltTransformer" class="javalink"> net.sf.saxon.s9api.XsltTransformer</a>,
 <a href="net.sf.saxon.s9api.XQueryEvaluator" class="javalink">net.sf.saxon.s9api.XQueryEvaluator</a>, or <a href="net.sf.saxon.s9api.XPathSelector" class="javalink">net.sf.saxon.s9api.XPathSelector</a>. This holds run-time context
 information
 such as parameter settings and the initial context node; the object is therefore not shareable and should
 only be run in a single thread; indeed it should normally only be used once. This object also provides
 methods allowing the transformation or query to be executed.</p>
 <p>In Saxon-EE the <code>Processor</code> owns a <a href="net.sf.saxon.s9api.SchemaManager" class="javalink">net.sf.saxon.s9api.SchemaManager</a> that holds
 the cache of schema components and can be used to load new schema components from source schema documents.
 It can also be used to create a <a href="net.sf.saxon.s9api.SchemaValidator" class="javalink">net.sf.saxon.s9api.SchemaValidator</a>, which in turn is used to validate
 instance
 documents.</p>
 <p>Source documents can be constructed using a <a href="net.sf.saxon.s9api.DocumentBuilder" class="javalink">net.sf.saxon.s9api.DocumentBuilder</a>, which holds all the options
 and parameters to control document building.</p>
 <p>The output of a transformation, or of any other process that generates an XML tree, can be sent to a
 <a href="net.sf.saxon.s9api.Destination" class="javalink">net.sf.saxon.s9api.Destination</a>. There are a number of implementations of this interface, including a
 <a href="net.sf.saxon.s9api.Serializer" class="javalink">net.sf.saxon.s9api.Serializer</a> which translates the XML document tree into lexical XML form.</p>
 <p>There are classes to represent the objects of the XDM data model, including <a href="net.sf.saxon.s9api.XdmValue" class="javalink">net.sf.saxon.s9api.XdmValue</a>,
 <a href="net.sf.saxon.s9api.XdmItem" class="javalink">net.sf.saxon.s9api.XdmItem</a>, <a href="net.sf.saxon.s9api.XdmNode" class="javalink">net.sf.saxon.s9api.XdmNode</a>, and <a href=" net.sf.saxon.s9api.XdmAtomicValue" class="javalink"> net.sf.saxon.s9api.XdmAtomicValue</a>. These can be manipulated using methods based on the Java 8 streams
 processing model: for details see package <a href="net.sf.saxon.s9api.streams" class="javalink">net.sf.saxon.s9api.streams</a>.</p>
 </div></section><section id="net.sf.saxon.s9api.streams"><div><p>This package provides methods to manipulate XDM values using Java 8 streams. It provides
 an alternative to XPath navigation of XDM trees, avoiding the high parsing cost and poor
 compile-time diagnostics of XPath expressions, while being a much higher-level interface
 than DOM-style navigation from node to node.</p></div></section><section id="net.sf.saxon.s9api.push"><div><p>This package contains an API for lightweight document construction. The objects created are immutable;
 they do not directly implement the <a href="net.sf.saxon.om.NodeInfo" class="javalink">net.sf.saxon.om.NodeInfo</a> interface, but create a data structure
 that can be easily converted to a <a href="net.sf.saxon.om.NodeInfo" class="javalink">net.sf.saxon.om.NodeInfo</a> tree when construction is complete.</p></div></section><section id="net.sf.saxon"><div><p>This is the top-level package containing the code used to build Saxon-HE.</p></div></section><section id="net.sf.saxon.resource"><div><p>This package contains Java classes used to represent abstractions of resources of different
 kinds that can be retrieved as part of a collection (using the <code>fn:collection()</code> function).</p>
 <p>This framework was introduced in Saxon 9.8, reflecting the change in specification of <code>fn:collection()</code>
 to allow any kind of resources to be returned, not only XML documents.</p>
 <p>The set of media types that are recognized, and the way in which they are processed, can be customized via the
 Saxon Configuration file.</p></div></section><section id="net.sf.saxon.str"><div><p>This package contains classes used to handle Unicode strings: notably implementations of the
 <code>UnicodeString</code> interface, which represents a string as a sequence of directly-addressible
 Unicode codepoints (without relying on surrogate pairs).</p></div></section><section id="net.sf.saxon.trace"><div><p>This package provides an interface to Saxon tracing and debugging capabilities.</p>
 <p>The package includes three tracing modules that can be optionally selected:
 <code>XSLTTraceListener</code>, <code>XQueryTraceListener</code>, and
 <code>TimedTraceListener</code>. These all receive notification of the same events,
 but select and format the events in different ways to meet different requirements.
 Other events are notified through the <code>TraceListener</code> interface that
 are ignored by tracing applications, but may be of interest to debuggers.</p></div></section><section id="net.sf.saxon.serialize"><div><p>This package contains code for serializing trees using the standard W3C-defined serialization methods
 (xml, html, text, etc). Additional Saxon-specific serialization methods are in package
 <code>com.saxonica.serialize</code>.</p></div></section><section id="net.sf.saxon.serialize.charcode"><div><p>This package provides classes for handling different character sets, especially
 when serializing the output of a query or transformation. </p>
 <p>Most of the classes in this package are implementations of the interface <code>CharacterSet</code>.
 The sole
 function of these classes is to determine whether a particular character is present in the
 character set or not: if not, Saxon has to replace it with a character reference.</p>
 <p>The actual translation of Unicode characters to characters in the selected encoding
 is left to the Java run-time library. (Note that different versions of Java support
 different sets of encodings, and there is no easy way to find out which encodings
 are supported in a given installation).</p>
 <p>It is possible to configure Saxon to support additional character sets by writing an
 implementation of the <code>CharacterSet</code> interface, and registering this class with the
 <code>Configuration</code> using the call <code>getCharacterSetFactory().setCharacterSetImplementation()</code></p>
 <p>If an output encoding is requested that Saxon does not recognize, but which the Java
 platform does recognize, then Saxon attempts to determine which characters the encoding
 can represent, so that unsupported characters can be written as numeric character references.
 Saxon wraps the Java <code>CharSet</code> object in a <code>JavaCharacterSet</code> object,
 and tests whether a character is encodable by calling the Java interrogative
 <code>encoding.canEncode()</code>, caching the result locally. Since this mechanism
 appears to have become reliable in JDK 1.5, it is now used much more widely than before,
 and most character sets are now supported in Saxon by relying on this mechanism.</p></div></section><section id="net.sf.saxon.pattern"><div><p>This package provides classes associated with XSLT pattern handling. </p>
 <p>The principal classes are:</p>
 <p><b>Pattern</b>:<br clear="none"/>
 This represents an XSLT Pattern. There is a static method Pattern.make() which is
 used to construct a Pattern from a String (it is a factory method rather than a
 constructor, because it typically returns some subclass of Pattern according
 to the syntax supplied). Subclasses of Pattern represent different kinds of pattern
 such as LocationPathPattern and IDKeyPattern. What they all have in common is a match()
 method, which determines whether a given node matches the pattern. A pattern is
 not in itself an Expression, but the class <code>PatternSponsor</code> is used
 to wrap a pattern making it look like an expression for the benefit of the static analysis
 (allowing the same mechanisms to be used for example to find all the references to a variable).</p>
 <p><b>NodeTest</b>:<br clear="none"/>
 This represents a NodeTest within a step of an XPath expression. A NodeTest performs several
 roles: as well as its use in conjuction with an axis to form a step of a path expression,
 it acts as an ItemType used in handling type checking of nodes, and (wrapped in a NodeTestPattern)
 it acts as an XSLT pattern for use in constructs such as the <code>match</code> attribute of
 <code>xsl:template</code> and <code>xsl:key</code>.
 A NodeTest is used directly to implement simple patterns such as <code>match="item"</code>
 or <code>match="*"</code>. There are several subclasses of NodeTest, depending on the conditions
 to be matched: node type, node name, namespace URI, and so on. The class AnyNodeTest matches any node,
 while NoNodeTest matches nothing. NodeTests can also be combined using the operators of intersection,
 difference, and union, to describe the more complex types that are sometimes computed by the type
 checking machinery.</p></div></section><section id="net.sf.saxon.transpile"><div/></section><section id="net.sf.saxon.option.jdom2"><div><p>This package contains classes that interface Saxon to the JDOM2 tree model.</p></div></section><section id="net.sf.saxon.option.local"><div><p>This package contains classes responsible for localizing the output of functions such as
 format-dateTime and format-integer into various languages.</p>
 <p>The languages supported are indicated by the class name, for example Number_da is the support
 class for Danish.</p></div></section><section id="net.sf.saxon.option.axiom"><div><p>This package contains classes that interface Saxon to the Apache AXIOM tree model.</p></div></section><section id="net.sf.saxon.option.exslt"><div><p>This package provides implementations of the functions defined in <a href="http://www.exslt.org">EXSLT</a>.</p>
 <p>The implementation of EXSLT functions is by no means complete (the specifications in many cases were never finally finished),
 but the major functions are provided - even where they are effectively superseded by functions available
 in XPath 2.0.</p></div></section><section id="net.sf.saxon.option.dom4j"><div><p>This package provides glue classes that enable Saxon to process a source
 document supplied as a DOM4J tree (see <a href="https://dom4j.github.io">https://dom4j.github.io</a>). </p>
 <p>The package provides implementations of the Saxon <code>DocumentInfo</code> and <code>NodeInfo</code>
 classes that act as wrappers to the relevant DOM4J classes</p></div></section><section id="net.sf.saxon.option.sql"><div><p>This package provides some sample extension elements for loading data into an SQL database.</p>
 <p>These classes are not intended as a production-quality tool, rather as an illustration
 of what can be achieved using XSLT extension instructions.</p>
 <p>Because Saxon-HE (home edition) does not support the use of XSLT extension instructions,
 these classes require Saxon-PE (professional edition) or Saxon-EE (enterprise edition).
 However, the code of the extension itself is open source and is issued under the Mozilla
 Public License, meaning it can be freely modified.</p>
 <p>The classes are not distributed in the main
 JAR file, but in a separate <code>saxon9-sql.jar</code> file, which must
 be added to the classpath when these extensions are used. In addition, the extension must be
 registered with the Saxon Configuration. This can be done either by calling the method
 <code>Configuration.setExtensionElementNamespace()</code>, or by including a line such
 as the following in the configuration file:</p>
 <p><code>&lt;extensionElement namespace="http://ns.saxonica.com/sql"
 factory="net.sf.saxon.option.sql.SQLElementFactory"/&gt;</code></p>
 <p>The extension can be registered under any namespace. The conventional namespace is
 <code>http://ns.saxonica.com/sql</code>, and the conventional prefix is <code>sql</code>.</p>
 <p>These SQL extensions are documented in the file <code>sql-extension.html</code> in the main
 documentation directory.</p></div></section><section id="net.sf.saxon.option.xom"><div><p>
 This package provides glue classes that enable Saxon to process a source document supplied
 as a XOM tree (see <a href="http://www.cafeconleche.org/XOM">http://www.cafeconleche.org/XOM</a>).</p>
 <p>
 The package provides implementations of the Saxon DocumentInfo and NodeInfo interfaces that act as wrappers to
 the relevant XOM classes.</p>
 <p>Much of the implemention of this package was done by Wolfgang Hoschek, based on Michael Kay's similar
 package for JDOM.</p></div></section><section id="net.sf.saxon.xpath"><div><p>This package is Saxon's implementation of the JAXP API designed for executing XPath 1.0 expressions
 directly from a Java application. Saxon extends the interface to handle XPath 2.0, though if the application
 makes extensive use of XPath 2.0 features, then the <b>s9api</b> interface offers a better fit
 to the XPath 2.0 data model. The API can be used either in a free-standing
 Java application (that is, where there is no XSLT stylesheet), or it can be
 used from within Java extension functions called from XPath expressions within
 a stylesheet.</p>
 <p>The API itself is defined by JAXP 1.3, in interfaces such as <code>javax.xml.xpath.XPath</code>.
 These interfaces are included in Java Standard Edition from JDK 1.5 onwards.</p>
 <p>The interfaces provided by Saxon extend the JAXP 1.3 interfaces in various ways. There
 are three reasons for this:</p>
 <ul><li><p>Saxon supports XPath 2.0 rather than 1.0</p></li><li><p>The package retains support for some interfaces that were provided before JAXP 1.3 was released.
 (Most of these extensions have been deprecated for several releases, and most removed in Saxon 9.6).</p></li><li><p>There are methods that allow an escape into Saxon's more low-level APIs, needed by
 anyone doing serious software integration.</p></li></ul>
 <p>For most applications the preferred interface is
 the s9api <a href="net.sf.saxon.s9api.XPathCompiler" class="javalink">net.sf.saxon.s9api.XPathCompiler</a></p></div></section><section id="net.sf.saxon.regex"><div><p>This package contains the code to map XML Schema and XPath regular expressions
 to a regular expression engine of the underlying Java platform.</p>
 <p>Most of the classes implement a regular expression engine derived from Apache's Jakarta
 project. The code of Jakarta has been modified so that the regular expressions implement
 the syntax of XSD/XPath regular expressions. There have also been extensive changes
 for performance reasons</p>
 <p>In addition, there are classes to provide direct access to the native JDK
 regular expression engine. The flags value ";j" may be used to select this
 engine. The resulting syntax/semantics will not be an exact match to the XPath
 definition.</p>
 <p>Users should not normally need to use these classes directly.</p>
 <p>Earlier versions of Saxon included a translator from XPath regular expressions
 to Java regular expressions, based on that produced by James Clark. This
 mechanism is no longer used.</p></div></section><section id="net.sf.saxon.regex.charclass"><div><p>This package contains Java classes used to represent character classes in regular expressions.</p></div></section><section id="net.sf.saxon.sxpath"><div><p>This package originally provided an alternative API for executing XPath expressions
 directly from a Java application. It is no longer recommended for application use,
 but is still used internally to underpin the public JAXP and s9api APIs.</p>
 <p>The preferred API for executing XPath expressions in Saxon is the <code>s9api</code>
 package. This package is older, and provides a lower-level interface that offers access to more
 internal details, but is not so convenient to use.</p></div></section><section id="net.sf.saxon.tree"><div><p>This package contains classes and sub-packages used to implement Saxon's various tree models including
 the linked tree and tiny tree.</p></div></section><section id="net.sf.saxon.tree.wrapper"><div/></section><section id="net.sf.saxon.tree.jiter"><div><p>This package defines utility classes designed to work with Java iterators, that is, implementations
 of <code>java.util.Iterator</code> (not to be confused with Saxon's <code>SequenceIterator</code> class).</p></div></section><section id="net.sf.saxon.tree.tiny"><div><p>This package is an implementation of the Saxon internal tree structure,
 designed to minimize memory usage, and the costs of allocating and garbage-collecting
 Java objects.</p>
 <p>The data structure consists of a set of arrays, held in the <code>TinyTree</code> object.
 A <code>TinyTree</code> represents one or more root document or element nodes, together with their
 subtrees. If there is more than one root node, these will often be members of a sequence, but
 this is not essential and is never assumed.
 The arrays are in three groups. </p>
 <p>The principal group of arrays contain one entry for each node other
 than namespace and attribute nodes. These arrays are in document order. The following
 information is maintained for each node: the
 depth in the tree, the name code, the index of the next sibling, and two fields labelled "alpha" and "beta".
 The meaning of "alpha" and
 "beat" depends on the node type. For text nodes, comment nodes, and processing instructions
 these fields index into a StringBuffer holding the text. For element nodes, "alpha" is
 an index into the attributes table, and "beta" is an offset into the namespaces table.
 Either of these may be set to -1 if there are no attributes/namespaces.</p>
 <p>A name code is an integer value that indexes into the NamePool object: it can be
 used to determine the prefix, local name, or namespace URI of an element or attribute name.</p>
 <p>The attribute group holds the following information for each attribute node: parent
 element, prefix, name code, attribute type, and attribute value. Attributes
 for the same element are adjacent.</p>
 <p>The namespace group holds one entry per namespace declaration (not one per namespace
 node). The following information is held: a pointer to the element on which the namespace
 was declared, and a namespace code. A namespace code is an integer, which the NamePool can
 resolve into a prefix and a namespace URI: the top 16 bits identify the prefix, the bottom
 16 bits the URI.</p>
 <p>The data structure contains no Java object references: the links between elements and
 attributes/namespaces are all held as integer offsets. This reduces size, and also makes
 the whole structure relocatable (though this capability is not currently exploited).
 All navigation is done by serial traversal of the arrays, using
 the node depth as a guide. An array of pointers to the preceding sibling is created on
 demand, the first time that backwards navigation is attempted. There are no parent pointers;
 Saxon attempts to remember the parent while navigating down the tree, and where this is not
 possible it locates the parent by searching through the following siblings; the last sibling
 points back to the parent. The absence of the other pointers is a trade-off between tree-building time and
 transformation time: I found that in most cases, more time was spent creating these pointers
 than actually using them. Occasionally, however, in trees with a very large fan-out, locating
 ancestors can be slow.</p>
 <p>When the tree is navigated, transient ("flyweight") nodes are created as Java objects.
 These disappear as soon as they are no longer needed. Note that to compare two nodes for
 identity, you can use either the isSameNode() method, or compare the results of
 generateId(). Comparing the Java objects using "==" is incorrect.</p>
 <p>The tree structure implements the DOM interface as well as the Saxon NodeInfo interface.
 There are limitations in the DOM support, however: especially (a) the tree is immutable, so
 all updating methods throw an exception; (b) namespace declarations are not exposed as
 attributes, and (c) only the core DOM classes are provided.</p>
 <p>The primary way of navigating the tree is through the XPath axes, accessible through the
 iterateAxis() method. The familiar DOM methods such as getNextSibling() and getFirstChild()
 are not provided as an intrinsic part of the <code>NodeInfo</code> interface: all navigation
 is done by iterating the axes, and each tree model provides its own implementations of the axes.
 However, there are helper methods in the shared <code>Navigator</code> class which many
 of these implementations choose to use.</p></div></section><section id="net.sf.saxon.tree.iter"><div><p>This package defines implementations and subinterfaces of the interface SequenceIterator, which is
 used to iterate over an XDM sequence.</p>
 <p>The subinterfaces mostly represent iterators with additional capability: for example a LastPositionFinder
 can determine the number of items in the sequence without reading to the end; a GroundedIterator can deliver
 the original sequence as a list in memory; a LookaheadIterator is capable of one-item look-ahead. Note
 that just because a class implements such an interface does not mean it necessarily has this capability;
 it is necessary to check the properties of the specific iterator before assuming this.</p></div></section><section id="net.sf.saxon.tree.linked"><div><p>This package defines the implementation of the so-called "linked tree" structure. This
 structure can be used to represent both the source document and the stylesheet.
 It is no longer the default structure for source documents, but is always used for
 stylesheets and for schema documents, because it allows each element to be represented
 by a subclass of <code>Element</code> with application-specific functionality.</p>
 <p>The classes represent the various kinds of node on the tree. Most of them
 are not visible outside the package, with the notable exception of ElementImpl,
 which can be subclassed to contain properties for a particular kind of element.
 This capability is exploited especially in the stylesheet tree.</p>
 <p>As well as classes representing nodes, there are classes representing
 iterators over the various XPath axes, for example <code>ChildEnumeration</code>
 and <code>PrecedingEnumeration</code>.</p>
 <p>The <code>TreeBuilder</code> performs the work of constructing a tree, from a
 sequence of SAX-like <code>Receiver</code> events.</p>
 <p>The package also contains some helper classes such as <code>SystemIdMap</code>
 and <code>LineNumberMap</code> that are used also by the TinyTree implementation.</p></div></section><section id="net.sf.saxon.tree.util"><div><p>This package provides a number of re-usable utility classes and methods used by more than one
 tree model implementation.</p></div></section><section id="net.sf.saxon.style"><div><p>This package provides classes used during the compilation of an XSLT stylesheet.
 The instances of these classes are discarded once compilation is complete, and they play no role
 in executing the transformation at run-time, except when tracing and debugging are invoked.</p>
 <p>The class <b>StyleElement</b> represents an element node on the stylesheet tree. Subclasses
 of StyleElement represent individual stylesheet elements, and are generally named according to
 the XSLT element name, for example XSLApplyTemplates, XSLChoose. The class <b>XSLStylesheet</b>
 is used for the <code>xsl:stylesheet</code> element in each stylesheet module, and in particular for the
 <code>xsl:stylesheet</code> element in the principal stylesheet module.</p>
 <p>During construction of the stylesheet tree, the class <b>StyleNodeFactory</b> is nominated to
 the <b>Builder</b> as the factory class responsible for creating element nodes on the tree. It is
 this class that decides which subclass of StyleElement to use for each element appearing in the
 stylesheet. For extension elements, the decision is delegated to a user-created
 <b>ExtensionElementFactory</b>.</p>
 <p>Each class provides a number of methods supporting the various phases of processing. The sequence
 of events sometimes varies slightly, but in general the first phase is done by <code>prepareAttributes</code>,
 which performs local validation of the attributes of each instruction. The second phase is represented
 by the <code>validate</code> method, which does global validation, fixup of references, and type checking.
 The third phase is done by the <code>compile</code> method, which generates <code>Instruction</code> and
 <code>Expression</code> objects. Further processing (local and global optimization) is then done on these
 Instruction objects, and is no longer the responsibility of this package.</p></div></section><section id="net.sf.saxon.java"><div><p>This package contains Saxon code that is specific to the Java platform, as distinct from .NET</p>
 <p>The areas where Saxon has different implementations for the two platforms are primarily
 URI handling, interfaces to XML parsers, regular expression handling, and use of collations.</p>
 <p>Access to these classes is generally via the <code>Platform</code> object, of which the
 implementation for the Java platform is named <code>JavaPlatform</code>. This is obtained in turn
 via the static method <code>Version.platform</code></p></div></section><section id="net.sf.saxon.stax"><div><p>This package contains classes used to connect to StAX (pull-parser) events for input and output.</p></div></section><section id="net.sf.saxon.lib"><div><p>This package collects together interfaces intended for user applications to implement
 in order to customize Saxon's behavior, default implementations of these interfaces,
 and classes containing constants that are used in public Saxon interfaces.</p>
 <p>These interfaces were brought together into this package in Saxon 9.3, having previously
 been dispersed around the package hierarchy and mixed with classes and interfaces intended
 only for internal use.</p></div></section><section id="net.sf.saxon.value"><div><p>This package provides classes representing XPath values (that is, the results of
 an expression). There are different classes for different types of value.</p>
 <p>The principal class is:</p>
 <p><b>Value</b>: <br clear="none"/>
 This represents the result of evaluating an expression. But a Value is also an expression in its
 own right, reflecting the fact that literal values can be used syntactically wherever expressions
 can be used. <code>AtomicValue</code> is a subclass of <code>Value</code>
 that represents an atomic value: this in turn has subclasses for the different built-in data types:
 StringValue, NumericValue, BooleanValue, DateValue, and so on.</p>
 <p>There are two classes used to represent integer values: <code>IntegerValue</code> for integers that
 fit comfortably in 64 bits, and <code>BigIntegerValue</code> for anything longer. Built-in subtypes
 of xs:integer, such as <code>xs:int</code> and <code>xs:short</code>, are always represented using
 an <code>IntegerValue</code>, except for <code>xs:unsignedLong</code>, which uses a <code>BigIntegerValue</code>.
 </p>
 <p>In general a value is a sequence. A sequence that is instantiated in memory is represented by a
 <code>SequenceExtent</code> object. The code tries to pipeline execution so that a <code>SequenceExtent</code>
 is created as rarely as possible.</p>
 <p>When an expression is evaluated lazily, the result is a <code>Closure</code>. A Closure contains the original
 expression, and a copy of the run-time context at the time evaluation was requested: that is, all the local
 variables
 and other information that it depends on, such as the context item. There are two kinds of Closure, and the system
 decides at compile time which to use. An ordinary Closure re-evaluates the expression every time the value is
 referenced;
 this is used only when the compiler decides that the value is likely to be referenced only once. A MemoClosure
 remembers
 the value the first time it is needed, so that subsequent references do not cause repeated evaluation of the
 expression.</p></div></section><section id="net.sf.saxon.z"><div><p>This package provides utility routines for handling integer sets and maps.</p>
 <p>The main classes are <code>IntSet</code> which represents a set of 32-bit integers
 (int values), <code>IntIterator</code> which is an iterator over a sequence of 32-bit
 integers, <code>IntHashMap</code> which is a map from 32-bit integers to arbitrary
 objects, and <code>IntToIntMap</code> which is a map from 32-bit integers to 32-bit
 integers.</p>
 <p>The package name is a pun on the conventional use by mathematicians
 of the symbol <b>Z</b> to denote the set of all natural integers.</p></div></section><section id="net.sf.saxon.type"><div><p>This package contains classes that implement the XPath 2.0 and 3.1 type system.
 It contains that part of the functionality relevant to a non-schema-aware
 implementation: that is, the overall structure of the type system, together
 with representations of the built-in types.</p>
 <p>The hierarchy of schema types is represented by the interfaces
 <code>SchemaType</code>, <code>ComplexType</code>, <code>SimpleType</code>,
 <code>ListType</code>, and <code>AtomicType</code>. (Union types never arise
 in non-schema-aware processing). There are concrete classes representing
 built-in types such as <code>AnyType</code>, <code>BuiltInAtomicType</code>,
 and <code>BuiltInListType</code>: the corresponding classes for user-defined
 types are in the <code>com.saxonica.schema</code> package.</p>
 <p>The class <code>SequenceType</code> ought logically to be in this package
 but is actually in <code>net.sf.saxon.value</code>. A sequence type contains
 an <code>ItemType</code> which may be an <code>AtomicType</code> or a
 <code>NodeTest</code>: NodeTests are found in the package <code>net.sf.saxon.pattern</code>.</p>
 <p>The logic for performing type checking is partly in the singleton class
 <code>Type</code> (which also contains many useful constants), and partly in
 the class <code>TypeChecker</code> found in package <code>net.sf.saxon.expr</code>.</p></div></section><section id="net.sf.saxon.jaxp"><div><p>This package contains classes that provide Saxon's implementation of JAXP interfaces.</p></div></section><section id="net.sf.saxon.gizmo"><div><p>This package provides supporting code for the Gizmo utility, found at <code>net.sf.saxon.Gizmo</code>.</p>
 <p>It is chiefly concerned with interfacing to the JLine2 library, which provides supporting services
 to handle command line editing, content completion, and session history</p></div></section><section id="net.sf.saxon.expr"><div><p>This package provides classes associated with XPath expression handling. Generally, these
 classes are not intended to be used directly by user-written applications; the API for XPath
 evaluation is now provided by classes in the package <code>net.sf.saxon.xpath</code></p>
 <p>The principal classes are:</p>
 <p><b>Expression</b>:<br clear="none"/>
 This represents an XPath Expression. There is a static method Expression.make() which is
 used to construct an Expression from a String (it is a factory method rather than a
 constructor, because it typically returns some subclass of Expression according
 to the syntax supplied). Subclasses of Expression represent different kinds of expression
 such as StringExpression and BooleanExpression. What they all have in common is an evaluate()
 method, which evaluates the expression in a given context to yield a Value, and an iterate() method,
 which treats the result of the expression as a sequence, and iterates over the items in the sequence.</p>
 <p><b>ExpressionParser</b>:<br clear="none"/>
 This class does the work of parsing both Expressions and Patterns. Applications should not call
 it directly. It uses the class Tokenizer for lexical analysis.</p>
 <p><b>StaticContext</b>:<br clear="none"/>
 This interface defines the information available at the time an expression is being parsed. This
 includes the names of variables, the bindings of namespace prefixes, the functions that are available,
 the names of collating sequences, and so on. When an XPath expression appears in a stylesheet, the
 class <code>net.sf.saxon.style.ExpressionContext</code> provides the StaticContext. For a free-standing XPath
 expression, the class <code>net.sf.saxon.xpath.StandaloneContext</code> is available, though a user-written
 class that implements <code>StaticContext</code> can also be used.</p>
 <p><b>XPathContext</b>:<br clear="none"/>
 This class defines the context information available at run-time, for example the context node, position,
 and size. (It actually does this by wrapping a SequenceIterator that represents the current sequence.)
 When expressions are used during an XSLT transformation, the XPathContext also provides access to the
 Controller, which contains all the context information about XSLT processing (for example the current template,
 the current group, and so on).</p>
 <p>Most of the classes in this package represent individual syntactic constructs found in XPath or XQuery expressions:
 for example <code>ValueComparison</code>, <code>UserFunctionCall</code>, and <code>RootExpression</code>. The
 objects
 that instantiate these classes form the nodes on the Abstract Syntax Tree constructed by the compiler and modified
 by the optimizer; at run-time their methods are used to drive a pipelined evaluation of the expression.</p>
 <p>The distinction between the compiled form of XSLT instructions and the compiled form of XPath expressions has
 become blurred. Generally, the compiled form of instructions is in the package <code>net.sf.saxon.instruct</code>
 (this includes expressions in XQuery that are equivalent to XSLT instructions, for example element constructors).
 However, some constructs such as conditional expressions now exist in both languages and may generate the same
 run-time constructs.</p></div></section><section id="net.sf.saxon.expr.number"><div><p>This package provides classes associated with numbering and the <code>xsl:number</code> instruction. </p>
 <p>It is possible to extend the range of numberings available by providing a Numberer
 for a specific language. This must be registered with the <code>Configuration</code>.
 In earlier releases, there was a fixed relationship between the language and the
 implementing class (the Numberer was always named Numberer_xx where xx is the language code,
 corresponding to the value of the lang attribute in <code>xsl:number</code>). From Saxon 9.2,
 this relationship no longer exists.</p>
 <p>These classes also include code to support the localization of dates as defined
 in the XSLT <code>format-dateTime()</code> group of functions.</p>
 <p>The class <code>Numberer_en</code> provides the standard numbering options. As well as the
 format tokens defined in the XSLT 1.0 specification (for example, "1", "001", "a", "i") it supports
 other numbering options including:</p>
 <ul><li>Greek upper and lower case letters</li><li>Cyrillic upper and lower case letters</li><li>Hebrew letters</li><li>Japanese: Hiragana-A, Hiragana-B, Katakana-A, or Katakana-B letters, and Kanji digits</li><li>English words: the format token "one" produces numbers such as "twenty five"</li></ul>
 <p>Localizations for a number of European languages are provided in package <code>net.sf.saxon.option.local</code>.
 In Saxon-PE and Saxon-EE these are issued in binary form as part of the Saxon JAR. For Saxon-HE, they are
 issued only in source code form.</p></div></section><section id="net.sf.saxon.expr.sort"><div><p>This package provides utility routines for sorting and grouping.
 Specifically, it contains a QuickSort implementation,
 and some <code>AtomicComparer</code> objects that handle character and numeric comparisons, together
 with the important <code>DocumentOrderIterator</code> which iterates over a set of nodes in document
 order.</p>
 <p>The package also
 contains the classes to support the implementation of the XSLT 2.0 instruction
 <code>xsl:for-each-group</code>, and some utilities for maintaining sets and maps whose keys
 are unboxed integer values.</p></div></section><section id="net.sf.saxon.expr.compat"><div><p>This package contains classes concerned with evaluation of expressions in XPath 1.0 compatibility mode.</p></div></section><section id="net.sf.saxon.expr.accum"><div><p>This package contains classes used to implement XSLT 3.0 accumulators, in particular,
 accumulators for non-streamed documents.</p></div></section><section id="net.sf.saxon.expr.instruct"><div/></section><section id="net.sf.saxon.expr.flwor"><div><p>This package is concerned with evaluation of FLWOR expressions in XQuery</p></div></section><section id="net.sf.saxon.expr.oper"><div><p>This package contains a class used to handle expressions with an array of operands.</p></div></section><section id="net.sf.saxon.expr.parser"><div><p>This package contains classes associated with parsing and general static analysis of XPath expressions.</p></div></section><section id="net.sf.saxon.event"><div><p>This package provides support for push pipeline processing based on the <a href="net.sf.saxon.event.Receiver" class="javalink">net.sf.saxon.event.Receiver</a> interface
 and its implementation classes. The classes are mainly for internal use, but are available for use in advanced
 applications.</p></div></section><section id="net.sf.saxon.sapling"><div><p>This package defines a public API for constructing trees; it represents trees-under-construction
 using a lightweight immutable data structure called a <i>sapling</i>; once construction of a sapling
 tree is complete, it can be copied to form a fully-functional XDM tree in the form of an
 <code>XdmNode</code> or <code>NodeInfo</code> object.</p>
 <p>An overview of the API can be found in the Javadoc for class <a href="SaplingNode.html">SaplingNode</a>.</p></div></section><section id="net.sf.saxon.pull"><div><p>This package provides classes that interface Saxon to an XML parser that supplies data in the form
 of a stream of events. It provides an interface, <code>PullProvider</code>, that is an abstraction
 over the pull parser interfaces provided on Java and .NET, and that can in principle be implemented
 by other data sources to deliver input documents as if they came from a parser.</p>
 <p>The API, defined in class <code>PullProvider</code>, is loosely modelled on the StAX <code>XMLReader</code>
 API. It is not identical, because it is designed as an intimate and efficient interface that integrates with
 Saxon concepts such as the <code>SequenceIterator</code> and the <code>NamePool</code>. A class
 <code>StaxBridge</code> is available that provides the <code>PullProvider</code> interface on top of a
 StAX pull parser. In the .NET build, a similar class <code>DotNetPullProvider</code> interfaces Saxon to the
 Microsoft <code>XmlTextReader</code>.</p>
 <p>A source of data delivered by a <code>PullProvider</code> may be presented either as a <code>PullSource</code>
 or as a <code>StaxSource</code>. Both these are accepted by any Saxon interface that allows a JAXP
 <code>Source</code> object to be supplied.</p>
 <p>Additional implementations of <code>PullProvider</code> are available in <code>Saxon-PE</code> and
 <code>Saxon-EE</code>, specifically, implementations that deliver data by walking a Saxon tree structure
 (represented by class <code>NodeInfo</code>), and implementations that allow queries to be evaluated
 in pull mode, with lazy construction of temporary document and element nodes.</p>
 <p>Some examples of application code using the pull interface with Saxon are provided in the
 <code>PullExamples.java</code> file in the samples directory.</p></div></section><section id="net.sf.saxon.query"><div><p>This package contains classes specific to the implementation of XQuery</p></div></section><section id="net.sf.saxon.om"><div><p>This package defines the interface to the Saxon tree structure. This
 structure is used to represent both the source document and the stylesheet.
 Essentially, this class represents Saxon's realization of the XPath data model.</p>
 <p>The classes in the package are rather a miscellany. What they have in common is that
 they describe the way the Saxon tree structure is accessed, in a way that it independent
 of the two tree implementations (in packages <code>net.sf.saxon.tree</code> and
 <code>net.sf.saxon.tinytree</code>).</p>
 <p>Broadly speaking, the classes fall into four categories:</p>
 <ul><li>Interface classes: DocumentInfo, NodeInfo, Item, ValueRepresentation. These describe the interface
 offered by the object model to the rest of the system, including the application.
 </li><li>Iterator classes: SequenceIterator, AxisIterator, ArrayIterator, EmptyIterator, SingletonIterator, and others.
 These classes provide mechanisms for iterating over sequences. The most general, and the one which
 applications are most likely to use, is the SequenceIterator interface itself. AxisIterator is a
 specialization of this interface whose main difference is that it cannot throw exceptions. The other
 classes are implementations of SequenceIterator for use in particular circumstances.
 </li><li>Shared implementation classes: DocumentPool, NamePool, Navigator, XMLChar.
 These contain functionality that is shared between the various tree implementations. (However, there is
 also some shared functionality in the <code>net.sf.saxon.tree</code> package). These classes are
 not generally needed by applications, with the exception of NamePool, which complex applications may
 need to manipulate.</li><li>Information classes: Axis, NamespaceConstant. These contain constants.</li></ul></div></section><section id="net.sf.saxon.dom"><div><p>This package contains classes used to enable Saxon to read and write DOM tree models.</p></div></section><section id="net.sf.saxon.ma.parray"><div><p>This package contains an implementation of persistent immutable arrays.</p>
 <p>("Persistent" seems to have acquired a new meaning. It no longer refers to
 values that outlive the execution of the program that created them, but now refers
 to data structures where modification actions leave the existing value unchanged.)</p>
 <p>The first version of this package (released with Saxon 9.9.0.1) took code from
 the PCollections library at https://github.com/hrldcpr/pcollections. In 9.9.1.1 this has
 been replaced by a home-brew implementation written entirely by Saxonica.</p>
 <p>The implementation uses a simple binary tree, in which the left-hand half of the
 array is in one subtree, and the right-hand half in the other. The tree is kept
 balanced as necessary. There are two special-case implementations for empty and
 singleton trees.</p></div></section><section id="net.sf.saxon.ma"><div><p>This package contains classes associated with the implementation of maps, arrays, and JSON
 for XSLT 3.0 and XPath 3.1.</p></div></section><section id="net.sf.saxon.ma.json"><div><p>This package implements support for JSON: it includes classes that implement the XPath 3.1 functions
 for JSON, and underlying support code for parsing and serializating JSON.</p></div></section><section id="net.sf.saxon.ma.arrays"><div><p>This package implements arrays, as introduced in XPath/XQuery 3.1:
 arrays provide a list-like data structure that (unlike sequences) allows nesting.</p>
 <p>Arrays are immutable, so that adding a new entry to an array creates a new array.</p>
 <p>The entries in a array are arbitrary XDM sequences.</p>
 <p>There are functions (each supported by its own implementation class) to create a new array,
 to add an entry to a array, to get an entry from an array, to get the size of an array,
 and so on..</p></div></section><section id="net.sf.saxon.ma.zeno"><div><p>This package contains an implementation of XDM sequences known as the ZenoSequence.</p>
 <p>A ZenoChain is a list of elements, organized as a sequence of contiguous chunks; it is
 designed to ensure that elements can be efficiently added to either end of the sequence
 without copying the entire sequence, while also leaving the original sequence intact.</p>
 <p>It is thus an implementation of immutable persistent lists optimized for a scenario
 where changes typically occur only at the ends of the sequence.</p>
 <p>The ZenoSequence is a specialization of a ZenoChain for implementing XDM sequences.</p></div></section><section id="net.sf.saxon.ma.trie"><div><p>This package contains a general-purpose implementation of immutable hash trie maps,
 used to underpin the Saxon implementation of XSLT 3.0 maps.</p>
 <p>The implementation was written by Michael S. Froh (msfroh) and released under an MIT license.
 It was forked from github project msfroh/functional_snippets on 28 March 2014. Very little code
 has been changed during the integration with Saxon, but a great deal of un-needed code has been
 removed.</p>
 <p>The code betrays Scala origins in the use of classes such as Option, which is a class that
 provided a type-safe way of handling null values, and Tuple2 which can hold any pair of values.</p></div></section><section id="net.sf.saxon.ma.map"><div><p>This package implements maps, as introduced in XSLT 3.0 and XQuery 3.1:
 maps provide a dictionary-like data structure.</p>
 <p>Maps are immutable, so that adding a new entry to a map creates a new map.</p>
 <p>The entries in a map are (Key, Value) pairs. The key is always an atomic value; the value
 may be any XPath sequence.</p>
 <p>There are functions (each supported by its own implementation class) to create a new map,
 to add an entry to a map, to get an entry from a map, and to list all the keys that are present
 in a map.</p></div></section><section id="com.saxonica.config"><div/></section><section id="com.saxonica.config.pe"><div><p>This package contains classes supporting configuration
 of Saxon-PE.</p></div></section><section id="com.saxonica.trans"><div><p>This package contains classes used for XSLT transformation in Saxon-PE and Saxon-EE.</p></div></section><section id="com.saxonica.functions.sql"><div><p>This package contains implementations of extension functions allowing access to SQL databases.</p>
 <p>These functions were newly introduced in Saxon 9.9, effectively replacing the XSLT-only
 extension instructions that had been available for many years, but which failed to take
 advantage of useful new XPath 3.1 capabilities such as maps and higher-order functions.</p></div></section><section id="com.saxonica.functions.extfn"><div/></section><section id="com.saxonica.functions.extfn.EXPathArchive"><div><p>This package contains implementations of extension functions in the EXPath archive module.</p></div></section><section id="com.saxonica.functions.registry"><div><p>This package contains classes used to manage the collections of system functions available
 in various processing environments.</p></div></section><section id="com.saxonica.ee.update"><div/></section><section id="com.saxonica.ee.config"><div><p>This package contains classes supporting configuration
 of Saxon-EE.</p></div></section><section id="com.saxonica.ee.trans"><div/></section><section id="com.saxonica.ee.schema"><div/></section><section id="com.saxonica.ee.schema.sdoc"><div/></section><section id="com.saxonica.ee.schema.fsa"><div><p>The package <code>com.saxonica.ee.schema.fsa</code> contains classes used to implement the finite state
 machines used when validating document instances against a schema.</p>
 <p>None of these classes will be used by typical user applications.</p></div></section><section id="com.saxonica.ee.s9api"><div><p>This package contains classes used to support the Saxon-EE specific parts of the s9api
 API, in particular the parts concerned with schema validation.</p>
 <p>None of these classes will be used by typical user applications.</p></div></section><section id="com.saxonica.ee.xtupdate"><div><p>This package contains classes used to support the compile-time extension instructions
 enabling the functionality of XQuery Update to be used within XSLT.</p>
 <p>This extension defines an <code>&lt;saxon:change&gt;</code> instruction which in turn can contain
 sub-instructions <code>&lt;saxon:delete&gt;</code>, <code>&lt;saxon:insert&gt;</code>,
 <code>&lt;saxon:rename&gt;</code>, <code>&lt;saxon:replace&gt;</code>, and <code>&lt;saxon:update&gt;</code>.</p>
 <p>The code
 is compiled into an expression tree identical to that used by the XQuery Update syntax.</p>
 <p>None of these classes will be used directly by typical user applications.</p></div></section><section id="com.saxonica.ee.extfn"><div><p>This package contains implementations of extension functions that are available only in Saxon-EE.</p></div></section><section id="com.saxonica.ee.extfn.js"><div><p>This package contains implementations of extension functions and extension instructions
 that are available only in Saxon-JS.</p>
 <p>Saxon-EE contains compile-time code to enable these extensions to appear in a stylesheet
 and to be compiled into a SEF file for run-time execution in Saxon-JS.</p></div></section><section id="com.saxonica.ee.validate"><div><p>The validation package contains classes used to validate document instances against a schema.</p>
 <p>This validation is all performed "on-the-fly", by a collection of classes that
 implement Saxon's (SAX-like) Receiver interface, which is notified of start/end element
 events, attributes, and text nodes, as they occur. A pipeline of such classes is
 used both while processing input documents and while writing output documents, and in
 both cases, validation classes can be added to the pipeline.</p>
 <p>Local validation of elements is controlled using the ValidationStack class, which
 manages a stack of validators for each element that is currently open. The most
 interesting of these is the ComplexContentValidator, which makes use of a finite
 state machine created by compiling a ComplexType in the schema. The finite state
 machine is represented by the AutomatonState object corresponding to the initial
 (entry) state of the machine.</p>
 <p>Global validation of uniqueness and referential constraints is controlled using the
 ConstraintChecker class. The maintains a set of Watch classes that are interested in
 elements matching particular (restricted) XPath expressions. The restricted XPath expression
 used in XML Schema (which is similar to, but not identical to, an XPath pattern) is
 represented by a Selection object. Implementations of the Watch class are used to
 handle the different kinds of constraint that a schema can specify.</p>
 <p>None of the classes in this package will normally be used directly by user
 applications.</p></div></section><section id="com.saxonica.ee.domino"><div><p>This package is an implementation of a tree structure allowing efficient navigation of
 DOM trees. The DOM tree is retained in its original form, but fast navigation is provided
 using an index structure which essentially replicates the structural information
 used in Saxon's native TinyTree model.</p>
 <p>The Domino model is available only in Saxon-EE, where it is used by default when a DOMSource
 is supplied as the input to a transformation or query.</p></div></section><section id="com.saxonica.ee.bytecode"><div><p>This package and its subpackages contain code responsible for bytecode generation
 under Saxon-EE.</p>
 <p>The parent package contains one "Compiler" class for each expression class needing
 to be compiled.</p>
 <p>User applications will never need to interact with these classes directly.</p></div></section><section id="com.saxonica.ee.bytecode.converter"><div/></section><section id="com.saxonica.ee.bytecode.simtype"><div><p>This package contains classes used for generation of bytecode to validate
 strings against user-defined simple types.</p></div></section><section id="com.saxonica.ee.bytecode.map"><div><p>This package contains abstract superclasses for generating bytecode classes that provide custom mapping functions.</p></div></section><section id="com.saxonica.ee.bytecode.iter"><div><p>This package contains abstract superclasses for generated bytecode classes providing custom iterators.</p></div></section><section id="com.saxonica.ee.bytecode.util"><div><p>This package contains utility classes supporting the generation of bytecode and the interface with the
 ASM library. Some of these classes and methods are called by generated bytecode, so the usage of
 these methods cannot be easily discerned by reading the source code.</p></div></section><section id="com.saxonica.ee.parallel"><div><p>This package and its subpackages contain code responsible for implementing multithreading.</p></div></section><section id="com.saxonica.ee.jaxp"><div><p>This package and its subpackages contain code responsible for implementing aspects
 of JAXP interfaces specific to Saxon-EE: that is, interfaces related to XSD schema validation.</p></div></section><section id="com.saxonica.ee.optim"><div><p>This package contains classes used to support optimized expressions and
 instructions that are specific to Saxon-EE, and that don't fit
 conveniently into a more specialized category (such as streaming). They include
 the Saxon-EE optimiser; the code to implement multithreading in <code>xsl:for-each</code> in XSLT,
 and the code to perform optimized evaluation of general comparisons.</p>
 <p>None of these classes will be used by typical user applications.</p></div></section><section id="com.saxonica.ee.stream"><div><p>This package and its subpackages contain code responsible for implementing XSLT 3.0 streaming.</p></div></section><section id="com.saxonica.ee.stream.feed"><div/></section><section id="com.saxonica.ee.stream.adjunct"><div/></section><section id="com.saxonica.ee.stream.watch"><div><p>This package contains defines the two interfaces Watch and WatchMaker, and various
 implementations of these interfaces.</p>
 <p>These classes are used internally by Saxon-EE to support streamed execution. None of these
 classes is intended for direct use by user applications.</p>
 <p>A Watch is used on a streaming pipeline to recognize specific events, such as the start
 of a selected element, and to take action when these events occur. A WatchMaker is a factory
 class for creating a particular kind of Watch. The WatchManager is a class that sits on the Receiver
 pipeline keeping track of which Watches are active, and notifying them of events so that they can
 decide whether they are of interest.</p></div></section><section id="com.saxonica.ee.stream.om"><div><p>The package <code>com.saxonica.ee.stream.om</code> contains internal code to support
 executing of streaming templates in XSLT.</p>
 <p>These classes will never be used by user-written applications.</p>
 <p>The concept of a "fleeting node" is a node that is only transiently available during
 a streaming pass over a document. It implements the <code>NodeInfo</code> interface
 to a sufficient extent to enable the operations that are allowed for pattern matching
 and template execution in a streaming mode.</p></div></section><section id="com.saxonica.xsltextn.instruct"><div><p>This package contains implementations of XSLT extension instructions available in Saxon-PE and Saxon-EE.
 The classes in this package contain the instruction/expression objects held on the expression tree, including
 the code for executing the instructions at run-time.</p></div></section><section id="com.saxonica.xsltextn.pedigree"><div><p>This package contains classes associated with the implementation of the <code>saxon:deep-update</code>
 extension instruction.</p>
 <p>This instruction uses a special implementation of maps in which navigation through a tree of maps
 maintains information about the route by which the leaf maps were reached. This information is referred
 to as a <i>pedigree</i>. The data structure used is analogous to the concept of a "zipper" found in some
 functional programming languages. By maintaining the connection between the root of a tree and the leaves,
 it becomes possible for an update to the leaves of the tree to be propagated upwards, resulting in a new
 version of the object at the root of the tree.</p></div></section><section id="com.saxonica.xsltextn.style"><div><p>This package contains implementations of XSLT extension instructions available in Saxon-PE and Saxon-EE.
 The classes in this package contain the objects used as nodes on the stylesheet tree, containing code for
 initial compile-time validation of the instruction, and code for generating the corresponding
 expressions on the expression tree.</p></div></section><section id="com.saxonica.xsltextn"><div/></section><section id="com.saxonica.serialize"><div/></section><section id="com.saxonica"><div><p>This package together with its subpackages contains the code of Saxon-PE and Saxon-EE, other
 than the code that is in common with the open-source version Saxon-HE.</p>
 <p>Most of the code is in subsidiary packages, which are described individually.</p>
 <p>The classes that are directly in this package support command-line interfaces to Saxon.</p></div></section><section id="com.saxonica.expr.sort"><div><p>This package contains classes used to support the use of the ICU library for
 collating strings, in particular, for the implementation of the Unicode
 Collation Algorithm.</p>
 <p>Saxon-HE contains a rudimentary implementation of the Unicode Collation Algorithm
 to the extent that this is possible using standard capabilities of the Java platform.
 Saxon-PE/EE augments this with much richer capabilities achieved by use of the ICU library.</p>
 <p>None of these classes will be used directly by typical user applications.</p></div></section><section id="com.saxonica.expr"><div><p>This package contains classes used to support expressions and
 instructions that are new in XPath 3.0, XQuery 3.0, or XSLT 3.0, and that don't fit
 conveniently into a more specialized category (such as streaming). Most of these
 classes represent internally-generated expressions or functions on the expression tree;
 the package also includes the XPath 3.0 and XQuery 3.0 parser extensions, and the Saxon-EE
 optimizer.</p>
 <p>None of these classes will be used by typical user applications.</p></div></section><section id="com.saxonica.xqj"><div/></section><section id="com.saxonica.xqj.pull"><div/></section><section id="javax.xml.xquery"><div/></section></article>